_tag,_sample,run_id,git_commit,arm,tier,arch,n_cores,workload,layer,sample_idx,l1_size_bytes,l1_assoc,l1_num_lines,l1_num_sets,l2_size_bytes,l2_assoc,l2_num_lines,l2_num_sets,line_size_bytes,cin_block,cout_block,weight_bytes,layout,cin_lo_blocks,l1_mshrs,l1_tgts_per_mshr,l2_mshrs,l2_tgts_per_mshr,l1_demand_reserve,prefetch_policy,prefetch_distance,l1_latency,l1_ii,l2_latency,l2_to_l1_latency,l2_miss_latency,l2_banks,l2_ii,dram_ii,core_accept_ii,inclusion,policy,total_cycles,tick_base_total,stretch_cycles,l1_hits,l1_accesses,l1_hit_rate,l2_hits,l2_accesses,l2_hit_rate,dram_accesses,dram_bytes,stall_l1_slot,stall_l1_line,stall_l1_port,stall_l2_slot,stall_l2_line,stall_l2_port,stall_channel,stall_barrier,stall_total,core_stall_sum,fetch_latency_sum,hidden_latency,hidden_fraction,pf_issued,pf_timely,pf_late,pf_wasted,pf_dropped_array_hit,pf_dropped_matching,pf_dropped_no_slot,pf_dropped_targets_full,pf_dropped_reserve,pf_coverage,pf_coverage_ceiling,pf_budget_exhausted,pf_pollution_evictions,padding_fraction,port_bound_threshold,l1_mshr_occ_p50,l1_mshr_occ_p95,l1_mshr_occ_max,l2_mshr_occ_p50,l2_mshr_occ_p95,l2_mshr_occ_max,max_wait_depth,hits_downgraded_to_miss,events,events_per_cycle,sim_wall_seconds,distinct_addr_per_core_tile_p50,distinct_addr_per_core_tile_max
R16,0,khkw-R16-s0-16b,26ef6f0,cache,khkw,loas,16,resnet19_T4_n5,layer_16_layer3_0_conv2,0,16384,8,1024,128,524288,16,32768,2048,16,4,4,1,khkw_split,-1,16,20,32,12,1,none,0,0,1,2,0,24,1,1,1,1,non_inclusive,lru,374080,123108,250972,1815488,1969728,0.921695,1280,154240,0.008299,152960,2447360,0,0,0,0,0,5344,3988588,22644,4016576,3993932,3993932,0,0.000000,0,0,0,0,0,0,0,0,0,0.000000,0.999480,0,0,0.110460,1.879325,1,1,1,12,15,16,0,0,4400960,11.764756,0.674595,1842,2854
R16,0,khkw-R16-s0-16b,26ef6f0,cache,khkw,loas,16,resnet19_T4_n5,layer_16_layer3_0_conv2,0,16384,8,1024,128,524288,16,32768,2048,16,4,4,1,khkw_split,-1,16,20,32,12,1,next_burst,1,0,1,2,0,24,1,1,1,1,non_inclusive,lru,450240,123108,327132,1822684,1969728,0.925348,0,576,0.000000,152960,2447360,0,0,1691644,0,0,3488492,19296,35704,5235136,5199432,5989256,789824,0.131873,1968704,7196,146468,0,1701672,113368,0,0,0,0.078013,0.999480,0,0,0.110460,1.791646,1,2,2,13,23,24,0,0,6369664,14.147264,1.147975,1842,2854
R16,0,khkw-R16-s0-16b,26ef6f0,cache,khkw,loas,16,resnet19_T4_n5,layer_16_layer3_0_conv2,0,16384,8,1024,128,524288,16,32768,2048,16,4,4,1,khkw_split,-1,16,20,32,12,1,next_burst,2,0,1,2,0,24,1,1,1,1,non_inclusive,lru,393376,123108,270268,1831716,1969728,0.929933,0,576,0.000000,152960,2447360,0,0,1711932,0,0,2559948,19296,34136,4325312,4291176,6164096,1872920,0.303843,1968704,16228,137436,0,1635504,179536,0,0,0,0.078013,0.999480,0,0,0.110460,1.681597,1,2,3,20,24,24,0,0,6369664,16.192305,1.170129,1842,2854
R16,0,khkw-R16-s0-16b,26ef6f0,cache,khkw,loas,16,resnet19_T4_n5,layer_16_layer3_0_conv2,0,16384,8,1024,128,524288,16,32768,2048,16,4,4,1,khkw_split,-1,16,20,32,12,1,next_burst,4,0,1,2,0,24,1,1,1,1,non_inclusive,lru,356780,123108,233672,1832920,1969728,0.930545,0,576,0.000000,152960,2447360,0,0,1714900,0,0,1980164,19296,25416,3739776,3714360,7489092,3774732,0.504031,1968704,17432,136232,0,1598184,216856,0,0,0,0.078013,0.999480,0,0,0.110460,1.666927,2,3,5,23,24,24,0,0,6369664,17.853198,1.184266,1842,2854
R16,0,khkw-R16-s0-16b,26ef6f0,cache,khkw,loas,16,resnet19_T4_n5,layer_16_layer3_0_conv2,0,16384,8,1024,128,524288,16,32768,2048,16,4,4,1,khkw_split,-1,16,20,32,12,1,none,0,0,1,2,0,24,2,1,1,1,non_inclusive,lru,374080,123108,250972,1815488,1969728,0.921695,1280,154240,0.008299,152960,2447360,0,0,0,0,0,5344,3988588,22644,4016576,3993932,3993932,0,0.000000,0,0,0,0,0,0,0,0,0,0.000000,0.999480,0,0,0.110460,3.758651,1,1,1,12,15,16,0,0,4400960,11.764756,0.678727,1842,2854
R16,0,khkw-R16-s0-16b,26ef6f0,cache,khkw,loas,16,resnet19_T4_n5,layer_16_layer3_0_conv2,0,16384,8,1024,128,524288,16,32768,2048,16,4,4,1,khkw_split,-1,16,20,32,12,1,next_burst,1,0,1,2,0,24,2,1,1,1,non_inclusive,lru,450196,123108,327088,1822672,1969728,0.925342,0,576,0.000000,152960,2447360,0,0,1691620,0,0,3488412,19296,35104,5234432,5199328,5989164,789836,0.131878,1968704,7184,146480,0,1701688,113352,0,0,0,0.078013,0.999480,0,0,0.110460,3.583585,1,2,2,13,23,24,0,0,6369664,14.148646,1.158400,1842,2854
R16,0,khkw-R16-s0-16b,26ef6f0,cache,khkw,loas,16,resnet19_T4_n5,layer_16_layer3_0_conv2,0,16384,8,1024,128,524288,16,32768,2048,16,4,4,1,khkw_split,-1,16,20,32,12,1,next_burst,2,0,1,2,0,24,2,1,1,1,non_inclusive,lru,393356,123108,270248,1831708,1969728,0.929929,0,576,0.000000,152960,2447360,0,0,1711924,0,0,2559612,19296,34160,4324992,4290832,6163516,1872684,0.303834,1968704,16220,137444,0,1635500,179540,0,0,0,0.078013,0.999480,0,0,0.110460,3.363388,1,2,3,20,24,26,0,0,6369664,16.193128,1.196658,1842,2854
R16,0,khkw-R16-s0-16b,26ef6f0,cache,khkw,loas,16,resnet19_T4_n5,layer_16_layer3_0_conv2,0,16384,8,1024,128,524288,16,32768,2048,16,4,4,1,khkw_split,-1,16,20,32,12,1,next_burst,4,0,1,2,0,24,2,1,1,1,non_inclusive,lru,356744,123108,233636,1832612,1969728,0.930388,0,576,0.000000,152960,2447360,0,0,1714328,0,0,1980448,19296,25128,3739200,3714072,7487920,3773848,0.503991,1968704,17124,136540,0,1598304,216736,0,0,0,0.078013,0.999480,0,0,0.110460,3.341359,2,3,5,23,24,32,4,0,6369952,17.855807,1.183748,1842,2854
R16,0,khkw-R16-s0-16b,26ef6f0,cache,khkw,loas,16,resnet19_T4_n5,layer_16_layer3_0_conv2,0,16384,8,1024,128,524288,16,32768,2048,16,4,4,1,khkw_split,-1,16,20,32,12,1,none,0,0,1,2,0,24,4,1,1,1,non_inclusive,lru,374080,123108,250972,1815488,1969728,0.921695,1280,154240,0.008299,152960,2447360,0,0,0,0,0,5344,3988588,22644,4016576,3993932,3993932,0,0.000000,0,0,0,0,0,0,0,0,0,0.000000,0.999480,0,0,0.110460,7.517302,1,1,1,12,15,16,0,0,4400960,11.764756,0.673890,1842,2854
R16,0,khkw-R16-s0-16b,26ef6f0,cache,khkw,loas,16,resnet19_T4_n5,layer_16_layer3_0_conv2,0,16384,8,1024,128,524288,16,32768,2048,16,4,4,1,khkw_split,-1,16,20,32,12,1,next_burst,1,0,1,2,0,24,4,1,1,1,non_inclusive,lru,450196,123108,327088,1822672,1969728,0.925342,0,576,0.000000,152960,2447360,0,0,1691620,0,0,3488412,19296,35104,5234432,5199328,5989164,789836,0.131878,1968704,7184,146480,0,1701688,113352,0,0,0,0.078013,0.999480,0,0,0.110460,7.167170,1,2,2,13,23,24,0,0,6369664,14.148646,1.155185,1842,2854
R16,0,khkw-R16-s0-16b,26ef6f0,cache,khkw,loas,16,resnet19_T4_n5,layer_16_layer3_0_conv2,0,16384,8,1024,128,524288,16,32768,2048,16,4,4,1,khkw_split,-1,16,20,32,12,1,next_burst,2,0,1,2,0,24,4,1,1,1,non_inclusive,lru,393392,123108,270284,1831724,1969728,0.929938,0,576,0.000000,152960,2447360,0,0,1711984,0,0,2559928,19296,34360,4325568,4291208,6164200,1872992,0.303850,1968704,16236,137428,0,1635516,179524,0,0,0,0.078013,0.999480,0,0,0.110460,6.725997,1,2,3,20,24,27,0,0,6369664,16.191646,1.176675,1842,2854
R16,0,khkw-R16-s0-16b,26ef6f0,cache,khkw,loas,16,resnet19_T4_n5,layer_16_layer3_0_conv2,0,16384,8,1024,128,524288,16,32768,2048,16,4,4,1,khkw_split,-1,16,20,32,12,1,next_burst,4,0,1,2,0,24,4,1,1,1,non_inclusive,lru,356740,123108,233632,1832580,1969728,0.930372,0,576,0.000000,152960,2447360,0,0,1714244,0,0,1980456,19296,25140,3739136,3713996,7487176,3773180,0.503952,1968704,17092,136572,0,1598304,216736,0,0,0,0.078013,0.999480,0,0,0.110460,6.684277,2,3,5,23,25,32,4,0,6369988,17.856108,1.186365,1842,2854
R16,0,khkw-R16-s0-16b,26ef6f0,cache,khkw,loas,16,resnet19_T4_n5,layer_16_layer3_0_conv2,0,16384,8,1024,128,524288,16,32768,2048,16,4,4,1,khkw_split,-1,16,20,32,12,1,none,0,0,1,2,0,24,8,1,1,1,non_inclusive,lru,374080,123108,250972,1815488,1969728,0.921695,1280,154240,0.008299,152960,2447360,0,0,0,0,0,5344,3988588,22644,4016576,3993932,3993932,0,0.000000,0,0,0,0,0,0,0,0,0,0.000000,0.999480,0,0,0.110460,15.034604,1,1,1,12,15,16,0,0,4400960,11.764756,0.697489,1842,2854
R16,0,khkw-R16-s0-16b,26ef6f0,cache,khkw,loas,16,resnet19_T4_n5,layer_16_layer3_0_conv2,0,16384,8,1024,128,524288,16,32768,2048,16,4,4,1,khkw_split,-1,16,20,32,12,1,next_burst,1,0,1,2,0,24,8,1,1,1,non_inclusive,lru,450196,123108,327088,1822672,1969728,0.925342,0,576,0.000000,152960,2447360,0,0,1691620,0,0,3488412,19296,35104,5234432,5199328,5989164,789836,0.131878,1968704,7184,146480,0,1701688,113352,0,0,0,0.078013,0.999480,0,0,0.110460,14.334341,1,2,2,13,23,24,0,0,6369664,14.148646,1.150243,1842,2854
R16,0,khkw-R16-s0-16b,26ef6f0,cache,khkw,loas,16,resnet19_T4_n5,layer_16_layer3_0_conv2,0,16384,8,1024,128,524288,16,32768,2048,16,4,4,1,khkw_split,-1,16,20,32,12,1,next_burst,2,0,1,2,0,24,8,1,1,1,non_inclusive,lru,393392,123108,270284,1831724,1969728,0.929938,0,576,0.000000,152960,2447360,0,0,1711984,0,0,2559928,19296,34360,4325568,4291208,6164200,1872992,0.303850,1968704,16236,137428,0,1635516,179524,0,0,0,0.078013,0.999480,0,0,0.110460,13.451993,1,2,3,20,24,27,0,0,6369664,16.191646,1.170832,1842,2854
R16,0,khkw-R16-s0-16b,26ef6f0,cache,khkw,loas,16,resnet19_T4_n5,layer_16_layer3_0_conv2,0,16384,8,1024,128,524288,16,32768,2048,16,4,4,1,khkw_split,-1,16,20,32,12,1,next_burst,4,0,1,2,0,24,8,1,1,1,non_inclusive,lru,356740,123108,233632,1832580,1969728,0.930372,0,576,0.000000,152960,2447360,0,0,1714244,0,0,1980456,19296,25140,3739136,3713996,7487176,3773180,0.503952,1968704,17092,136572,0,1598304,216736,0,0,0,0.078013,0.999480,0,0,0.110460,13.368554,2,3,5,23,25,32,4,0,6369988,17.856108,1.188598,1842,2854
R16,0,khkw-R16-s0-32b,26ef6f0,cache,khkw,loas,16,resnet19_T4_n5,layer_16_layer3_0_conv2,0,16384,8,512,64,524288,16,16384,1024,32,8,4,1,khkw_split,-1,16,20,32,12,1,none,0,0,1,2,0,24,1,1,1,1,non_inclusive,lru,250232,123108,127124,1891904,1969728,0.960490,0,77824,0.000000,77824,2490368,0,0,0,0,0,0,2028704,6304,2035008,2028704,2028704,0,0.000000,0,0,0,0,0,0,0,0,0,0.000000,0.999480,0,0,0.110460,0.948241,1,1,1,10,15,16,0,0,4172992,16.676492,0.614046,1842,2854
R16,0,khkw-R16-s0-32b,26ef6f0,cache,khkw,loas,16,resnet19_T4_n5,layer_16_layer3_0_conv2,0,16384,8,512,64,524288,16,16384,1024,32,8,4,1,khkw_split,-1,16,20,32,12,1,next_burst,1,0,1,2,0,24,1,1,1,1,non_inclusive,lru,363348,123108,240240,1892060,1969728,0.960569,0,576,0.000000,77824,2490368,0,0,1814620,0,0,1994052,19296,16896,3844864,3827968,4003612,175644,0.043871,1968704,156,77092,0,1814788,76668,0,0,0,0.039218,0.999480,0,0,0.110460,0.946340,1,1,2,11,14,24,0,0,6141696,16.903068,1.042979,1842,2854
R16,0,khkw-R16-s0-32b,26ef6f0,cache,khkw,loas,16,resnet19_T4_n5,layer_16_layer3_0_conv2,0,16384,8,512,64,524288,16,16384,1024,32,8,4,1,khkw_split,-1,16,20,32,12,1,next_burst,2,0,1,2,0,24,1,1,1,1,non_inclusive,lru,350132,123108,227024,1893488,1969728,0.961294,0,576,0.000000,77824,2490368,0,0,1816776,0,0,1775872,19296,21464,3633408,3611944,4003824,391880,0.097876,1968704,1584,75664,0,1743772,147684,0,0,0,0.039218,0.999480,0,0,0.110460,0.928940,1,1,2,12,19,24,0,0,6141696,17.541087,1.062460,1842,2854
R16,0,khkw-R16-s0-32b,26ef6f0,cache,khkw,loas,16,resnet19_T4_n5,layer_16_layer3_0_conv2,0,16384,8,512,64,524288,16,16384,1024,32,8,4,1,khkw_split,-1,16,20,32,12,1,next_burst,4,0,1,2,0,24,1,1,1,1,non_inclusive,lru,310668,123108,187560,1898580,1969728,0.963879,0,576,0.000000,77824,2490368,0,0,1826168,0,0,1130972,19296,25548,3001984,2976436,4049800,1073364,0.265041,1968704,6676,70572,0,1646148,245308,0,0,0,0.039218,0.999480,0,0,0.110460,0.866897,1,2,3,18,23,24,0,0,6141696,19.769323,1.091849,1842,2854
R16,0,khkw-R16-s0-32b,26ef6f0,cache,khkw,loas,16,resnet19_T4_n5,layer_16_layer3_0_conv2,0,16384,8,512,64,524288,16,16384,1024,32,8,4,1,khkw_split,-1,16,20,32,12,1,none,0,0,1,2,0,24,2,1,1,1,non_inclusive,lru,250232,123108,127124,1891904,1969728,0.960490,0,77824,0.000000,77824,2490368,0,0,0,0,0,0,2028704,6304,2035008,2028704,2028704,0,0.000000,0,0,0,0,0,0,0,0,0,0.000000,0.999480,0,0,0.110460,1.896481,1,1,1,10,15,16,0,0,4172992,16.676492,0.617820,1842,2854
R16,0,khkw-R16-s0-32b,26ef6f0,cache,khkw,loas,16,resnet19_T4_n5,layer_16_layer3_0_conv2,0,16384,8,512,64,524288,16,16384,1024,32,8,4,1,khkw_split,-1,16,20,32,12,1,next_burst,1,0,1,2,0,24,2,1,1,1,non_inclusive,lru,363348,123108,240240,1892060,1969728,0.960569,0,576,0.000000,77824,2490368,0,0,1814620,0,0,1994052,19296,16896,3844864,3827968,4003612,175644,0.043871,1968704,156,77092,0,1814788,76668,0,0,0,0.039218,0.999480,0,0,0.110460,1.892680,1,1,2,11,14,24,0,0,6141696,16.903068,1.067117,1842,2854
R16,0,khkw-R16-s0-32b,26ef6f0,cache,khkw,loas,16,resnet19_T4_n5,layer_16_layer3_0_conv2,0,16384,8,512,64,524288,16,16384,1024,32,8,4,1,khkw_split,-1,16,20,32,12,1,next_burst,2,0,1,2,0,24,2,1,1,1,non_inclusive,lru,350132,123108,227024,1893488,1969728,0.961294,0,576,0.000000,77824,2490368,0,0,1816776,0,0,1775872,19296,21464,3633408,3611944,4003824,391880,0.097876,1968704,1584,75664,0,1743772,147684,0,0,0,0.039218,0.999480,0,0,0.110460,1.857881,1,1,2,12,19,24,0,0,6141696,17.541087,1.058911,1842,2854
R16,0,khkw-R16-s0-32b,26ef6f0,cache,khkw,loas,16,resnet19_T4_n5,layer_16_layer3_0_conv2,0,16384,8,512,64,524288,16,16384,1024,32,8,4,1,khkw_split,-1,16,20,32,12,1,next_burst,4,0,1,2,0,24,2,1,1,1,non_inclusive,lru,310668,123108,187560,1898584,1969728,0.963881,0,576,0.000000,77824,2490368,0,0,1826176,0,0,1130964,19296,25548,3001984,2976436,4049800,1073364,0.265041,1968704,6680,70568,0,1646144,245312,0,0,0,0.039218,0.999480,0,0,0.110460,1.733697,1,2,3,18,23,25,0,0,6141696,19.769323,1.088509,1842,2854
R16,0,khkw-R16-s0-32b,26ef6f0,cache,khkw,loas,16,resnet19_T4_n5,layer_16_layer3_0_conv2,0,16384,8,512,64,524288,16,16384,1024,32,8,4,1,khkw_split,-1,16,20,32,12,1,none,0,0,1,2,0,24,4,1,1,1,non_inclusive,lru,250232,123108,127124,1891904,1969728,0.960490,0,77824,0.000000,77824,2490368,0,0,0,0,0,0,2028704,6304,2035008,2028704,2028704,0,0.000000,0,0,0,0,0,0,0,0,0,0.000000,0.999480,0,0,0.110460,3.792962,1,1,1,10,15,16,0,0,4172992,16.676492,0.662092,1842,2854
R16,0,khkw-R16-s0-32b,26ef6f0,cache,khkw,loas,16,resnet19_T4_n5,layer_16_layer3_0_conv2,0,16384,8,512,64,524288,16,16384,1024,32,8,4,1,khkw_split,-1,16,20,32,12,1,next_burst,1,0,1,2,0,24,4,1,1,1,non_inclusive,lru,363348,123108,240240,1892060,1969728,0.960569,0,576,0.000000,77824,2490368,0,0,1814620,0,0,1994052,19296,16896,3844864,3827968,4003612,175644,0.043871,1968704,156,77092,0,1814788,76668,0,0,0,0.039218,0.999480,0,0,0.110460,3.785359,1,1,2,11,14,24,0,0,6141696,16.903068,1.047109,1842,2854
R16,0,khkw-R16-s0-32b,26ef6f0,cache,khkw,loas,16,resnet19_T4_n5,layer_16_layer3_0_conv2,0,16384,8,512,64,524288,16,16384,1024,32,8,4,1,khkw_split,-1,16,20,32,12,1,next_burst,2,0,1,2,0,24,4,1,1,1,non_inclusive,lru,350132,123108,227024,1893488,1969728,0.961294,0,576,0.000000,77824,2490368,0,0,1816776,0,0,1775872,19296,21464,3633408,3611944,4003824,391880,0.097876,1968704,1584,75664,0,1743772,147684,0,0,0,0.039218,0.999480,0,0,0.110460,3.715762,1,1,2,12,19,24,0,0,6141696,17.541087,1.058750,1842,2854
R16,0,khkw-R16-s0-32b,26ef6f0,cache,khkw,loas,16,resnet19_T4_n5,layer_16_layer3_0_conv2,0,16384,8,512,64,524288,16,16384,1024,32,8,4,1,khkw_split,-1,16,20,32,12,1,next_burst,4,0,1,2,0,24,4,1,1,1,non_inclusive,lru,310636,123108,187528,1898672,1969728,0.963926,0,576,0.000000,77824,2490368,0,0,1826340,0,0,1130508,19296,25328,3001472,2976144,4049520,1073376,0.265063,1968704,6768,70480,0,1646260,245196,0,0,0,0.039218,0.999480,0,0,0.110460,3.463106,1,2,3,18,23,24,0,0,6141696,19.771359,1.090848,1842,2854
R16,0,khkw-R16-s0-32b,26ef6f0,cache,khkw,loas,16,resnet19_T4_n5,layer_16_layer3_0_conv2,0,16384,8,512,64,524288,16,16384,1024,32,8,4,1,khkw_split,-1,16,20,32,12,1,none,0,0,1,2,0,24,8,1,1,1,non_inclusive,lru,250232,123108,127124,1891904,1969728,0.960490,0,77824,0.000000,77824,2490368,0,0,0,0,0,0,2028704,6304,2035008,2028704,2028704,0,0.000000,0,0,0,0,0,0,0,0,0,0.000000,0.999480,0,0,0.110460,7.585925,1,1,1,10,15,16,0,0,4172992,16.676492,0.620944,1842,2854
R16,0,khkw-R16-s0-32b,26ef6f0,cache,khkw,loas,16,resnet19_T4_n5,layer_16_layer3_0_conv2,0,16384,8,512,64,524288,16,16384,1024,32,8,4,1,khkw_split,-1,16,20,32,12,1,next_burst,1,0,1,2,0,24,8,1,1,1,non_inclusive,lru,363348,123108,240240,1892060,1969728,0.960569,0,576,0.000000,77824,2490368,0,0,1814620,0,0,1994052,19296,16896,3844864,3827968,4003612,175644,0.043871,1968704,156,77092,0,1814788,76668,0,0,0,0.039218,0.999480,0,0,0.110460,7.570718,1,1,2,11,14,24,0,0,6141696,16.903068,1.042211,1842,2854
R16,0,khkw-R16-s0-32b,26ef6f0,cache,khkw,loas,16,resnet19_T4_n5,layer_16_layer3_0_conv2,0,16384,8,512,64,524288,16,16384,1024,32,8,4,1,khkw_split,-1,16,20,32,12,1,next_burst,2,0,1,2,0,24,8,1,1,1,non_inclusive,lru,350132,123108,227024,1893488,1969728,0.961294,0,576,0.000000,77824,2490368,0,0,1816776,0,0,1775872,19296,21464,3633408,3611944,4003824,391880,0.097876,1968704,1584,75664,0,1743772,147684,0,0,0,0.039218,0.999480,0,0,0.110460,7.431524,1,1,2,12,19,24,0,0,6141696,17.541087,1.058735,1842,2854
R16,0,khkw-R16-s0-32b,26ef6f0,cache,khkw,loas,16,resnet19_T4_n5,layer_16_layer3_0_conv2,0,16384,8,512,64,524288,16,16384,1024,32,8,4,1,khkw_split,-1,16,20,32,12,1,next_burst,4,0,1,2,0,24,8,1,1,1,non_inclusive,lru,310636,123108,187528,1898672,1969728,0.963926,0,576,0.000000,77824,2490368,0,0,1826340,0,0,1130508,19296,25328,3001472,2976144,4049520,1073376,0.265063,1968704,6768,70480,0,1646260,245196,0,0,0,0.039218,0.999480,0,0,0.110460,6.926211,1,2,3,18,23,24,0,0,6141696,19.771359,1.088302,1842,2854
R16,0,khkw-R16-s0-64b,26ef6f0,cache,khkw,loas,16,resnet19_T4_n5,layer_16_layer3_0_conv2,0,16384,8,256,32,524288,16,8192,512,64,16,4,1,khkw_split,-1,16,20,32,12,1,none,0,0,1,2,0,24,1,1,1,1,non_inclusive,lru,187000,123108,63892,1930816,1969728,0.980245,0,38912,0.000000,38912,2490368,0,0,0,0,0,0,1016992,6304,1023296,1016992,1016992,0,0.000000,0,0,0,0,0,0,0,0,0,0.000000,0.999480,0,0,0.110460,0.474120,1,1,1,8,15,16,0,0,4056256,21.691209,0.596977,1842,2854
R16,0,khkw-R16-s0-64b,26ef6f0,cache,khkw,loas,16,resnet19_T4_n5,layer_16_layer3_0_conv2,0,16384,8,256,32,524288,16,8192,512,64,16,4,1,khkw_split,-1,16,20,32,12,1,next_burst,1,0,1,2,0,24,1,1,1,1,non_inclusive,lru,305216,123108,182108,1930816,1969728,0.980245,0,576,0.000000,38912,2490368,0,0,1891456,0,0,997696,19296,6304,2914752,2908448,2985120,76672,0.025685,1968704,0,38336,0,1891456,38912,0,0,0,0.019463,0.999480,0,0,0.110460,0.474120,1,1,1,8,15,16,0,0,6024960,19.739987,1.024882,1842,2854
R16,0,khkw-R16-s0-64b,26ef6f0,cache,khkw,loas,16,resnet19_T4_n5,layer_16_layer3_0_conv2,0,16384,8,256,32,524288,16,8192,512,64,16,4,1,khkw_split,-1,16,20,32,12,1,next_burst,2,0,1,2,0,24,1,1,1,1,non_inclusive,lru,300388,123108,177280,1930816,1969728,0.980245,0,576,0.000000,38912,2490368,0,0,1890880,0,0,921024,19296,6304,2837504,2831200,2984544,153344,0.051379,1968704,0,38336,0,1852544,77824,0,0,0,0.019463,0.999480,0,0,0.110460,0.474120,1,1,1,8,15,16,0,0,6024960,20.057259,1.022090,1842,2854
R16,0,khkw-R16-s0-64b,26ef6f0,cache,khkw,loas,16,resnet19_T4_n5,layer_16_layer3_0_conv2,0,16384,8,256,32,524288,16,8192,512,64,16,4,1,khkw_split,-1,16,20,32,12,1,next_burst,4,0,1,2,0,24,1,1,1,1,non_inclusive,lru,290380,123108,167272,1930832,1969728,0.980253,0,576,0.000000,38912,2490368,0,0,1889760,0,0,761228,19296,7092,2677376,2670284,2985096,314812,0.105461,1968704,16,38320,0,1775332,155036,0,0,0,0.019463,0.999480,0,0,0.110460,0.473925,1,1,2,10,15,24,0,0,6024960,20.748536,1.028173,1842,2854
R16,0,khkw-R16-s0-64b,26ef6f0,cache,khkw,loas,16,resnet19_T4_n5,layer_16_layer3_0_conv2,0,16384,8,256,32,524288,16,8192,512,64,16,4,1,khkw_split,-1,16,20,32,12,1,none,0,0,1,2,0,24,2,1,1,1,non_inclusive,lru,187000,123108,63892,1930816,1969728,0.980245,0,38912,0.000000,38912,2490368,0,0,0,0,0,0,1016992,6304,1023296,1016992,1016992,0,0.000000,0,0,0,0,0,0,0,0,0,0.000000,0.999480,0,0,0.110460,0.948241,1,1,1,8,15,16,0,0,4056256,21.691209,0.600128,1842,2854
R16,0,khkw-R16-s0-64b,26ef6f0,cache,khkw,loas,16,resnet19_T4_n5,layer_16_layer3_0_conv2,0,16384,8,256,32,524288,16,8192,512,64,16,4,1,khkw_split,-1,16,20,32,12,1,next_burst,1,0,1,2,0,24,2,1,1,1,non_inclusive,lru,305216,123108,182108,1930816,1969728,0.980245,0,576,0.000000,38912,2490368,0,0,1891456,0,0,997696,19296,6304,2914752,2908448,2985120,76672,0.025685,1968704,0,38336,0,1891456,38912,0,0,0,0.019463,0.999480,0,0,0.110460,0.948241,1,1,1,8,15,16,0,0,6024960,19.739987,1.015648,1842,2854
R16,0,khkw-R16-s0-64b,26ef6f0,cache,khkw,loas,16,resnet19_T4_n5,layer_16_layer3_0_conv2,0,16384,8,256,32,524288,16,8192,512,64,16,4,1,khkw_split,-1,16,20,32,12,1,next_burst,2,0,1,2,0,24,2,1,1,1,non_inclusive,lru,300388,123108,177280,1930816,1969728,0.980245,0,576,0.000000,38912,2490368,0,0,1890880,0,0,921024,19296,6304,2837504,2831200,2984544,153344,0.051379,1968704,0,38336,0,1852544,77824,0,0,0,0.019463,0.999480,0,0,0.110460,0.948241,1,1,1,8,15,16,0,0,6024960,20.057259,1.020396,1842,2854
R16,0,khkw-R16-s0-64b,26ef6f0,cache,khkw,loas,16,resnet19_T4_n5,layer_16_layer3_0_conv2,0,16384,8,256,32,524288,16,8192,512,64,16,4,1,khkw_split,-1,16,20,32,12,1,next_burst,4,0,1,2,0,24,2,1,1,1,non_inclusive,lru,290380,123108,167272,1930832,1969728,0.980253,0,576,0.000000,38912,2490368,0,0,1889760,0,0,761228,19296,7092,2677376,2670284,2985096,314812,0.105461,1968704,16,38320,0,1775332,155036,0,0,0,0.019463,0.999480,0,0,0.110460,0.947851,1,1,2,10,15,24,0,0,6024960,20.748536,1.029865,1842,2854
R16,0,khkw-R16-s0-64b,26ef6f0,cache,khkw,loas,16,resnet19_T4_n5,layer_16_layer3_0_conv2,0,16384,8,256,32,524288,16,8192,512,64,16,4,1,khkw_split,-1,16,20,32,12,1,none,0,0,1,2,0,24,4,1,1,1,non_inclusive,lru,187000,123108,63892,1930816,1969728,0.980245,0,38912,0.000000,38912,2490368,0,0,0,0,0,0,1016992,6304,1023296,1016992,1016992,0,0.000000,0,0,0,0,0,0,0,0,0,0.000000,0.999480,0,0,0.110460,1.896481,1,1,1,8,15,16,0,0,4056256,21.691209,0.595041,1842,2854
R16,0,khkw-R16-s0-64b,26ef6f0,cache,khkw,loas,16,resnet19_T4_n5,layer_16_layer3_0_conv2,0,16384,8,256,32,524288,16,8192,512,64,16,4,1,khkw_split,-1,16,20,32,12,1,next_burst,1,0,1,2,0,24,4,1,1,1,non_inclusive,lru,305216,123108,182108,1930816,1969728,0.980245,0,576,0.000000,38912,2490368,0,0,1891456,0,0,997696,19296,6304,2914752,2908448,2985120,76672,0.025685,1968704,0,38336,0,1891456,38912,0,0,0,0.019463,0.999480,0,0,0.110460,1.896481,1,1,1,8,15,16,0,0,6024960,19.739987,1.016805,1842,2854
R16,0,khkw-R16-s0-64b,26ef6f0,cache,khkw,loas,16,resnet19_T4_n5,layer_16_layer3_0_conv2,0,16384,8,256,32,524288,16,8192,512,64,16,4,1,khkw_split,-1,16,20,32,12,1,next_burst,2,0,1,2,0,24,4,1,1,1,non_inclusive,lru,300388,123108,177280,1930816,1969728,0.980245,0,576,0.000000,38912,2490368,0,0,1890880,0,0,921024,19296,6304,2837504,2831200,2984544,153344,0.051379,1968704,0,38336,0,1852544,77824,0,0,0,0.019463,0.999480,0,0,0.110460,1.896481,1,1,1,8,15,16,0,0,6024960,20.057259,1.023498,1842,2854
R16,0,khkw-R16-s0-64b,26ef6f0,cache,khkw,loas,16,resnet19_T4_n5,layer_16_layer3_0_conv2,0,16384,8,256,32,524288,16,8192,512,64,16,4,1,khkw_split,-1,16,20,32,12,1,next_burst,4,0,1,2,0,24,4,1,1,1,non_inclusive,lru,290380,123108,167272,1930832,1969728,0.980253,0,576,0.000000,38912,2490368,0,0,1889760,0,0,761228,19296,7092,2677376,2670284,2985096,314812,0.105461,1968704,16,38320,0,1775332,155036,0,0,0,0.019463,0.999480,0,0,0.110460,1.895701,1,1,2,10,15,24,0,0,6024960,20.748536,1.036048,1842,2854
R16,0,khkw-R16-s0-64b,26ef6f0,cache,khkw,loas,16,resnet19_T4_n5,layer_16_layer3_0_conv2,0,16384,8,256,32,524288,16,8192,512,64,16,4,1,khkw_split,-1,16,20,32,12,1,none,0,0,1,2,0,24,8,1,1,1,non_inclusive,lru,187000,123108,63892,1930816,1969728,0.980245,0,38912,0.000000,38912,2490368,0,0,0,0,0,0,1016992,6304,1023296,1016992,1016992,0,0.000000,0,0,0,0,0,0,0,0,0,0.000000,0.999480,0,0,0.110460,3.792962,1,1,1,8,15,16,0,0,4056256,21.691209,0.598835,1842,2854
R16,0,khkw-R16-s0-64b,26ef6f0,cache,khkw,loas,16,resnet19_T4_n5,layer_16_layer3_0_conv2,0,16384,8,256,32,524288,16,8192,512,64,16,4,1,khkw_split,-1,16,20,32,12,1,next_burst,1,0,1,2,0,24,8,1,1,1,non_inclusive,lru,305216,123108,182108,1930816,1969728,0.980245,0,576,0.000000,38912,2490368,0,0,1891456,0,0,997696,19296,6304,2914752,2908448,2985120,76672,0.025685,1968704,0,38336,0,1891456,38912,0,0,0,0.019463,0.999480,0,0,0.110460,3.792962,1,1,1,8,15,16,0,0,6024960,19.739987,1.017626,1842,2854
R16,0,khkw-R16-s0-64b,26ef6f0,cache,khkw,loas,16,resnet19_T4_n5,layer_16_layer3_0_conv2,0,16384,8,256,32,524288,16,8192,512,64,16,4,1,khkw_split,-1,16,20,32,12,1,next_burst,2,0,1,2,0,24,8,1,1,1,non_inclusive,lru,300388,123108,177280,1930816,1969728,0.980245,0,576,0.000000,38912,2490368,0,0,1890880,0,0,921024,19296,6304,2837504,2831200,2984544,153344,0.051379,1968704,0,38336,0,1852544,77824,0,0,0,0.019463,0.999480,0,0,0.110460,3.792962,1,1,1,8,15,16,0,0,6024960,20.057259,1.020858,1842,2854
R16,0,khkw-R16-s0-64b,26ef6f0,cache,khkw,loas,16,resnet19_T4_n5,layer_16_layer3_0_conv2,0,16384,8,256,32,524288,16,8192,512,64,16,4,1,khkw_split,-1,16,20,32,12,1,next_burst,4,0,1,2,0,24,8,1,1,1,non_inclusive,lru,290380,123108,167272,1930832,1969728,0.980253,0,576,0.000000,38912,2490368,0,0,1889760,0,0,761228,19296,7092,2677376,2670284,2985096,314812,0.105461,1968704,16,38320,0,1775332,155036,0,0,0,0.019463,0.999480,0,0,0.110460,3.791403,1,1,2,10,15,24,0,0,6024960,20.748536,1.027761,1842,2854
R16,1,khkw-R16-s1-16b,26ef6f0,cache,khkw,loas,16,resnet19_T4_n5,layer_16_layer3_0_conv2,1,16384,8,1024,128,524288,16,32768,2048,16,4,4,1,khkw_split,-1,16,20,32,12,1,none,0,0,1,2,0,24,1,1,1,1,non_inclusive,lru,375592,125280,250312,1850496,2004480,0.923180,1344,153984,0.008728,152640,2442240,0,0,0,0,0,4936,3981236,19844,4006016,3986172,3986172,0,0.000000,0,0,0,0,0,0,0,0,0,0.000000,0.999489,0,0,0.131510,1.843678,1,1,1,12,15,16,0,0,4469632,11.900232,0.681364,1875,2873
R16,1,khkw-R16-s1-16b,26ef6f0,cache,khkw,loas,16,resnet19_T4_n5,layer_16_layer3_0_conv2,1,16384,8,1024,128,524288,16,32768,2048,16,4,4,1,khkw_split,-1,16,20,32,12,1,next_burst,1,0,1,2,0,24,1,1,1,1,non_inclusive,lru,457188,125280,331908,1857480,2004480,0.926664,0,576,0.000000,152640,2442240,0,0,1724208,0,0,3537152,19296,30896,5311552,5280656,6013232,732576,0.121827,2003456,6984,146424,0,1732472,117576,0,0,0,0.076533,0.999489,0,0,0.131510,1.760057,1,2,2,13,23,24,0,0,6473088,14.158482,1.160215,1875,2873
R16,1,khkw-R16-s1-16b,26ef6f0,cache,khkw,loas,16,resnet19_T4_n5,layer_16_layer3_0_conv2,1,16384,8,1024,128,524288,16,32768,2048,16,4,4,1,khkw_split,-1,16,20,32,12,1,next_burst,2,0,1,2,0,24,1,1,1,1,non_inclusive,lru,400936,125280,275656,1866656,2004480,0.931242,0,576,0.000000,152640,2442240,0,0,1744504,0,0,2615184,19296,32536,4411520,4378984,6182064,1803080,0.291663,2003456,16160,137248,0,1663768,186280,0,0,0,0.076533,0.999489,0,0,0.131510,1.650192,1,2,3,19,24,24,0,0,6473088,16.144941,1.178788,1875,2873
R16,1,khkw-R16-s1-16b,26ef6f0,cache,khkw,loas,16,resnet19_T4_n5,layer_16_layer3_0_conv2,1,16384,8,1024,128,524288,16,32768,2048,16,4,4,1,khkw_split,-1,16,20,32,12,1,next_burst,4,0,1,2,0,24,1,1,1,1,non_inclusive,lru,360348,125280,235068,1870388,2004480,0.933104,0,576,0.000000,152640,2442240,0,0,1752824,0,0,1962360,19296,27632,3762112,3734480,7346116,3611636,0.491639,2003456,19892,133516,0,1625404,224644,0,0,0,0.076533,0.999489,0,0,0.131510,1.605508,2,3,5,23,24,24,0,0,6473088,17.963435,1.191631,1875,2873
R16,1,khkw-R16-s1-16b,26ef6f0,cache,khkw,loas,16,resnet19_T4_n5,layer_16_layer3_0_conv2,1,16384,8,1024,128,524288,16,32768,2048,16,4,4,1,khkw_split,-1,16,20,32,12,1,none,0,0,1,2,0,24,2,1,1,1,non_inclusive,lru,375592,125280,250312,1850496,2004480,0.923180,1344,153984,0.008728,152640,2442240,0,0,0,0,0,4936,3981236,19844,4006016,3986172,3986172,0,0.000000,0,0,0,0,0,0,0,0,0,0.000000,0.999489,0,0,0.131510,3.687356,1,1,1,12,15,16,0,0,4469632,11.900232,0.681334,1875,2873
R16,1,khkw-R16-s1-16b,26ef6f0,cache,khkw,loas,16,resnet19_T4_n5,layer_16_layer3_0_conv2,1,16384,8,1024,128,524288,16,32768,2048,16,4,4,1,khkw_split,-1,16,20,32,12,1,next_burst,1,0,1,2,0,24,2,1,1,1,non_inclusive,lru,457148,125280,331868,1857464,2004480,0.926656,0,576,0.000000,152640,2442240,0,0,1724192,0,0,3536980,19296,30444,5310912,5280468,6012980,732512,0.121822,2003456,6968,146440,0,1732524,117524,0,0,0,0.076533,0.999489,0,0,0.131510,3.520498,1,2,2,13,23,24,0,0,6473088,14.159721,1.162460,1875,2873
R16,1,khkw-R16-s1-16b,26ef6f0,cache,khkw,loas,16,resnet19_T4_n5,layer_16_layer3_0_conv2,1,16384,8,1024,128,524288,16,32768,2048,16,4,4,1,khkw_split,-1,16,20,32,12,1,next_burst,2,0,1,2,0,24,2,1,1,1,non_inclusive,lru,400948,125280,275668,1866548,2004480,0.931188,0,576,0.000000,152640,2442240,0,0,1744272,0,0,2615736,19296,32408,4411712,4379304,6182388,1803084,0.291648,2003456,16052,137356,0,1663656,186392,0,0,0,0.076533,0.999489,0,0,0.131510,3.302969,1,2,3,19,24,24,0,0,6473088,16.144458,1.182517,1875,2873
R16,1,khkw-R16-s1-16b,26ef6f0,cache,khkw,loas,16,resnet19_T4_n5,layer_16_layer3_0_conv2,1,16384,8,1024,128,524288,16,32768,2048,16,4,4,1,khkw_split,-1,16,20,32,12,1,next_burst,4,0,1,2,0,24,2,1,1,1,non_inclusive,lru,360332,125280,235052,1870512,2004480,0.933166,0,576,0.000000,152640,2442240,0,0,1753072,0,0,1962516,19296,26972,3761856,3734884,7347428,3612544,0.491675,2003456,20016,133392,0,1625488,224560,0,0,0,0.076533,0.999489,0,0,0.131510,3.208046,2,3,5,23,24,32,0,0,6473088,17.964233,1.194212,1875,2873
R16,1,khkw-R16-s1-16b,26ef6f0,cache,khkw,loas,16,resnet19_T4_n5,layer_16_layer3_0_conv2,1,16384,8,1024,128,524288,16,32768,2048,16,4,4,1,khkw_split,-1,16,20,32,12,1,none,0,0,1,2,0,24,4,1,1,1,non_inclusive,lru,375592,125280,250312,1850496,2004480,0.923180,1344,153984,0.008728,152640,2442240,0,0,0,0,0,4936,3981236,19844,4006016,3986172,3986172,0,0.000000,0,0,0,0,0,0,0,0,0,0.000000,0.999489,0,0,0.131510,7.374713,1,1,1,12,15,16,0,0,4469632,11.900232,0.680242,1875,2873
R16,1,khkw-R16-s1-16b,26ef6f0,cache,khkw,loas,16,resnet19_T4_n5,layer_16_layer3_0_conv2,1,16384,8,1024,128,524288,16,32768,2048,16,4,4,1,khkw_split,-1,16,20,32,12,1,next_burst,1,0,1,2,0,24,4,1,1,1,non_inclusive,lru,457148,125280,331868,1857464,2004480,0.926656,0,576,0.000000,152640,2442240,0,0,1724192,0,0,3536980,19296,30444,5310912,5280468,6012980,732512,0.121822,2003456,6968,146440,0,1732524,117524,0,0,0,0.076533,0.999489,0,0,0.131510,7.040996,1,2,2,13,23,24,0,0,6473088,14.159721,1.161582,1875,2873
R16,1,khkw-R16-s1-16b,26ef6f0,cache,khkw,loas,16,resnet19_T4_n5,layer_16_layer3_0_conv2,1,16384,8,1024,128,524288,16,32768,2048,16,4,4,1,khkw_split,-1,16,20,32,12,1,next_burst,2,0,1,2,0,24,4,1,1,1,non_inclusive,lru,401004,125280,275724,1866388,2004480,0.931108,0,576,0.000000,152640,2442240,0,0,1744012,0,0,2616116,19296,33184,4412608,4379424,6182480,1803056,0.291640,2003456,15892,137516,0,1663576,186472,0,0,0,0.076533,0.999489,0,0,0.131510,6.613602,1,2,3,19,24,28,0,0,6473088,16.142203,1.188031,1875,2873
R16,1,khkw-R16-s1-16b,26ef6f0,cache,khkw,loas,16,resnet19_T4_n5,layer_16_layer3_0_conv2,1,16384,8,1024,128,524288,16,32768,2048,16,4,4,1,khkw_split,-1,16,20,32,12,1,next_burst,4,0,1,2,0,24,4,1,1,1,non_inclusive,lru,360328,125280,235048,1870648,2004480,0.933234,0,576,0.000000,152640,2442240,0,0,1753384,0,0,1962048,19296,27064,3761792,3734728,7347256,3612528,0.491684,2003456,20152,133256,0,1625516,224532,0,0,0,0.076533,0.999489,0,0,0.131510,6.409579,2,3,5,23,24,32,1,0,6473092,17.964444,1.192925,1875,2873
R16,1,khkw-R16-s1-16b,26ef6f0,cache,khkw,loas,16,resnet19_T4_n5,layer_16_layer3_0_conv2,1,16384,8,1024,128,524288,16,32768,2048,16,4,4,1,khkw_split,-1,16,20,32,12,1,none,0,0,1,2,0,24,8,1,1,1,non_inclusive,lru,375592,125280,250312,1850496,2004480,0.923180,1344,153984,0.008728,152640,2442240,0,0,0,0,0,4936,3981236,19844,4006016,3986172,3986172,0,0.000000,0,0,0,0,0,0,0,0,0,0.000000,0.999489,0,0,0.131510,14.749425,1,1,1,12,15,16,0,0,4469632,11.900232,0.679654,1875,2873
R16,1,khkw-R16-s1-16b,26ef6f0,cache,khkw,loas,16,resnet19_T4_n5,layer_16_layer3_0_conv2,1,16384,8,1024,128,524288,16,32768,2048,16,4,4,1,khkw_split,-1,16,20,32,12,1,next_burst,1,0,1,2,0,24,8,1,1,1,non_inclusive,lru,457148,125280,331868,1857464,2004480,0.926656,0,576,0.000000,152640,2442240,0,0,1724192,0,0,3536980,19296,30444,5310912,5280468,6012980,732512,0.121822,2003456,6968,146440,0,1732524,117524,0,0,0,0.076533,0.999489,0,0,0.131510,14.081992,1,2,2,13,23,24,0,0,6473088,14.159721,1.160614,1875,2873
R16,1,khkw-R16-s1-16b,26ef6f0,cache,khkw,loas,16,resnet19_T4_n5,layer_16_layer3_0_conv2,1,16384,8,1024,128,524288,16,32768,2048,16,4,4,1,khkw_split,-1,16,20,32,12,1,next_burst,2,0,1,2,0,24,8,1,1,1,non_inclusive,lru,401004,125280,275724,1866388,2004480,0.931108,0,576,0.000000,152640,2442240,0,0,1744012,0,0,2616116,19296,33184,4412608,4379424,6182480,1803056,0.291640,2003456,15892,137516,0,1663576,186472,0,0,0,0.076533,0.999489,0,0,0.131510,13.227203,1,2,3,19,24,28,0,0,6473088,16.142203,1.179842,1875,2873
R16,1,khkw-R16-s1-16b,26ef6f0,cache,khkw,loas,16,resnet19_T4_n5,layer_16_layer3_0_conv2,1,16384,8,1024,128,524288,16,32768,2048,16,4,4,1,khkw_split,-1,16,20,32,12,1,next_burst,4,0,1,2,0,24,8,1,1,1,non_inclusive,lru,360328,125280,235048,1870648,2004480,0.933234,0,576,0.000000,152640,2442240,0,0,1753384,0,0,1962048,19296,27064,3761792,3734728,7347256,3612528,0.491684,2003456,20152,133256,0,1625516,224532,0,0,0,0.076533,0.999489,0,0,0.131510,12.819157,2,3,5,23,24,32,1,0,6473092,17.964444,1.193704,1875,2873
R16,1,khkw-R16-s1-32b,26ef6f0,cache,khkw,loas,16,resnet19_T4_n5,layer_16_layer3_0_conv2,1,16384,8,512,64,524288,16,16384,1024,32,8,4,1,khkw_split,-1,16,20,32,12,1,none,0,0,1,2,0,24,1,1,1,1,non_inclusive,lru,252404,125280,127124,1926656,2004480,0.961175,0,77824,0.000000,77824,2490368,0,0,0,0,0,0,2028704,6304,2035008,2028704,2028704,0,0.000000,0,0,0,0,0,0,0,0,0,0.000000,0.999489,0,0,0.131510,0.931801,1,1,1,10,15,16,0,0,4242496,16.808355,0.676140,1875,2873
R16,1,khkw-R16-s1-32b,26ef6f0,cache,khkw,loas,16,resnet19_T4_n5,layer_16_layer3_0_conv2,1,16384,8,512,64,524288,16,16384,1024,32,8,4,1,khkw_split,-1,16,20,32,12,1,next_burst,1,0,1,2,0,24,1,1,1,1,non_inclusive,lru,367752,125280,242472,1926788,2004480,0.961241,0,576,0.000000,77824,2490368,0,0,1848964,0,0,2000700,19296,11616,3880576,3868960,4033140,164180,0.040708,2003456,132,77116,0,1849044,77164,0,0,0,0.038538,0.999489,0,0,0.131510,0.930220,1,1,2,10,15,24,0,0,6245952,16.984141,1.072733,1875,2873
R16,1,khkw-R16-s1-32b,26ef6f0,cache,khkw,loas,16,resnet19_T4_n5,layer_16_layer3_0_conv2,1,16384,8,512,64,524288,16,16384,1024,32,8,4,1,khkw_split,-1,16,20,32,12,1,next_burst,2,0,1,2,0,24,1,1,1,1,non_inclusive,lru,354588,125280,229308,1928192,2004480,0.961941,0,576,0.000000,77824,2490368,0,0,1851068,0,0,1779760,19296,19828,3669952,3650124,4037944,387820,0.096044,2003456,1536,75712,0,1777572,148636,0,0,0,0.038538,0.999489,0,0,0.131510,0.913410,1,1,2,12,19,24,0,0,6245952,17.614674,1.084738,1875,2873
R16,1,khkw-R16-s1-32b,26ef6f0,cache,khkw,loas,16,resnet19_T4_n5,layer_16_layer3_0_conv2,1,16384,8,512,64,524288,16,16384,1024,32,8,4,1,khkw_split,-1,16,20,32,12,1,next_burst,4,0,1,2,0,24,1,1,1,1,non_inclusive,lru,318128,125280,192848,1932884,2004480,0.964282,0,576,0.000000,77824,2490368,0,0,1859580,0,0,1180560,19296,27156,3086592,3059436,4065368,1005932,0.247439,2003456,6228,71020,0,1672760,253448,0,0,0,0.038538,0.999489,0,0,0.131510,0.857232,1,2,3,17,23,24,0,0,6245952,19.633456,1.108168,1875,2873
R16,1,khkw-R16-s1-32b,26ef6f0,cache,khkw,loas,16,resnet19_T4_n5,layer_16_layer3_0_conv2,1,16384,8,512,64,524288,16,16384,1024,32,8,4,1,khkw_split,-1,16,20,32,12,1,none,0,0,1,2,0,24,2,1,1,1,non_inclusive,lru,252404,125280,127124,1926656,2004480,0.961175,0,77824,0.000000,77824,2490368,0,0,0,0,0,0,2028704,6304,2035008,2028704,2028704,0,0.000000,0,0,0,0,0,0,0,0,0,0.000000,0.999489,0,0,0.131510,1.863602,1,1,1,10,15,16,0,0,4242496,16.808355,0.630311,1875,2873
R16,1,khkw-R16-s1-32b,26ef6f0,cache,khkw,loas,16,resnet19_T4_n5,layer_16_layer3_0_conv2,1,16384,8,512,64,524288,16,16384,1024,32,8,4,1,khkw_split,-1,16,20,32,12,1,next_burst,1,0,1,2,0,24,2,1,1,1,non_inclusive,lru,367752,125280,242472,1926788,2004480,0.961241,0,576,0.000000,77824,2490368,0,0,1848964,0,0,2000700,19296,11616,3880576,3868960,4033140,164180,0.040708,2003456,132,77116,0,1849044,77164,0,0,0,0.038538,0.999489,0,0,0.131510,1.860441,1,1,2,10,15,24,0,0,6245952,16.984141,1.072859,1875,2873
R16,1,khkw-R16-s1-32b,26ef6f0,cache,khkw,loas,16,resnet19_T4_n5,layer_16_layer3_0_conv2,1,16384,8,512,64,524288,16,16384,1024,32,8,4,1,khkw_split,-1,16,20,32,12,1,next_burst,2,0,1,2,0,24,2,1,1,1,non_inclusive,lru,354588,125280,229308,1928192,2004480,0.961941,0,576,0.000000,77824,2490368,0,0,1851068,0,0,1779760,19296,19828,3669952,3650124,4037944,387820,0.096044,2003456,1536,75712,0,1777572,148636,0,0,0,0.038538,0.999489,0,0,0.131510,1.826820,1,1,2,12,19,24,0,0,6245952,17.614674,1.091392,1875,2873
R16,1,khkw-R16-s1-32b,26ef6f0,cache,khkw,loas,16,resnet19_T4_n5,layer_16_layer3_0_conv2,1,16384,8,512,64,524288,16,16384,1024,32,8,4,1,khkw_split,-1,16,20,32,12,1,next_burst,4,0,1,2,0,24,2,1,1,1,non_inclusive,lru,318144,125280,192864,1933032,2004480,0.964356,0,576,0.000000,77824,2490368,0,0,1859876,0,0,1180652,19296,27024,3086848,3059824,4066020,1006196,0.247465,2003456,6376,70872,0,1672708,253500,0,0,0,0.038538,0.999489,0,0,0.131510,1.710920,1,2,3,17,23,25,0,0,6245952,19.632468,1.108229,1875,2873
R16,1,khkw-R16-s1-32b,26ef6f0,cache,khkw,loas,16,resnet19_T4_n5,layer_16_layer3_0_conv2,1,16384,8,512,64,524288,16,16384,1024,32,8,4,1,khkw_split,-1,16,20,32,12,1,none,0,0,1,2,0,24,4,1,1,1,non_inclusive,lru,252404,125280,127124,1926656,2004480,0.961175,0,77824,0.000000,77824,2490368,0,0,0,0,0,0,2028704,6304,2035008,2028704,2028704,0,0.000000,0,0,0,0,0,0,0,0,0,0.000000,0.999489,0,0,0.131510,3.727203,1,1,1,10,15,16,0,0,4242496,16.808355,0.631039,1875,2873
R16,1,khkw-R16-s1-32b,26ef6f0,cache,khkw,loas,16,resnet19_T4_n5,layer_16_layer3_0_conv2,1,16384,8,512,64,524288,16,16384,1024,32,8,4,1,khkw_split,-1,16,20,32,12,1,next_burst,1,0,1,2,0,24,4,1,1,1,non_inclusive,lru,367752,125280,242472,1926788,2004480,0.961241,0,576,0.000000,77824,2490368,0,0,1848964,0,0,2000700,19296,11616,3880576,3868960,4033140,164180,0.040708,2003456,132,77116,0,1849044,77164,0,0,0,0.038538,0.999489,0,0,0.131510,3.720881,1,1,2,10,15,24,0,0,6245952,16.984141,1.071042,1875,2873
R16,1,khkw-R16-s1-32b,26ef6f0,cache,khkw,loas,16,resnet19_T4_n5,layer_16_layer3_0_conv2,1,16384,8,512,64,524288,16,16384,1024,32,8,4,1,khkw_split,-1,16,20,32,12,1,next_burst,2,0,1,2,0,24,4,1,1,1,non_inclusive,lru,354588,125280,229308,1928192,2004480,0.961941,0,576,0.000000,77824,2490368,0,0,1851068,0,0,1779760,19296,19828,3669952,3650124,4037944,387820,0.096044,2003456,1536,75712,0,1777572,148636,0,0,0,0.038538,0.999489,0,0,0.131510,3.653640,1,1,2,12,19,24,0,0,6245952,17.614674,1.085100,1875,2873
R16,1,khkw-R16-s1-32b,26ef6f0,cache,khkw,loas,16,resnet19_T4_n5,layer_16_layer3_0_conv2,1,16384,8,512,64,524288,16,16384,1024,32,8,4,1,khkw_split,-1,16,20,32,12,1,next_burst,4,0,1,2,0,24,4,1,1,1,non_inclusive,lru,318140,125280,192860,1932924,2004480,0.964302,0,576,0.000000,77824,2490368,0,0,1859660,0,0,1180504,19296,27324,3086784,3059460,4065568,1006108,0.247470,2003456,6268,70980,0,1672768,253440,0,0,0,0.038538,0.999489,0,0,0.131510,3.427011,1,2,3,17,23,25,0,0,6245952,19.632715,1.107584,1875,2873
R16,1,khkw-R16-s1-32b,26ef6f0,cache,khkw,loas,16,resnet19_T4_n5,layer_16_layer3_0_conv2,1,16384,8,512,64,524288,16,16384,1024,32,8,4,1,khkw_split,-1,16,20,32,12,1,none,0,0,1,2,0,24,8,1,1,1,non_inclusive,lru,252404,125280,127124,1926656,2004480,0.961175,0,77824,0.000000,77824,2490368,0,0,0,0,0,0,2028704,6304,2035008,2028704,2028704,0,0.000000,0,0,0,0,0,0,0,0,0,0.000000,0.999489,0,0,0.131510,7.454406,1,1,1,10,15,16,0,0,4242496,16.808355,0.631017,1875,2873
R16,1,khkw-R16-s1-32b,26ef6f0,cache,khkw,loas,16,resnet19_T4_n5,layer_16_layer3_0_conv2,1,16384,8,512,64,524288,16,16384,1024,32,8,4,1,khkw_split,-1,16,20,32,12,1,next_burst,1,0,1,2,0,24,8,1,1,1,non_inclusive,lru,367752,125280,242472,1926788,2004480,0.961241,0,576,0.000000,77824,2490368,0,0,1848964,0,0,2000700,19296,11616,3880576,3868960,4033140,164180,0.040708,2003456,132,77116,0,1849044,77164,0,0,0,0.038538,0.999489,0,0,0.131510,7.441762,1,1,2,10,15,24,0,0,6245952,16.984141,1.072145,1875,2873
R16,1,khkw-R16-s1-32b,26ef6f0,cache,khkw,loas,16,resnet19_T4_n5,layer_16_layer3_0_conv2,1,16384,8,512,64,524288,16,16384,1024,32,8,4,1,khkw_split,-1,16,20,32,12,1,next_burst,2,0,1,2,0,24,8,1,1,1,non_inclusive,lru,354588,125280,229308,1928192,2004480,0.961941,0,576,0.000000,77824,2490368,0,0,1851068,0,0,1779760,19296,19828,3669952,3650124,4037944,387820,0.096044,2003456,1536,75712,0,1777572,148636,0,0,0,0.038538,0.999489,0,0,0.131510,7.307280,1,1,2,12,19,24,0,0,6245952,17.614674,1.087031,1875,2873
R16,1,khkw-R16-s1-32b,26ef6f0,cache,khkw,loas,16,resnet19_T4_n5,layer_16_layer3_0_conv2,1,16384,8,512,64,524288,16,16384,1024,32,8,4,1,khkw_split,-1,16,20,32,12,1,next_burst,4,0,1,2,0,24,8,1,1,1,non_inclusive,lru,318140,125280,192860,1932924,2004480,0.964302,0,576,0.000000,77824,2490368,0,0,1859660,0,0,1180504,19296,27324,3086784,3059460,4065568,1006108,0.247470,2003456,6268,70980,0,1672768,253440,0,0,0,0.038538,0.999489,0,0,0.131510,6.854023,1,2,3,17,23,25,0,0,6245952,19.632715,1.106457,1875,2873
R16,1,khkw-R16-s1-64b,26ef6f0,cache,khkw,loas,16,resnet19_T4_n5,layer_16_layer3_0_conv2,1,16384,8,256,32,524288,16,8192,512,64,16,4,1,khkw_split,-1,16,20,32,12,1,none,0,0,1,2,0,24,1,1,1,1,non_inclusive,lru,189172,125280,63892,1965568,2004480,0.980587,0,38912,0.000000,38912,2490368,0,0,0,0,0,0,1016992,6304,1023296,1016992,1016992,0,0.000000,0,0,0,0,0,0,0,0,0,0.000000,0.999489,0,0,0.131510,0.465900,1,1,1,8,15,16,0,0,4125760,21.809570,0.608607,1875,2873
R16,1,khkw-R16-s1-64b,26ef6f0,cache,khkw,loas,16,resnet19_T4_n5,layer_16_layer3_0_conv2,1,16384,8,256,32,524288,16,8192,512,64,16,4,1,khkw_split,-1,16,20,32,12,1,next_burst,1,0,1,2,0,24,1,1,1,1,non_inclusive,lru,309560,125280,184280,1965568,2004480,0.980587,0,576,0.000000,38912,2490368,0,0,1926208,0,0,997696,19296,6304,2949504,2943200,3019872,76672,0.025389,2003456,0,38336,0,1926208,38912,0,0,0,0.019125,0.999489,0,0,0.131510,0.465900,1,1,1,8,15,16,0,0,6129216,19.799767,1.035528,1875,2873
R16,1,khkw-R16-s1-64b,26ef6f0,cache,khkw,loas,16,resnet19_T4_n5,layer_16_layer3_0_conv2,1,16384,8,256,32,524288,16,8192,512,64,16,4,1,khkw_split,-1,16,20,32,12,1,next_burst,2,0,1,2,0,24,1,1,1,1,non_inclusive,lru,304732,125280,179452,1965568,2004480,0.980587,0,576,0.000000,38912,2490368,0,0,1925632,0,0,921024,19296,6304,2872256,2865952,3019296,153344,0.050788,2003456,0,38336,0,1887296,77824,0,0,0,0.019125,0.999489,0,0,0.131510,0.465900,1,1,1,8,15,16,0,0,6129216,20.113464,1.041318,1875,2873
R16,1,khkw-R16-s1-64b,26ef6f0,cache,khkw,loas,16,resnet19_T4_n5,layer_16_layer3_0_conv2,1,16384,8,256,32,524288,16,8192,512,64,16,4,1,khkw_split,-1,16,20,32,12,1,next_burst,4,0,1,2,0,24,1,1,1,1,non_inclusive,lru,294996,125280,169716,1965568,2004480,0.980587,0,576,0.000000,38912,2490368,0,0,1924480,0,0,766112,19296,6592,2716480,2709888,3017952,308064,0.102077,2003456,0,38336,0,1809616,155504,0,0,0,0.019125,0.999489,0,0,0.131510,0.465900,1,1,2,9,15,24,0,0,6129216,20.777285,1.042933,1875,2873
R16,1,khkw-R16-s1-64b,26ef6f0,cache,khkw,loas,16,resnet19_T4_n5,layer_16_layer3_0_conv2,1,16384,8,256,32,524288,16,8192,512,64,16,4,1,khkw_split,-1,16,20,32,12,1,none,0,0,1,2,0,24,2,1,1,1,non_inclusive,lru,189172,125280,63892,1965568,2004480,0.980587,0,38912,0.000000,38912,2490368,0,0,0,0,0,0,1016992,6304,1023296,1016992,1016992,0,0.000000,0,0,0,0,0,0,0,0,0,0.000000,0.999489,0,0,0.131510,0.931801,1,1,1,8,15,16,0,0,4125760,21.809570,0.603152,1875,2873
R16,1,khkw-R16-s1-64b,26ef6f0,cache,khkw,loas,16,resnet19_T4_n5,layer_16_layer3_0_conv2,1,16384,8,256,32,524288,16,8192,512,64,16,4,1,khkw_split,-1,16,20,32,12,1,next_burst,1,0,1,2,0,24,2,1,1,1,non_inclusive,lru,309560,125280,184280,1965568,2004480,0.980587,0,576,0.000000,38912,2490368,0,0,1926208,0,0,997696,19296,6304,2949504,2943200,3019872,76672,0.025389,2003456,0,38336,0,1926208,38912,0,0,0,0.019125,0.999489,0,0,0.131510,0.931801,1,1,1,8,15,16,0,0,6129216,19.799767,1.031075,1875,2873
R16,1,khkw-R16-s1-64b,26ef6f0,cache,khkw,loas,16,resnet19_T4_n5,layer_16_layer3_0_conv2,1,16384,8,256,32,524288,16,8192,512,64,16,4,1,khkw_split,-1,16,20,32,12,1,next_burst,2,0,1,2,0,24,2,1,1,1,non_inclusive,lru,304732,125280,179452,1965568,2004480,0.980587,0,576,0.000000,38912,2490368,0,0,1925632,0,0,921024,19296,6304,2872256,2865952,3019296,153344,0.050788,2003456,0,38336,0,1887296,77824,0,0,0,0.019125,0.999489,0,0,0.131510,0.931801,1,1,1,8,15,16,0,0,6129216,20.113464,1.037966,1875,2873
R16,1,khkw-R16-s1-64b,26ef6f0,cache,khkw,loas,16,resnet19_T4_n5,layer_16_layer3_0_conv2,1,16384,8,256,32,524288,16,8192,512,64,16,4,1,khkw_split,-1,16,20,32,12,1,next_burst,4,0,1,2,0,24,2,1,1,1,non_inclusive,lru,294996,125280,169716,1965568,2004480,0.980587,0,576,0.000000,38912,2490368,0,0,1924480,0,0,766112,19296,6592,2716480,2709888,3017952,308064,0.102077,2003456,0,38336,0,1809616,155504,0,0,0,0.019125,0.999489,0,0,0.131510,0.931801,1,1,2,9,15,24,0,0,6129216,20.777285,1.040175,1875,2873
R16,1,khkw-R16-s1-64b,26ef6f0,cache,khkw,loas,16,resnet19_T4_n5,layer_16_layer3_0_conv2,1,16384,8,256,32,524288,16,8192,512,64,16,4,1,khkw_split,-1,16,20,32,12,1,none,0,0,1,2,0,24,4,1,1,1,non_inclusive,lru,189172,125280,63892,1965568,2004480,0.980587,0,38912,0.000000,38912,2490368,0,0,0,0,0,0,1016992,6304,1023296,1016992,1016992,0,0.000000,0,0,0,0,0,0,0,0,0,0.000000,0.999489,0,0,0.131510,1.863602,1,1,1,8,15,16,0,0,4125760,21.809570,0.604767,1875,2873
R16,1,khkw-R16-s1-64b,26ef6f0,cache,khkw,loas,16,resnet19_T4_n5,layer_16_layer3_0_conv2,1,16384,8,256,32,524288,16,8192,512,64,16,4,1,khkw_split,-1,16,20,32,12,1,next_burst,1,0,1,2,0,24,4,1,1,1,non_inclusive,lru,309560,125280,184280,1965568,2004480,0.980587,0,576,0.000000,38912,2490368,0,0,1926208,0,0,997696,19296,6304,2949504,2943200,3019872,76672,0.025389,2003456,0,38336,0,1926208,38912,0,0,0,0.019125,0.999489,0,0,0.131510,1.863602,1,1,1,8,15,16,0,0,6129216,19.799767,1.034352,1875,2873
R16,1,khkw-R16-s1-64b,26ef6f0,cache,khkw,loas,16,resnet19_T4_n5,layer_16_layer3_0_conv2,1,16384,8,256,32,524288,16,8192,512,64,16,4,1,khkw_split,-1,16,20,32,12,1,next_burst,2,0,1,2,0,24,4,1,1,1,non_inclusive,lru,304732,125280,179452,1965568,2004480,0.980587,0,576,0.000000,38912,2490368,0,0,1925632,0,0,921024,19296,6304,2872256,2865952,3019296,153344,0.050788,2003456,0,38336,0,1887296,77824,0,0,0,0.019125,0.999489,0,0,0.131510,1.863602,1,1,1,8,15,16,0,0,6129216,20.113464,1.049939,1875,2873
R16,1,khkw-R16-s1-64b,26ef6f0,cache,khkw,loas,16,resnet19_T4_n5,layer_16_layer3_0_conv2,1,16384,8,256,32,524288,16,8192,512,64,16,4,1,khkw_split,-1,16,20,32,12,1,next_burst,4,0,1,2,0,24,4,1,1,1,non_inclusive,lru,294996,125280,169716,1965568,2004480,0.980587,0,576,0.000000,38912,2490368,0,0,1924480,0,0,766112,19296,6592,2716480,2709888,3017952,308064,0.102077,2003456,0,38336,0,1809616,155504,0,0,0,0.019125,0.999489,0,0,0.131510,1.863602,1,1,2,9,15,24,0,0,6129216,20.777285,1.059744,1875,2873
R16,1,khkw-R16-s1-64b,26ef6f0,cache,khkw,loas,16,resnet19_T4_n5,layer_16_layer3_0_conv2,1,16384,8,256,32,524288,16,8192,512,64,16,4,1,khkw_split,-1,16,20,32,12,1,none,0,0,1,2,0,24,8,1,1,1,non_inclusive,lru,189172,125280,63892,1965568,2004480,0.980587,0,38912,0.000000,38912,2490368,0,0,0,0,0,0,1016992,6304,1023296,1016992,1016992,0,0.000000,0,0,0,0,0,0,0,0,0,0.000000,0.999489,0,0,0.131510,3.727203,1,1,1,8,15,16,0,0,4125760,21.809570,0.618004,1875,2873
R16,1,khkw-R16-s1-64b,26ef6f0,cache,khkw,loas,16,resnet19_T4_n5,layer_16_layer3_0_conv2,1,16384,8,256,32,524288,16,8192,512,64,16,4,1,khkw_split,-1,16,20,32,12,1,next_burst,1,0,1,2,0,24,8,1,1,1,non_inclusive,lru,309560,125280,184280,1965568,2004480,0.980587,0,576,0.000000,38912,2490368,0,0,1926208,0,0,997696,19296,6304,2949504,2943200,3019872,76672,0.025389,2003456,0,38336,0,1926208,38912,0,0,0,0.019125,0.999489,0,0,0.131510,3.727203,1,1,1,8,15,16,0,0,6129216,19.799767,1.031668,1875,2873
R16,1,khkw-R16-s1-64b,26ef6f0,cache,khkw,loas,16,resnet19_T4_n5,layer_16_layer3_0_conv2,1,16384,8,256,32,524288,16,8192,512,64,16,4,1,khkw_split,-1,16,20,32,12,1,next_burst,2,0,1,2,0,24,8,1,1,1,non_inclusive,lru,304732,125280,179452,1965568,2004480,0.980587,0,576,0.000000,38912,2490368,0,0,1925632,0,0,921024,19296,6304,2872256,2865952,3019296,153344,0.050788,2003456,0,38336,0,1887296,77824,0,0,0,0.019125,0.999489,0,0,0.131510,3.727203,1,1,1,8,15,16,0,0,6129216,20.113464,1.038708,1875,2873
R16,1,khkw-R16-s1-64b,26ef6f0,cache,khkw,loas,16,resnet19_T4_n5,layer_16_layer3_0_conv2,1,16384,8,256,32,524288,16,8192,512,64,16,4,1,khkw_split,-1,16,20,32,12,1,next_burst,4,0,1,2,0,24,8,1,1,1,non_inclusive,lru,294996,125280,169716,1965568,2004480,0.980587,0,576,0.000000,38912,2490368,0,0,1924480,0,0,766112,19296,6592,2716480,2709888,3017952,308064,0.102077,2003456,0,38336,0,1809616,155504,0,0,0,0.019125,0.999489,0,0,0.131510,3.727203,1,1,2,9,15,24,0,0,6129216,20.777285,1.045544,1875,2873
R16,2,khkw-R16-s2-16b,26ef6f0,cache,khkw,loas,16,resnet19_T4_n5,layer_16_layer3_0_conv2,2,16384,8,1024,128,524288,16,32768,2048,16,4,4,1,khkw_split,-1,16,20,32,12,1,none,0,0,1,2,0,24,1,1,1,1,non_inclusive,lru,377244,126572,250672,1870784,2025152,0.923775,1280,154368,0.008292,153088,2449408,0,0,0,0,0,4932,3990080,16764,4011776,3995012,3995012,0,0.000000,0,0,0,0,0,0,0,0,0,0.000000,0.999494,0,0,0.139540,1.829409,1,1,1,12,15,16,0,0,4512192,11.960938,0.683866,1904,2925
R16,2,khkw-R16-s2-16b,26ef6f0,cache,khkw,loas,16,resnet19_T4_n5,layer_16_layer3_0_conv2,2,16384,8,1024,128,524288,16,32768,2048,16,4,4,1,khkw_split,-1,16,20,32,12,1,next_burst,1,0,1,2,0,24,1,1,1,1,non_inclusive,lru,458460,126572,331888,1877016,2025152,0.926852,0,576,0.000000,153088,2449408,0,0,1745080,0,0,3514484,19296,32372,5311232,5278860,6039744,760884,0.125980,2024128,6232,147560,0,1753800,116536,0,0,0,0.075941,0.999494,0,0,0.139540,1.755554,1,2,2,13,23,24,0,0,6536320,14.257122,1.156038,1904,2925
R16,2,khkw-R16-s2-16b,26ef6f0,cache,khkw,loas,16,resnet19_T4_n5,layer_16_layer3_0_conv2,2,16384,8,1024,128,524288,16,32768,2048,16,4,4,1,khkw_split,-1,16,20,32,12,1,next_burst,2,0,1,2,0,24,1,1,1,1,non_inclusive,lru,402772,126572,276200,1886444,2025152,0.931507,0,576,0.000000,153088,2449408,0,0,1764960,0,0,2603220,19296,32748,4420224,4387476,6231252,1843776,0.295892,2024128,15660,138132,0,1684352,185984,0,0,0,0.075941,0.999494,0,0,0.139540,1.643823,1,2,3,20,24,24,0,0,6536320,16.228338,1.178977,1904,2925
R16,2,khkw-R16-s2-16b,26ef6f0,cache,khkw,loas,16,resnet19_T4_n5,layer_16_layer3_0_conv2,2,16384,8,1024,128,524288,16,32768,2048,16,4,4,1,khkw_split,-1,16,20,32,12,1,next_burst,4,0,1,2,0,24,1,1,1,1,non_inclusive,lru,362332,126572,235760,1890048,2025152,0.933287,0,576,0.000000,153088,2449408,0,0,1773496,0,0,1954632,19296,25760,3773184,3747424,7433428,3686004,0.495869,2024128,19264,134528,0,1645636,224700,0,0,0,0.075941,0.999494,0,0,0.139540,1.601112,2,3,5,23,24,24,0,0,6536320,18.039588,1.187181,1904,2925
R16,2,khkw-R16-s2-16b,26ef6f0,cache,khkw,loas,16,resnet19_T4_n5,layer_16_layer3_0_conv2,2,16384,8,1024,128,524288,16,32768,2048,16,4,4,1,khkw_split,-1,16,20,32,12,1,none,0,0,1,2,0,24,2,1,1,1,non_inclusive,lru,377244,126572,250672,1870784,2025152,0.923775,1280,154368,0.008292,153088,2449408,0,0,0,0,0,4932,3990080,16764,4011776,3995012,3995012,0,0.000000,0,0,0,0,0,0,0,0,0,0.000000,0.999494,0,0,0.139540,3.658819,1,1,1,12,15,16,0,0,4512192,11.960938,0.675417,1904,2925
R16,2,khkw-R16-s2-16b,26ef6f0,cache,khkw,loas,16,resnet19_T4_n5,layer_16_layer3_0_conv2,2,16384,8,1024,128,524288,16,32768,2048,16,4,4,1,khkw_split,-1,16,20,32,12,1,next_burst,1,0,1,2,0,24,2,1,1,1,non_inclusive,lru,458524,126572,331952,1876984,2025152,0.926836,0,576,0.000000,153088,2449408,0,0,1745052,0,0,3514608,19296,33300,5312256,5278956,6039856,760900,0.125980,2024128,6200,147592,0,1753760,116576,0,0,0,0.075941,0.999494,0,0,0.139540,3.511867,1,2,2,13,23,24,0,0,6536320,14.255132,1.162308,1904,2925
R16,2,khkw-R16-s2-16b,26ef6f0,cache,khkw,loas,16,resnet19_T4_n5,layer_16_layer3_0_conv2,2,16384,8,1024,128,524288,16,32768,2048,16,4,4,1,khkw_split,-1,16,20,32,12,1,next_burst,2,0,1,2,0,24,2,1,1,1,non_inclusive,lru,402828,126572,276256,1886432,2025152,0.931501,0,576,0.000000,153088,2449408,0,0,1764956,0,0,2603104,19296,33764,4421120,4387356,6230828,1843472,0.295863,2024128,15648,138144,0,1684328,186008,0,0,0,0.075941,0.999494,0,0,0.139540,3.287931,1,2,3,20,24,26,0,0,6536320,16.226082,1.204987,1904,2925
R16,2,khkw-R16-s2-16b,26ef6f0,cache,khkw,loas,16,resnet19_T4_n5,layer_16_layer3_0_conv2,2,16384,8,1024,128,524288,16,32768,2048,16,4,4,1,khkw_split,-1,16,20,32,12,1,next_burst,4,0,1,2,0,24,2,1,1,1,non_inclusive,lru,362356,126572,235784,1889720,2025152,0.933125,0,576,0.000000,153088,2449408,0,0,1772936,0,0,1955056,19296,26280,3773568,3747288,7432752,3685464,0.495841,2024128,18936,134856,0,1645676,224660,0,0,0,0.075941,0.999494,0,0,0.139540,3.209999,2,3,5,23,24,32,2,0,6536456,18.038769,1.191723,1904,2925
R16,2,khkw-R16-s2-16b,26ef6f0,cache,khkw,loas,16,resnet19_T4_n5,layer_16_layer3_0_conv2,2,16384,8,1024,128,524288,16,32768,2048,16,4,4,1,khkw_split,-1,16,20,32,12,1,none,0,0,1,2,0,24,4,1,1,1,non_inclusive,lru,377244,126572,250672,1870784,2025152,0.923775,1280,154368,0.008292,153088,2449408,0,0,0,0,0,4932,3990080,16764,4011776,3995012,3995012,0,0.000000,0,0,0,0,0,0,0,0,0,0.000000,0.999494,0,0,0.139540,7.317637,1,1,1,12,15,16,0,0,4512192,11.960938,0.678714,1904,2925
R16,2,khkw-R16-s2-16b,26ef6f0,cache,khkw,loas,16,resnet19_T4_n5,layer_16_layer3_0_conv2,2,16384,8,1024,128,524288,16,32768,2048,16,4,4,1,khkw_split,-1,16,20,32,12,1,next_burst,1,0,1,2,0,24,4,1,1,1,non_inclusive,lru,458524,126572,331952,1876984,2025152,0.926836,0,576,0.000000,153088,2449408,0,0,1745052,0,0,3514608,19296,33300,5312256,5278956,6039856,760900,0.125980,2024128,6200,147592,0,1753760,116576,0,0,0,0.075941,0.999494,0,0,0.139540,7.023734,1,2,2,13,23,24,0,0,6536320,14.255132,1.158150,1904,2925
R16,2,khkw-R16-s2-16b,26ef6f0,cache,khkw,loas,16,resnet19_T4_n5,layer_16_layer3_0_conv2,2,16384,8,1024,128,524288,16,32768,2048,16,4,4,1,khkw_split,-1,16,20,32,12,1,next_burst,2,0,1,2,0,24,4,1,1,1,non_inclusive,lru,402796,126572,276224,1886236,2025152,0.931405,0,576,0.000000,153088,2449408,0,0,1764556,0,0,2603292,19296,33464,4420608,4387144,6230664,1843520,0.295879,2024128,15452,138340,0,1684360,185976,0,0,0,0.075941,0.999494,0,0,0.139540,6.585153,1,2,3,20,24,27,0,0,6536320,16.227371,1.180649,1904,2925
R16,2,khkw-R16-s2-16b,26ef6f0,cache,khkw,loas,16,resnet19_T4_n5,layer_16_layer3_0_conv2,2,16384,8,1024,128,524288,16,32768,2048,16,4,4,1,khkw_split,-1,16,20,32,12,1,next_burst,4,0,1,2,0,24,4,1,1,1,non_inclusive,lru,362356,126572,235784,1889708,2025152,0.933119,0,576,0.000000,153088,2449408,0,0,1772868,0,0,1955032,19296,26372,3773568,3747196,7432620,3685424,0.495845,2024128,18924,134868,0,1645672,224664,0,0,0,0.075941,0.999494,0,0,0.139540,6.420567,2,3,5,23,24,32,3,0,6536440,18.038724,1.193449,1904,2925
R16,2,khkw-R16-s2-16b,26ef6f0,cache,khkw,loas,16,resnet19_T4_n5,layer_16_layer3_0_conv2,2,16384,8,1024,128,524288,16,32768,2048,16,4,4,1,khkw_split,-1,16,20,32,12,1,none,0,0,1,2,0,24,8,1,1,1,non_inclusive,lru,377244,126572,250672,1870784,2025152,0.923775,1280,154368,0.008292,153088,2449408,0,0,0,0,0,4932,3990080,16764,4011776,3995012,3995012,0,0.000000,0,0,0,0,0,0,0,0,0,0.000000,0.999494,0,0,0.139540,14.635275,1,1,1,12,15,16,0,0,4512192,11.960938,0.679882,1904,2925
R16,2,khkw-R16-s2-16b,26ef6f0,cache,khkw,loas,16,resnet19_T4_n5,layer_16_layer3_0_conv2,2,16384,8,1024,128,524288,16,32768,2048,16,4,4,1,khkw_split,-1,16,20,32,12,1,next_burst,1,0,1,2,0,24,8,1,1,1,non_inclusive,lru,458524,126572,331952,1876984,2025152,0.926836,0,576,0.000000,153088,2449408,0,0,1745052,0,0,3514608,19296,33300,5312256,5278956,6039856,760900,0.125980,2024128,6200,147592,0,1753760,116576,0,0,0,0.075941,0.999494,0,0,0.139540,14.047467,1,2,2,13,23,24,0,0,6536320,14.255132,1.158441,1904,2925
R16,2,khkw-R16-s2-16b,26ef6f0,cache,khkw,loas,16,resnet19_T4_n5,layer_16_layer3_0_conv2,2,16384,8,1024,128,524288,16,32768,2048,16,4,4,1,khkw_split,-1,16,20,32,12,1,next_burst,2,0,1,2,0,24,8,1,1,1,non_inclusive,lru,402796,126572,276224,1886236,2025152,0.931405,0,576,0.000000,153088,2449408,0,0,1764556,0,0,2603292,19296,33464,4420608,4387144,6230664,1843520,0.295879,2024128,15452,138340,0,1684360,185976,0,0,0,0.075941,0.999494,0,0,0.139540,13.170306,1,2,3,20,24,27,0,0,6536320,16.227371,1.179226,1904,2925
R16,2,khkw-R16-s2-16b,26ef6f0,cache,khkw,loas,16,resnet19_T4_n5,layer_16_layer3_0_conv2,2,16384,8,1024,128,524288,16,32768,2048,16,4,4,1,khkw_split,-1,16,20,32,12,1,next_burst,4,0,1,2,0,24,8,1,1,1,non_inclusive,lru,362356,126572,235784,1889708,2025152,0.933119,0,576,0.000000,153088,2449408,0,0,1772868,0,0,1955032,19296,26372,3773568,3747196,7432620,3685424,0.495845,2024128,18924,134868,0,1645672,224664,0,0,0,0.075941,0.999494,0,0,0.139540,12.841134,2,3,5,23,24,32,3,0,6536440,18.038724,1.198672,1904,2925
R16,2,khkw-R16-s2-32b,26ef6f0,cache,khkw,loas,16,resnet19_T4_n5,layer_16_layer3_0_conv2,2,16384,8,512,64,524288,16,16384,1024,32,8,4,1,khkw_split,-1,16,20,32,12,1,none,0,0,1,2,0,24,1,1,1,1,non_inclusive,lru,253696,126572,127124,1947328,2025152,0.961571,0,77824,0.000000,77824,2490368,0,0,0,0,0,0,2028704,6304,2035008,2028704,2028704,0,0.000000,0,0,0,0,0,0,0,0,0,0.000000,0.999494,0,0,0.139540,0.922289,1,1,1,10,15,16,0,0,4283840,16.885721,0.633972,1904,2925
R16,2,khkw-R16-s2-32b,26ef6f0,cache,khkw,loas,16,resnet19_T4_n5,layer_16_layer3_0_conv2,2,16384,8,512,64,524288,16,16384,1024,32,8,4,1,khkw_split,-1,16,20,32,12,1,next_burst,1,0,1,2,0,24,1,1,1,1,non_inclusive,lru,370476,126572,243904,1947328,2025152,0.961571,0,576,0.000000,77824,2490368,0,0,1869120,0,0,2008296,19296,6776,3903488,3896712,4049516,152804,0.037734,2024128,0,77248,0,1869128,77752,0,0,0,0.038144,0.999494,0,0,0.139540,0.922289,1,1,2,9,15,24,0,0,6307968,17.026658,1.075708,1904,2925
R16,2,khkw-R16-s2-32b,26ef6f0,cache,khkw,loas,16,resnet19_T4_n5,layer_16_layer3_0_conv2,2,16384,8,512,64,524288,16,16384,1024,32,8,4,1,khkw_split,-1,16,20,32,12,1,next_burst,2,0,1,2,0,24,1,1,1,1,non_inclusive,lru,357792,126572,231220,1948628,2025152,0.962213,0,576,0.000000,77824,2490368,0,0,1871104,0,0,1788540,19296,21604,3700544,3678940,4058512,379572,0.093525,2024128,1300,75948,0,1797196,149684,0,0,0,0.038144,0.999494,0,0,0.139540,0.906883,1,1,2,12,18,24,0,0,6307968,17.630266,1.093951,1904,2925
R16,2,khkw-R16-s2-32b,26ef6f0,cache,khkw,loas,16,resnet19_T4_n5,layer_16_layer3_0_conv2,2,16384,8,512,64,524288,16,16384,1024,32,8,4,1,khkw_split,-1,16,20,32,12,1,next_burst,4,0,1,2,0,24,1,1,1,1,non_inclusive,lru,320476,126572,193904,1953304,2025152,0.964522,0,576,0.000000,77824,2490368,0,0,1879452,0,0,1177900,19296,26840,3103488,3076648,4090424,1013776,0.247841,2024128,5976,71272,0,1692116,254764,0,0,0,0.038144,0.999494,0,0,0.139540,0.851468,1,2,3,17,23,24,0,0,6307968,19.683121,1.122375,1904,2925
R16,2,khkw-R16-s2-32b,26ef6f0,cache,khkw,loas,16,resnet19_T4_n5,layer_16_layer3_0_conv2,2,16384,8,512,64,524288,16,16384,1024,32,8,4,1,khkw_split,-1,16,20,32,12,1,none,0,0,1,2,0,24,2,1,1,1,non_inclusive,lru,253696,126572,127124,1947328,2025152,0.961571,0,77824,0.000000,77824,2490368,0,0,0,0,0,0,2028704,6304,2035008,2028704,2028704,0,0.000000,0,0,0,0,0,0,0,0,0,0.000000,0.999494,0,0,0.139540,1.844579,1,1,1,10,15,16,0,0,4283840,16.885721,0.637721,1904,2925
R16,2,khkw-R16-s2-32b,26ef6f0,cache,khkw,loas,16,resnet19_T4_n5,layer_16_layer3_0_conv2,2,16384,8,512,64,524288,16,16384,1024,32,8,4,1,khkw_split,-1,16,20,32,12,1,next_burst,1,0,1,2,0,24,2,1,1,1,non_inclusive,lru,370476,126572,243904,1947328,2025152,0.961571,0,576,0.000000,77824,2490368,0,0,1869120,0,0,2008296,19296,6776,3903488,3896712,4049516,152804,0.037734,2024128,0,77248,0,1869128,77752,0,0,0,0.038144,0.999494,0,0,0.139540,1.844579,1,1,2,9,15,24,0,0,6307968,17.026658,1.077815,1904,2925
R16,2,khkw-R16-s2-32b,26ef6f0,cache,khkw,loas,16,resnet19_T4_n5,layer_16_layer3_0_conv2,2,16384,8,512,64,524288,16,16384,1024,32,8,4,1,khkw_split,-1,16,20,32,12,1,next_burst,2,0,1,2,0,24,2,1,1,1,non_inclusive,lru,357792,126572,231220,1948628,2025152,0.962213,0,576,0.000000,77824,2490368,0,0,1871104,0,0,1788540,19296,21604,3700544,3678940,4058512,379572,0.093525,2024128,1300,75948,0,1797196,149684,0,0,0,0.038144,0.999494,0,0,0.139540,1.813766,1,1,2,12,18,24,0,0,6307968,17.630266,1.094462,1904,2925
R16,2,khkw-R16-s2-32b,26ef6f0,cache,khkw,loas,16,resnet19_T4_n5,layer_16_layer3_0_conv2,2,16384,8,512,64,524288,16,16384,1024,32,8,4,1,khkw_split,-1,16,20,32,12,1,next_burst,4,0,1,2,0,24,2,1,1,1,non_inclusive,lru,320532,126572,193960,1953240,2025152,0.964491,0,576,0.000000,77824,2490368,0,0,1879324,0,0,1178156,19296,27608,3104384,3076776,4090508,1013732,0.247825,2024128,5912,71336,0,1692168,254712,0,0,0,0.038144,0.999494,0,0,0.139540,1.704453,1,2,3,17,23,25,0,0,6307968,19.679683,1.121826,1904,2925
R16,2,khkw-R16-s2-32b,26ef6f0,cache,khkw,loas,16,resnet19_T4_n5,layer_16_layer3_0_conv2,2,16384,8,512,64,524288,16,16384,1024,32,8,4,1,khkw_split,-1,16,20,32,12,1,none,0,0,1,2,0,24,4,1,1,1,non_inclusive,lru,253696,126572,127124,1947328,2025152,0.961571,0,77824,0.000000,77824,2490368,0,0,0,0,0,0,2028704,6304,2035008,2028704,2028704,0,0.000000,0,0,0,0,0,0,0,0,0,0.000000,0.999494,0,0,0.139540,3.689157,1,1,1,10,15,16,0,0,4283840,16.885721,0.633471,1904,2925
R16,2,khkw-R16-s2-32b,26ef6f0,cache,khkw,loas,16,resnet19_T4_n5,layer_16_layer3_0_conv2,2,16384,8,512,64,524288,16,16384,1024,32,8,4,1,khkw_split,-1,16,20,32,12,1,next_burst,1,0,1,2,0,24,4,1,1,1,non_inclusive,lru,370476,126572,243904,1947328,2025152,0.961571,0,576,0.000000,77824,2490368,0,0,1869120,0,0,2008296,19296,6776,3903488,3896712,4049516,152804,0.037734,2024128,0,77248,0,1869128,77752,0,0,0,0.038144,0.999494,0,0,0.139540,3.689157,1,1,2,9,15,24,0,0,6307968,17.026658,1.079624,1904,2925
R16,2,khkw-R16-s2-32b,26ef6f0,cache,khkw,loas,16,resnet19_T4_n5,layer_16_layer3_0_conv2,2,16384,8,512,64,524288,16,16384,1024,32,8,4,1,khkw_split,-1,16,20,32,12,1,next_burst,2,0,1,2,0,24,4,1,1,1,non_inclusive,lru,357792,126572,231220,1948628,2025152,0.962213,0,576,0.000000,77824,2490368,0,0,1871104,0,0,1788540,19296,21604,3700544,3678940,4058512,379572,0.093525,2024128,1300,75948,0,1797196,149684,0,0,0,0.038144,0.999494,0,0,0.139540,3.627532,1,1,2,12,18,24,0,0,6307968,17.630266,1.094152,1904,2925
R16,2,khkw-R16-s2-32b,26ef6f0,cache,khkw,loas,16,resnet19_T4_n5,layer_16_layer3_0_conv2,2,16384,8,512,64,524288,16,16384,1024,32,8,4,1,khkw_split,-1,16,20,32,12,1,next_burst,4,0,1,2,0,24,4,1,1,1,non_inclusive,lru,320580,126572,194008,1953304,2025152,0.964522,0,576,0.000000,77824,2490368,0,0,1879452,0,0,1178384,19296,28020,3105152,3077132,4090892,1013760,0.247809,2024128,5976,71272,0,1692200,254680,0,0,0,0.038144,0.999494,0,0,0.139540,3.405872,1,2,3,17,23,25,0,0,6307968,19.676736,1.123848,1904,2925
R16,2,khkw-R16-s2-32b,26ef6f0,cache,khkw,loas,16,resnet19_T4_n5,layer_16_layer3_0_conv2,2,16384,8,512,64,524288,16,16384,1024,32,8,4,1,khkw_split,-1,16,20,32,12,1,none,0,0,1,2,0,24,8,1,1,1,non_inclusive,lru,253696,126572,127124,1947328,2025152,0.961571,0,77824,0.000000,77824,2490368,0,0,0,0,0,0,2028704,6304,2035008,2028704,2028704,0,0.000000,0,0,0,0,0,0,0,0,0,0.000000,0.999494,0,0,0.139540,7.378314,1,1,1,10,15,16,0,0,4283840,16.885721,0.636491,1904,2925
R16,2,khkw-R16-s2-32b,26ef6f0,cache,khkw,loas,16,resnet19_T4_n5,layer_16_layer3_0_conv2,2,16384,8,512,64,524288,16,16384,1024,32,8,4,1,khkw_split,-1,16,20,32,12,1,next_burst,1,0,1,2,0,24,8,1,1,1,non_inclusive,lru,370476,126572,243904,1947328,2025152,0.961571,0,576,0.000000,77824,2490368,0,0,1869120,0,0,2008296,19296,6776,3903488,3896712,4049516,152804,0.037734,2024128,0,77248,0,1869128,77752,0,0,0,0.038144,0.999494,0,0,0.139540,7.378314,1,1,2,9,15,24,0,0,6307968,17.026658,1.076706,1904,2925
R16,2,khkw-R16-s2-32b,26ef6f0,cache,khkw,loas,16,resnet19_T4_n5,layer_16_layer3_0_conv2,2,16384,8,512,64,524288,16,16384,1024,32,8,4,1,khkw_split,-1,16,20,32,12,1,next_burst,2,0,1,2,0,24,8,1,1,1,non_inclusive,lru,357792,126572,231220,1948628,2025152,0.962213,0,576,0.000000,77824,2490368,0,0,1871104,0,0,1788540,19296,21604,3700544,3678940,4058512,379572,0.093525,2024128,1300,75948,0,1797196,149684,0,0,0,0.038144,0.999494,0,0,0.139540,7.255064,1,1,2,12,18,24,0,0,6307968,17.630266,1.093146,1904,2925
R16,2,khkw-R16-s2-32b,26ef6f0,cache,khkw,loas,16,resnet19_T4_n5,layer_16_layer3_0_conv2,2,16384,8,512,64,524288,16,16384,1024,32,8,4,1,khkw_split,-1,16,20,32,12,1,next_burst,4,0,1,2,0,24,8,1,1,1,non_inclusive,lru,320580,126572,194008,1953304,2025152,0.964522,0,576,0.000000,77824,2490368,0,0,1879452,0,0,1178384,19296,28020,3105152,3077132,4090892,1013760,0.247809,2024128,5976,71272,0,1692200,254680,0,0,0,0.038144,0.999494,0,0,0.139540,6.811744,1,2,3,17,23,25,0,0,6307968,19.676736,1.139641,1904,2925
R16,2,khkw-R16-s2-64b,26ef6f0,cache,khkw,loas,16,resnet19_T4_n5,layer_16_layer3_0_conv2,2,16384,8,256,32,524288,16,8192,512,64,16,4,1,khkw_split,-1,16,20,32,12,1,none,0,0,1,2,0,24,1,1,1,1,non_inclusive,lru,190464,126572,63892,1986240,2025152,0.980786,0,38912,0.000000,38912,2490368,0,0,0,0,0,0,1016992,6304,1023296,1016992,1016992,0,0.000000,0,0,0,0,0,0,0,0,0,0.000000,0.999494,0,0,0.139540,0.461145,1,1,1,8,15,16,0,0,4167104,21.878696,0.613320,1904,2925
R16,2,khkw-R16-s2-64b,26ef6f0,cache,khkw,loas,16,resnet19_T4_n5,layer_16_layer3_0_conv2,2,16384,8,256,32,524288,16,8192,512,64,16,4,1,khkw_split,-1,16,20,32,12,1,next_burst,1,0,1,2,0,24,1,1,1,1,non_inclusive,lru,312144,126572,185572,1986240,2025152,0.980786,0,576,0.000000,38912,2490368,0,0,1946880,0,0,997696,19296,6304,2970176,2963872,3040544,76672,0.025217,2024128,0,38336,0,1946880,38912,0,0,0,0.018930,0.999494,0,0,0.139540,0.461145,1,1,1,8,15,16,0,0,6191232,19.834538,1.055605,1904,2925
R16,2,khkw-R16-s2-64b,26ef6f0,cache,khkw,loas,16,resnet19_T4_n5,layer_16_layer3_0_conv2,2,16384,8,256,32,524288,16,8192,512,64,16,4,1,khkw_split,-1,16,20,32,12,1,next_burst,2,0,1,2,0,24,1,1,1,1,non_inclusive,lru,307316,126572,180744,1986240,2025152,0.980786,0,576,0.000000,38912,2490368,0,0,1946304,0,0,921024,19296,6304,2892928,2886624,3039968,153344,0.050443,2024128,0,38336,0,1907968,77824,0,0,0,0.018930,0.999494,0,0,0.139540,0.461145,1,1,1,8,15,16,0,0,6191232,20.146143,1.054602,1904,2925
R16,2,khkw-R16-s2-64b,26ef6f0,cache,khkw,loas,16,resnet19_T4_n5,layer_16_layer3_0_conv2,2,16384,8,256,32,524288,16,8192,512,64,16,4,1,khkw_split,-1,16,20,32,12,1,next_burst,4,0,1,2,0,24,1,1,1,1,non_inclusive,lru,297500,126572,170928,1986240,2025152,0.980786,0,576,0.000000,38912,2490368,0,0,1945152,0,0,764544,19296,6880,2735872,2728992,3040416,311424,0.102428,2024128,0,38336,0,1830432,155360,0,0,0,0.018930,0.999494,0,0,0.139540,0.461145,1,1,2,9,15,24,0,0,6191232,20.810864,1.050882,1904,2925
R16,2,khkw-R16-s2-64b,26ef6f0,cache,khkw,loas,16,resnet19_T4_n5,layer_16_layer3_0_conv2,2,16384,8,256,32,524288,16,8192,512,64,16,4,1,khkw_split,-1,16,20,32,12,1,none,0,0,1,2,0,24,2,1,1,1,non_inclusive,lru,190464,126572,63892,1986240,2025152,0.980786,0,38912,0.000000,38912,2490368,0,0,0,0,0,0,1016992,6304,1023296,1016992,1016992,0,0.000000,0,0,0,0,0,0,0,0,0,0.000000,0.999494,0,0,0.139540,0.922289,1,1,1,8,15,16,0,0,4167104,21.878696,0.611597,1904,2925
R16,2,khkw-R16-s2-64b,26ef6f0,cache,khkw,loas,16,resnet19_T4_n5,layer_16_layer3_0_conv2,2,16384,8,256,32,524288,16,8192,512,64,16,4,1,khkw_split,-1,16,20,32,12,1,next_burst,1,0,1,2,0,24,2,1,1,1,non_inclusive,lru,312144,126572,185572,1986240,2025152,0.980786,0,576,0.000000,38912,2490368,0,0,1946880,0,0,997696,19296,6304,2970176,2963872,3040544,76672,0.025217,2024128,0,38336,0,1946880,38912,0,0,0,0.018930,0.999494,0,0,0.139540,0.922289,1,1,1,8,15,16,0,0,6191232,19.834538,1.043267,1904,2925
R16,2,khkw-R16-s2-64b,26ef6f0,cache,khkw,loas,16,resnet19_T4_n5,layer_16_layer3_0_conv2,2,16384,8,256,32,524288,16,8192,512,64,16,4,1,khkw_split,-1,16,20,32,12,1,next_burst,2,0,1,2,0,24,2,1,1,1,non_inclusive,lru,307316,126572,180744,1986240,2025152,0.980786,0,576,0.000000,38912,2490368,0,0,1946304,0,0,921024,19296,6304,2892928,2886624,3039968,153344,0.050443,2024128,0,38336,0,1907968,77824,0,0,0,0.018930,0.999494,0,0,0.139540,0.922289,1,1,1,8,15,16,0,0,6191232,20.146143,1.052358,1904,2925
R16,2,khkw-R16-s2-64b,26ef6f0,cache,khkw,loas,16,resnet19_T4_n5,layer_16_layer3_0_conv2,2,16384,8,256,32,524288,16,8192,512,64,16,4,1,khkw_split,-1,16,20,32,12,1,next_burst,4,0,1,2,0,24,2,1,1,1,non_inclusive,lru,297500,126572,170928,1986240,2025152,0.980786,0,576,0.000000,38912,2490368,0,0,1945152,0,0,764544,19296,6880,2735872,2728992,3040416,311424,0.102428,2024128,0,38336,0,1830432,155360,0,0,0,0.018930,0.999494,0,0,0.139540,0.922289,1,1,2,9,15,24,0,0,6191232,20.810864,1.051698,1904,2925
R16,2,khkw-R16-s2-64b,26ef6f0,cache,khkw,loas,16,resnet19_T4_n5,layer_16_layer3_0_conv2,2,16384,8,256,32,524288,16,8192,512,64,16,4,1,khkw_split,-1,16,20,32,12,1,none,0,0,1,2,0,24,4,1,1,1,non_inclusive,lru,190464,126572,63892,1986240,2025152,0.980786,0,38912,0.000000,38912,2490368,0,0,0,0,0,0,1016992,6304,1023296,1016992,1016992,0,0.000000,0,0,0,0,0,0,0,0,0,0.000000,0.999494,0,0,0.139540,1.844579,1,1,1,8,15,16,0,0,4167104,21.878696,0.612865,1904,2925
R16,2,khkw-R16-s2-64b,26ef6f0,cache,khkw,loas,16,resnet19_T4_n5,layer_16_layer3_0_conv2,2,16384,8,256,32,524288,16,8192,512,64,16,4,1,khkw_split,-1,16,20,32,12,1,next_burst,1,0,1,2,0,24,4,1,1,1,non_inclusive,lru,312144,126572,185572,1986240,2025152,0.980786,0,576,0.000000,38912,2490368,0,0,1946880,0,0,997696,19296,6304,2970176,2963872,3040544,76672,0.025217,2024128,0,38336,0,1946880,38912,0,0,0,0.018930,0.999494,0,0,0.139540,1.844579,1,1,1,8,15,16,0,0,6191232,19.834538,1.050025,1904,2925
R16,2,khkw-R16-s2-64b,26ef6f0,cache,khkw,loas,16,resnet19_T4_n5,layer_16_layer3_0_conv2,2,16384,8,256,32,524288,16,8192,512,64,16,4,1,khkw_split,-1,16,20,32,12,1,next_burst,2,0,1,2,0,24,4,1,1,1,non_inclusive,lru,307316,126572,180744,1986240,2025152,0.980786,0,576,0.000000,38912,2490368,0,0,1946304,0,0,921024,19296,6304,2892928,2886624,3039968,153344,0.050443,2024128,0,38336,0,1907968,77824,0,0,0,0.018930,0.999494,0,0,0.139540,1.844579,1,1,1,8,15,16,0,0,6191232,20.146143,1.052375,1904,2925
R16,2,khkw-R16-s2-64b,26ef6f0,cache,khkw,loas,16,resnet19_T4_n5,layer_16_layer3_0_conv2,2,16384,8,256,32,524288,16,8192,512,64,16,4,1,khkw_split,-1,16,20,32,12,1,next_burst,4,0,1,2,0,24,4,1,1,1,non_inclusive,lru,297500,126572,170928,1986240,2025152,0.980786,0,576,0.000000,38912,2490368,0,0,1945152,0,0,764544,19296,6880,2735872,2728992,3040416,311424,0.102428,2024128,0,38336,0,1830432,155360,0,0,0,0.018930,0.999494,0,0,0.139540,1.844579,1,1,2,9,15,24,0,0,6191232,20.810864,1.052589,1904,2925
R16,2,khkw-R16-s2-64b,26ef6f0,cache,khkw,loas,16,resnet19_T4_n5,layer_16_layer3_0_conv2,2,16384,8,256,32,524288,16,8192,512,64,16,4,1,khkw_split,-1,16,20,32,12,1,none,0,0,1,2,0,24,8,1,1,1,non_inclusive,lru,190464,126572,63892,1986240,2025152,0.980786,0,38912,0.000000,38912,2490368,0,0,0,0,0,0,1016992,6304,1023296,1016992,1016992,0,0.000000,0,0,0,0,0,0,0,0,0,0.000000,0.999494,0,0,0.139540,3.689157,1,1,1,8,15,16,0,0,4167104,21.878696,0.612542,1904,2925
R16,2,khkw-R16-s2-64b,26ef6f0,cache,khkw,loas,16,resnet19_T4_n5,layer_16_layer3_0_conv2,2,16384,8,256,32,524288,16,8192,512,64,16,4,1,khkw_split,-1,16,20,32,12,1,next_burst,1,0,1,2,0,24,8,1,1,1,non_inclusive,lru,312144,126572,185572,1986240,2025152,0.980786,0,576,0.000000,38912,2490368,0,0,1946880,0,0,997696,19296,6304,2970176,2963872,3040544,76672,0.025217,2024128,0,38336,0,1946880,38912,0,0,0,0.018930,0.999494,0,0,0.139540,3.689157,1,1,1,8,15,16,0,0,6191232,19.834538,1.043327,1904,2925
R16,2,khkw-R16-s2-64b,26ef6f0,cache,khkw,loas,16,resnet19_T4_n5,layer_16_layer3_0_conv2,2,16384,8,256,32,524288,16,8192,512,64,16,4,1,khkw_split,-1,16,20,32,12,1,next_burst,2,0,1,2,0,24,8,1,1,1,non_inclusive,lru,307316,126572,180744,1986240,2025152,0.980786,0,576,0.000000,38912,2490368,0,0,1946304,0,0,921024,19296,6304,2892928,2886624,3039968,153344,0.050443,2024128,0,38336,0,1907968,77824,0,0,0,0.018930,0.999494,0,0,0.139540,3.689157,1,1,1,8,15,16,0,0,6191232,20.146143,1.051715,1904,2925
R16,2,khkw-R16-s2-64b,26ef6f0,cache,khkw,loas,16,resnet19_T4_n5,layer_16_layer3_0_conv2,2,16384,8,256,32,524288,16,8192,512,64,16,4,1,khkw_split,-1,16,20,32,12,1,next_burst,4,0,1,2,0,24,8,1,1,1,non_inclusive,lru,297500,126572,170928,1986240,2025152,0.980786,0,576,0.000000,38912,2490368,0,0,1945152,0,0,764544,19296,6880,2735872,2728992,3040416,311424,0.102428,2024128,0,38336,0,1830432,155360,0,0,0,0.018930,0.999494,0,0,0.139540,3.689157,1,1,2,9,15,24,0,0,6191232,20.810864,1.049906,1904,2925
R16,3,khkw-R16-s3-16b,26ef6f0,cache,khkw,loas,16,resnet19_T4_n5,layer_16_layer3_0_conv2,3,16384,8,1024,128,524288,16,32768,2048,16,4,4,1,khkw_split,-1,16,20,32,12,1,none,0,0,1,2,0,24,1,1,1,1,non_inclusive,lru,374572,126012,248560,1862720,2016192,0.923880,2176,153472,0.014178,151296,2420736,0,0,0,0,0,8564,3947896,21524,3977984,3956460,3956460,0,0.000000,0,0,0,0,0,0,0,0,0,0.000000,0.999492,0,0,0.101128,1.826874,1,1,1,12,15,16,0,0,4490688,11.988851,0.687163,1914,2968
R16,3,khkw-R16-s3-16b,26ef6f0,cache,khkw,loas,16,resnet19_T4_n5,layer_16_layer3_0_conv2,3,16384,8,1024,128,524288,16,32768,2048,16,4,4,1,khkw_split,-1,16,20,32,12,1,next_burst,1,0,1,2,0,24,1,1,1,1,non_inclusive,lru,455036,126012,329024,1869268,2016192,0.927128,64,576,0.111111,151296,2420736,0,0,1738496,0,0,3472452,17152,37308,5265408,5228100,6008516,780416,0.129885,2015168,6548,146348,0,1748688,113584,0,0,0,0.075834,0.999492,0,0,0.101128,1.748929,1,2,2,13,22,24,0,0,6505856,14.297453,1.158976,1914,2968
R16,3,khkw-R16-s3-16b,26ef6f0,cache,khkw,loas,16,resnet19_T4_n5,layer_16_layer3_0_conv2,3,16384,8,1024,128,524288,16,32768,2048,16,4,4,1,khkw_split,-1,16,20,32,12,1,next_burst,2,0,1,2,0,24,1,1,1,1,non_inclusive,lru,400240,126012,274228,1879560,2016192,0.932233,64,576,0.111111,151296,2420736,0,0,1760020,0,0,2577984,17152,33516,4388672,4355156,6192320,1837164,0.296684,2015168,16840,136056,0,1681388,180884,0,0,0,0.075834,0.999492,0,0,0.101128,1.626417,1,2,3,20,24,24,0,0,6505856,16.254887,1.190473,1914,2968
R16,3,khkw-R16-s3-16b,26ef6f0,cache,khkw,loas,16,resnet19_T4_n5,layer_16_layer3_0_conv2,3,16384,8,1024,128,524288,16,32768,2048,16,4,4,1,khkw_split,-1,16,20,32,12,1,next_burst,4,0,1,2,0,24,1,1,1,1,non_inclusive,lru,360932,126012,234920,1881868,2016192,0.933377,64,576,0.111111,151296,2420736,0,0,1765884,0,0,1951244,17152,25464,3759744,3734280,7380588,3646308,0.494040,2015168,19148,133748,0,1637832,224440,0,0,0,0.075834,0.999492,0,0,0.101128,1.598943,2,3,5,23,24,24,0,0,6505856,18.025157,1.209557,1914,2968
R16,3,khkw-R16-s3-16b,26ef6f0,cache,khkw,loas,16,resnet19_T4_n5,layer_16_layer3_0_conv2,3,16384,8,1024,128,524288,16,32768,2048,16,4,4,1,khkw_split,-1,16,20,32,12,1,none,0,0,1,2,0,24,2,1,1,1,non_inclusive,lru,374572,126012,248560,1862720,2016192,0.923880,2176,153472,0.014178,151296,2420736,0,0,0,0,0,8564,3947896,21524,3977984,3956460,3956460,0,0.000000,0,0,0,0,0,0,0,0,0,0.000000,0.999492,0,0,0.101128,3.653747,1,1,1,12,15,16,0,0,4490688,11.988851,0.710717,1914,2968
R16,3,khkw-R16-s3-16b,26ef6f0,cache,khkw,loas,16,resnet19_T4_n5,layer_16_layer3_0_conv2,3,16384,8,1024,128,524288,16,32768,2048,16,4,4,1,khkw_split,-1,16,20,32,12,1,next_burst,1,0,1,2,0,24,2,1,1,1,non_inclusive,lru,455036,126012,329024,1869268,2016192,0.927128,64,576,0.111111,151296,2420736,0,0,1738496,0,0,3472452,17152,37308,5265408,5228100,6008516,780416,0.129885,2015168,6548,146348,0,1748688,113584,0,0,0,0.075834,0.999492,0,0,0.101128,3.497857,1,2,2,13,22,24,0,0,6505856,14.297453,1.161993,1914,2968
R16,3,khkw-R16-s3-16b,26ef6f0,cache,khkw,loas,16,resnet19_T4_n5,layer_16_layer3_0_conv2,3,16384,8,1024,128,524288,16,32768,2048,16,4,4,1,khkw_split,-1,16,20,32,12,1,next_burst,2,0,1,2,0,24,2,1,1,1,non_inclusive,lru,400124,126012,274112,1879404,2016192,0.932155,64,576,0.111111,151296,2420736,0,0,1759840,0,0,2577372,17152,32452,4386816,4354364,6191044,1836680,0.296667,2015168,16684,136212,0,1681428,180844,0,0,0,0.075834,0.999492,0,0,0.101128,3.256547,1,2,3,20,24,32,0,0,6505856,16.259600,1.191634,1914,2968
R16,3,khkw-R16-s3-16b,26ef6f0,cache,khkw,loas,16,resnet19_T4_n5,layer_16_layer3_0_conv2,3,16384,8,1024,128,524288,16,32768,2048,16,4,4,1,khkw_split,-1,16,20,32,12,1,next_burst,4,0,1,2,0,24,2,1,1,1,non_inclusive,lru,360984,126012,234972,1881648,2016192,0.933268,64,576,0.111111,151296,2420736,0,0,1765388,0,0,1951504,17152,26532,3760576,3734044,7379408,3645364,0.493991,2015168,18928,133968,0,1637920,224352,0,0,0,0.075834,0.999492,0,0,0.101128,3.203124,2,3,5,23,24,32,3,0,6506316,18.023835,1.205506,1914,2968
R16,3,khkw-R16-s3-16b,26ef6f0,cache,khkw,loas,16,resnet19_T4_n5,layer_16_layer3_0_conv2,3,16384,8,1024,128,524288,16,32768,2048,16,4,4,1,khkw_split,-1,16,20,32,12,1,none,0,0,1,2,0,24,4,1,1,1,non_inclusive,lru,374572,126012,248560,1862720,2016192,0.923880,2176,153472,0.014178,151296,2420736,0,0,0,0,0,8564,3947896,21524,3977984,3956460,3956460,0,0.000000,0,0,0,0,0,0,0,0,0,0.000000,0.999492,0,0,0.101128,7.307495,1,1,1,12,15,16,0,0,4490688,11.988851,0.682622,1914,2968
R16,3,khkw-R16-s3-16b,26ef6f0,cache,khkw,loas,16,resnet19_T4_n5,layer_16_layer3_0_conv2,3,16384,8,1024,128,524288,16,32768,2048,16,4,4,1,khkw_split,-1,16,20,32,12,1,next_burst,1,0,1,2,0,24,4,1,1,1,non_inclusive,lru,455036,126012,329024,1869268,2016192,0.927128,64,576,0.111111,151296,2420736,0,0,1738496,0,0,3472452,17152,37308,5265408,5228100,6008520,780420,0.129886,2015168,6548,146348,0,1748692,113580,0,0,0,0.075834,0.999492,0,0,0.101128,6.995715,1,2,2,13,22,24,0,0,6505856,14.297453,1.162099,1914,2968
R16,3,khkw-R16-s3-16b,26ef6f0,cache,khkw,loas,16,resnet19_T4_n5,layer_16_layer3_0_conv2,3,16384,8,1024,128,524288,16,32768,2048,16,4,4,1,khkw_split,-1,16,20,32,12,1,next_burst,2,0,1,2,0,24,4,1,1,1,non_inclusive,lru,400124,126012,274112,1879400,2016192,0.932153,64,576,0.111111,151296,2420736,0,0,1759832,0,0,2577388,17152,32444,4386816,4354372,6191048,1836676,0.296666,2015168,16680,136216,0,1681428,180844,0,0,0,0.075834,0.999492,0,0,0.101128,6.513284,1,2,3,20,24,32,0,0,6505856,16.259600,1.214531,1914,2968
R16,3,khkw-R16-s3-16b,26ef6f0,cache,khkw,loas,16,resnet19_T4_n5,layer_16_layer3_0_conv2,3,16384,8,1024,128,524288,16,32768,2048,16,4,4,1,khkw_split,-1,16,20,32,12,1,next_burst,4,0,1,2,0,24,4,1,1,1,non_inclusive,lru,361032,126012,235020,1881560,2016192,0.933225,64,576,0.111111,151296,2420736,0,0,1765200,0,0,1951808,17152,27184,3761344,3734160,7379200,3645040,0.493961,2015168,18840,134056,0,1637936,224336,0,0,0,0.075834,0.999492,0,0,0.101128,6.410437,2,3,5,23,24,32,5,0,6506440,18.021782,1.207570,1914,2968
R16,3,khkw-R16-s3-16b,26ef6f0,cache,khkw,loas,16,resnet19_T4_n5,layer_16_layer3_0_conv2,3,16384,8,1024,128,524288,16,32768,2048,16,4,4,1,khkw_split,-1,16,20,32,12,1,none,0,0,1,2,0,24,8,1,1,1,non_inclusive,lru,374572,126012,248560,1862720,2016192,0.923880,2176,153472,0.014178,151296,2420736,0,0,0,0,0,8564,3947896,21524,3977984,3956460,3956460,0,0.000000,0,0,0,0,0,0,0,0,0,0.000000,0.999492,0,0,0.101128,14.614989,1,1,1,12,15,16,0,0,4490688,11.988851,0.700726,1914,2968
R16,3,khkw-R16-s3-16b,26ef6f0,cache,khkw,loas,16,resnet19_T4_n5,layer_16_layer3_0_conv2,3,16384,8,1024,128,524288,16,32768,2048,16,4,4,1,khkw_split,-1,16,20,32,12,1,next_burst,1,0,1,2,0,24,8,1,1,1,non_inclusive,lru,455036,126012,329024,1869268,2016192,0.927128,64,576,0.111111,151296,2420736,0,0,1738496,0,0,3472452,17152,37308,5265408,5228100,6008520,780420,0.129886,2015168,6548,146348,0,1748692,113580,0,0,0,0.075834,0.999492,0,0,0.101128,13.991429,1,2,2,13,22,24,0,0,6505856,14.297453,1.158454,1914,2968
R16,3,khkw-R16-s3-16b,26ef6f0,cache,khkw,loas,16,resnet19_T4_n5,layer_16_layer3_0_conv2,3,16384,8,1024,128,524288,16,32768,2048,16,4,4,1,khkw_split,-1,16,20,32,12,1,next_burst,2,0,1,2,0,24,8,1,1,1,non_inclusive,lru,400124,126012,274112,1879400,2016192,0.932153,64,576,0.111111,151296,2420736,0,0,1759832,0,0,2577388,17152,32444,4386816,4354372,6191048,1836676,0.296666,2015168,16680,136216,0,1681428,180844,0,0,0,0.075834,0.999492,0,0,0.101128,13.026569,1,2,3,20,24,32,0,0,6505856,16.259600,1.191551,1914,2968
R16,3,khkw-R16-s3-16b,26ef6f0,cache,khkw,loas,16,resnet19_T4_n5,layer_16_layer3_0_conv2,3,16384,8,1024,128,524288,16,32768,2048,16,4,4,1,khkw_split,-1,16,20,32,12,1,next_burst,4,0,1,2,0,24,8,1,1,1,non_inclusive,lru,361032,126012,235020,1881560,2016192,0.933225,64,576,0.111111,151296,2420736,0,0,1765200,0,0,1951808,17152,27184,3761344,3734160,7379200,3645040,0.493961,2015168,18840,134056,0,1637936,224336,0,0,0,0.075834,0.999492,0,0,0.101128,12.820874,2,3,5,23,24,32,5,0,6506440,18.021782,1.211389,1914,2968
R16,3,khkw-R16-s3-32b,26ef6f0,cache,khkw,loas,16,resnet19_T4_n5,layer_16_layer3_0_conv2,3,16384,8,512,64,524288,16,16384,1024,32,8,4,1,khkw_split,-1,16,20,32,12,1,none,0,0,1,2,0,24,1,1,1,1,non_inclusive,lru,252976,126012,126964,1938432,2016192,0.961432,64,77760,0.000823,77696,2486272,0,0,0,0,0,324,2025624,6500,2032448,2025948,2025948,0,0.000000,0,0,0,0,0,0,0,0,0,0.000000,0.999492,0,0,0.101128,0.925626,1,1,1,10,15,16,0,0,4265664,16.861932,0.630315,1914,2968
R16,3,khkw-R16-s3-32b,26ef6f0,cache,khkw,loas,16,resnet19_T4_n5,layer_16_layer3_0_conv2,3,16384,8,512,64,524288,16,16384,1024,32,8,4,1,khkw_split,-1,16,20,32,12,1,next_burst,1,0,1,2,0,24,1,1,1,1,non_inclusive,lru,368004,126012,241992,1939160,2016192,0.961793,0,576,0.000000,77696,2486272,0,0,1862296,0,0,1976824,19296,14480,3872896,3858416,4045044,186628,0.046137,2015168,728,76456,0,1862652,75332,0,0,0,0.038282,0.999492,0,0,0.101128,0.916960,1,1,2,11,15,24,0,0,6280832,17.067293,1.074923,1914,2968
R16,3,khkw-R16-s3-32b,26ef6f0,cache,khkw,loas,16,resnet19_T4_n5,layer_16_layer3_0_conv2,3,16384,8,512,64,524288,16,16384,1024,32,8,4,1,khkw_split,-1,16,20,32,12,1,next_burst,2,0,1,2,0,24,1,1,1,1,non_inclusive,lru,353876,126012,227864,1940864,2016192,0.962638,0,576,0.000000,77696,2486272,0,0,1865032,0,0,1743316,19296,19204,3646848,3627644,4050184,422540,0.104326,2015168,2432,74752,0,1793324,144660,0,0,0,0.038282,0.999492,0,0,0.101128,0.896677,1,1,2,12,21,24,0,0,6280832,17.748680,1.096282,1914,2968
R16,3,khkw-R16-s3-32b,26ef6f0,cache,khkw,loas,16,resnet19_T4_n5,layer_16_layer3_0_conv2,3,16384,8,512,64,524288,16,16384,1024,32,8,4,1,khkw_split,-1,16,20,32,12,1,next_burst,4,0,1,2,0,24,1,1,1,1,non_inclusive,lru,319848,126012,193836,1944484,2016192,0.964434,0,576,0.000000,77696,2486272,0,0,1872128,0,0,1185336,19296,25640,3102400,3076760,4090076,1013316,0.247750,2015168,6052,71132,0,1689424,248560,0,0,0,0.038282,0.999492,0,0,0.101128,0.853585,1,2,3,17,23,24,0,0,6280832,19.636928,1.118969,1914,2968
R16,3,khkw-R16-s3-32b,26ef6f0,cache,khkw,loas,16,resnet19_T4_n5,layer_16_layer3_0_conv2,3,16384,8,512,64,524288,16,16384,1024,32,8,4,1,khkw_split,-1,16,20,32,12,1,none,0,0,1,2,0,24,2,1,1,1,non_inclusive,lru,252976,126012,126964,1938432,2016192,0.961432,64,77760,0.000823,77696,2486272,0,0,0,0,0,324,2025624,6500,2032448,2025948,2025948,0,0.000000,0,0,0,0,0,0,0,0,0,0.000000,0.999492,0,0,0.101128,1.851252,1,1,1,10,15,16,0,0,4265664,16.861932,0.629118,1914,2968
R16,3,khkw-R16-s3-32b,26ef6f0,cache,khkw,loas,16,resnet19_T4_n5,layer_16_layer3_0_conv2,3,16384,8,512,64,524288,16,16384,1024,32,8,4,1,khkw_split,-1,16,20,32,12,1,next_burst,1,0,1,2,0,24,2,1,1,1,non_inclusive,lru,368004,126012,241992,1939160,2016192,0.961793,0,576,0.000000,77696,2486272,0,0,1862296,0,0,1976824,19296,14480,3872896,3858416,4045044,186628,0.046137,2015168,728,76456,0,1862652,75332,0,0,0,0.038282,0.999492,0,0,0.101128,1.833921,1,1,2,11,15,24,0,0,6280832,17.067293,1.080677,1914,2968
R16,3,khkw-R16-s3-32b,26ef6f0,cache,khkw,loas,16,resnet19_T4_n5,layer_16_layer3_0_conv2,3,16384,8,512,64,524288,16,16384,1024,32,8,4,1,khkw_split,-1,16,20,32,12,1,next_burst,2,0,1,2,0,24,2,1,1,1,non_inclusive,lru,353876,126012,227864,1940864,2016192,0.962638,0,576,0.000000,77696,2486272,0,0,1865032,0,0,1743316,19296,19204,3646848,3627644,4050184,422540,0.104326,2015168,2432,74752,0,1793324,144660,0,0,0,0.038282,0.999492,0,0,0.101128,1.793353,1,1,2,12,21,24,0,0,6280832,17.748680,1.091014,1914,2968
R16,3,khkw-R16-s3-32b,26ef6f0,cache,khkw,loas,16,resnet19_T4_n5,layer_16_layer3_0_conv2,3,16384,8,512,64,524288,16,16384,1024,32,8,4,1,khkw_split,-1,16,20,32,12,1,next_burst,4,0,1,2,0,24,2,1,1,1,non_inclusive,lru,319908,126012,193896,1944452,2016192,0.964418,0,576,0.000000,77696,2486272,0,0,1872068,0,0,1185608,19296,26388,3103360,3076972,4090312,1013340,0.247741,2015168,6020,71164,0,1689436,248548,0,0,0,0.038282,0.999492,0,0,0.101128,1.707933,1,2,3,17,23,31,0,0,6280832,19.633245,1.117441,1914,2968
R16,3,khkw-R16-s3-32b,26ef6f0,cache,khkw,loas,16,resnet19_T4_n5,layer_16_layer3_0_conv2,3,16384,8,512,64,524288,16,16384,1024,32,8,4,1,khkw_split,-1,16,20,32,12,1,none,0,0,1,2,0,24,4,1,1,1,non_inclusive,lru,252976,126012,126964,1938432,2016192,0.961432,64,77760,0.000823,77696,2486272,0,0,0,0,0,324,2025624,6500,2032448,2025948,2025948,0,0.000000,0,0,0,0,0,0,0,0,0,0.000000,0.999492,0,0,0.101128,3.702505,1,1,1,10,15,16,0,0,4265664,16.861932,0.694182,1914,2968
R16,3,khkw-R16-s3-32b,26ef6f0,cache,khkw,loas,16,resnet19_T4_n5,layer_16_layer3_0_conv2,3,16384,8,512,64,524288,16,16384,1024,32,8,4,1,khkw_split,-1,16,20,32,12,1,next_burst,1,0,1,2,0,24,4,1,1,1,non_inclusive,lru,368004,126012,241992,1939160,2016192,0.961793,0,576,0.000000,77696,2486272,0,0,1862296,0,0,1976824,19296,14480,3872896,3858416,4045044,186628,0.046137,2015168,728,76456,0,1862652,75332,0,0,0,0.038282,0.999492,0,0,0.101128,3.667841,1,1,2,11,15,24,0,0,6280832,17.067293,1.075194,1914,2968
R16,3,khkw-R16-s3-32b,26ef6f0,cache,khkw,loas,16,resnet19_T4_n5,layer_16_layer3_0_conv2,3,16384,8,512,64,524288,16,16384,1024,32,8,4,1,khkw_split,-1,16,20,32,12,1,next_burst,2,0,1,2,0,24,4,1,1,1,non_inclusive,lru,353876,126012,227864,1940864,2016192,0.962638,0,576,0.000000,77696,2486272,0,0,1865032,0,0,1743316,19296,19204,3646848,3627644,4050184,422540,0.104326,2015168,2432,74752,0,1793324,144660,0,0,0,0.038282,0.999492,0,0,0.101128,3.586706,1,1,2,12,21,24,0,0,6280832,17.748680,1.093271,1914,2968
R16,3,khkw-R16-s3-32b,26ef6f0,cache,khkw,loas,16,resnet19_T4_n5,layer_16_layer3_0_conv2,3,16384,8,512,64,524288,16,16384,1024,32,8,4,1,khkw_split,-1,16,20,32,12,1,next_burst,4,0,1,2,0,24,4,1,1,1,non_inclusive,lru,319868,126012,193856,1944368,2016192,0.964376,0,576,0.000000,77696,2486272,0,0,1871900,0,0,1185756,19296,25768,3102720,3076952,4090236,1013284,0.247732,2015168,5936,71248,0,1689436,248548,0,0,0,0.038282,0.999492,0,0,0.101128,3.419865,1,2,3,17,23,31,0,0,6280832,19.635700,1.119847,1914,2968
R16,3,khkw-R16-s3-32b,26ef6f0,cache,khkw,loas,16,resnet19_T4_n5,layer_16_layer3_0_conv2,3,16384,8,512,64,524288,16,16384,1024,32,8,4,1,khkw_split,-1,16,20,32,12,1,none,0,0,1,2,0,24,8,1,1,1,non_inclusive,lru,252976,126012,126964,1938432,2016192,0.961432,64,77760,0.000823,77696,2486272,0,0,0,0,0,324,2025624,6500,2032448,2025948,2025948,0,0.000000,0,0,0,0,0,0,0,0,0,0.000000,0.999492,0,0,0.101128,7.405009,1,1,1,10,15,16,0,0,4265664,16.861932,0.629357,1914,2968
R16,3,khkw-R16-s3-32b,26ef6f0,cache,khkw,loas,16,resnet19_T4_n5,layer_16_layer3_0_conv2,3,16384,8,512,64,524288,16,16384,1024,32,8,4,1,khkw_split,-1,16,20,32,12,1,next_burst,1,0,1,2,0,24,8,1,1,1,non_inclusive,lru,368004,126012,241992,1939160,2016192,0.961793,0,576,0.000000,77696,2486272,0,0,1862296,0,0,1976824,19296,14480,3872896,3858416,4045044,186628,0.046137,2015168,728,76456,0,1862652,75332,0,0,0,0.038282,0.999492,0,0,0.101128,7.335682,1,1,2,11,15,24,0,0,6280832,17.067293,1.074697,1914,2968
R16,3,khkw-R16-s3-32b,26ef6f0,cache,khkw,loas,16,resnet19_T4_n5,layer_16_layer3_0_conv2,3,16384,8,512,64,524288,16,16384,1024,32,8,4,1,khkw_split,-1,16,20,32,12,1,next_burst,2,0,1,2,0,24,8,1,1,1,non_inclusive,lru,353876,126012,227864,1940864,2016192,0.962638,0,576,0.000000,77696,2486272,0,0,1865032,0,0,1743316,19296,19204,3646848,3627644,4050184,422540,0.104326,2015168,2432,74752,0,1793324,144660,0,0,0,0.038282,0.999492,0,0,0.101128,7.173412,1,1,2,12,21,24,0,0,6280832,17.748680,1.093050,1914,2968
R16,3,khkw-R16-s3-32b,26ef6f0,cache,khkw,loas,16,resnet19_T4_n5,layer_16_layer3_0_conv2,3,16384,8,512,64,524288,16,16384,1024,32,8,4,1,khkw_split,-1,16,20,32,12,1,next_burst,4,0,1,2,0,24,8,1,1,1,non_inclusive,lru,319868,126012,193856,1944368,2016192,0.964376,0,576,0.000000,77696,2486272,0,0,1871900,0,0,1185756,19296,25768,3102720,3076952,4090236,1013284,0.247732,2015168,5936,71248,0,1689436,248548,0,0,0,0.038282,0.999492,0,0,0.101128,6.839730,1,2,3,17,23,31,0,0,6280832,19.635700,1.119208,1914,2968
R16,3,khkw-R16-s3-64b,26ef6f0,cache,khkw,loas,16,resnet19_T4_n5,layer_16_layer3_0_conv2,3,16384,8,256,32,524288,16,8192,512,64,16,4,1,khkw_split,-1,16,20,32,12,1,none,0,0,1,2,0,24,1,1,1,1,non_inclusive,lru,189904,126012,63892,1977280,2016192,0.980700,0,38912,0.000000,38912,2490368,0,0,0,0,0,0,1016992,6304,1023296,1016992,1016992,0,0.000000,0,0,0,0,0,0,0,0,0,0.000000,0.999492,0,0,0.101128,0.463194,1,1,1,8,15,16,0,0,4149184,21.848850,0.613914,1914,2968
R16,3,khkw-R16-s3-64b,26ef6f0,cache,khkw,loas,16,resnet19_T4_n5,layer_16_layer3_0_conv2,3,16384,8,256,32,524288,16,8192,512,64,16,4,1,khkw_split,-1,16,20,32,12,1,next_burst,1,0,1,2,0,24,1,1,1,1,non_inclusive,lru,311024,126012,185012,1977280,2016192,0.980700,0,576,0.000000,38912,2490368,0,0,1937920,0,0,997696,19296,6304,2961216,2954912,3031584,76672,0.025291,2015168,0,38336,0,1937920,38912,0,0,0,0.019014,0.999492,0,0,0.101128,0.463194,1,1,1,8,15,16,0,0,6164352,19.819538,1.045709,1914,2968
R16,3,khkw-R16-s3-64b,26ef6f0,cache,khkw,loas,16,resnet19_T4_n5,layer_16_layer3_0_conv2,3,16384,8,256,32,524288,16,8192,512,64,16,4,1,khkw_split,-1,16,20,32,12,1,next_burst,2,0,1,2,0,24,1,1,1,1,non_inclusive,lru,306196,126012,180184,1977280,2016192,0.980700,0,576,0.000000,38912,2490368,0,0,1937344,0,0,921024,19296,6304,2883968,2877664,3031008,153344,0.050592,2015168,0,38336,0,1899008,77824,0,0,0,0.019014,0.999492,0,0,0.101128,0.463194,1,1,1,8,15,16,0,0,6164352,20.132046,1.048557,1914,2968
R16,3,khkw-R16-s3-64b,26ef6f0,cache,khkw,loas,16,resnet19_T4_n5,layer_16_layer3_0_conv2,3,16384,8,256,32,524288,16,8192,512,64,16,4,1,khkw_split,-1,16,20,32,12,1,next_burst,4,0,1,2,0,24,1,1,1,1,non_inclusive,lru,296420,126012,170408,1977280,2016192,0.980700,0,576,0.000000,38912,2490368,0,0,1936192,0,0,765328,19296,6736,2727552,2720816,3030688,309872,0.102245,2015168,0,38336,0,1821400,155432,0,0,0,0.019014,0.999492,0,0,0.101128,0.463194,1,1,2,9,15,24,0,0,6164352,20.796006,1.051213,1914,2968
R16,3,khkw-R16-s3-64b,26ef6f0,cache,khkw,loas,16,resnet19_T4_n5,layer_16_layer3_0_conv2,3,16384,8,256,32,524288,16,8192,512,64,16,4,1,khkw_split,-1,16,20,32,12,1,none,0,0,1,2,0,24,2,1,1,1,non_inclusive,lru,189904,126012,63892,1977280,2016192,0.980700,0,38912,0.000000,38912,2490368,0,0,0,0,0,0,1016992,6304,1023296,1016992,1016992,0,0.000000,0,0,0,0,0,0,0,0,0,0.000000,0.999492,0,0,0.101128,0.926388,1,1,1,8,15,16,0,0,4149184,21.848850,0.610224,1914,2968
R16,3,khkw-R16-s3-64b,26ef6f0,cache,khkw,loas,16,resnet19_T4_n5,layer_16_layer3_0_conv2,3,16384,8,256,32,524288,16,8192,512,64,16,4,1,khkw_split,-1,16,20,32,12,1,next_burst,1,0,1,2,0,24,2,1,1,1,non_inclusive,lru,311024,126012,185012,1977280,2016192,0.980700,0,576,0.000000,38912,2490368,0,0,1937920,0,0,997696,19296,6304,2961216,2954912,3031584,76672,0.025291,2015168,0,38336,0,1937920,38912,0,0,0,0.019014,0.999492,0,0,0.101128,0.926388,1,1,1,8,15,16,0,0,6164352,19.819538,1.040121,1914,2968
R16,3,khkw-R16-s3-64b,26ef6f0,cache,khkw,loas,16,resnet19_T4_n5,layer_16_layer3_0_conv2,3,16384,8,256,32,524288,16,8192,512,64,16,4,1,khkw_split,-1,16,20,32,12,1,next_burst,2,0,1,2,0,24,2,1,1,1,non_inclusive,lru,306196,126012,180184,1977280,2016192,0.980700,0,576,0.000000,38912,2490368,0,0,1937344,0,0,921024,19296,6304,2883968,2877664,3031008,153344,0.050592,2015168,0,38336,0,1899008,77824,0,0,0,0.019014,0.999492,0,0,0.101128,0.926388,1,1,1,8,15,16,0,0,6164352,20.132046,1.049089,1914,2968
R16,3,khkw-R16-s3-64b,26ef6f0,cache,khkw,loas,16,resnet19_T4_n5,layer_16_layer3_0_conv2,3,16384,8,256,32,524288,16,8192,512,64,16,4,1,khkw_split,-1,16,20,32,12,1,next_burst,4,0,1,2,0,24,2,1,1,1,non_inclusive,lru,296420,126012,170408,1977280,2016192,0.980700,0,576,0.000000,38912,2490368,0,0,1936192,0,0,765328,19296,6736,2727552,2720816,3030688,309872,0.102245,2015168,0,38336,0,1821400,155432,0,0,0,0.019014,0.999492,0,0,0.101128,0.926388,1,1,2,9,15,24,0,0,6164352,20.796006,1.052561,1914,2968
R16,3,khkw-R16-s3-64b,26ef6f0,cache,khkw,loas,16,resnet19_T4_n5,layer_16_layer3_0_conv2,3,16384,8,256,32,524288,16,8192,512,64,16,4,1,khkw_split,-1,16,20,32,12,1,none,0,0,1,2,0,24,4,1,1,1,non_inclusive,lru,189904,126012,63892,1977280,2016192,0.980700,0,38912,0.000000,38912,2490368,0,0,0,0,0,0,1016992,6304,1023296,1016992,1016992,0,0.000000,0,0,0,0,0,0,0,0,0,0.000000,0.999492,0,0,0.101128,1.852776,1,1,1,8,15,16,0,0,4149184,21.848850,0.731416,1914,2968
R16,3,khkw-R16-s3-64b,26ef6f0,cache,khkw,loas,16,resnet19_T4_n5,layer_16_layer3_0_conv2,3,16384,8,256,32,524288,16,8192,512,64,16,4,1,khkw_split,-1,16,20,32,12,1,next_burst,1,0,1,2,0,24,4,1,1,1,non_inclusive,lru,311024,126012,185012,1977280,2016192,0.980700,0,576,0.000000,38912,2490368,0,0,1937920,0,0,997696,19296,6304,2961216,2954912,3031584,76672,0.025291,2015168,0,38336,0,1937920,38912,0,0,0,0.019014,0.999492,0,0,0.101128,1.852776,1,1,1,8,15,16,0,0,6164352,19.819538,1.045528,1914,2968
R16,3,khkw-R16-s3-64b,26ef6f0,cache,khkw,loas,16,resnet19_T4_n5,layer_16_layer3_0_conv2,3,16384,8,256,32,524288,16,8192,512,64,16,4,1,khkw_split,-1,16,20,32,12,1,next_burst,2,0,1,2,0,24,4,1,1,1,non_inclusive,lru,306196,126012,180184,1977280,2016192,0.980700,0,576,0.000000,38912,2490368,0,0,1937344,0,0,921024,19296,6304,2883968,2877664,3031008,153344,0.050592,2015168,0,38336,0,1899008,77824,0,0,0,0.019014,0.999492,0,0,0.101128,1.852776,1,1,1,8,15,16,0,0,6164352,20.132046,1.046749,1914,2968
R16,3,khkw-R16-s3-64b,26ef6f0,cache,khkw,loas,16,resnet19_T4_n5,layer_16_layer3_0_conv2,3,16384,8,256,32,524288,16,8192,512,64,16,4,1,khkw_split,-1,16,20,32,12,1,next_burst,4,0,1,2,0,24,4,1,1,1,non_inclusive,lru,296420,126012,170408,1977280,2016192,0.980700,0,576,0.000000,38912,2490368,0,0,1936192,0,0,765328,19296,6736,2727552,2720816,3030688,309872,0.102245,2015168,0,38336,0,1821400,155432,0,0,0,0.019014,0.999492,0,0,0.101128,1.852776,1,1,2,9,15,24,0,0,6164352,20.796006,1.055953,1914,2968
R16,3,khkw-R16-s3-64b,26ef6f0,cache,khkw,loas,16,resnet19_T4_n5,layer_16_layer3_0_conv2,3,16384,8,256,32,524288,16,8192,512,64,16,4,1,khkw_split,-1,16,20,32,12,1,none,0,0,1,2,0,24,8,1,1,1,non_inclusive,lru,189904,126012,63892,1977280,2016192,0.980700,0,38912,0.000000,38912,2490368,0,0,0,0,0,0,1016992,6304,1023296,1016992,1016992,0,0.000000,0,0,0,0,0,0,0,0,0,0.000000,0.999492,0,0,0.101128,3.705552,1,1,1,8,15,16,0,0,4149184,21.848850,0.606413,1914,2968
R16,3,khkw-R16-s3-64b,26ef6f0,cache,khkw,loas,16,resnet19_T4_n5,layer_16_layer3_0_conv2,3,16384,8,256,32,524288,16,8192,512,64,16,4,1,khkw_split,-1,16,20,32,12,1,next_burst,1,0,1,2,0,24,8,1,1,1,non_inclusive,lru,311024,126012,185012,1977280,2016192,0.980700,0,576,0.000000,38912,2490368,0,0,1937920,0,0,997696,19296,6304,2961216,2954912,3031584,76672,0.025291,2015168,0,38336,0,1937920,38912,0,0,0,0.019014,0.999492,0,0,0.101128,3.705552,1,1,1,8,15,16,0,0,6164352,19.819538,1.042592,1914,2968
R16,3,khkw-R16-s3-64b,26ef6f0,cache,khkw,loas,16,resnet19_T4_n5,layer_16_layer3_0_conv2,3,16384,8,256,32,524288,16,8192,512,64,16,4,1,khkw_split,-1,16,20,32,12,1,next_burst,2,0,1,2,0,24,8,1,1,1,non_inclusive,lru,306196,126012,180184,1977280,2016192,0.980700,0,576,0.000000,38912,2490368,0,0,1937344,0,0,921024,19296,6304,2883968,2877664,3031008,153344,0.050592,2015168,0,38336,0,1899008,77824,0,0,0,0.019014,0.999492,0,0,0.101128,3.705552,1,1,1,8,15,16,0,0,6164352,20.132046,1.057880,1914,2968
R16,3,khkw-R16-s3-64b,26ef6f0,cache,khkw,loas,16,resnet19_T4_n5,layer_16_layer3_0_conv2,3,16384,8,256,32,524288,16,8192,512,64,16,4,1,khkw_split,-1,16,20,32,12,1,next_burst,4,0,1,2,0,24,8,1,1,1,non_inclusive,lru,296420,126012,170408,1977280,2016192,0.980700,0,576,0.000000,38912,2490368,0,0,1936192,0,0,765328,19296,6736,2727552,2720816,3030688,309872,0.102245,2015168,0,38336,0,1821400,155432,0,0,0,0.019014,0.999492,0,0,0.101128,3.705552,1,1,2,9,15,24,0,0,6164352,20.796006,1.050183,1914,2968
R16,4,khkw-R16-s4-16b,26ef6f0,cache,khkw,loas,16,resnet19_T4_n5,layer_16_layer3_0_conv2,4,16384,8,1024,128,524288,16,32768,2048,16,4,4,1,khkw_split,-1,16,20,32,12,1,none,0,0,1,2,0,24,1,1,1,1,non_inclusive,lru,371608,123756,247852,1827136,1980096,0.922751,1856,152960,0.012134,151104,2417664,0,0,0,0,0,6508,3940664,19484,3966656,3947172,3947172,0,0.000000,0,0,0,0,0,0,0,0,0,0.000000,0.999483,0,0,0.122502,1.853971,1,1,1,12,15,16,0,0,4417280,11.886935,0.667465,1882,2891
R16,4,khkw-R16-s4-16b,26ef6f0,cache,khkw,loas,16,resnet19_T4_n5,layer_16_layer3_0_conv2,4,16384,8,1024,128,524288,16,32768,2048,16,4,4,1,khkw_split,-1,16,20,32,12,1,next_burst,1,0,1,2,0,24,1,1,1,1,non_inclusive,lru,448640,123756,324884,1833744,1980096,0.926088,0,576,0.000000,151104,2417664,0,0,1704216,0,0,3437820,19296,37836,5199168,5161332,5959380,798048,0.133915,1979072,6608,145776,0,1714800,111888,0,0,0,0.076958,0.999483,0,0,0.122502,1.773878,1,2,2,14,22,24,0,0,6396352,14.257204,1.157062,1882,2891
R16,4,khkw-R16-s4-16b,26ef6f0,cache,khkw,loas,16,resnet19_T4_n5,layer_16_layer3_0_conv2,4,16384,8,1024,128,524288,16,32768,2048,16,4,4,1,khkw_split,-1,16,20,32,12,1,next_burst,2,0,1,2,0,24,1,1,1,1,non_inclusive,lru,397128,123756,273372,1842524,1980096,0.930523,0,576,0.000000,151104,2417664,0,0,1723040,0,0,2598292,19296,34348,4374976,4340628,6111512,1770884,0.289762,1979072,15388,136996,0,1643460,183228,0,0,0,0.076958,0.999483,0,0,0.122502,1.667459,1,2,3,20,24,24,0,0,6396352,16.106525,1.169961,1882,2891
R16,4,khkw-R16-s4-16b,26ef6f0,cache,khkw,loas,16,resnet19_T4_n5,layer_16_layer3_0_conv2,4,16384,8,1024,128,524288,16,32768,2048,16,4,4,1,khkw_split,-1,16,20,32,12,1,next_burst,4,0,1,2,0,24,1,1,1,1,non_inclusive,lru,356160,123756,232404,1845512,1980096,0.932032,0,576,0.000000,151104,2417664,0,0,1728864,0,0,1944980,19296,26348,3719488,3693140,7336372,3643232,0.496599,1979072,18376,134008,0,1603240,223448,0,0,0,0.076958,0.999483,0,0,0.122502,1.631242,2,3,5,23,24,24,0,0,6396352,17.959209,1.177583,1882,2891
R16,4,khkw-R16-s4-16b,26ef6f0,cache,khkw,loas,16,resnet19_T4_n5,layer_16_layer3_0_conv2,4,16384,8,1024,128,524288,16,32768,2048,16,4,4,1,khkw_split,-1,16,20,32,12,1,none,0,0,1,2,0,24,2,1,1,1,non_inclusive,lru,371608,123756,247852,1827136,1980096,0.922751,1856,152960,0.012134,151104,2417664,0,0,0,0,0,6508,3940664,19484,3966656,3947172,3947172,0,0.000000,0,0,0,0,0,0,0,0,0,0.000000,0.999483,0,0,0.122502,3.707941,1,1,1,12,15,16,0,0,4417280,11.886935,0.663966,1882,2891
R16,4,khkw-R16-s4-16b,26ef6f0,cache,khkw,loas,16,resnet19_T4_n5,layer_16_layer3_0_conv2,4,16384,8,1024,128,524288,16,32768,2048,16,4,4,1,khkw_split,-1,16,20,32,12,1,next_burst,1,0,1,2,0,24,2,1,1,1,non_inclusive,lru,448652,123756,324896,1833692,1980096,0.926062,0,576,0.000000,151104,2417664,0,0,1704180,0,0,3437972,19296,37912,5199360,5161448,5959324,797876,0.133887,1979072,6556,145828,0,1714804,111884,0,0,0,0.076958,0.999483,0,0,0.122502,3.549016,1,2,2,14,22,24,0,0,6396352,14.256823,1.154045,1882,2891
R16,4,khkw-R16-s4-16b,26ef6f0,cache,khkw,loas,16,resnet19_T4_n5,layer_16_layer3_0_conv2,4,16384,8,1024,128,524288,16,32768,2048,16,4,4,1,khkw_split,-1,16,20,32,12,1,next_burst,2,0,1,2,0,24,2,1,1,1,non_inclusive,lru,397052,123756,273296,1842444,1980096,0.930482,0,576,0.000000,151104,2417664,0,0,1722904,0,0,2597624,19296,33936,4373760,4339824,6110424,1770600,0.289767,1979072,15308,137076,0,1643592,183096,0,0,0,0.076958,0.999483,0,0,0.122502,3.336856,1,2,3,20,24,26,0,0,6396352,16.109608,1.169877,1882,2891
R16,4,khkw-R16-s4-16b,26ef6f0,cache,khkw,loas,16,resnet19_T4_n5,layer_16_layer3_0_conv2,4,16384,8,1024,128,524288,16,32768,2048,16,4,4,1,khkw_split,-1,16,20,32,12,1,next_burst,4,0,1,2,0,24,2,1,1,1,non_inclusive,lru,356188,123756,232432,1845288,1980096,0.931918,0,576,0.000000,151104,2417664,0,0,1728496,0,0,1945580,19296,26564,3719936,3693372,7336180,3642808,0.496554,1979072,18152,134232,0,1603292,223396,0,0,0,0.076958,0.999483,0,0,0.122502,3.267914,2,3,5,23,24,32,4,0,6396716,17.958819,1.176087,1882,2891
R16,4,khkw-R16-s4-16b,26ef6f0,cache,khkw,loas,16,resnet19_T4_n5,layer_16_layer3_0_conv2,4,16384,8,1024,128,524288,16,32768,2048,16,4,4,1,khkw_split,-1,16,20,32,12,1,none,0,0,1,2,0,24,4,1,1,1,non_inclusive,lru,371608,123756,247852,1827136,1980096,0.922751,1856,152960,0.012134,151104,2417664,0,0,0,0,0,6508,3940664,19484,3966656,3947172,3947172,0,0.000000,0,0,0,0,0,0,0,0,0,0.000000,0.999483,0,0,0.122502,7.415883,1,1,1,12,15,16,0,0,4417280,11.886935,0.668127,1882,2891
R16,4,khkw-R16-s4-16b,26ef6f0,cache,khkw,loas,16,resnet19_T4_n5,layer_16_layer3_0_conv2,4,16384,8,1024,128,524288,16,32768,2048,16,4,4,1,khkw_split,-1,16,20,32,12,1,next_burst,1,0,1,2,0,24,4,1,1,1,non_inclusive,lru,448652,123756,324896,1833692,1980096,0.926062,0,576,0.000000,151104,2417664,0,0,1704180,0,0,3437972,19296,37912,5199360,5161448,5959324,797876,0.133887,1979072,6556,145828,0,1714804,111884,0,0,0,0.076958,0.999483,0,0,0.122502,7.098032,1,2,2,14,22,24,0,0,6396352,14.256823,1.153393,1882,2891
R16,4,khkw-R16-s4-16b,26ef6f0,cache,khkw,loas,16,resnet19_T4_n5,layer_16_layer3_0_conv2,4,16384,8,1024,128,524288,16,32768,2048,16,4,4,1,khkw_split,-1,16,20,32,12,1,next_burst,2,0,1,2,0,24,4,1,1,1,non_inclusive,lru,397052,123756,273296,1842444,1980096,0.930482,0,576,0.000000,151104,2417664,0,0,1722904,0,0,2597624,19296,33936,4373760,4339824,6110424,1770600,0.289767,1979072,15308,137076,0,1643588,183100,0,0,0,0.076958,0.999483,0,0,0.122502,6.673713,1,2,3,20,24,26,0,0,6396352,16.109608,1.165097,1882,2891
R16,4,khkw-R16-s4-16b,26ef6f0,cache,khkw,loas,16,resnet19_T4_n5,layer_16_layer3_0_conv2,4,16384,8,1024,128,524288,16,32768,2048,16,4,4,1,khkw_split,-1,16,20,32,12,1,next_burst,4,0,1,2,0,24,4,1,1,1,non_inclusive,lru,356140,123756,232384,1845292,1980096,0.931920,0,576,0.000000,151104,2417664,0,0,1728484,0,0,1945264,19296,26124,3719168,3693044,7334228,3641184,0.496465,1979072,18156,134228,0,1603296,223392,0,0,0,0.076958,0.999483,0,0,0.122502,6.535635,2,3,5,23,24,32,4,0,6396760,17.961364,1.180599,1882,2891
R16,4,khkw-R16-s4-16b,26ef6f0,cache,khkw,loas,16,resnet19_T4_n5,layer_16_layer3_0_conv2,4,16384,8,1024,128,524288,16,32768,2048,16,4,4,1,khkw_split,-1,16,20,32,12,1,none,0,0,1,2,0,24,8,1,1,1,non_inclusive,lru,371608,123756,247852,1827136,1980096,0.922751,1856,152960,0.012134,151104,2417664,0,0,0,0,0,6508,3940664,19484,3966656,3947172,3947172,0,0.000000,0,0,0,0,0,0,0,0,0,0.000000,0.999483,0,0,0.122502,14.831766,1,1,1,12,15,16,0,0,4417280,11.886935,0.693654,1882,2891
R16,4,khkw-R16-s4-16b,26ef6f0,cache,khkw,loas,16,resnet19_T4_n5,layer_16_layer3_0_conv2,4,16384,8,1024,128,524288,16,32768,2048,16,4,4,1,khkw_split,-1,16,20,32,12,1,next_burst,1,0,1,2,0,24,8,1,1,1,non_inclusive,lru,448652,123756,324896,1833692,1980096,0.926062,0,576,0.000000,151104,2417664,0,0,1704180,0,0,3437972,19296,37912,5199360,5161448,5959324,797876,0.133887,1979072,6556,145828,0,1714804,111884,0,0,0,0.076958,0.999483,0,0,0.122502,14.196063,1,2,2,14,22,24,0,0,6396352,14.256823,1.163975,1882,2891
R16,4,khkw-R16-s4-16b,26ef6f0,cache,khkw,loas,16,resnet19_T4_n5,layer_16_layer3_0_conv2,4,16384,8,1024,128,524288,16,32768,2048,16,4,4,1,khkw_split,-1,16,20,32,12,1,next_burst,2,0,1,2,0,24,8,1,1,1,non_inclusive,lru,397052,123756,273296,1842444,1980096,0.930482,0,576,0.000000,151104,2417664,0,0,1722904,0,0,2597624,19296,33936,4373760,4339824,6110424,1770600,0.289767,1979072,15308,137076,0,1643588,183100,0,0,0,0.076958,0.999483,0,0,0.122502,13.347426,1,2,3,20,24,26,0,0,6396352,16.109608,1.167695,1882,2891
R16,4,khkw-R16-s4-16b,26ef6f0,cache,khkw,loas,16,resnet19_T4_n5,layer_16_layer3_0_conv2,4,16384,8,1024,128,524288,16,32768,2048,16,4,4,1,khkw_split,-1,16,20,32,12,1,next_burst,4,0,1,2,0,24,8,1,1,1,non_inclusive,lru,356140,123756,232384,1845292,1980096,0.931920,0,576,0.000000,151104,2417664,0,0,1728484,0,0,1945264,19296,26124,3719168,3693044,7334228,3641184,0.496465,1979072,18156,134228,0,1603296,223392,0,0,0,0.076958,0.999483,0,0,0.122502,13.071269,2,3,5,23,24,32,4,0,6396760,17.961364,1.177734,1882,2891
R16,4,khkw-R16-s4-32b,26ef6f0,cache,khkw,loas,16,resnet19_T4_n5,layer_16_layer3_0_conv2,4,16384,8,512,64,524288,16,16384,1024,32,8,4,1,khkw_split,-1,16,20,32,12,1,none,0,0,1,2,0,24,1,1,1,1,non_inclusive,lru,250736,123756,126980,1902336,1980096,0.960729,64,77760,0.000823,77696,2486272,0,0,0,0,0,360,2025688,6656,2032704,2026048,2026048,0,0.000000,0,0,0,0,0,0,0,0,0,0.000000,0.999483,0,0,0.123264,0.942500,1,1,1,10,15,16,0,0,4193472,16.724651,0.621594,1882,2891
R16,4,khkw-R16-s4-32b,26ef6f0,cache,khkw,loas,16,resnet19_T4_n5,layer_16_layer3_0_conv2,4,16384,8,512,64,524288,16,16384,1024,32,8,4,1,khkw_split,-1,16,20,32,12,1,next_burst,1,0,1,2,0,24,1,1,1,1,non_inclusive,lru,362708,123756,238952,1903256,1980096,0.961194,0,576,0.000000,77696,2486272,0,0,1827372,0,0,1958360,19296,19228,3824256,3805028,4016980,211952,0.052764,1979072,920,76264,0,1828004,73884,0,0,0,0.038980,0.999483,0,0,0.123264,0.931349,1,1,2,11,16,24,0,0,6172544,17.017943,1.162157,1882,2891
R16,4,khkw-R16-s4-32b,26ef6f0,cache,khkw,loas,16,resnet19_T4_n5,layer_16_layer3_0_conv2,4,16384,8,512,64,524288,16,16384,1024,32,8,4,1,khkw_split,-1,16,20,32,12,1,next_burst,2,0,1,2,0,24,1,1,1,1,non_inclusive,lru,348404,123756,224648,1904988,1980096,0.962069,0,576,0.000000,77696,2486272,0,0,1830096,0,0,1726020,19296,19980,3595392,3575412,4023424,448012,0.111351,1979072,2652,74532,0,1759952,141936,0,0,0,0.038980,0.999483,0,0,0.123264,0.910356,1,1,3,12,21,24,0,0,6172544,17.716628,1.070880,1882,2891
R16,4,khkw-R16-s4-32b,26ef6f0,cache,khkw,loas,16,resnet19_T4_n5,layer_16_layer3_0_conv2,4,16384,8,512,64,524288,16,16384,1024,32,8,4,1,khkw_split,-1,16,20,32,12,1,next_burst,4,0,1,2,0,24,1,1,1,1,non_inclusive,lru,316284,123756,192528,1908352,1980096,0.963767,0,576,0.000000,77696,2486272,0,0,1836696,0,0,1198808,19296,26672,3081472,3054800,4061164,1006364,0.247802,1979072,6016,71168,0,1654416,247472,0,0,0,0.038980,0.999483,0,0,0.123264,0.869582,1,2,3,16,23,24,0,0,6172544,19.515828,1.097288,1882,2891
R16,4,khkw-R16-s4-32b,26ef6f0,cache,khkw,loas,16,resnet19_T4_n5,layer_16_layer3_0_conv2,4,16384,8,512,64,524288,16,16384,1024,32,8,4,1,khkw_split,-1,16,20,32,12,1,none,0,0,1,2,0,24,2,1,1,1,non_inclusive,lru,250736,123756,126980,1902336,1980096,0.960729,64,77760,0.000823,77696,2486272,0,0,0,0,0,360,2025688,6656,2032704,2026048,2026048,0,0.000000,0,0,0,0,0,0,0,0,0,0.000000,0.999483,0,0,0.123264,1.885000,1,1,1,10,15,16,0,0,4193472,16.724651,0.621019,1882,2891
R16,4,khkw-R16-s4-32b,26ef6f0,cache,khkw,loas,16,resnet19_T4_n5,layer_16_layer3_0_conv2,4,16384,8,512,64,524288,16,16384,1024,32,8,4,1,khkw_split,-1,16,20,32,12,1,next_burst,1,0,1,2,0,24,2,1,1,1,non_inclusive,lru,362708,123756,238952,1903256,1980096,0.961194,0,576,0.000000,77696,2486272,0,0,1827372,0,0,1958360,19296,19228,3824256,3805028,4016980,211952,0.052764,1979072,920,76264,0,1828004,73884,0,0,0,0.038980,0.999483,0,0,0.123264,1.862698,1,1,2,11,16,24,0,0,6172544,17.017943,1.060469,1882,2891
R16,4,khkw-R16-s4-32b,26ef6f0,cache,khkw,loas,16,resnet19_T4_n5,layer_16_layer3_0_conv2,4,16384,8,512,64,524288,16,16384,1024,32,8,4,1,khkw_split,-1,16,20,32,12,1,next_burst,2,0,1,2,0,24,2,1,1,1,non_inclusive,lru,348404,123756,224648,1904988,1980096,0.962069,0,576,0.000000,77696,2486272,0,0,1830096,0,0,1726020,19296,19980,3595392,3575412,4023424,448012,0.111351,1979072,2652,74532,0,1759952,141936,0,0,0,0.038980,0.999483,0,0,0.123264,1.820712,1,1,3,12,21,24,0,0,6172544,17.716628,1.070288,1882,2891
R16,4,khkw-R16-s4-32b,26ef6f0,cache,khkw,loas,16,resnet19_T4_n5,layer_16_layer3_0_conv2,4,16384,8,512,64,524288,16,16384,1024,32,8,4,1,khkw_split,-1,16,20,32,12,1,next_burst,4,0,1,2,0,24,2,1,1,1,non_inclusive,lru,316304,123756,192548,1908516,1980096,0.963850,0,576,0.000000,77696,2486272,0,0,1837024,0,0,1198736,19296,26736,3081792,3055056,4061536,1006480,0.247808,1979072,6180,71004,0,1654412,247476,0,0,0,0.038980,0.999483,0,0,0.123264,1.735189,1,2,3,16,23,26,0,0,6172544,19.514594,1.093963,1882,2891
R16,4,khkw-R16-s4-32b,26ef6f0,cache,khkw,loas,16,resnet19_T4_n5,layer_16_layer3_0_conv2,4,16384,8,512,64,524288,16,16384,1024,32,8,4,1,khkw_split,-1,16,20,32,12,1,none,0,0,1,2,0,24,4,1,1,1,non_inclusive,lru,250736,123756,126980,1902336,1980096,0.960729,64,77760,0.000823,77696,2486272,0,0,0,0,0,360,2025688,6656,2032704,2026048,2026048,0,0.000000,0,0,0,0,0,0,0,0,0,0.000000,0.999483,0,0,0.123264,3.769999,1,1,1,10,15,16,0,0,4193472,16.724651,0.623391,1882,2891
R16,4,khkw-R16-s4-32b,26ef6f0,cache,khkw,loas,16,resnet19_T4_n5,layer_16_layer3_0_conv2,4,16384,8,512,64,524288,16,16384,1024,32,8,4,1,khkw_split,-1,16,20,32,12,1,next_burst,1,0,1,2,0,24,4,1,1,1,non_inclusive,lru,362708,123756,238952,1903256,1980096,0.961194,0,576,0.000000,77696,2486272,0,0,1827372,0,0,1958360,19296,19228,3824256,3805028,4016980,211952,0.052764,1979072,920,76264,0,1828004,73884,0,0,0,0.038980,0.999483,0,0,0.123264,3.725395,1,1,2,11,16,24,0,0,6172544,17.017943,1.061917,1882,2891
R16,4,khkw-R16-s4-32b,26ef6f0,cache,khkw,loas,16,resnet19_T4_n5,layer_16_layer3_0_conv2,4,16384,8,512,64,524288,16,16384,1024,32,8,4,1,khkw_split,-1,16,20,32,12,1,next_burst,2,0,1,2,0,24,4,1,1,1,non_inclusive,lru,348404,123756,224648,1904988,1980096,0.962069,0,576,0.000000,77696,2486272,0,0,1830096,0,0,1726020,19296,19980,3595392,3575412,4023424,448012,0.111351,1979072,2652,74532,0,1759952,141936,0,0,0,0.038980,0.999483,0,0,0.123264,3.641423,1,1,3,12,21,24,0,0,6172544,17.716628,1.073668,1882,2891
R16,4,khkw-R16-s4-32b,26ef6f0,cache,khkw,loas,16,resnet19_T4_n5,layer_16_layer3_0_conv2,4,16384,8,512,64,524288,16,16384,1024,32,8,4,1,khkw_split,-1,16,20,32,12,1,next_burst,4,0,1,2,0,24,4,1,1,1,non_inclusive,lru,316328,123756,192572,1908432,1980096,0.963808,0,576,0.000000,77696,2486272,0,0,1836856,0,0,1198892,19296,27132,3082176,3055044,4061612,1006568,0.247825,1979072,6096,71088,0,1654360,247528,0,0,0,0.038980,0.999483,0,0,0.123264,3.474450,1,2,3,16,23,26,0,0,6172544,19.513113,1.091616,1882,2891
R16,4,khkw-R16-s4-32b,26ef6f0,cache,khkw,loas,16,resnet19_T4_n5,layer_16_layer3_0_conv2,4,16384,8,512,64,524288,16,16384,1024,32,8,4,1,khkw_split,-1,16,20,32,12,1,none,0,0,1,2,0,24,8,1,1,1,non_inclusive,lru,250736,123756,126980,1902336,1980096,0.960729,64,77760,0.000823,77696,2486272,0,0,0,0,0,360,2025688,6656,2032704,2026048,2026048,0,0.000000,0,0,0,0,0,0,0,0,0,0.000000,0.999483,0,0,0.123264,7.539998,1,1,1,10,15,16,0,0,4193472,16.724651,0.626837,1882,2891
R16,4,khkw-R16-s4-32b,26ef6f0,cache,khkw,loas,16,resnet19_T4_n5,layer_16_layer3_0_conv2,4,16384,8,512,64,524288,16,16384,1024,32,8,4,1,khkw_split,-1,16,20,32,12,1,next_burst,1,0,1,2,0,24,8,1,1,1,non_inclusive,lru,362708,123756,238952,1903256,1980096,0.961194,0,576,0.000000,77696,2486272,0,0,1827372,0,0,1958360,19296,19228,3824256,3805028,4016980,211952,0.052764,1979072,920,76264,0,1828004,73884,0,0,0,0.038980,0.999483,0,0,0.123264,7.450790,1,1,2,11,16,24,0,0,6172544,17.017943,1.059541,1882,2891
R16,4,khkw-R16-s4-32b,26ef6f0,cache,khkw,loas,16,resnet19_T4_n5,layer_16_layer3_0_conv2,4,16384,8,512,64,524288,16,16384,1024,32,8,4,1,khkw_split,-1,16,20,32,12,1,next_burst,2,0,1,2,0,24,8,1,1,1,non_inclusive,lru,348404,123756,224648,1904988,1980096,0.962069,0,576,0.000000,77696,2486272,0,0,1830096,0,0,1726020,19296,19980,3595392,3575412,4023424,448012,0.111351,1979072,2652,74532,0,1759952,141936,0,0,0,0.038980,0.999483,0,0,0.123264,7.282847,1,1,3,12,21,24,0,0,6172544,17.716628,1.072638,1882,2891
R16,4,khkw-R16-s4-32b,26ef6f0,cache,khkw,loas,16,resnet19_T4_n5,layer_16_layer3_0_conv2,4,16384,8,512,64,524288,16,16384,1024,32,8,4,1,khkw_split,-1,16,20,32,12,1,next_burst,4,0,1,2,0,24,8,1,1,1,non_inclusive,lru,316328,123756,192572,1908432,1980096,0.963808,0,576,0.000000,77696,2486272,0,0,1836856,0,0,1198892,19296,27132,3082176,3055044,4061612,1006568,0.247825,1979072,6096,71088,0,1654360,247528,0,0,0,0.038980,0.999483,0,0,0.123264,6.948899,1,2,3,16,23,26,0,0,6172544,19.513113,1.091360,1882,2891
R16,4,khkw-R16-s4-64b,26ef6f0,cache,khkw,loas,16,resnet19_T4_n5,layer_16_layer3_0_conv2,4,16384,8,256,32,524288,16,8192,512,64,16,4,1,khkw_split,-1,16,20,32,12,1,none,0,0,1,2,0,24,1,1,1,1,non_inclusive,lru,187648,123756,63892,1941184,1980096,0.980348,0,38912,0.000000,38912,2490368,0,0,0,0,0,0,1016992,6304,1023296,1016992,1016992,0,0.000000,0,0,0,0,0,0,0,0,0,0.000000,0.999483,0,0,0.123264,0.471638,1,1,1,8,15,16,0,0,4076992,21.726808,0.597692,1882,2891
R16,4,khkw-R16-s4-64b,26ef6f0,cache,khkw,loas,16,resnet19_T4_n5,layer_16_layer3_0_conv2,4,16384,8,256,32,524288,16,8192,512,64,16,4,1,khkw_split,-1,16,20,32,12,1,next_burst,1,0,1,2,0,24,1,1,1,1,non_inclusive,lru,306512,123756,182756,1941184,1980096,0.980348,0,576,0.000000,38912,2490368,0,0,1901824,0,0,997696,19296,6304,2925120,2918816,2995488,76672,0.025596,1979072,0,38336,0,1901824,38912,0,0,0,0.019361,0.999483,0,0,0.123264,0.471638,1,1,1,8,15,16,0,0,6056064,19.758000,1.022259,1882,2891
R16,4,khkw-R16-s4-64b,26ef6f0,cache,khkw,loas,16,resnet19_T4_n5,layer_16_layer3_0_conv2,4,16384,8,256,32,524288,16,8192,512,64,16,4,1,khkw_split,-1,16,20,32,12,1,next_burst,2,0,1,2,0,24,1,1,1,1,non_inclusive,lru,301684,123756,177928,1941184,1980096,0.980348,0,576,0.000000,38912,2490368,0,0,1901248,0,0,921024,19296,6304,2847872,2841568,2994912,153344,0.051202,1979072,0,38336,0,1862912,77824,0,0,0,0.019361,0.999483,0,0,0.123264,0.471638,1,1,1,8,15,16,0,0,6056064,20.074197,1.023875,1882,2891
R16,4,khkw-R16-s4-64b,26ef6f0,cache,khkw,loas,16,resnet19_T4_n5,layer_16_layer3_0_conv2,4,16384,8,256,32,524288,16,8192,512,64,16,4,1,khkw_split,-1,16,20,32,12,1,next_burst,4,0,1,2,0,24,1,1,1,1,non_inclusive,lru,291676,123756,167920,1941224,1980096,0.980369,0,576,0.000000,38912,2490368,0,0,1900176,0,0,760248,19296,8024,2687744,2679720,2995896,316176,0.105536,1979072,40,38296,0,1785912,154824,0,0,0,0.019361,0.999483,0,0,0.123264,0.471153,1,1,2,9,15,24,0,0,6056064,20.762984,1.021817,1882,2891
R16,4,khkw-R16-s4-64b,26ef6f0,cache,khkw,loas,16,resnet19_T4_n5,layer_16_layer3_0_conv2,4,16384,8,256,32,524288,16,8192,512,64,16,4,1,khkw_split,-1,16,20,32,12,1,none,0,0,1,2,0,24,2,1,1,1,non_inclusive,lru,187648,123756,63892,1941184,1980096,0.980348,0,38912,0.000000,38912,2490368,0,0,0,0,0,0,1016992,6304,1023296,1016992,1016992,0,0.000000,0,0,0,0,0,0,0,0,0,0.000000,0.999483,0,0,0.123264,0.943275,1,1,1,8,15,16,0,0,4076992,21.726808,0.598796,1882,2891
R16,4,khkw-R16-s4-64b,26ef6f0,cache,khkw,loas,16,resnet19_T4_n5,layer_16_layer3_0_conv2,4,16384,8,256,32,524288,16,8192,512,64,16,4,1,khkw_split,-1,16,20,32,12,1,next_burst,1,0,1,2,0,24,2,1,1,1,non_inclusive,lru,306512,123756,182756,1941184,1980096,0.980348,0,576,0.000000,38912,2490368,0,0,1901824,0,0,997696,19296,6304,2925120,2918816,2995488,76672,0.025596,1979072,0,38336,0,1901824,38912,0,0,0,0.019361,0.999483,0,0,0.123264,0.943275,1,1,1,8,15,16,0,0,6056064,19.758000,1.024112,1882,2891
R16,4,khkw-R16-s4-64b,26ef6f0,cache,khkw,loas,16,resnet19_T4_n5,layer_16_layer3_0_conv2,4,16384,8,256,32,524288,16,8192,512,64,16,4,1,khkw_split,-1,16,20,32,12,1,next_burst,2,0,1,2,0,24,2,1,1,1,non_inclusive,lru,301684,123756,177928,1941184,1980096,0.980348,0,576,0.000000,38912,2490368,0,0,1901248,0,0,921024,19296,6304,2847872,2841568,2994912,153344,0.051202,1979072,0,38336,0,1862912,77824,0,0,0,0.019361,0.999483,0,0,0.123264,0.943275,1,1,1,8,15,16,0,0,6056064,20.074197,1.026728,1882,2891
R16,4,khkw-R16-s4-64b,26ef6f0,cache,khkw,loas,16,resnet19_T4_n5,layer_16_layer3_0_conv2,4,16384,8,256,32,524288,16,8192,512,64,16,4,1,khkw_split,-1,16,20,32,12,1,next_burst,4,0,1,2,0,24,2,1,1,1,non_inclusive,lru,291676,123756,167920,1941224,1980096,0.980369,0,576,0.000000,38912,2490368,0,0,1900176,0,0,760248,19296,8024,2687744,2679720,2995896,316176,0.105536,1979072,40,38296,0,1785912,154824,0,0,0,0.019361,0.999483,0,0,0.123264,0.942306,1,1,2,9,15,24,0,0,6056064,20.762984,1.054245,1882,2891
R16,4,khkw-R16-s4-64b,26ef6f0,cache,khkw,loas,16,resnet19_T4_n5,layer_16_layer3_0_conv2,4,16384,8,256,32,524288,16,8192,512,64,16,4,1,khkw_split,-1,16,20,32,12,1,none,0,0,1,2,0,24,4,1,1,1,non_inclusive,lru,187648,123756,63892,1941184,1980096,0.980348,0,38912,0.000000,38912,2490368,0,0,0,0,0,0,1016992,6304,1023296,1016992,1016992,0,0.000000,0,0,0,0,0,0,0,0,0,0.000000,0.999483,0,0,0.123264,1.886551,1,1,1,8,15,16,0,0,4076992,21.726808,0.598272,1882,2891
R16,4,khkw-R16-s4-64b,26ef6f0,cache,khkw,loas,16,resnet19_T4_n5,layer_16_layer3_0_conv2,4,16384,8,256,32,524288,16,8192,512,64,16,4,1,khkw_split,-1,16,20,32,12,1,next_burst,1,0,1,2,0,24,4,1,1,1,non_inclusive,lru,306512,123756,182756,1941184,1980096,0.980348,0,576,0.000000,38912,2490368,0,0,1901824,0,0,997696,19296,6304,2925120,2918816,2995488,76672,0.025596,1979072,0,38336,0,1901824,38912,0,0,0,0.019361,0.999483,0,0,0.123264,1.886551,1,1,1,8,15,16,0,0,6056064,19.758000,1.029604,1882,2891
R16,4,khkw-R16-s4-64b,26ef6f0,cache,khkw,loas,16,resnet19_T4_n5,layer_16_layer3_0_conv2,4,16384,8,256,32,524288,16,8192,512,64,16,4,1,khkw_split,-1,16,20,32,12,1,next_burst,2,0,1,2,0,24,4,1,1,1,non_inclusive,lru,301684,123756,177928,1941184,1980096,0.980348,0,576,0.000000,38912,2490368,0,0,1901248,0,0,921024,19296,6304,2847872,2841568,2994912,153344,0.051202,1979072,0,38336,0,1862912,77824,0,0,0,0.019361,0.999483,0,0,0.123264,1.886551,1,1,1,8,15,16,0,0,6056064,20.074197,1.029584,1882,2891
R16,4,khkw-R16-s4-64b,26ef6f0,cache,khkw,loas,16,resnet19_T4_n5,layer_16_layer3_0_conv2,4,16384,8,256,32,524288,16,8192,512,64,16,4,1,khkw_split,-1,16,20,32,12,1,next_burst,4,0,1,2,0,24,4,1,1,1,non_inclusive,lru,291676,123756,167920,1941224,1980096,0.980369,0,576,0.000000,38912,2490368,0,0,1900176,0,0,760248,19296,8024,2687744,2679720,2995896,316176,0.105536,1979072,40,38296,0,1785912,154824,0,0,0,0.019361,0.999483,0,0,0.123264,1.884612,1,1,2,9,15,24,0,0,6056064,20.762984,1.027732,1882,2891
R16,4,khkw-R16-s4-64b,26ef6f0,cache,khkw,loas,16,resnet19_T4_n5,layer_16_layer3_0_conv2,4,16384,8,256,32,524288,16,8192,512,64,16,4,1,khkw_split,-1,16,20,32,12,1,none,0,0,1,2,0,24,8,1,1,1,non_inclusive,lru,187648,123756,63892,1941184,1980096,0.980348,0,38912,0.000000,38912,2490368,0,0,0,0,0,0,1016992,6304,1023296,1016992,1016992,0,0.000000,0,0,0,0,0,0,0,0,0,0.000000,0.999483,0,0,0.123264,3.773102,1,1,1,8,15,16,0,0,4076992,21.726808,0.598927,1882,2891
R16,4,khkw-R16-s4-64b,26ef6f0,cache,khkw,loas,16,resnet19_T4_n5,layer_16_layer3_0_conv2,4,16384,8,256,32,524288,16,8192,512,64,16,4,1,khkw_split,-1,16,20,32,12,1,next_burst,1,0,1,2,0,24,8,1,1,1,non_inclusive,lru,306512,123756,182756,1941184,1980096,0.980348,0,576,0.000000,38912,2490368,0,0,1901824,0,0,997696,19296,6304,2925120,2918816,2995488,76672,0.025596,1979072,0,38336,0,1901824,38912,0,0,0,0.019361,0.999483,0,0,0.123264,3.773102,1,1,1,8,15,16,0,0,6056064,19.758000,1.021601,1882,2891
R16,4,khkw-R16-s4-64b,26ef6f0,cache,khkw,loas,16,resnet19_T4_n5,layer_16_layer3_0_conv2,4,16384,8,256,32,524288,16,8192,512,64,16,4,1,khkw_split,-1,16,20,32,12,1,next_burst,2,0,1,2,0,24,8,1,1,1,non_inclusive,lru,301684,123756,177928,1941184,1980096,0.980348,0,576,0.000000,38912,2490368,0,0,1901248,0,0,921024,19296,6304,2847872,2841568,2994912,153344,0.051202,1979072,0,38336,0,1862912,77824,0,0,0,0.019361,0.999483,0,0,0.123264,3.773102,1,1,1,8,15,16,0,0,6056064,20.074197,1.028013,1882,2891
R16,4,khkw-R16-s4-64b,26ef6f0,cache,khkw,loas,16,resnet19_T4_n5,layer_16_layer3_0_conv2,4,16384,8,256,32,524288,16,8192,512,64,16,4,1,khkw_split,-1,16,20,32,12,1,next_burst,4,0,1,2,0,24,8,1,1,1,non_inclusive,lru,291676,123756,167920,1941224,1980096,0.980369,0,576,0.000000,38912,2490368,0,0,1900176,0,0,760248,19296,8024,2687744,2679720,2995896,316176,0.105536,1979072,40,38296,0,1785912,154824,0,0,0,0.019361,0.999483,0,0,0.123264,3.769223,1,1,2,9,15,24,0,0,6056064,20.762984,1.022751,1882,2891
R9,0,khkw-R9-s0-16b,26ef6f0,cache,khkw,loas,16,resnet19_T4_n5,layer_09_layer2_0_conv2,0,16384,8,1024,128,524288,16,32768,2048,16,4,4,1,khkw_split,-1,16,20,32,12,1,none,0,0,1,2,0,24,1,1,1,1,non_inclusive,lru,116906,86384,30522,1363712,1382144,0.986664,0,18432,0.000000,18432,294912,0,0,0,0,0,0,483792,6608,490400,483792,483792,0,0.000000,0,0,0,0,0,0,0,0,0,0.000000,0.998518,0,0,0.000434,0.320059,1,1,1,12,15,16,0,0,2819712,24.119481,0.423104,737,902
R9,0,khkw-R9-s0-16b,26ef6f0,cache,khkw,loas,16,resnet19_T4_n5,layer_09_layer2_0_conv2,0,16384,8,1024,128,524288,16,32768,2048,16,4,4,1,khkw_split,-1,16,20,32,12,1,next_burst,1,0,1,2,0,24,1,1,1,1,non_inclusive,lru,194318,86384,107934,1365784,1382144,0.988163,0,128,0.000000,18432,294912,0,0,1351784,0,0,363944,4288,8976,1728992,1720016,1889790,169774,0.089837,1380096,2072,16232,0,1357338,4454,0,0,0,0.013243,0.998518,0,0,0.000434,0.284080,1,2,2,18,24,24,0,0,4199808,21.613067,0.707234,737,902
R9,0,khkw-R9-s0-16b,26ef6f0,cache,khkw,loas,16,resnet19_T4_n5,layer_09_layer2_0_conv2,0,16384,8,1024,128,524288,16,32768,2048,16,4,4,1,khkw_split,-1,16,20,32,12,1,next_burst,2,0,1,2,0,24,1,1,1,1,non_inclusive,lru,191638,86384,105254,1365570,1382144,0.988008,0,128,0.000000,18432,294912,0,0,1352768,0,0,319960,4288,9096,1686112,1677016,1973852,296836,0.150384,1380096,1858,16446,0,1355018,6774,0,0,0,0.013243,0.998518,0,0,0.000434,0.287796,1,3,3,23,24,24,0,0,4199808,21.915320,0.718636,737,902
R9,0,khkw-R9-s0-16b,26ef6f0,cache,khkw,loas,16,resnet19_T4_n5,layer_09_layer2_0_conv2,0,16384,8,1024,128,524288,16,32768,2048,16,4,4,1,khkw_split,-1,16,20,32,12,1,next_burst,4,0,1,2,0,24,1,1,1,1,non_inclusive,lru,189066,86384,102682,1365372,1382144,0.987865,0,128,0.000000,18432,294912,0,0,1352646,0,0,278454,4288,9572,1644960,1635388,2214184,578796,0.261404,1380096,1660,16644,0,1354816,6976,0,0,0,0.013243,0.998518,0,0,0.000434,0.291234,2,4,5,23,24,24,0,0,4199808,22.213449,0.715106,737,902
R9,0,khkw-R9-s0-16b,26ef6f0,cache,khkw,loas,16,resnet19_T4_n5,layer_09_layer2_0_conv2,0,16384,8,1024,128,524288,16,32768,2048,16,4,4,1,khkw_split,-1,16,20,32,12,1,none,0,0,1,2,0,24,2,1,1,1,non_inclusive,lru,116906,86384,30522,1363712,1382144,0.986664,0,18432,0.000000,18432,294912,0,0,0,0,0,0,483792,6608,490400,483792,483792,0,0.000000,0,0,0,0,0,0,0,0,0,0.000000,0.998518,0,0,0.000434,0.640119,1,1,1,12,15,16,0,0,2819712,24.119481,0.422241,737,902
R9,0,khkw-R9-s0-16b,26ef6f0,cache,khkw,loas,16,resnet19_T4_n5,layer_09_layer2_0_conv2,0,16384,8,1024,128,524288,16,32768,2048,16,4,4,1,khkw_split,-1,16,20,32,12,1,next_burst,1,0,1,2,0,24,2,1,1,1,non_inclusive,lru,194318,86384,107934,1365786,1382144,0.988165,0,128,0.000000,18432,294912,0,0,1351786,0,0,363942,4288,8976,1728992,1720016,1889792,169776,0.089838,1380096,2074,16230,0,1357340,4452,0,0,0,0.013243,0.998518,0,0,0.000434,0.568091,1,2,2,18,24,27,0,0,4199808,21.613067,0.710699,737,902
R9,0,khkw-R9-s0-16b,26ef6f0,cache,khkw,loas,16,resnet19_T4_n5,layer_09_layer2_0_conv2,0,16384,8,1024,128,524288,16,32768,2048,16,4,4,1,khkw_split,-1,16,20,32,12,1,next_burst,2,0,1,2,0,24,2,1,1,1,non_inclusive,lru,191632,86384,105248,1365542,1382144,0.987988,0,128,0.000000,18432,294912,0,0,1352742,0,0,320104,4288,8882,1686016,1677134,1974190,297056,0.150470,1380096,1830,16474,0,1355014,6778,0,0,0,0.013243,0.998518,0,0,0.000434,0.576565,1,3,3,23,25,28,0,0,4199808,21.916006,0.713324,737,902
R9,0,khkw-R9-s0-16b,26ef6f0,cache,khkw,loas,16,resnet19_T4_n5,layer_09_layer2_0_conv2,0,16384,8,1024,128,524288,16,32768,2048,16,4,4,1,khkw_split,-1,16,20,32,12,1,next_burst,4,0,1,2,0,24,2,1,1,1,non_inclusive,lru,189056,86384,102672,1365218,1382144,0.987754,0,128,0.000000,18432,294912,0,0,1352502,0,0,278174,4288,9836,1644800,1634964,2212272,577308,0.260957,1380096,1506,16798,0,1354880,6912,0,0,0,0.013243,0.998518,0,0,0.000434,0.587817,2,4,5,23,26,32,7,0,4200046,22.215883,0.721048,737,902
R9,0,khkw-R9-s0-16b,26ef6f0,cache,khkw,loas,16,resnet19_T4_n5,layer_09_layer2_0_conv2,0,16384,8,1024,128,524288,16,32768,2048,16,4,4,1,khkw_split,-1,16,20,32,12,1,none,0,0,1,2,0,24,4,1,1,1,non_inclusive,lru,116906,86384,30522,1363712,1382144,0.986664,0,18432,0.000000,18432,294912,0,0,0,0,0,0,483792,6608,490400,483792,483792,0,0.000000,0,0,0,0,0,0,0,0,0,0.000000,0.998518,0,0,0.000434,1.280237,1,1,1,12,15,16,0,0,2819712,24.119481,0.424110,737,902
R9,0,khkw-R9-s0-16b,26ef6f0,cache,khkw,loas,16,resnet19_T4_n5,layer_09_layer2_0_conv2,0,16384,8,1024,128,524288,16,32768,2048,16,4,4,1,khkw_split,-1,16,20,32,12,1,next_burst,1,0,1,2,0,24,4,1,1,1,non_inclusive,lru,194320,86384,107936,1365792,1382144,0.988169,0,128,0.000000,18432,294912,0,0,1351790,0,0,363980,4288,8966,1729024,1720058,1889864,169806,0.089851,1380096,2080,16224,0,1357332,4460,0,0,0,0.013243,0.998518,0,0,0.000434,1.135766,1,2,2,18,24,28,0,0,4199808,21.612845,0.705958,737,902
R9,0,khkw-R9-s0-16b,26ef6f0,cache,khkw,loas,16,resnet19_T4_n5,layer_09_layer2_0_conv2,0,16384,8,1024,128,524288,16,32768,2048,16,4,4,1,khkw_split,-1,16,20,32,12,1,next_burst,2,0,1,2,0,24,4,1,1,1,non_inclusive,lru,191650,86384,105266,1365354,1382144,0.987852,0,128,0.000000,18432,294912,0,0,1352508,0,0,320198,4288,9310,1686304,1676994,1973470,296476,0.150231,1380096,1642,16662,0,1355020,6772,0,0,0,0.013243,0.998518,0,0,0.000434,1.166188,1,3,3,23,25,32,9,0,4199884,21.914344,0.714547,737,902
R9,0,khkw-R9-s0-16b,26ef6f0,cache,khkw,loas,16,resnet19_T4_n5,layer_09_layer2_0_conv2,0,16384,8,1024,128,524288,16,32768,2048,16,4,4,1,khkw_split,-1,16,20,32,12,1,next_burst,4,0,1,2,0,24,4,1,1,1,non_inclusive,lru,189446,86384,103062,1365218,1382144,0.987754,0,128,0.000000,18432,294912,0,0,1352418,0,0,284276,4288,10058,1651040,1640982,2235402,594420,0.265912,1380096,1506,16798,0,1354904,6888,0,0,0,0.013243,0.998518,0,0,0.000434,1.175634,2,4,5,23,25,32,25,0,4200636,22.173263,0.755194,737,902
R9,0,khkw-R9-s0-16b,26ef6f0,cache,khkw,loas,16,resnet19_T4_n5,layer_09_layer2_0_conv2,0,16384,8,1024,128,524288,16,32768,2048,16,4,4,1,khkw_split,-1,16,20,32,12,1,none,0,0,1,2,0,24,8,1,1,1,non_inclusive,lru,116906,86384,30522,1363712,1382144,0.986664,0,18432,0.000000,18432,294912,0,0,0,0,0,0,483792,6608,490400,483792,483792,0,0.000000,0,0,0,0,0,0,0,0,0,0.000000,0.998518,0,0,0.000434,2.560474,1,1,1,12,15,16,0,0,2819712,24.119481,0.436141,737,902
R9,0,khkw-R9-s0-16b,26ef6f0,cache,khkw,loas,16,resnet19_T4_n5,layer_09_layer2_0_conv2,0,16384,8,1024,128,524288,16,32768,2048,16,4,4,1,khkw_split,-1,16,20,32,12,1,next_burst,1,0,1,2,0,24,8,1,1,1,non_inclusive,lru,194320,86384,107936,1365792,1382144,0.988169,0,128,0.000000,18432,294912,0,0,1351790,0,0,363980,4288,8966,1729024,1720058,1889864,169806,0.089851,1380096,2080,16224,0,1357332,4460,0,0,0,0.013243,0.998518,0,0,0.000434,2.271532,1,2,2,18,24,28,0,0,4199808,21.612845,0.707008,737,902
R9,0,khkw-R9-s0-16b,26ef6f0,cache,khkw,loas,16,resnet19_T4_n5,layer_09_layer2_0_conv2,0,16384,8,1024,128,524288,16,32768,2048,16,4,4,1,khkw_split,-1,16,20,32,12,1,next_burst,2,0,1,2,0,24,8,1,1,1,non_inclusive,lru,191650,86384,105266,1365354,1382144,0.987852,0,128,0.000000,18432,294912,0,0,1352508,0,0,320198,4288,9310,1686304,1676994,1973470,296476,0.150231,1380096,1642,16662,0,1355020,6772,0,0,0,0.013243,0.998518,0,0,0.000434,2.332376,1,3,3,23,25,32,9,0,4199884,21.914344,0.712027,737,902
R9,0,khkw-R9-s0-16b,26ef6f0,cache,khkw,loas,16,resnet19_T4_n5,layer_09_layer2_0_conv2,0,16384,8,1024,128,524288,16,32768,2048,16,4,4,1,khkw_split,-1,16,20,32,12,1,next_burst,4,0,1,2,0,24,8,1,1,1,non_inclusive,lru,189446,86384,103062,1365218,1382144,0.987754,0,128,0.000000,18432,294912,0,0,1352418,0,0,284276,4288,10058,1651040,1640982,2235402,594420,0.265912,1380096,1506,16798,0,1354904,6888,0,0,0,0.013243,0.998518,0,0,0.000434,2.351269,2,4,5,23,25,32,25,0,4200636,22.173263,0.715956,737,902
R9,0,khkw-R9-s0-32b,26ef6f0,cache,khkw,loas,16,resnet19_T4_n5,layer_09_layer2_0_conv2,0,16384,8,512,64,524288,16,16384,1024,32,8,4,1,khkw_split,-1,16,20,32,12,1,none,0,0,1,2,0,24,1,1,1,1,non_inclusive,lru,101630,86384,15246,1372928,1382144,0.993332,0,9216,0.000000,9216,294912,0,0,0,0,0,0,241776,4208,245984,241776,241776,0,0.000000,0,0,0,0,0,0,0,0,0,0.000000,0.998518,0,0,0.000434,0.160030,1,1,1,12,15,16,0,0,2792064,27.472833,0.406722,737,902
R9,0,khkw-R9-s0-32b,26ef6f0,cache,khkw,loas,16,resnet19_T4_n5,layer_09_layer2_0_conv2,0,16384,8,512,64,524288,16,16384,1024,32,8,4,1,khkw_split,-1,16,20,32,12,1,next_burst,1,0,1,2,0,24,1,1,1,1,non_inclusive,lru,184596,86384,98212,1373816,1382144,0.993975,0,128,0.000000,9216,294912,0,0,1364494,0,0,198406,4288,6252,1573440,1567188,1626948,59760,0.036731,1380096,888,8200,0,1365818,5190,0,0,0,0.006575,0.998518,0,0,0.000434,0.144610,1,2,2,14,24,24,0,0,4172160,22.601573,0.671779,737,902
R9,0,khkw-R9-s0-32b,26ef6f0,cache,khkw,loas,16,resnet19_T4_n5,layer_09_layer2_0_conv2,0,16384,8,512,64,524288,16,16384,1024,32,8,4,1,khkw_split,-1,16,20,32,12,1,next_burst,2,0,1,2,0,24,1,1,1,1,non_inclusive,lru,181880,86384,95496,1374404,1382144,0.994400,0,128,0.000000,9216,294912,0,0,1365880,0,0,153578,4288,6238,1529984,1523746,1643818,120072,0.073045,1380096,1476,7612,0,1362976,8032,0,0,0,0.006575,0.998518,0,0,0.000434,0.134400,1,2,3,23,24,24,0,0,4172160,22.939081,0.678400,737,902
R9,0,khkw-R9-s0-32b,26ef6f0,cache,khkw,loas,16,resnet19_T4_n5,layer_09_layer2_0_conv2,0,16384,8,512,64,524288,16,16384,1024,32,8,4,1,khkw_split,-1,16,20,32,12,1,next_burst,4,0,1,2,0,24,1,1,1,1,non_inclusive,lru,180236,86384,93852,1374110,1382144,0.994187,0,128,0.000000,9216,294912,0,0,1365508,0,0,128158,4288,5726,1503680,1497954,1739840,241886,0.139028,1380096,1182,7906,0,1361760,9248,0,0,0,0.006575,0.998518,0,0,0.000434,0.139505,2,3,4,23,24,24,0,0,4172160,23.148317,0.679988,737,902
R9,0,khkw-R9-s0-32b,26ef6f0,cache,khkw,loas,16,resnet19_T4_n5,layer_09_layer2_0_conv2,0,16384,8,512,64,524288,16,16384,1024,32,8,4,1,khkw_split,-1,16,20,32,12,1,none,0,0,1,2,0,24,2,1,1,1,non_inclusive,lru,101630,86384,15246,1372928,1382144,0.993332,0,9216,0.000000,9216,294912,0,0,0,0,0,0,241776,4208,245984,241776,241776,0,0.000000,0,0,0,0,0,0,0,0,0,0.000000,0.998518,0,0,0.000434,0.320059,1,1,1,12,15,16,0,0,2792064,27.472833,0.406240,737,902
R9,0,khkw-R9-s0-32b,26ef6f0,cache,khkw,loas,16,resnet19_T4_n5,layer_09_layer2_0_conv2,0,16384,8,512,64,524288,16,16384,1024,32,8,4,1,khkw_split,-1,16,20,32,12,1,next_burst,1,0,1,2,0,24,2,1,1,1,non_inclusive,lru,184596,86384,98212,1373816,1382144,0.993975,0,128,0.000000,9216,294912,0,0,1364494,0,0,198406,4288,6252,1573440,1567188,1626948,59760,0.036731,1380096,888,8200,0,1365818,5190,0,0,0,0.006575,0.998518,0,0,0.000434,0.289220,1,2,2,14,24,24,0,0,4172160,22.601573,0.672257,737,902
R9,0,khkw-R9-s0-32b,26ef6f0,cache,khkw,loas,16,resnet19_T4_n5,layer_09_layer2_0_conv2,0,16384,8,512,64,524288,16,16384,1024,32,8,4,1,khkw_split,-1,16,20,32,12,1,next_burst,2,0,1,2,0,24,2,1,1,1,non_inclusive,lru,181886,86384,95502,1374422,1382144,0.994413,0,128,0.000000,9216,294912,0,0,1365912,0,0,153590,4288,6290,1530080,1523790,1643876,120086,0.073051,1380096,1494,7594,0,1362978,8030,0,0,0,0.006575,0.998518,0,0,0.000434,0.268175,1,2,3,23,24,26,0,0,4172160,22.938324,0.680950,737,902
R9,0,khkw-R9-s0-32b,26ef6f0,cache,khkw,loas,16,resnet19_T4_n5,layer_09_layer2_0_conv2,0,16384,8,512,64,524288,16,16384,1024,32,8,4,1,khkw_split,-1,16,20,32,12,1,next_burst,4,0,1,2,0,24,2,1,1,1,non_inclusive,lru,180238,86384,93854,1374106,1382144,0.994184,0,128,0.000000,9216,294912,0,0,1365490,0,0,128176,4288,5758,1503712,1497954,1739802,241848,0.139009,1380096,1178,7910,0,1361766,9242,0,0,0,0.006575,0.998518,0,0,0.000434,0.279149,2,3,4,23,24,29,0,0,4172160,23.148060,0.683470,737,902
R9,0,khkw-R9-s0-32b,26ef6f0,cache,khkw,loas,16,resnet19_T4_n5,layer_09_layer2_0_conv2,0,16384,8,512,64,524288,16,16384,1024,32,8,4,1,khkw_split,-1,16,20,32,12,1,none,0,0,1,2,0,24,4,1,1,1,non_inclusive,lru,101630,86384,15246,1372928,1382144,0.993332,0,9216,0.000000,9216,294912,0,0,0,0,0,0,241776,4208,245984,241776,241776,0,0.000000,0,0,0,0,0,0,0,0,0,0.000000,0.998518,0,0,0.000434,0.640119,1,1,1,12,15,16,0,0,2792064,27.472833,0.406509,737,902
R9,0,khkw-R9-s0-32b,26ef6f0,cache,khkw,loas,16,resnet19_T4_n5,layer_09_layer2_0_conv2,0,16384,8,512,64,524288,16,16384,1024,32,8,4,1,khkw_split,-1,16,20,32,12,1,next_burst,1,0,1,2,0,24,4,1,1,1,non_inclusive,lru,184596,86384,98212,1373816,1382144,0.993975,0,128,0.000000,9216,294912,0,0,1364494,0,0,198406,4288,6252,1573440,1567188,1626948,59760,0.036731,1380096,888,8200,0,1365818,5190,0,0,0,0.006575,0.998518,0,0,0.000434,0.578440,1,2,2,14,24,24,0,0,4172160,22.601573,0.672855,737,902
R9,0,khkw-R9-s0-32b,26ef6f0,cache,khkw,loas,16,resnet19_T4_n5,layer_09_layer2_0_conv2,0,16384,8,512,64,524288,16,16384,1024,32,8,4,1,khkw_split,-1,16,20,32,12,1,next_burst,2,0,1,2,0,24,4,1,1,1,non_inclusive,lru,181886,86384,95502,1374422,1382144,0.994413,0,128,0.000000,9216,294912,0,0,1365912,0,0,153590,4288,6290,1530080,1523790,1643882,120092,0.073054,1380096,1494,7594,0,1362980,8028,0,0,0,0.006575,0.998518,0,0,0.000434,0.536349,1,2,3,23,24,26,0,0,4172160,22.938324,0.679584,737,902
R9,0,khkw-R9-s0-32b,26ef6f0,cache,khkw,loas,16,resnet19_T4_n5,layer_09_layer2_0_conv2,0,16384,8,512,64,524288,16,16384,1024,32,8,4,1,khkw_split,-1,16,20,32,12,1,next_burst,4,0,1,2,0,24,4,1,1,1,non_inclusive,lru,180234,86384,93850,1374098,1382144,0.994179,0,128,0.000000,9216,294912,0,0,1365466,0,0,128150,4288,5744,1503648,1497904,1739646,241742,0.138960,1380096,1170,7918,0,1361770,9238,0,0,0,0.006575,0.998518,0,0,0.000434,0.558853,2,3,4,23,27,29,0,0,4172160,23.148574,0.680983,737,902
R9,0,khkw-R9-s0-32b,26ef6f0,cache,khkw,loas,16,resnet19_T4_n5,layer_09_layer2_0_conv2,0,16384,8,512,64,524288,16,16384,1024,32,8,4,1,khkw_split,-1,16,20,32,12,1,none,0,0,1,2,0,24,8,1,1,1,non_inclusive,lru,101630,86384,15246,1372928,1382144,0.993332,0,9216,0.000000,9216,294912,0,0,0,0,0,0,241776,4208,245984,241776,241776,0,0.000000,0,0,0,0,0,0,0,0,0,0.000000,0.998518,0,0,0.000434,1.280237,1,1,1,12,15,16,0,0,2792064,27.472833,0.406243,737,902
R9,0,khkw-R9-s0-32b,26ef6f0,cache,khkw,loas,16,resnet19_T4_n5,layer_09_layer2_0_conv2,0,16384,8,512,64,524288,16,16384,1024,32,8,4,1,khkw_split,-1,16,20,32,12,1,next_burst,1,0,1,2,0,24,8,1,1,1,non_inclusive,lru,184596,86384,98212,1373816,1382144,0.993975,0,128,0.000000,9216,294912,0,0,1364494,0,0,198406,4288,6252,1573440,1567188,1626948,59760,0.036731,1380096,888,8200,0,1365818,5190,0,0,0,0.006575,0.998518,0,0,0.000434,1.156881,1,2,2,14,24,24,0,0,4172160,22.601573,0.672527,737,902
R9,0,khkw-R9-s0-32b,26ef6f0,cache,khkw,loas,16,resnet19_T4_n5,layer_09_layer2_0_conv2,0,16384,8,512,64,524288,16,16384,1024,32,8,4,1,khkw_split,-1,16,20,32,12,1,next_burst,2,0,1,2,0,24,8,1,1,1,non_inclusive,lru,181886,86384,95502,1374422,1382144,0.994413,0,128,0.000000,9216,294912,0,0,1365912,0,0,153590,4288,6290,1530080,1523790,1643882,120092,0.073054,1380096,1494,7594,0,1362980,8028,0,0,0,0.006575,0.998518,0,0,0.000434,1.072699,1,2,3,23,24,26,0,0,4172160,22.938324,0.677731,737,902
R9,0,khkw-R9-s0-32b,26ef6f0,cache,khkw,loas,16,resnet19_T4_n5,layer_09_layer2_0_conv2,0,16384,8,512,64,524288,16,16384,1024,32,8,4,1,khkw_split,-1,16,20,32,12,1,next_burst,4,0,1,2,0,24,8,1,1,1,non_inclusive,lru,180234,86384,93850,1374098,1382144,0.994179,0,128,0.000000,9216,294912,0,0,1365466,0,0,128150,4288,5744,1503648,1497904,1739646,241742,0.138960,1380096,1170,7918,0,1361770,9238,0,0,0,0.006575,0.998518,0,0,0.000434,1.117707,2,3,4,23,27,29,0,0,4172160,23.148574,0.681464,737,902
R9,0,khkw-R9-s0-64b,26ef6f0,cache,khkw,loas,16,resnet19_T4_n5,layer_09_layer2_0_conv2,0,16384,8,256,32,524288,16,8192,512,64,16,4,1,khkw_split,-1,16,20,32,12,1,none,0,0,1,2,0,24,1,1,1,1,non_inclusive,lru,93992,86384,7608,1377536,1382144,0.996666,0,4608,0.000000,4608,294912,0,0,0,0,0,0,120768,3008,123776,120768,120768,0,0.000000,0,0,0,0,0,0,0,0,0,0.000000,0.998518,0,0,0.000434,0.080015,1,1,1,11,15,16,0,0,2778240,29.558260,0.398802,737,902
R9,0,khkw-R9-s0-64b,26ef6f0,cache,khkw,loas,16,resnet19_T4_n5,layer_09_layer2_0_conv2,0,16384,8,256,32,524288,16,8192,512,64,16,4,1,khkw_split,-1,16,20,32,12,1,next_burst,1,0,1,2,0,24,1,1,1,1,non_inclusive,lru,179430,86384,93046,1377656,1382144,0.996753,0,128,0.000000,4608,294912,0,0,1371416,0,0,110348,4288,4732,1490784,1486052,1502174,16122,0.010732,1380096,120,4360,0,1371534,4082,0,0,0,0.003241,0.998518,0,0,0.000434,0.077931,1,1,2,12,21,24,0,0,4158336,23.175255,0.674834,737,902
R9,0,khkw-R9-s0-64b,26ef6f0,cache,khkw,loas,16,resnet19_T4_n5,layer_09_layer2_0_conv2,0,16384,8,256,32,524288,16,8192,512,64,16,4,1,khkw_split,-1,16,20,32,12,1,next_burst,2,0,1,2,0,24,1,1,1,1,non_inclusive,lru,177780,86384,91396,1378104,1382144,0.997077,0,128,0.000000,4608,294912,0,0,1372144,0,0,83638,4288,4314,1464384,1460070,1503730,43660,0.029034,1380096,568,3912,0,1368934,6682,0,0,0,0.003241,0.998518,0,0,0.000434,0.070152,1,2,2,15,23,24,0,0,4158336,23.390348,0.669230,737,902
R9,0,khkw-R9-s0-64b,26ef6f0,cache,khkw,loas,16,resnet19_T4_n5,layer_09_layer2_0_conv2,0,16384,8,256,32,524288,16,8192,512,64,16,4,1,khkw_split,-1,16,20,32,12,1,next_burst,4,0,1,2,0,24,1,1,1,1,non_inclusive,lru,176106,86384,89722,1377936,1382144,0.996955,0,128,0.000000,4608,294912,0,0,1371718,0,0,57230,4288,4364,1437600,1433236,1512008,78772,0.052098,1380096,400,4080,0,1365106,10510,0,0,0,0.003241,0.998518,0,0,0.000434,0.073069,1,2,3,23,24,24,0,0,4158336,23.612688,0.669724,737,902
R9,0,khkw-R9-s0-64b,26ef6f0,cache,khkw,loas,16,resnet19_T4_n5,layer_09_layer2_0_conv2,0,16384,8,256,32,524288,16,8192,512,64,16,4,1,khkw_split,-1,16,20,32,12,1,none,0,0,1,2,0,24,2,1,1,1,non_inclusive,lru,93992,86384,7608,1377536,1382144,0.996666,0,4608,0.000000,4608,294912,0,0,0,0,0,0,120768,3008,123776,120768,120768,0,0.000000,0,0,0,0,0,0,0,0,0,0.000000,0.998518,0,0,0.000434,0.160030,1,1,1,11,15,16,0,0,2778240,29.558260,0.399790,737,902
R9,0,khkw-R9-s0-64b,26ef6f0,cache,khkw,loas,16,resnet19_T4_n5,layer_09_layer2_0_conv2,0,16384,8,256,32,524288,16,8192,512,64,16,4,1,khkw_split,-1,16,20,32,12,1,next_burst,1,0,1,2,0,24,2,1,1,1,non_inclusive,lru,179430,86384,93046,1377656,1382144,0.996753,0,128,0.000000,4608,294912,0,0,1371416,0,0,110348,4288,4732,1490784,1486052,1502174,16122,0.010732,1380096,120,4360,0,1371534,4082,0,0,0,0.003241,0.998518,0,0,0.000434,0.155862,1,1,2,12,21,24,0,0,4158336,23.175255,0.661203,737,902
R9,0,khkw-R9-s0-64b,26ef6f0,cache,khkw,loas,16,resnet19_T4_n5,layer_09_layer2_0_conv2,0,16384,8,256,32,524288,16,8192,512,64,16,4,1,khkw_split,-1,16,20,32,12,1,next_burst,2,0,1,2,0,24,2,1,1,1,non_inclusive,lru,177780,86384,91396,1378104,1382144,0.997077,0,128,0.000000,4608,294912,0,0,1372144,0,0,83638,4288,4314,1464384,1460070,1503730,43660,0.029034,1380096,568,3912,0,1368934,6682,0,0,0,0.003241,0.998518,0,0,0.000434,0.140304,1,2,2,15,23,24,0,0,4158336,23.390348,0.667639,737,902
R9,0,khkw-R9-s0-64b,26ef6f0,cache,khkw,loas,16,resnet19_T4_n5,layer_09_layer2_0_conv2,0,16384,8,256,32,524288,16,8192,512,64,16,4,1,khkw_split,-1,16,20,32,12,1,next_burst,4,0,1,2,0,24,2,1,1,1,non_inclusive,lru,176106,86384,89722,1377936,1382144,0.996955,0,128,0.000000,4608,294912,0,0,1371718,0,0,57230,4288,4364,1437600,1433236,1512008,78772,0.052098,1380096,400,4080,0,1365106,10510,0,0,0,0.003241,0.998518,0,0,0.000434,0.146138,1,2,3,23,24,25,0,0,4158336,23.612688,0.670604,737,902
R9,0,khkw-R9-s0-64b,26ef6f0,cache,khkw,loas,16,resnet19_T4_n5,layer_09_layer2_0_conv2,0,16384,8,256,32,524288,16,8192,512,64,16,4,1,khkw_split,-1,16,20,32,12,1,none,0,0,1,2,0,24,4,1,1,1,non_inclusive,lru,93992,86384,7608,1377536,1382144,0.996666,0,4608,0.000000,4608,294912,0,0,0,0,0,0,120768,3008,123776,120768,120768,0,0.000000,0,0,0,0,0,0,0,0,0,0.000000,0.998518,0,0,0.000434,0.320059,1,1,1,11,15,16,0,0,2778240,29.558260,0.409450,737,902
R9,0,khkw-R9-s0-64b,26ef6f0,cache,khkw,loas,16,resnet19_T4_n5,layer_09_layer2_0_conv2,0,16384,8,256,32,524288,16,8192,512,64,16,4,1,khkw_split,-1,16,20,32,12,1,next_burst,1,0,1,2,0,24,4,1,1,1,non_inclusive,lru,179430,86384,93046,1377656,1382144,0.996753,0,128,0.000000,4608,294912,0,0,1371416,0,0,110348,4288,4732,1490784,1486052,1502174,16122,0.010732,1380096,120,4360,0,1371534,4082,0,0,0,0.003241,0.998518,0,0,0.000434,0.311724,1,1,2,12,21,24,0,0,4158336,23.175255,0.665644,737,902
R9,0,khkw-R9-s0-64b,26ef6f0,cache,khkw,loas,16,resnet19_T4_n5,layer_09_layer2_0_conv2,0,16384,8,256,32,524288,16,8192,512,64,16,4,1,khkw_split,-1,16,20,32,12,1,next_burst,2,0,1,2,0,24,4,1,1,1,non_inclusive,lru,177780,86384,91396,1378104,1382144,0.997077,0,128,0.000000,4608,294912,0,0,1372144,0,0,83638,4288,4314,1464384,1460070,1503730,43660,0.029034,1380096,568,3912,0,1368934,6682,0,0,0,0.003241,0.998518,0,0,0.000434,0.280608,1,2,2,15,23,24,0,0,4158336,23.390348,0.668805,737,902
R9,0,khkw-R9-s0-64b,26ef6f0,cache,khkw,loas,16,resnet19_T4_n5,layer_09_layer2_0_conv2,0,16384,8,256,32,524288,16,8192,512,64,16,4,1,khkw_split,-1,16,20,32,12,1,next_burst,4,0,1,2,0,24,4,1,1,1,non_inclusive,lru,176106,86384,89722,1377936,1382144,0.996955,0,128,0.000000,4608,294912,0,0,1371718,0,0,57230,4288,4364,1437600,1433236,1512008,78772,0.052098,1380096,400,4080,0,1365106,10510,0,0,0,0.003241,0.998518,0,0,0.000434,0.292276,1,2,3,23,24,25,0,0,4158336,23.612688,0.672359,737,902
R9,0,khkw-R9-s0-64b,26ef6f0,cache,khkw,loas,16,resnet19_T4_n5,layer_09_layer2_0_conv2,0,16384,8,256,32,524288,16,8192,512,64,16,4,1,khkw_split,-1,16,20,32,12,1,none,0,0,1,2,0,24,8,1,1,1,non_inclusive,lru,93992,86384,7608,1377536,1382144,0.996666,0,4608,0.000000,4608,294912,0,0,0,0,0,0,120768,3008,123776,120768,120768,0,0.000000,0,0,0,0,0,0,0,0,0,0.000000,0.998518,0,0,0.000434,0.640119,1,1,1,11,15,16,0,0,2778240,29.558260,0.398183,737,902
R9,0,khkw-R9-s0-64b,26ef6f0,cache,khkw,loas,16,resnet19_T4_n5,layer_09_layer2_0_conv2,0,16384,8,256,32,524288,16,8192,512,64,16,4,1,khkw_split,-1,16,20,32,12,1,next_burst,1,0,1,2,0,24,8,1,1,1,non_inclusive,lru,179430,86384,93046,1377656,1382144,0.996753,0,128,0.000000,4608,294912,0,0,1371416,0,0,110348,4288,4732,1490784,1486052,1502174,16122,0.010732,1380096,120,4360,0,1371534,4082,0,0,0,0.003241,0.998518,0,0,0.000434,0.623449,1,1,2,12,21,24,0,0,4158336,23.175255,0.666111,737,902
R9,0,khkw-R9-s0-64b,26ef6f0,cache,khkw,loas,16,resnet19_T4_n5,layer_09_layer2_0_conv2,0,16384,8,256,32,524288,16,8192,512,64,16,4,1,khkw_split,-1,16,20,32,12,1,next_burst,2,0,1,2,0,24,8,1,1,1,non_inclusive,lru,177780,86384,91396,1378104,1382144,0.997077,0,128,0.000000,4608,294912,0,0,1372144,0,0,83638,4288,4314,1464384,1460070,1503730,43660,0.029034,1380096,568,3912,0,1368934,6682,0,0,0,0.003241,0.998518,0,0,0.000434,0.561215,1,2,2,15,23,24,0,0,4158336,23.390348,0.670971,737,902
R9,0,khkw-R9-s0-64b,26ef6f0,cache,khkw,loas,16,resnet19_T4_n5,layer_09_layer2_0_conv2,0,16384,8,256,32,524288,16,8192,512,64,16,4,1,khkw_split,-1,16,20,32,12,1,next_burst,4,0,1,2,0,24,8,1,1,1,non_inclusive,lru,176106,86384,89722,1377936,1382144,0.996955,0,128,0.000000,4608,294912,0,0,1371718,0,0,57230,4288,4364,1437600,1433236,1512008,78772,0.052098,1380096,400,4080,0,1365106,10510,0,0,0,0.003241,0.998518,0,0,0.000434,0.584553,1,2,3,23,24,25,0,0,4158336,23.612688,0.673331,737,902
R9,1,khkw-R9-s1-16b,26ef6f0,cache,khkw,loas,16,resnet19_T4_n5,layer_09_layer2_0_conv2,1,16384,8,1024,128,524288,16,32768,2048,16,4,4,1,khkw_split,-1,16,20,32,12,1,none,0,0,1,2,0,24,1,1,1,1,non_inclusive,lru,97402,66910,30492,1052128,1070560,0.982783,0,18432,0.000000,18432,294912,0,0,0,0,0,0,483552,6368,489920,483552,483552,0,0.000000,0,0,0,0,0,0,0,0,0,0.000000,0.998087,0,0,0.062934,0.413212,1,1,1,12,15,16,0,0,2196544,22.551323,0.338172,542,768
R9,1,khkw-R9-s1-16b,26ef6f0,cache,khkw,loas,16,resnet19_T4_n5,layer_09_layer2_0_conv2,1,16384,8,1024,128,524288,16,32768,2048,16,4,4,1,khkw_split,-1,16,20,32,12,1,next_burst,1,0,1,2,0,24,1,1,1,1,non_inclusive,lru,155560,66910,88650,1054962,1070560,0.985430,0,128,0.000000,18432,294912,0,0,1040856,0,0,367112,4288,8192,1420448,1412256,1586616,174360,0.109894,1068512,2834,15470,0,1047264,2944,0,0,0,0.017098,0.998087,0,0,0.062934,0.349679,1,2,2,19,24,24,0,0,3265056,20.989046,0.543290,542,768
R9,1,khkw-R9-s1-16b,26ef6f0,cache,khkw,loas,16,resnet19_T4_n5,layer_09_layer2_0_conv2,1,16384,8,1024,128,524288,16,32768,2048,16,4,4,1,khkw_split,-1,16,20,32,12,1,next_burst,2,0,1,2,0,24,1,1,1,1,non_inclusive,lru,153400,66910,86490,1053106,1070560,0.983696,0,128,0.000000,18432,294912,0,0,1040886,0,0,332186,4288,8528,1385888,1377360,1687952,310592,0.184005,1068512,978,17326,0,1045892,4316,0,0,0,0.017098,0.998087,0,0,0.062934,0.391287,1,3,3,23,24,24,0,0,3265056,21.284589,0.551390,542,768
R9,1,khkw-R9-s1-16b,26ef6f0,cache,khkw,loas,16,resnet19_T4_n5,layer_09_layer2_0_conv2,1,16384,8,1024,128,524288,16,32768,2048,16,4,4,1,khkw_split,-1,16,20,32,12,1,next_burst,4,0,1,2,0,24,1,1,1,1,non_inclusive,lru,151188,66910,84278,1052700,1070560,0.983317,0,128,0.000000,18432,294912,0,0,1040296,0,0,296672,4288,9240,1350496,1341256,1952488,611232,0.313053,1068512,572,17732,0,1045888,4320,0,0,0,0.017098,0.998087,0,0,0.062934,0.400389,2,5,5,23,24,24,0,0,3265056,21.596000,0.550536,542,768
R9,1,khkw-R9-s1-16b,26ef6f0,cache,khkw,loas,16,resnet19_T4_n5,layer_09_layer2_0_conv2,1,16384,8,1024,128,524288,16,32768,2048,16,4,4,1,khkw_split,-1,16,20,32,12,1,none,0,0,1,2,0,24,2,1,1,1,non_inclusive,lru,97402,66910,30492,1052128,1070560,0.982783,0,18432,0.000000,18432,294912,0,0,0,0,0,0,483552,6368,489920,483552,483552,0,0.000000,0,0,0,0,0,0,0,0,0,0.000000,0.998087,0,0,0.062934,0.826424,1,1,1,12,15,16,0,0,2196544,22.551323,0.337164,542,768
R9,1,khkw-R9-s1-16b,26ef6f0,cache,khkw,loas,16,resnet19_T4_n5,layer_09_layer2_0_conv2,1,16384,8,1024,128,524288,16,32768,2048,16,4,4,1,khkw_split,-1,16,20,32,12,1,next_burst,1,0,1,2,0,24,2,1,1,1,non_inclusive,lru,155556,66910,88646,1054860,1070560,0.985335,0,128,0.000000,18432,294912,0,0,1040870,0,0,366864,4288,8362,1420384,1412022,1586176,174154,0.109795,1068512,2732,15572,0,1047248,2960,0,0,0,0.017098,0.998087,0,0,0.062934,0.703931,1,2,2,19,24,26,0,0,3265056,20.989586,0.546329,542,768
R9,1,khkw-R9-s1-16b,26ef6f0,cache,khkw,loas,16,resnet19_T4_n5,layer_09_layer2_0_conv2,1,16384,8,1024,128,524288,16,32768,2048,16,4,4,1,khkw_split,-1,16,20,32,12,1,next_burst,2,0,1,2,0,24,2,1,1,1,non_inclusive,lru,153410,66910,86500,1052948,1070560,0.983549,0,128,0.000000,18432,294912,0,0,1040660,0,0,332258,4288,8842,1386048,1377206,1687018,309812,0.183645,1068512,820,17484,0,1045904,4304,0,0,0,0.017098,0.998087,0,0,0.062934,0.789658,1,3,3,23,25,32,4,0,3265164,21.283906,0.549986,542,768
R9,1,khkw-R9-s1-16b,26ef6f0,cache,khkw,loas,16,resnet19_T4_n5,layer_09_layer2_0_conv2,1,16384,8,1024,128,524288,16,32768,2048,16,4,4,1,khkw_split,-1,16,20,32,12,1,next_burst,4,0,1,2,0,24,2,1,1,1,non_inclusive,lru,151252,66910,84342,1052858,1070560,0.983465,0,128,0.000000,18432,294912,0,0,1040456,0,0,297450,4288,9326,1351520,1342194,1957292,615098,0.314260,1068512,730,17574,0,1045888,4320,0,0,0,0.017098,0.998087,0,0,0.062934,0.793693,2,5,5,23,27,32,19,0,3265386,21.589043,0.552585,542,768
R9,1,khkw-R9-s1-16b,26ef6f0,cache,khkw,loas,16,resnet19_T4_n5,layer_09_layer2_0_conv2,1,16384,8,1024,128,524288,16,32768,2048,16,4,4,1,khkw_split,-1,16,20,32,12,1,none,0,0,1,2,0,24,4,1,1,1,non_inclusive,lru,97402,66910,30492,1052128,1070560,0.982783,0,18432,0.000000,18432,294912,0,0,0,0,0,0,483552,6368,489920,483552,483552,0,0.000000,0,0,0,0,0,0,0,0,0,0.000000,0.998087,0,0,0.062934,1.652847,1,1,1,12,15,16,0,0,2196544,22.551323,0.335190,542,768
R9,1,khkw-R9-s1-16b,26ef6f0,cache,khkw,loas,16,resnet19_T4_n5,layer_09_layer2_0_conv2,1,16384,8,1024,128,524288,16,32768,2048,16,4,4,1,khkw_split,-1,16,20,32,12,1,next_burst,1,0,1,2,0,24,4,1,1,1,non_inclusive,lru,155556,66910,88646,1054848,1070560,0.985324,0,128,0.000000,18432,294912,0,0,1040866,0,0,366866,4288,8364,1420384,1412020,1586150,174130,0.109782,1068512,2720,15584,0,1047252,2956,0,0,0,0.017098,0.998087,0,0,0.062934,1.408937,1,2,2,19,24,27,0,0,3265056,20.989586,0.547233,542,768
R9,1,khkw-R9-s1-16b,26ef6f0,cache,khkw,loas,16,resnet19_T4_n5,layer_09_layer2_0_conv2,1,16384,8,1024,128,524288,16,32768,2048,16,4,4,1,khkw_split,-1,16,20,32,12,1,next_burst,2,0,1,2,0,24,4,1,1,1,non_inclusive,lru,153406,66910,86496,1052950,1070560,0.983551,0,128,0.000000,18432,294912,0,0,1040666,0,0,332208,4288,8822,1385984,1377162,1686888,309726,0.183608,1068512,822,17482,0,1045902,4306,0,0,0,0.017098,0.998087,0,0,0.062934,1.579136,1,3,3,23,26,32,4,0,3265164,21.284461,0.548611,542,768
R9,1,khkw-R9-s1-16b,26ef6f0,cache,khkw,loas,16,resnet19_T4_n5,layer_09_layer2_0_conv2,1,16384,8,1024,128,524288,16,32768,2048,16,4,4,1,khkw_split,-1,16,20,32,12,1,next_burst,4,0,1,2,0,24,4,1,1,1,non_inclusive,lru,151818,66910,84908,1052906,1070560,0.983510,0,128,0.000000,18432,294912,0,0,1040416,0,0,305852,4288,10020,1360576,1350556,1989886,639330,0.321290,1068512,778,17526,0,1045892,4316,0,0,0,0.017098,0.998087,0,0,0.062934,1.583082,2,5,5,23,25,32,23,0,3266204,21.513944,0.552147,542,768
R9,1,khkw-R9-s1-16b,26ef6f0,cache,khkw,loas,16,resnet19_T4_n5,layer_09_layer2_0_conv2,1,16384,8,1024,128,524288,16,32768,2048,16,4,4,1,khkw_split,-1,16,20,32,12,1,none,0,0,1,2,0,24,8,1,1,1,non_inclusive,lru,97402,66910,30492,1052128,1070560,0.982783,0,18432,0.000000,18432,294912,0,0,0,0,0,0,483552,6368,489920,483552,483552,0,0.000000,0,0,0,0,0,0,0,0,0,0.000000,0.998087,0,0,0.062934,3.305694,1,1,1,12,15,16,0,0,2196544,22.551323,0.330501,542,768
R9,1,khkw-R9-s1-16b,26ef6f0,cache,khkw,loas,16,resnet19_T4_n5,layer_09_layer2_0_conv2,1,16384,8,1024,128,524288,16,32768,2048,16,4,4,1,khkw_split,-1,16,20,32,12,1,next_burst,1,0,1,2,0,24,8,1,1,1,non_inclusive,lru,155556,66910,88646,1054848,1070560,0.985324,0,128,0.000000,18432,294912,0,0,1040866,0,0,366866,4288,8364,1420384,1412020,1586150,174130,0.109782,1068512,2720,15584,0,1047252,2956,0,0,0,0.017098,0.998087,0,0,0.062934,2.817875,1,2,2,19,24,27,0,0,3265056,20.989586,0.547495,542,768
R9,1,khkw-R9-s1-16b,26ef6f0,cache,khkw,loas,16,resnet19_T4_n5,layer_09_layer2_0_conv2,1,16384,8,1024,128,524288,16,32768,2048,16,4,4,1,khkw_split,-1,16,20,32,12,1,next_burst,2,0,1,2,0,24,8,1,1,1,non_inclusive,lru,153406,66910,86496,1052950,1070560,0.983551,0,128,0.000000,18432,294912,0,0,1040666,0,0,332208,4288,8822,1385984,1377162,1686888,309726,0.183608,1068512,822,17482,0,1045902,4306,0,0,0,0.017098,0.998087,0,0,0.062934,3.158272,1,3,3,23,26,32,4,0,3265164,21.284461,0.547545,542,768
R9,1,khkw-R9-s1-16b,26ef6f0,cache,khkw,loas,16,resnet19_T4_n5,layer_09_layer2_0_conv2,1,16384,8,1024,128,524288,16,32768,2048,16,4,4,1,khkw_split,-1,16,20,32,12,1,next_burst,4,0,1,2,0,24,8,1,1,1,non_inclusive,lru,151818,66910,84908,1052906,1070560,0.983510,0,128,0.000000,18432,294912,0,0,1040416,0,0,305852,4288,10020,1360576,1350556,1989886,639330,0.321290,1068512,778,17526,0,1045892,4316,0,0,0,0.017098,0.998087,0,0,0.062934,3.166164,2,5,5,23,25,32,23,0,3266204,21.513944,0.551441,542,768
R9,1,khkw-R9-s1-32b,26ef6f0,cache,khkw,loas,16,resnet19_T4_n5,layer_09_layer2_0_conv2,1,16384,8,512,64,524288,16,16384,1024,32,8,4,1,khkw_split,-1,16,20,32,12,1,none,0,0,1,2,0,24,1,1,1,1,non_inclusive,lru,82216,66910,15306,1061344,1070560,0.991391,0,9216,0.000000,9216,294912,0,0,0,0,0,0,242256,4688,246944,242256,242256,0,0.000000,0,0,0,0,0,0,0,0,0,0.000000,0.998087,0,0,0.062934,0.206606,1,1,1,12,15,16,0,0,2168896,26.380461,0.319035,542,768
R9,1,khkw-R9-s1-32b,26ef6f0,cache,khkw,loas,16,resnet19_T4_n5,layer_09_layer2_0_conv2,1,16384,8,512,64,524288,16,16384,1024,32,8,4,1,khkw_split,-1,16,20,32,12,1,next_burst,1,0,1,2,0,24,1,1,1,1,non_inclusive,lru,145132,66910,78222,1062388,1070560,0.992367,0,128,0.000000,9216,294912,0,0,1053806,0,0,189256,4288,6250,1253600,1247350,1318384,71034,0.053880,1068512,1044,8044,0,1055518,3906,0,0,0,0.008489,0.998087,0,0,0.062934,0.183201,1,2,2,16,24,24,0,0,3237408,22.306645,0.527868,542,768
R9,1,khkw-R9-s1-32b,26ef6f0,cache,khkw,loas,16,resnet19_T4_n5,layer_09_layer2_0_conv2,1,16384,8,512,64,524288,16,16384,1024,32,8,4,1,khkw_split,-1,16,20,32,12,1,next_burst,2,0,1,2,0,24,1,1,1,1,non_inclusive,lru,143012,66910,76102,1062454,1070560,0.992428,0,128,0.000000,9216,294912,0,0,1054802,0,0,154406,4288,6184,1219680,1213496,1354050,140554,0.103803,1068512,1110,7978,0,1053582,5842,0,0,0,0.008489,0.998087,0,0,0.062934,0.181722,1,3,3,23,24,24,0,0,3237408,22.637317,0.532715,542,768
R9,1,khkw-R9-s1-32b,26ef6f0,cache,khkw,loas,16,resnet19_T4_n5,layer_09_layer2_0_conv2,1,16384,8,512,64,524288,16,16384,1024,32,8,4,1,khkw_split,-1,16,20,32,12,1,next_burst,4,0,1,2,0,24,1,1,1,1,non_inclusive,lru,141894,66910,74984,1062050,1070560,0.992051,0,128,0.000000,9216,294912,0,0,1054080,0,0,137478,4288,5946,1201792,1195846,1466572,270726,0.184598,1068512,706,8382,0,1052970,6454,0,0,0,0.008489,0.998087,0,0,0.062934,0.190779,2,4,5,23,24,24,0,0,3237408,22.815679,0.532294,542,768
R9,1,khkw-R9-s1-32b,26ef6f0,cache,khkw,loas,16,resnet19_T4_n5,layer_09_layer2_0_conv2,1,16384,8,512,64,524288,16,16384,1024,32,8,4,1,khkw_split,-1,16,20,32,12,1,none,0,0,1,2,0,24,2,1,1,1,non_inclusive,lru,82216,66910,15306,1061344,1070560,0.991391,0,9216,0.000000,9216,294912,0,0,0,0,0,0,242256,4688,246944,242256,242256,0,0.000000,0,0,0,0,0,0,0,0,0,0.000000,0.998087,0,0,0.062934,0.413212,1,1,1,12,15,16,0,0,2168896,26.380461,0.317561,542,768
R9,1,khkw-R9-s1-32b,26ef6f0,cache,khkw,loas,16,resnet19_T4_n5,layer_09_layer2_0_conv2,1,16384,8,512,64,524288,16,16384,1024,32,8,4,1,khkw_split,-1,16,20,32,12,1,next_burst,1,0,1,2,0,24,2,1,1,1,non_inclusive,lru,145132,66910,78222,1062388,1070560,0.992367,0,128,0.000000,9216,294912,0,0,1053806,0,0,189256,4288,6250,1253600,1247350,1318384,71034,0.053880,1068512,1044,8044,0,1055518,3906,0,0,0,0.008489,0.998087,0,0,0.062934,0.366403,1,2,2,16,24,24,0,0,3237408,22.306645,0.529671,542,768
R9,1,khkw-R9-s1-32b,26ef6f0,cache,khkw,loas,16,resnet19_T4_n5,layer_09_layer2_0_conv2,1,16384,8,512,64,524288,16,16384,1024,32,8,4,1,khkw_split,-1,16,20,32,12,1,next_burst,2,0,1,2,0,24,2,1,1,1,non_inclusive,lru,143012,66910,76102,1062454,1070560,0.992428,0,128,0.000000,9216,294912,0,0,1054802,0,0,154406,4288,6184,1219680,1213496,1354050,140554,0.103803,1068512,1110,7978,0,1053582,5842,0,0,0,0.008489,0.998087,0,0,0.062934,0.363443,1,3,3,23,24,24,0,0,3237408,22.637317,0.534029,542,768
R9,1,khkw-R9-s1-32b,26ef6f0,cache,khkw,loas,16,resnet19_T4_n5,layer_09_layer2_0_conv2,1,16384,8,512,64,524288,16,16384,1024,32,8,4,1,khkw_split,-1,16,20,32,12,1,next_burst,4,0,1,2,0,24,2,1,1,1,non_inclusive,lru,141894,66910,74984,1062030,1070560,0.992032,0,128,0.000000,9216,294912,0,0,1054052,0,0,137486,4288,5966,1201792,1195826,1466544,270718,0.184596,1068512,686,8402,0,1052972,6452,0,0,0,0.008489,0.998087,0,0,0.062934,0.382454,2,4,5,24,25,27,0,0,3237408,22.815679,0.535368,542,768
R9,1,khkw-R9-s1-32b,26ef6f0,cache,khkw,loas,16,resnet19_T4_n5,layer_09_layer2_0_conv2,1,16384,8,512,64,524288,16,16384,1024,32,8,4,1,khkw_split,-1,16,20,32,12,1,none,0,0,1,2,0,24,4,1,1,1,non_inclusive,lru,82216,66910,15306,1061344,1070560,0.991391,0,9216,0.000000,9216,294912,0,0,0,0,0,0,242256,4688,246944,242256,242256,0,0.000000,0,0,0,0,0,0,0,0,0,0.000000,0.998087,0,0,0.062934,0.826424,1,1,1,12,15,16,0,0,2168896,26.380461,0.320378,542,768
R9,1,khkw-R9-s1-32b,26ef6f0,cache,khkw,loas,16,resnet19_T4_n5,layer_09_layer2_0_conv2,1,16384,8,512,64,524288,16,16384,1024,32,8,4,1,khkw_split,-1,16,20,32,12,1,next_burst,1,0,1,2,0,24,4,1,1,1,non_inclusive,lru,145132,66910,78222,1062388,1070560,0.992367,0,128,0.000000,9216,294912,0,0,1053806,0,0,189256,4288,6250,1253600,1247350,1318384,71034,0.053880,1068512,1044,8044,0,1055518,3906,0,0,0,0.008489,0.998087,0,0,0.062934,0.732805,1,2,2,16,24,24,0,0,3237408,22.306645,0.527892,542,768
R9,1,khkw-R9-s1-32b,26ef6f0,cache,khkw,loas,16,resnet19_T4_n5,layer_09_layer2_0_conv2,1,16384,8,512,64,524288,16,16384,1024,32,8,4,1,khkw_split,-1,16,20,32,12,1,next_burst,2,0,1,2,0,24,4,1,1,1,non_inclusive,lru,143012,66910,76102,1062454,1070560,0.992428,0,128,0.000000,9216,294912,0,0,1054802,0,0,154406,4288,6184,1219680,1213496,1354050,140554,0.103803,1068512,1110,7978,0,1053582,5842,0,0,0,0.008489,0.998087,0,0,0.062934,0.726887,1,3,3,23,24,25,0,0,3237408,22.637317,0.532129,542,768
R9,1,khkw-R9-s1-32b,26ef6f0,cache,khkw,loas,16,resnet19_T4_n5,layer_09_layer2_0_conv2,1,16384,8,512,64,524288,16,16384,1024,32,8,4,1,khkw_split,-1,16,20,32,12,1,next_burst,4,0,1,2,0,24,4,1,1,1,non_inclusive,lru,141892,66910,74982,1062076,1070560,0.992075,0,128,0.000000,9216,294912,0,0,1054134,0,0,137350,4288,5988,1201760,1195772,1466392,270620,0.184548,1068512,732,8356,0,1052982,6442,0,0,0,0.008489,0.998087,0,0,0.062934,0.760783,2,4,5,24,26,32,6,0,3237476,22.816480,0.533279,542,768
R9,1,khkw-R9-s1-32b,26ef6f0,cache,khkw,loas,16,resnet19_T4_n5,layer_09_layer2_0_conv2,1,16384,8,512,64,524288,16,16384,1024,32,8,4,1,khkw_split,-1,16,20,32,12,1,none,0,0,1,2,0,24,8,1,1,1,non_inclusive,lru,82216,66910,15306,1061344,1070560,0.991391,0,9216,0.000000,9216,294912,0,0,0,0,0,0,242256,4688,246944,242256,242256,0,0.000000,0,0,0,0,0,0,0,0,0,0.000000,0.998087,0,0,0.062934,1.652847,1,1,1,12,15,16,0,0,2168896,26.380461,0.320535,542,768
R9,1,khkw-R9-s1-32b,26ef6f0,cache,khkw,loas,16,resnet19_T4_n5,layer_09_layer2_0_conv2,1,16384,8,512,64,524288,16,16384,1024,32,8,4,1,khkw_split,-1,16,20,32,12,1,next_burst,1,0,1,2,0,24,8,1,1,1,non_inclusive,lru,145132,66910,78222,1062388,1070560,0.992367,0,128,0.000000,9216,294912,0,0,1053806,0,0,189256,4288,6250,1253600,1247350,1318384,71034,0.053880,1068512,1044,8044,0,1055518,3906,0,0,0,0.008489,0.998087,0,0,0.062934,1.465611,1,2,2,16,24,24,0,0,3237408,22.306645,0.527939,542,768
R9,1,khkw-R9-s1-32b,26ef6f0,cache,khkw,loas,16,resnet19_T4_n5,layer_09_layer2_0_conv2,1,16384,8,512,64,524288,16,16384,1024,32,8,4,1,khkw_split,-1,16,20,32,12,1,next_burst,2,0,1,2,0,24,8,1,1,1,non_inclusive,lru,143012,66910,76102,1062454,1070560,0.992428,0,128,0.000000,9216,294912,0,0,1054802,0,0,154406,4288,6184,1219680,1213496,1354050,140554,0.103803,1068512,1110,7978,0,1053582,5842,0,0,0,0.008489,0.998087,0,0,0.062934,1.453774,1,3,3,23,24,25,0,0,3237408,22.637317,0.541180,542,768
R9,1,khkw-R9-s1-32b,26ef6f0,cache,khkw,loas,16,resnet19_T4_n5,layer_09_layer2_0_conv2,1,16384,8,512,64,524288,16,16384,1024,32,8,4,1,khkw_split,-1,16,20,32,12,1,next_burst,4,0,1,2,0,24,8,1,1,1,non_inclusive,lru,141892,66910,74982,1062076,1070560,0.992075,0,128,0.000000,9216,294912,0,0,1054134,0,0,137350,4288,5988,1201760,1195772,1466392,270620,0.184548,1068512,732,8356,0,1052982,6442,0,0,0,0.008489,0.998087,0,0,0.062934,1.521566,2,4,5,24,26,32,6,0,3237476,22.816480,0.531776,542,768
R9,1,khkw-R9-s1-64b,26ef6f0,cache,khkw,loas,16,resnet19_T4_n5,layer_09_layer2_0_conv2,1,16384,8,256,32,524288,16,8192,512,64,16,4,1,khkw_split,-1,16,20,32,12,1,none,0,0,1,2,0,24,1,1,1,1,non_inclusive,lru,74518,66910,7608,1065952,1070560,0.995696,0,4608,0.000000,4608,294912,0,0,0,0,0,0,120768,3008,123776,120768,120768,0,0.000000,0,0,0,0,0,0,0,0,0,0.000000,0.998087,0,0,0.062934,0.103303,1,1,1,11,15,16,0,0,2155072,28.920154,0.311314,542,768
R9,1,khkw-R9-s1-64b,26ef6f0,cache,khkw,loas,16,resnet19_T4_n5,layer_09_layer2_0_conv2,1,16384,8,256,32,524288,16,8192,512,64,16,4,1,khkw_split,-1,16,20,32,12,1,next_burst,1,0,1,2,0,24,1,1,1,1,non_inclusive,lru,140008,66910,73098,1066248,1070560,0.995972,0,128,0.000000,4608,294912,0,0,1060354,0,0,102700,4288,4274,1171616,1167342,1191718,24376,0.020455,1068512,296,4184,0,1060502,3530,0,0,0,0.004185,0.998087,0,0,0.062934,0.096667,1,2,2,13,23,24,0,0,3223584,23.024284,0.527626,542,768
R9,1,khkw-R9-s1-64b,26ef6f0,cache,khkw,loas,16,resnet19_T4_n5,layer_09_layer2_0_conv2,1,16384,8,256,32,524288,16,8192,512,64,16,4,1,khkw_split,-1,16,20,32,12,1,next_burst,2,0,1,2,0,24,1,1,1,1,non_inclusive,lru,138742,66910,71832,1066490,1070560,0.996198,0,128,0.000000,4608,294912,0,0,1060762,0,0,81494,4288,4816,1151360,1146544,1195644,49100,0.041066,1068512,538,3942,0,1057906,6126,0,0,0,0.004185,0.998087,0,0,0.062934,0.091242,1,2,3,18,24,24,0,0,3223584,23.234377,0.527202,542,768
R9,1,khkw-R9-s1-64b,26ef6f0,cache,khkw,loas,16,resnet19_T4_n5,layer_09_layer2_0_conv2,1,16384,8,256,32,524288,16,8192,512,64,16,4,1,khkw_split,-1,16,20,32,12,1,next_burst,4,0,1,2,0,24,1,1,1,1,non_inclusive,lru,137184,66910,70274,1066384,1070560,0.996099,0,128,0.000000,4608,294912,0,0,1060508,0,0,57364,4288,4272,1126432,1122160,1226002,103842,0.084700,1068512,432,4048,0,1055950,8082,0,0,0,0.004185,0.998087,0,0,0.062934,0.093618,2,3,4,23,24,24,0,0,3223584,23.498251,0.531158,542,768
R9,1,khkw-R9-s1-64b,26ef6f0,cache,khkw,loas,16,resnet19_T4_n5,layer_09_layer2_0_conv2,1,16384,8,256,32,524288,16,8192,512,64,16,4,1,khkw_split,-1,16,20,32,12,1,none,0,0,1,2,0,24,2,1,1,1,non_inclusive,lru,74518,66910,7608,1065952,1070560,0.995696,0,4608,0.000000,4608,294912,0,0,0,0,0,0,120768,3008,123776,120768,120768,0,0.000000,0,0,0,0,0,0,0,0,0,0.000000,0.998087,0,0,0.062934,0.206606,1,1,1,11,15,16,0,0,2155072,28.920154,0.313424,542,768
R9,1,khkw-R9-s1-64b,26ef6f0,cache,khkw,loas,16,resnet19_T4_n5,layer_09_layer2_0_conv2,1,16384,8,256,32,524288,16,8192,512,64,16,4,1,khkw_split,-1,16,20,32,12,1,next_burst,1,0,1,2,0,24,2,1,1,1,non_inclusive,lru,140008,66910,73098,1066248,1070560,0.995972,0,128,0.000000,4608,294912,0,0,1060354,0,0,102700,4288,4274,1171616,1167342,1191718,24376,0.020455,1068512,296,4184,0,1060502,3530,0,0,0,0.004185,0.998087,0,0,0.062934,0.193334,1,2,2,13,23,24,0,0,3223584,23.024284,0.518674,542,768
R9,1,khkw-R9-s1-64b,26ef6f0,cache,khkw,loas,16,resnet19_T4_n5,layer_09_layer2_0_conv2,1,16384,8,256,32,524288,16,8192,512,64,16,4,1,khkw_split,-1,16,20,32,12,1,next_burst,2,0,1,2,0,24,2,1,1,1,non_inclusive,lru,138742,66910,71832,1066490,1070560,0.996198,0,128,0.000000,4608,294912,0,0,1060762,0,0,81494,4288,4816,1151360,1146544,1195644,49100,0.041066,1068512,538,3942,0,1057906,6126,0,0,0,0.004185,0.998087,0,0,0.062934,0.182484,1,2,3,18,24,24,0,0,3223584,23.234377,0.521568,542,768
R9,1,khkw-R9-s1-64b,26ef6f0,cache,khkw,loas,16,resnet19_T4_n5,layer_09_layer2_0_conv2,1,16384,8,256,32,524288,16,8192,512,64,16,4,1,khkw_split,-1,16,20,32,12,1,next_burst,4,0,1,2,0,24,2,1,1,1,non_inclusive,lru,137184,66910,70274,1066384,1070560,0.996099,0,128,0.000000,4608,294912,0,0,1060508,0,0,57364,4288,4272,1126432,1122160,1226002,103842,0.084700,1068512,432,4048,0,1055950,8082,0,0,0,0.004185,0.998087,0,0,0.062934,0.187237,2,3,4,23,24,26,0,0,3223584,23.498251,0.525492,542,768
R9,1,khkw-R9-s1-64b,26ef6f0,cache,khkw,loas,16,resnet19_T4_n5,layer_09_layer2_0_conv2,1,16384,8,256,32,524288,16,8192,512,64,16,4,1,khkw_split,-1,16,20,32,12,1,none,0,0,1,2,0,24,4,1,1,1,non_inclusive,lru,74518,66910,7608,1065952,1070560,0.995696,0,4608,0.000000,4608,294912,0,0,0,0,0,0,120768,3008,123776,120768,120768,0,0.000000,0,0,0,0,0,0,0,0,0,0.000000,0.998087,0,0,0.062934,0.413212,1,1,1,11,15,16,0,0,2155072,28.920154,0.309974,542,768
R9,1,khkw-R9-s1-64b,26ef6f0,cache,khkw,loas,16,resnet19_T4_n5,layer_09_layer2_0_conv2,1,16384,8,256,32,524288,16,8192,512,64,16,4,1,khkw_split,-1,16,20,32,12,1,next_burst,1,0,1,2,0,24,4,1,1,1,non_inclusive,lru,140008,66910,73098,1066248,1070560,0.995972,0,128,0.000000,4608,294912,0,0,1060354,0,0,102700,4288,4274,1171616,1167342,1191718,24376,0.020455,1068512,296,4184,0,1060502,3530,0,0,0,0.004185,0.998087,0,0,0.062934,0.386669,1,2,2,13,23,24,0,0,3223584,23.024284,0.518152,542,768
R9,1,khkw-R9-s1-64b,26ef6f0,cache,khkw,loas,16,resnet19_T4_n5,layer_09_layer2_0_conv2,1,16384,8,256,32,524288,16,8192,512,64,16,4,1,khkw_split,-1,16,20,32,12,1,next_burst,2,0,1,2,0,24,4,1,1,1,non_inclusive,lru,138742,66910,71832,1066490,1070560,0.996198,0,128,0.000000,4608,294912,0,0,1060762,0,0,81494,4288,4816,1151360,1146544,1195644,49100,0.041066,1068512,538,3942,0,1057906,6126,0,0,0,0.004185,0.998087,0,0,0.062934,0.364968,1,2,3,18,24,24,0,0,3223584,23.234377,0.523906,542,768
R9,1,khkw-R9-s1-64b,26ef6f0,cache,khkw,loas,16,resnet19_T4_n5,layer_09_layer2_0_conv2,1,16384,8,256,32,524288,16,8192,512,64,16,4,1,khkw_split,-1,16,20,32,12,1,next_burst,4,0,1,2,0,24,4,1,1,1,non_inclusive,lru,137184,66910,70274,1066386,1070560,0.996101,0,128,0.000000,4608,294912,0,0,1060512,0,0,57360,4288,4272,1126432,1122160,1226004,103844,0.084701,1068512,434,4046,0,1055952,8080,0,0,0,0.004185,0.998087,0,0,0.062934,0.374294,2,3,4,23,24,26,0,0,3223584,23.498251,0.524614,542,768
R9,1,khkw-R9-s1-64b,26ef6f0,cache,khkw,loas,16,resnet19_T4_n5,layer_09_layer2_0_conv2,1,16384,8,256,32,524288,16,8192,512,64,16,4,1,khkw_split,-1,16,20,32,12,1,none,0,0,1,2,0,24,8,1,1,1,non_inclusive,lru,74518,66910,7608,1065952,1070560,0.995696,0,4608,0.000000,4608,294912,0,0,0,0,0,0,120768,3008,123776,120768,120768,0,0.000000,0,0,0,0,0,0,0,0,0,0.000000,0.998087,0,0,0.062934,0.826424,1,1,1,11,15,16,0,0,2155072,28.920154,0.310063,542,768
R9,1,khkw-R9-s1-64b,26ef6f0,cache,khkw,loas,16,resnet19_T4_n5,layer_09_layer2_0_conv2,1,16384,8,256,32,524288,16,8192,512,64,16,4,1,khkw_split,-1,16,20,32,12,1,next_burst,1,0,1,2,0,24,8,1,1,1,non_inclusive,lru,140008,66910,73098,1066248,1070560,0.995972,0,128,0.000000,4608,294912,0,0,1060354,0,0,102700,4288,4274,1171616,1167342,1191718,24376,0.020455,1068512,296,4184,0,1060502,3530,0,0,0,0.004185,0.998087,0,0,0.062934,0.773337,1,2,2,13,23,24,0,0,3223584,23.024284,0.518919,542,768
R9,1,khkw-R9-s1-64b,26ef6f0,cache,khkw,loas,16,resnet19_T4_n5,layer_09_layer2_0_conv2,1,16384,8,256,32,524288,16,8192,512,64,16,4,1,khkw_split,-1,16,20,32,12,1,next_burst,2,0,1,2,0,24,8,1,1,1,non_inclusive,lru,138742,66910,71832,1066490,1070560,0.996198,0,128,0.000000,4608,294912,0,0,1060762,0,0,81494,4288,4816,1151360,1146544,1195644,49100,0.041066,1068512,538,3942,0,1057906,6126,0,0,0,0.004185,0.998087,0,0,0.062934,0.729936,1,2,3,18,24,24,0,0,3223584,23.234377,0.523286,542,768
R9,1,khkw-R9-s1-64b,26ef6f0,cache,khkw,loas,16,resnet19_T4_n5,layer_09_layer2_0_conv2,1,16384,8,256,32,524288,16,8192,512,64,16,4,1,khkw_split,-1,16,20,32,12,1,next_burst,4,0,1,2,0,24,8,1,1,1,non_inclusive,lru,137184,66910,70274,1066386,1070560,0.996101,0,128,0.000000,4608,294912,0,0,1060512,0,0,57360,4288,4272,1126432,1122160,1226004,103844,0.084701,1068512,434,4046,0,1055952,8080,0,0,0,0.004185,0.998087,0,0,0.062934,0.748588,2,3,4,23,24,26,0,0,3223584,23.498251,0.523384,542,768
R9,2,khkw-R9-s2-16b,26ef6f0,cache,khkw,loas,16,resnet19_T4_n5,layer_09_layer2_0_conv2,2,16384,8,1024,128,524288,16,32768,2048,16,4,4,1,khkw_split,-1,16,20,32,12,1,none,0,0,1,2,0,24,1,1,1,1,non_inclusive,lru,98970,68358,30612,1075296,1093728,0.983148,0,18432,0.000000,18432,294912,0,0,0,0,0,0,484512,7328,491840,484512,484512,0,0.000000,0,0,0,0,0,0,0,0,0,0.000000,0.998128,0,0,0.111979,0.404459,1,1,1,12,15,16,0,0,2242880,22.662221,0.338195,600,738
R9,2,khkw-R9-s2-16b,26ef6f0,cache,khkw,loas,16,resnet19_T4_n5,layer_09_layer2_0_conv2,2,16384,8,1024,128,524288,16,32768,2048,16,4,4,1,khkw_split,-1,16,20,32,12,1,next_burst,1,0,1,2,0,24,1,1,1,1,non_inclusive,lru,158124,68358,89766,1077200,1093728,0.984888,0,128,0.000000,18432,294912,0,0,1064114,0,0,360284,4288,9618,1438304,1428686,1605154,176468,0.109938,1091680,1904,16400,0,1069942,3434,0,0,0,0.016735,0.998128,0,0,0.111979,0.362679,1,2,2,19,24,24,0,0,3334560,21.088260,0.561414,600,738
R9,2,khkw-R9-s2-16b,26ef6f0,cache,khkw,loas,16,resnet19_T4_n5,layer_09_layer2_0_conv2,2,16384,8,1024,128,524288,16,32768,2048,16,4,4,1,khkw_split,-1,16,20,32,12,1,next_burst,2,0,1,2,0,24,1,1,1,1,non_inclusive,lru,155516,68358,87158,1076546,1093728,0.984290,0,128,0.000000,18432,294912,0,0,1064670,0,0,317780,4288,9838,1396576,1386738,1702072,315334,0.185265,1091680,1250,17054,0,1067868,5508,0,0,0,0.016735,0.998128,0,0,0.111979,0.377030,1,3,3,23,24,24,0,0,3334560,21.441910,0.566082,600,738
R9,2,khkw-R9-s2-16b,26ef6f0,cache,khkw,loas,16,resnet19_T4_n5,layer_09_layer2_0_conv2,2,16384,8,1024,128,524288,16,32768,2048,16,4,4,1,khkw_split,-1,16,20,32,12,1,next_burst,4,0,1,2,0,24,1,1,1,1,non_inclusive,lru,153436,68358,85078,1077342,1093728,0.985018,0,128,0.000000,18432,294912,0,0,1065238,0,0,283958,4288,9812,1363296,1353484,1981604,628120,0.316976,1091680,2046,16258,0,1067616,5760,0,0,0,0.016735,0.998128,0,0,0.111979,0.359563,2,4,5,23,24,24,0,0,3334560,21.732579,0.567010,600,738
R9,2,khkw-R9-s2-16b,26ef6f0,cache,khkw,loas,16,resnet19_T4_n5,layer_09_layer2_0_conv2,2,16384,8,1024,128,524288,16,32768,2048,16,4,4,1,khkw_split,-1,16,20,32,12,1,none,0,0,1,2,0,24,2,1,1,1,non_inclusive,lru,98970,68358,30612,1075296,1093728,0.983148,0,18432,0.000000,18432,294912,0,0,0,0,0,0,484512,7328,491840,484512,484512,0,0.000000,0,0,0,0,0,0,0,0,0,0.000000,0.998128,0,0,0.111979,0.808918,1,1,1,12,15,16,0,0,2242880,22.662221,0.336563,600,738
R9,2,khkw-R9-s2-16b,26ef6f0,cache,khkw,loas,16,resnet19_T4_n5,layer_09_layer2_0_conv2,2,16384,8,1024,128,524288,16,32768,2048,16,4,4,1,khkw_split,-1,16,20,32,12,1,next_burst,1,0,1,2,0,24,2,1,1,1,non_inclusive,lru,158122,68358,89764,1077064,1093728,0.984764,0,128,0.000000,18432,294912,0,0,1064052,0,0,360366,4288,9566,1438272,1428706,1605168,176462,0.109934,1091680,1768,16536,0,1069950,3426,0,0,0,0.016735,0.998128,0,0,0.111979,0.731326,1,2,2,19,24,28,0,0,3334560,21.088527,0.561688,600,738
R9,2,khkw-R9-s2-16b,26ef6f0,cache,khkw,loas,16,resnet19_T4_n5,layer_09_layer2_0_conv2,2,16384,8,1024,128,524288,16,32768,2048,16,4,4,1,khkw_split,-1,16,20,32,12,1,next_burst,2,0,1,2,0,24,2,1,1,1,non_inclusive,lru,155518,68358,87160,1076466,1093728,0.984217,0,128,0.000000,18432,294912,0,0,1064480,0,0,317832,4288,10008,1396608,1386600,1701714,315114,0.185174,1091680,1170,17134,0,1067902,5474,0,0,0,0.016735,0.998128,0,0,0.111979,0.757570,1,3,3,23,26,32,6,0,3334700,21.442534,0.566146,600,738
R9,2,khkw-R9-s2-16b,26ef6f0,cache,khkw,loas,16,resnet19_T4_n5,layer_09_layer2_0_conv2,2,16384,8,1024,128,524288,16,32768,2048,16,4,4,1,khkw_split,-1,16,20,32,12,1,next_burst,4,0,1,2,0,24,2,1,1,1,non_inclusive,lru,156624,68358,88266,1076694,1093728,0.984426,0,128,0.000000,18432,294912,0,0,1064366,0,0,333728,4288,11922,1414304,1402382,2175274,772892,0.355308,1091680,1398,16906,0,1067632,5744,0,0,0,0.016735,0.998128,0,0,0.111979,0.747564,2,4,5,23,24,32,20,0,3338202,21.313477,0.569405,600,738
R9,2,khkw-R9-s2-16b,26ef6f0,cache,khkw,loas,16,resnet19_T4_n5,layer_09_layer2_0_conv2,2,16384,8,1024,128,524288,16,32768,2048,16,4,4,1,khkw_split,-1,16,20,32,12,1,none,0,0,1,2,0,24,4,1,1,1,non_inclusive,lru,98970,68358,30612,1075296,1093728,0.983148,0,18432,0.000000,18432,294912,0,0,0,0,0,0,484512,7328,491840,484512,484512,0,0.000000,0,0,0,0,0,0,0,0,0,0.000000,0.998128,0,0,0.111979,1.617836,1,1,1,12,15,16,0,0,2242880,22.662221,0.338127,600,738
R9,2,khkw-R9-s2-16b,26ef6f0,cache,khkw,loas,16,resnet19_T4_n5,layer_09_layer2_0_conv2,2,16384,8,1024,128,524288,16,32768,2048,16,4,4,1,khkw_split,-1,16,20,32,12,1,next_burst,1,0,1,2,0,24,4,1,1,1,non_inclusive,lru,158122,68358,89764,1077066,1093728,0.984766,0,128,0.000000,18432,294912,0,0,1064054,0,0,360364,4288,9566,1438272,1428706,1605170,176464,0.109935,1091680,1770,16534,0,1069952,3424,0,0,0,0.016735,0.998128,0,0,0.111979,1.462477,1,2,2,19,24,28,0,0,3334560,21.088527,0.559454,600,738
R9,2,khkw-R9-s2-16b,26ef6f0,cache,khkw,loas,16,resnet19_T4_n5,layer_09_layer2_0_conv2,2,16384,8,1024,128,524288,16,32768,2048,16,4,4,1,khkw_split,-1,16,20,32,12,1,next_burst,2,0,1,2,0,24,4,1,1,1,non_inclusive,lru,155512,68358,87154,1076500,1093728,0.984248,0,128,0.000000,18432,294912,0,0,1064522,0,0,317728,4288,9974,1396512,1386538,1701360,314822,0.185041,1091680,1204,17100,0,1067888,5488,0,0,0,0.016735,0.998128,0,0,0.111979,1.512157,1,3,3,23,26,32,6,0,3334700,21.443361,0.569923,600,738
R9,2,khkw-R9-s2-16b,26ef6f0,cache,khkw,loas,16,resnet19_T4_n5,layer_09_layer2_0_conv2,2,16384,8,1024,128,524288,16,32768,2048,16,4,4,1,khkw_split,-1,16,20,32,12,1,next_burst,4,0,1,2,0,24,4,1,1,1,non_inclusive,lru,156468,68358,88110,1076742,1093728,0.984470,0,128,0.000000,18432,294912,0,0,1064454,0,0,330290,4288,12776,1411808,1399032,2160288,761256,0.352386,1091680,1446,16858,0,1067652,5724,0,0,0,0.016735,0.998128,0,0,0.111979,1.490915,2,4,5,23,24,32,24,0,3338420,21.336120,0.567958,600,738
R9,2,khkw-R9-s2-16b,26ef6f0,cache,khkw,loas,16,resnet19_T4_n5,layer_09_layer2_0_conv2,2,16384,8,1024,128,524288,16,32768,2048,16,4,4,1,khkw_split,-1,16,20,32,12,1,none,0,0,1,2,0,24,8,1,1,1,non_inclusive,lru,98970,68358,30612,1075296,1093728,0.983148,0,18432,0.000000,18432,294912,0,0,0,0,0,0,484512,7328,491840,484512,484512,0,0.000000,0,0,0,0,0,0,0,0,0,0.000000,0.998128,0,0,0.111979,3.235671,1,1,1,12,15,16,0,0,2242880,22.662221,0.336368,600,738
R9,2,khkw-R9-s2-16b,26ef6f0,cache,khkw,loas,16,resnet19_T4_n5,layer_09_layer2_0_conv2,2,16384,8,1024,128,524288,16,32768,2048,16,4,4,1,khkw_split,-1,16,20,32,12,1,next_burst,1,0,1,2,0,24,8,1,1,1,non_inclusive,lru,158122,68358,89764,1077066,1093728,0.984766,0,128,0.000000,18432,294912,0,0,1064054,0,0,360364,4288,9566,1438272,1428706,1605170,176464,0.109935,1091680,1770,16534,0,1069952,3424,0,0,0,0.016735,0.998128,0,0,0.111979,2.924954,1,2,2,19,24,28,0,0,3334560,21.088527,0.560804,600,738
R9,2,khkw-R9-s2-16b,26ef6f0,cache,khkw,loas,16,resnet19_T4_n5,layer_09_layer2_0_conv2,2,16384,8,1024,128,524288,16,32768,2048,16,4,4,1,khkw_split,-1,16,20,32,12,1,next_burst,2,0,1,2,0,24,8,1,1,1,non_inclusive,lru,155512,68358,87154,1076500,1093728,0.984248,0,128,0.000000,18432,294912,0,0,1064522,0,0,317728,4288,9974,1396512,1386538,1701360,314822,0.185041,1091680,1204,17100,0,1067888,5488,0,0,0,0.016735,0.998128,0,0,0.111979,3.024313,1,3,3,23,26,32,6,0,3334700,21.443361,0.565014,600,738
R9,2,khkw-R9-s2-16b,26ef6f0,cache,khkw,loas,16,resnet19_T4_n5,layer_09_layer2_0_conv2,2,16384,8,1024,128,524288,16,32768,2048,16,4,4,1,khkw_split,-1,16,20,32,12,1,next_burst,4,0,1,2,0,24,8,1,1,1,non_inclusive,lru,156468,68358,88110,1076742,1093728,0.984470,0,128,0.000000,18432,294912,0,0,1064454,0,0,330290,4288,12776,1411808,1399032,2160288,761256,0.352386,1091680,1446,16858,0,1067652,5724,0,0,0,0.016735,0.998128,0,0,0.111979,2.981831,2,4,5,23,24,32,24,0,3338420,21.336120,0.570348,600,738
R9,2,khkw-R9-s2-32b,26ef6f0,cache,khkw,loas,16,resnet19_T4_n5,layer_09_layer2_0_conv2,2,16384,8,512,64,524288,16,16384,1024,32,8,4,1,khkw_split,-1,16,20,32,12,1,none,0,0,1,2,0,24,1,1,1,1,non_inclusive,lru,83574,68358,15216,1084512,1093728,0.991574,0,9216,0.000000,9216,294912,0,0,0,0,0,0,241536,3968,245504,241536,241536,0,0.000000,0,0,0,0,0,0,0,0,0,0.000000,0.998128,0,0,0.111979,0.202229,1,1,1,12,15,16,0,0,2215232,26.506234,0.323659,600,738
R9,2,khkw-R9-s2-32b,26ef6f0,cache,khkw,loas,16,resnet19_T4_n5,layer_09_layer2_0_conv2,2,16384,8,512,64,524288,16,16384,1024,32,8,4,1,khkw_split,-1,16,20,32,12,1,next_burst,1,0,1,2,0,24,1,1,1,1,non_inclusive,lru,147844,68358,79486,1085664,1093728,0.992627,0,128,0.000000,9216,294912,0,0,1076826,0,0,187254,4288,5456,1273824,1268368,1340244,71876,0.053629,1091680,1152,7936,0,1078086,4506,0,0,0,0.008309,0.998128,0,0,0.111979,0.176951,1,2,2,15,24,24,0,0,3306912,22.367577,0.533450,600,738
R9,2,khkw-R9-s2-32b,26ef6f0,cache,khkw,loas,16,resnet19_T4_n5,layer_09_layer2_0_conv2,2,16384,8,512,64,524288,16,16384,1024,32,8,4,1,khkw_split,-1,16,20,32,12,1,next_burst,2,0,1,2,0,24,1,1,1,1,non_inclusive,lru,145740,68358,77382,1085944,1093728,0.992883,0,128,0.000000,9216,294912,0,0,1077604,0,0,152950,4288,5318,1240160,1234842,1355652,120810,0.089116,1091680,1432,7656,0,1074798,7794,0,0,0,0.008309,0.998128,0,0,0.111979,0.170807,1,2,3,23,24,24,0,0,3306912,22.690490,0.538085,600,738
R9,2,khkw-R9-s2-32b,26ef6f0,cache,khkw,loas,16,resnet19_T4_n5,layer_09_layer2_0_conv2,2,16384,8,512,64,524288,16,16384,1024,32,8,4,1,khkw_split,-1,16,20,32,12,1,next_burst,4,0,1,2,0,24,1,1,1,1,non_inclusive,lru,144190,68358,75832,1085380,1093728,0.992367,0,128,0.000000,9216,294912,0,0,1077006,0,0,128882,4288,5184,1215360,1210176,1464990,254814,0.173936,1091680,868,8220,0,1073052,9540,0,0,0,0.008309,0.998128,0,0,0.111979,0.183183,2,4,4,23,24,24,0,0,3306912,22.934406,0.538484,600,738
R9,2,khkw-R9-s2-32b,26ef6f0,cache,khkw,loas,16,resnet19_T4_n5,layer_09_layer2_0_conv2,2,16384,8,512,64,524288,16,16384,1024,32,8,4,1,khkw_split,-1,16,20,32,12,1,none,0,0,1,2,0,24,2,1,1,1,non_inclusive,lru,83574,68358,15216,1084512,1093728,0.991574,0,9216,0.000000,9216,294912,0,0,0,0,0,0,241536,3968,245504,241536,241536,0,0.000000,0,0,0,0,0,0,0,0,0,0.000000,0.998128,0,0,0.111979,0.404459,1,1,1,12,15,16,0,0,2215232,26.506234,0.320940,600,738
R9,2,khkw-R9-s2-32b,26ef6f0,cache,khkw,loas,16,resnet19_T4_n5,layer_09_layer2_0_conv2,2,16384,8,512,64,524288,16,16384,1024,32,8,4,1,khkw_split,-1,16,20,32,12,1,next_burst,1,0,1,2,0,24,2,1,1,1,non_inclusive,lru,147844,68358,79486,1085664,1093728,0.992627,0,128,0.000000,9216,294912,0,0,1076826,0,0,187254,4288,5456,1273824,1268368,1340244,71876,0.053629,1091680,1152,7936,0,1078086,4506,0,0,0,0.008309,0.998128,0,0,0.111979,0.353902,1,2,2,15,24,25,0,0,3306912,22.367577,0.532780,600,738
R9,2,khkw-R9-s2-32b,26ef6f0,cache,khkw,loas,16,resnet19_T4_n5,layer_09_layer2_0_conv2,2,16384,8,512,64,524288,16,16384,1024,32,8,4,1,khkw_split,-1,16,20,32,12,1,next_burst,2,0,1,2,0,24,2,1,1,1,non_inclusive,lru,145740,68358,77382,1085944,1093728,0.992883,0,128,0.000000,9216,294912,0,0,1077604,0,0,152950,4288,5318,1240160,1234842,1355652,120810,0.089116,1091680,1432,7656,0,1074798,7794,0,0,0,0.008309,0.998128,0,0,0.111979,0.341613,1,2,3,23,24,26,0,0,3306912,22.690490,0.537835,600,738
R9,2,khkw-R9-s2-32b,26ef6f0,cache,khkw,loas,16,resnet19_T4_n5,layer_09_layer2_0_conv2,2,16384,8,512,64,524288,16,16384,1024,32,8,4,1,khkw_split,-1,16,20,32,12,1,next_burst,4,0,1,2,0,24,2,1,1,1,non_inclusive,lru,144198,68358,75840,1085374,1093728,0.992362,0,128,0.000000,9216,294912,0,0,1076978,0,0,128528,4288,5694,1215488,1209794,1463470,253676,0.173339,1091680,862,8226,0,1073198,9394,0,0,0,0.008309,0.998128,0,0,0.111979,0.366629,2,4,4,23,27,32,3,0,3307008,22.933799,0.540194,600,738
R9,2,khkw-R9-s2-32b,26ef6f0,cache,khkw,loas,16,resnet19_T4_n5,layer_09_layer2_0_conv2,2,16384,8,512,64,524288,16,16384,1024,32,8,4,1,khkw_split,-1,16,20,32,12,1,none,0,0,1,2,0,24,4,1,1,1,non_inclusive,lru,83574,68358,15216,1084512,1093728,0.991574,0,9216,0.000000,9216,294912,0,0,0,0,0,0,241536,3968,245504,241536,241536,0,0.000000,0,0,0,0,0,0,0,0,0,0.000000,0.998128,0,0,0.111979,0.808918,1,1,1,12,15,16,0,0,2215232,26.506234,0.322182,600,738
R9,2,khkw-R9-s2-32b,26ef6f0,cache,khkw,loas,16,resnet19_T4_n5,layer_09_layer2_0_conv2,2,16384,8,512,64,524288,16,16384,1024,32,8,4,1,khkw_split,-1,16,20,32,12,1,next_burst,1,0,1,2,0,24,4,1,1,1,non_inclusive,lru,147846,68358,79488,1085634,1093728,0.992600,0,128,0.000000,9216,294912,0,0,1076796,0,0,187318,4288,5454,1273856,1268402,1340274,71872,0.053625,1091680,1122,7966,0,1078090,4502,0,0,0,0.008309,0.998128,0,0,0.111979,0.710436,1,2,2,15,24,25,0,0,3306912,22.367274,0.531723,600,738
R9,2,khkw-R9-s2-32b,26ef6f0,cache,khkw,loas,16,resnet19_T4_n5,layer_09_layer2_0_conv2,2,16384,8,512,64,524288,16,16384,1024,32,8,4,1,khkw_split,-1,16,20,32,12,1,next_burst,2,0,1,2,0,24,4,1,1,1,non_inclusive,lru,145740,68358,77382,1085944,1093728,0.992883,0,128,0.000000,9216,294912,0,0,1077604,0,0,152950,4288,5318,1240160,1234842,1355652,120810,0.089116,1091680,1432,7656,0,1074798,7794,0,0,0,0.008309,0.998128,0,0,0.111979,0.683227,1,2,3,23,24,26,0,0,3306912,22.690490,0.538137,600,738
R9,2,khkw-R9-s2-32b,26ef6f0,cache,khkw,loas,16,resnet19_T4_n5,layer_09_layer2_0_conv2,2,16384,8,512,64,524288,16,16384,1024,32,8,4,1,khkw_split,-1,16,20,32,12,1,next_burst,4,0,1,2,0,24,4,1,1,1,non_inclusive,lru,144222,68358,75864,1085386,1093728,0.992373,0,128,0.000000,9216,294912,0,0,1076956,0,0,128514,4288,6114,1215872,1209758,1463300,253542,0.173267,1091680,874,8214,0,1073204,9388,0,0,0,0.008309,0.998128,0,0,0.111979,0.732204,2,4,4,24,27,32,3,0,3307040,22.930205,0.564527,600,738
R9,2,khkw-R9-s2-32b,26ef6f0,cache,khkw,loas,16,resnet19_T4_n5,layer_09_layer2_0_conv2,2,16384,8,512,64,524288,16,16384,1024,32,8,4,1,khkw_split,-1,16,20,32,12,1,none,0,0,1,2,0,24,8,1,1,1,non_inclusive,lru,83574,68358,15216,1084512,1093728,0.991574,0,9216,0.000000,9216,294912,0,0,0,0,0,0,241536,3968,245504,241536,241536,0,0.000000,0,0,0,0,0,0,0,0,0,0.000000,0.998128,0,0,0.111979,1.617836,1,1,1,12,15,16,0,0,2215232,26.506234,0.323323,600,738
R9,2,khkw-R9-s2-32b,26ef6f0,cache,khkw,loas,16,resnet19_T4_n5,layer_09_layer2_0_conv2,2,16384,8,512,64,524288,16,16384,1024,32,8,4,1,khkw_split,-1,16,20,32,12,1,next_burst,1,0,1,2,0,24,8,1,1,1,non_inclusive,lru,147846,68358,79488,1085634,1093728,0.992600,0,128,0.000000,9216,294912,0,0,1076796,0,0,187318,4288,5454,1273856,1268402,1340274,71872,0.053625,1091680,1122,7966,0,1078090,4502,0,0,0,0.008309,0.998128,0,0,0.111979,1.420872,1,2,2,15,24,25,0,0,3306912,22.367274,0.534023,600,738
R9,2,khkw-R9-s2-32b,26ef6f0,cache,khkw,loas,16,resnet19_T4_n5,layer_09_layer2_0_conv2,2,16384,8,512,64,524288,16,16384,1024,32,8,4,1,khkw_split,-1,16,20,32,12,1,next_burst,2,0,1,2,0,24,8,1,1,1,non_inclusive,lru,145740,68358,77382,1085944,1093728,0.992883,0,128,0.000000,9216,294912,0,0,1077604,0,0,152950,4288,5318,1240160,1234842,1355652,120810,0.089116,1091680,1432,7656,0,1074798,7794,0,0,0,0.008309,0.998128,0,0,0.111979,1.366453,1,2,3,23,24,26,0,0,3306912,22.690490,0.539030,600,738
R9,2,khkw-R9-s2-32b,26ef6f0,cache,khkw,loas,16,resnet19_T4_n5,layer_09_layer2_0_conv2,2,16384,8,512,64,524288,16,16384,1024,32,8,4,1,khkw_split,-1,16,20,32,12,1,next_burst,4,0,1,2,0,24,8,1,1,1,non_inclusive,lru,144222,68358,75864,1085386,1093728,0.992373,0,128,0.000000,9216,294912,0,0,1076956,0,0,128514,4288,6114,1215872,1209758,1463300,253542,0.173267,1091680,874,8214,0,1073204,9388,0,0,0,0.008309,0.998128,0,0,0.111979,1.464408,2,4,4,24,27,32,3,0,3307040,22.930205,0.557191,600,738
R9,2,khkw-R9-s2-64b,26ef6f0,cache,khkw,loas,16,resnet19_T4_n5,layer_09_layer2_0_conv2,2,16384,8,256,32,524288,16,8192,512,64,16,4,1,khkw_split,-1,16,20,32,12,1,none,0,0,1,2,0,24,1,1,1,1,non_inclusive,lru,75996,68358,7638,1089120,1093728,0.995787,0,4608,0.000000,4608,294912,0,0,0,0,0,0,121008,3248,124256,121008,121008,0,0.000000,0,0,0,0,0,0,0,0,0,0.000000,0.998128,0,0,0.111979,0.101115,1,1,1,11,15,16,0,0,2201408,28.967419,0.318053,600,738
R9,2,khkw-R9-s2-64b,26ef6f0,cache,khkw,loas,16,resnet19_T4_n5,layer_09_layer2_0_conv2,2,16384,8,256,32,524288,16,8192,512,64,16,4,1,khkw_split,-1,16,20,32,12,1,next_burst,1,0,1,2,0,24,1,1,1,1,non_inclusive,lru,143402,68358,75044,1089216,1093728,0.995875,0,128,0.000000,4608,294912,0,0,1082944,0,0,111304,4288,4216,1202752,1198536,1214256,15720,0.012946,1091680,96,4384,0,1083080,4120,0,0,0,0.004096,0.998128,0,0,0.111979,0.099008,1,1,2,12,20,24,0,0,3293088,22.964031,0.525175,600,738
R9,2,khkw-R9-s2-64b,26ef6f0,cache,khkw,loas,16,resnet19_T4_n5,layer_09_layer2_0_conv2,2,16384,8,256,32,524288,16,8192,512,64,16,4,1,khkw_split,-1,16,20,32,12,1,next_burst,2,0,1,2,0,24,1,1,1,1,non_inclusive,lru,142492,68358,74134,1089352,1093728,0.995999,0,128,0.000000,4608,294912,0,0,1083056,0,0,96066,4288,4782,1188192,1183410,1214110,30700,0.025286,1091680,232,4248,0,1079460,7740,0,0,0,0.004096,0.998128,0,0,0.111979,0.096024,1,2,2,13,23,24,0,0,3293088,23.110687,0.527159,600,738
R9,2,khkw-R9-s2-64b,26ef6f0,cache,khkw,loas,16,resnet19_T4_n5,layer_09_layer2_0_conv2,2,16384,8,256,32,524288,16,8192,512,64,16,4,1,khkw_split,-1,16,20,32,12,1,next_burst,4,0,1,2,0,24,1,1,1,1,non_inclusive,lru,140420,68358,72062,1089462,1093728,0.996100,0,128,0.000000,4608,294912,0,0,1083064,0,0,62842,4288,4846,1155040,1150194,1231062,80868,0.065690,1091680,342,4138,0,1075722,11478,0,0,0,0.004096,0.998128,0,0,0.111979,0.093610,1,2,3,22,24,24,0,0,3293088,23.451702,0.539904,600,738
R9,2,khkw-R9-s2-64b,26ef6f0,cache,khkw,loas,16,resnet19_T4_n5,layer_09_layer2_0_conv2,2,16384,8,256,32,524288,16,8192,512,64,16,4,1,khkw_split,-1,16,20,32,12,1,none,0,0,1,2,0,24,2,1,1,1,non_inclusive,lru,75996,68358,7638,1089120,1093728,0.995787,0,4608,0.000000,4608,294912,0,0,0,0,0,0,121008,3248,124256,121008,121008,0,0.000000,0,0,0,0,0,0,0,0,0,0.000000,0.998128,0,0,0.111979,0.202229,1,1,1,11,15,16,0,0,2201408,28.967419,0.322348,600,738
R9,2,khkw-R9-s2-64b,26ef6f0,cache,khkw,loas,16,resnet19_T4_n5,layer_09_layer2_0_conv2,2,16384,8,256,32,524288,16,8192,512,64,16,4,1,khkw_split,-1,16,20,32,12,1,next_burst,1,0,1,2,0,24,2,1,1,1,non_inclusive,lru,143402,68358,75044,1089216,1093728,0.995875,0,128,0.000000,4608,294912,0,0,1082944,0,0,111304,4288,4216,1202752,1198536,1214256,15720,0.012946,1091680,96,4384,0,1083080,4120,0,0,0,0.004096,0.998128,0,0,0.111979,0.198016,1,1,2,12,20,24,0,0,3293088,22.964031,0.527168,600,738
R9,2,khkw-R9-s2-64b,26ef6f0,cache,khkw,loas,16,resnet19_T4_n5,layer_09_layer2_0_conv2,2,16384,8,256,32,524288,16,8192,512,64,16,4,1,khkw_split,-1,16,20,32,12,1,next_burst,2,0,1,2,0,24,2,1,1,1,non_inclusive,lru,142492,68358,74134,1089352,1093728,0.995999,0,128,0.000000,4608,294912,0,0,1083056,0,0,96066,4288,4782,1188192,1183410,1214110,30700,0.025286,1091680,232,4248,0,1079460,7740,0,0,0,0.004096,0.998128,0,0,0.111979,0.192048,1,2,2,13,23,24,0,0,3293088,23.110687,0.527263,600,738
R9,2,khkw-R9-s2-64b,26ef6f0,cache,khkw,loas,16,resnet19_T4_n5,layer_09_layer2_0_conv2,2,16384,8,256,32,524288,16,8192,512,64,16,4,1,khkw_split,-1,16,20,32,12,1,next_burst,4,0,1,2,0,24,2,1,1,1,non_inclusive,lru,140420,68358,72062,1089462,1093728,0.996100,0,128,0.000000,4608,294912,0,0,1083064,0,0,62842,4288,4846,1155040,1150194,1231042,80848,0.065674,1091680,342,4138,0,1075722,11478,0,0,0,0.004096,0.998128,0,0,0.111979,0.187220,1,2,3,22,24,25,0,0,3293088,23.451702,0.532475,600,738
R9,2,khkw-R9-s2-64b,26ef6f0,cache,khkw,loas,16,resnet19_T4_n5,layer_09_layer2_0_conv2,2,16384,8,256,32,524288,16,8192,512,64,16,4,1,khkw_split,-1,16,20,32,12,1,none,0,0,1,2,0,24,4,1,1,1,non_inclusive,lru,75996,68358,7638,1089120,1093728,0.995787,0,4608,0.000000,4608,294912,0,0,0,0,0,0,121008,3248,124256,121008,121008,0,0.000000,0,0,0,0,0,0,0,0,0,0.000000,0.998128,0,0,0.111979,0.404459,1,1,1,11,15,16,0,0,2201408,28.967419,0.323278,600,738
R9,2,khkw-R9-s2-64b,26ef6f0,cache,khkw,loas,16,resnet19_T4_n5,layer_09_layer2_0_conv2,2,16384,8,256,32,524288,16,8192,512,64,16,4,1,khkw_split,-1,16,20,32,12,1,next_burst,1,0,1,2,0,24,4,1,1,1,non_inclusive,lru,143402,68358,75044,1089216,1093728,0.995875,0,128,0.000000,4608,294912,0,0,1082944,0,0,111304,4288,4216,1202752,1198536,1214256,15720,0.012946,1091680,96,4384,0,1083080,4120,0,0,0,0.004096,0.998128,0,0,0.111979,0.396033,1,1,2,12,20,24,0,0,3293088,22.964031,0.522213,600,738
R9,2,khkw-R9-s2-64b,26ef6f0,cache,khkw,loas,16,resnet19_T4_n5,layer_09_layer2_0_conv2,2,16384,8,256,32,524288,16,8192,512,64,16,4,1,khkw_split,-1,16,20,32,12,1,next_burst,2,0,1,2,0,24,4,1,1,1,non_inclusive,lru,142492,68358,74134,1089352,1093728,0.995999,0,128,0.000000,4608,294912,0,0,1083056,0,0,96066,4288,4782,1188192,1183410,1214110,30700,0.025286,1091680,232,4248,0,1079460,7740,0,0,0,0.004096,0.998128,0,0,0.111979,0.384095,1,2,2,13,23,24,0,0,3293088,23.110687,0.527910,600,738
R9,2,khkw-R9-s2-64b,26ef6f0,cache,khkw,loas,16,resnet19_T4_n5,layer_09_layer2_0_conv2,2,16384,8,256,32,524288,16,8192,512,64,16,4,1,khkw_split,-1,16,20,32,12,1,next_burst,4,0,1,2,0,24,4,1,1,1,non_inclusive,lru,140420,68358,72062,1089462,1093728,0.996100,0,128,0.000000,4608,294912,0,0,1083064,0,0,62842,4288,4846,1155040,1150194,1231042,80848,0.065674,1091680,342,4138,0,1075722,11478,0,0,0,0.004096,0.998128,0,0,0.111979,0.374440,1,2,3,22,24,25,0,0,3293088,23.451702,0.528411,600,738
R9,2,khkw-R9-s2-64b,26ef6f0,cache,khkw,loas,16,resnet19_T4_n5,layer_09_layer2_0_conv2,2,16384,8,256,32,524288,16,8192,512,64,16,4,1,khkw_split,-1,16,20,32,12,1,none,0,0,1,2,0,24,8,1,1,1,non_inclusive,lru,75996,68358,7638,1089120,1093728,0.995787,0,4608,0.000000,4608,294912,0,0,0,0,0,0,121008,3248,124256,121008,121008,0,0.000000,0,0,0,0,0,0,0,0,0,0.000000,0.998128,0,0,0.111979,0.808918,1,1,1,11,15,16,0,0,2201408,28.967419,0.314992,600,738
R9,2,khkw-R9-s2-64b,26ef6f0,cache,khkw,loas,16,resnet19_T4_n5,layer_09_layer2_0_conv2,2,16384,8,256,32,524288,16,8192,512,64,16,4,1,khkw_split,-1,16,20,32,12,1,next_burst,1,0,1,2,0,24,8,1,1,1,non_inclusive,lru,143402,68358,75044,1089216,1093728,0.995875,0,128,0.000000,4608,294912,0,0,1082944,0,0,111304,4288,4216,1202752,1198536,1214256,15720,0.012946,1091680,96,4384,0,1083080,4120,0,0,0,0.004096,0.998128,0,0,0.111979,0.792065,1,1,2,12,20,24,0,0,3293088,22.964031,0.528241,600,738
R9,2,khkw-R9-s2-64b,26ef6f0,cache,khkw,loas,16,resnet19_T4_n5,layer_09_layer2_0_conv2,2,16384,8,256,32,524288,16,8192,512,64,16,4,1,khkw_split,-1,16,20,32,12,1,next_burst,2,0,1,2,0,24,8,1,1,1,non_inclusive,lru,142492,68358,74134,1089352,1093728,0.995999,0,128,0.000000,4608,294912,0,0,1083056,0,0,96066,4288,4782,1188192,1183410,1214110,30700,0.025286,1091680,232,4248,0,1079460,7740,0,0,0,0.004096,0.998128,0,0,0.111979,0.768191,1,2,2,13,23,24,0,0,3293088,23.110687,0.529901,600,738
R9,2,khkw-R9-s2-64b,26ef6f0,cache,khkw,loas,16,resnet19_T4_n5,layer_09_layer2_0_conv2,2,16384,8,256,32,524288,16,8192,512,64,16,4,1,khkw_split,-1,16,20,32,12,1,next_burst,4,0,1,2,0,24,8,1,1,1,non_inclusive,lru,140420,68358,72062,1089462,1093728,0.996100,0,128,0.000000,4608,294912,0,0,1083064,0,0,62842,4288,4846,1155040,1150194,1231042,80848,0.065674,1091680,342,4138,0,1075722,11478,0,0,0,0.004096,0.998128,0,0,0.111979,0.748881,1,2,3,22,24,25,0,0,3293088,23.451702,0.531161,600,738
R9,3,khkw-R9-s3-16b,26ef6f0,cache,khkw,loas,16,resnet19_T4_n5,layer_09_layer2_0_conv2,3,16384,8,1024,128,524288,16,32768,2048,16,4,4,1,khkw_split,-1,16,20,32,12,1,none,0,0,1,2,0,24,1,1,1,1,non_inclusive,lru,109416,78954,30462,1244832,1263264,0.985409,0,18432,0.000000,18432,294912,0,0,0,0,0,0,483312,6128,489440,483312,483312,0,0.000000,0,0,0,0,0,0,0,0,0,0.000000,0.998379,0,0,0.006076,0.350179,1,1,1,12,15,16,0,0,2581952,23.597573,0.385924,630,844
R9,3,khkw-R9-s3-16b,26ef6f0,cache,khkw,loas,16,resnet19_T4_n5,layer_09_layer2_0_conv2,3,16384,8,1024,128,524288,16,32768,2048,16,4,4,1,khkw_split,-1,16,20,32,12,1,next_burst,1,0,1,2,0,24,1,1,1,1,non_inclusive,lru,179162,78954,100208,1247348,1263264,0.987401,0,128,0.000000,18432,294912,0,0,1233524,0,0,358896,4288,8668,1605376,1596708,1773440,176732,0.099655,1261216,2516,15788,0,1238462,4450,0,0,0,0.014489,0.998379,0,0,0.006076,0.302379,1,2,2,18,24,24,0,0,3843168,21.450799,0.643679,630,844
R9,3,khkw-R9-s3-16b,26ef6f0,cache,khkw,loas,16,resnet19_T4_n5,layer_09_layer2_0_conv2,3,16384,8,1024,128,524288,16,32768,2048,16,4,4,1,khkw_split,-1,16,20,32,12,1,next_burst,2,0,1,2,0,24,1,1,1,1,non_inclusive,lru,176170,78954,97216,1246778,1263264,0.986950,0,128,0.000000,18432,294912,0,0,1234564,0,0,309924,4288,8728,1557504,1548776,1866808,318032,0.170361,1261216,1946,16358,0,1235568,7344,0,0,0,0.014489,0.998379,0,0,0.006076,0.313208,1,3,3,23,24,24,0,0,3843168,21.815110,0.646162,630,844
R9,3,khkw-R9-s3-16b,26ef6f0,cache,khkw,loas,16,resnet19_T4_n5,layer_09_layer2_0_conv2,3,16384,8,1024,128,524288,16,32768,2048,16,4,4,1,khkw_split,-1,16,20,32,12,1,next_burst,4,0,1,2,0,24,1,1,1,1,non_inclusive,lru,173920,78954,94966,1246380,1263264,0.986635,0,128,0.000000,18432,294912,0,0,1233768,0,0,274544,4288,8904,1521504,1512600,2105978,593378,0.281759,1261216,1548,16756,0,1235200,7712,0,0,0,0.014489,0.998379,0,0,0.006076,0.320769,2,4,5,23,24,24,0,0,3843168,22.097332,0.646646,630,844
R9,3,khkw-R9-s3-16b,26ef6f0,cache,khkw,loas,16,resnet19_T4_n5,layer_09_layer2_0_conv2,3,16384,8,1024,128,524288,16,32768,2048,16,4,4,1,khkw_split,-1,16,20,32,12,1,none,0,0,1,2,0,24,2,1,1,1,non_inclusive,lru,109416,78954,30462,1244832,1263264,0.985409,0,18432,0.000000,18432,294912,0,0,0,0,0,0,483312,6128,489440,483312,483312,0,0.000000,0,0,0,0,0,0,0,0,0,0.000000,0.998379,0,0,0.006076,0.700357,1,1,1,12,15,16,0,0,2581952,23.597573,0.383321,630,844
R9,3,khkw-R9-s3-16b,26ef6f0,cache,khkw,loas,16,resnet19_T4_n5,layer_09_layer2_0_conv2,3,16384,8,1024,128,524288,16,32768,2048,16,4,4,1,khkw_split,-1,16,20,32,12,1,next_burst,1,0,1,2,0,24,2,1,1,1,non_inclusive,lru,179162,78954,100208,1247348,1263264,0.987401,0,128,0.000000,18432,294912,0,0,1233524,0,0,358896,4288,8668,1605376,1596708,1773440,176732,0.099655,1261216,2516,15788,0,1238462,4450,0,0,0,0.014489,0.998379,0,0,0.006076,0.604757,1,2,2,18,24,26,0,0,3843168,21.450799,0.639409,630,844
R9,3,khkw-R9-s3-16b,26ef6f0,cache,khkw,loas,16,resnet19_T4_n5,layer_09_layer2_0_conv2,3,16384,8,1024,128,524288,16,32768,2048,16,4,4,1,khkw_split,-1,16,20,32,12,1,next_burst,2,0,1,2,0,24,2,1,1,1,non_inclusive,lru,176158,78954,97204,1246510,1263264,0.986738,0,128,0.000000,18432,294912,0,0,1234224,0,0,309930,4288,8870,1557312,1548442,1865442,317000,0.169933,1261216,1678,16626,0,1235550,7362,0,0,0,0.014489,0.998379,0,0,0.006076,0.636599,1,3,3,23,24,32,4,0,3843248,21.817051,0.646211,630,844
R9,3,khkw-R9-s3-16b,26ef6f0,cache,khkw,loas,16,resnet19_T4_n5,layer_09_layer2_0_conv2,3,16384,8,1024,128,524288,16,32768,2048,16,4,4,1,khkw_split,-1,16,20,32,12,1,next_burst,4,0,1,2,0,24,2,1,1,1,non_inclusive,lru,173966,78954,95012,1246312,1263264,0.986581,0,128,0.000000,18432,294912,0,0,1233698,0,0,275480,4288,8774,1522240,1513466,2109332,595866,0.282490,1261216,1480,16824,0,1235214,7698,0,0,0,0.014489,0.998379,0,0,0.006076,0.644122,2,4,5,23,24,32,13,0,3843410,22.092880,0.662605,630,844
R9,3,khkw-R9-s3-16b,26ef6f0,cache,khkw,loas,16,resnet19_T4_n5,layer_09_layer2_0_conv2,3,16384,8,1024,128,524288,16,32768,2048,16,4,4,1,khkw_split,-1,16,20,32,12,1,none,0,0,1,2,0,24,4,1,1,1,non_inclusive,lru,109416,78954,30462,1244832,1263264,0.985409,0,18432,0.000000,18432,294912,0,0,0,0,0,0,483312,6128,489440,483312,483312,0,0.000000,0,0,0,0,0,0,0,0,0,0.000000,0.998379,0,0,0.006076,1.400714,1,1,1,12,15,16,0,0,2581952,23.597573,0.382291,630,844
R9,3,khkw-R9-s3-16b,26ef6f0,cache,khkw,loas,16,resnet19_T4_n5,layer_09_layer2_0_conv2,3,16384,8,1024,128,524288,16,32768,2048,16,4,4,1,khkw_split,-1,16,20,32,12,1,next_burst,1,0,1,2,0,24,4,1,1,1,non_inclusive,lru,179162,78954,100208,1247348,1263264,0.987401,0,128,0.000000,18432,294912,0,0,1233524,0,0,358896,4288,8668,1605376,1596708,1773440,176732,0.099655,1261216,2516,15788,0,1238462,4450,0,0,0,0.014489,0.998379,0,0,0.006076,1.209514,1,2,2,18,24,26,0,0,3843168,21.450799,0.636140,630,844
R9,3,khkw-R9-s3-16b,26ef6f0,cache,khkw,loas,16,resnet19_T4_n5,layer_09_layer2_0_conv2,3,16384,8,1024,128,524288,16,32768,2048,16,4,4,1,khkw_split,-1,16,20,32,12,1,next_burst,2,0,1,2,0,24,4,1,1,1,non_inclusive,lru,176152,78954,97198,1246448,1263264,0.986688,0,128,0.000000,18432,294912,0,0,1234186,0,0,309966,4288,8776,1557216,1548440,1865078,316638,0.169772,1261216,1616,16688,0,1235552,7360,0,0,0,0.014489,0.998379,0,0,0.006076,1.277909,1,3,3,23,26,32,4,0,3843288,21.818021,0.647352,630,844
R9,3,khkw-R9-s3-16b,26ef6f0,cache,khkw,loas,16,resnet19_T4_n5,layer_09_layer2_0_conv2,3,16384,8,1024,128,524288,16,32768,2048,16,4,4,1,khkw_split,-1,16,20,32,12,1,next_burst,4,0,1,2,0,24,4,1,1,1,non_inclusive,lru,174150,78954,95196,1246350,1263264,0.986611,0,128,0.000000,18432,294912,0,0,1233750,0,0,278264,4288,8882,1525184,1516302,2119486,603184,0.284590,1261216,1518,16786,0,1235212,7700,0,0,0,0.014489,0.998379,0,0,0.006076,1.285356,2,4,5,23,27,32,14,0,3843676,22.071065,0.644282,630,844
R9,3,khkw-R9-s3-16b,26ef6f0,cache,khkw,loas,16,resnet19_T4_n5,layer_09_layer2_0_conv2,3,16384,8,1024,128,524288,16,32768,2048,16,4,4,1,khkw_split,-1,16,20,32,12,1,none,0,0,1,2,0,24,8,1,1,1,non_inclusive,lru,109416,78954,30462,1244832,1263264,0.985409,0,18432,0.000000,18432,294912,0,0,0,0,0,0,483312,6128,489440,483312,483312,0,0.000000,0,0,0,0,0,0,0,0,0,0.000000,0.998379,0,0,0.006076,2.801429,1,1,1,12,15,16,0,0,2581952,23.597573,0.382799,630,844
R9,3,khkw-R9-s3-16b,26ef6f0,cache,khkw,loas,16,resnet19_T4_n5,layer_09_layer2_0_conv2,3,16384,8,1024,128,524288,16,32768,2048,16,4,4,1,khkw_split,-1,16,20,32,12,1,next_burst,1,0,1,2,0,24,8,1,1,1,non_inclusive,lru,179162,78954,100208,1247348,1263264,0.987401,0,128,0.000000,18432,294912,0,0,1233524,0,0,358896,4288,8668,1605376,1596708,1773440,176732,0.099655,1261216,2516,15788,0,1238462,4450,0,0,0,0.014489,0.998379,0,0,0.006076,2.419029,1,2,2,18,24,26,0,0,3843168,21.450799,0.641236,630,844
R9,3,khkw-R9-s3-16b,26ef6f0,cache,khkw,loas,16,resnet19_T4_n5,layer_09_layer2_0_conv2,3,16384,8,1024,128,524288,16,32768,2048,16,4,4,1,khkw_split,-1,16,20,32,12,1,next_burst,2,0,1,2,0,24,8,1,1,1,non_inclusive,lru,176152,78954,97198,1246448,1263264,0.986688,0,128,0.000000,18432,294912,0,0,1234186,0,0,309966,4288,8776,1557216,1548440,1865078,316638,0.169772,1261216,1616,16688,0,1235552,7360,0,0,0,0.014489,0.998379,0,0,0.006076,2.555817,1,3,3,23,26,32,4,0,3843288,21.818021,0.643010,630,844
R9,3,khkw-R9-s3-16b,26ef6f0,cache,khkw,loas,16,resnet19_T4_n5,layer_09_layer2_0_conv2,3,16384,8,1024,128,524288,16,32768,2048,16,4,4,1,khkw_split,-1,16,20,32,12,1,next_burst,4,0,1,2,0,24,8,1,1,1,non_inclusive,lru,174150,78954,95196,1246350,1263264,0.986611,0,128,0.000000,18432,294912,0,0,1233750,0,0,278264,4288,8882,1525184,1516302,2119486,603184,0.284590,1261216,1518,16786,0,1235212,7700,0,0,0,0.014489,0.998379,0,0,0.006076,2.570712,2,4,5,23,27,32,14,0,3843676,22.071065,0.646365,630,844
R9,3,khkw-R9-s3-32b,26ef6f0,cache,khkw,loas,16,resnet19_T4_n5,layer_09_layer2_0_conv2,3,16384,8,512,64,524288,16,16384,1024,32,8,4,1,khkw_split,-1,16,20,32,12,1,none,0,0,1,2,0,24,1,1,1,1,non_inclusive,lru,94200,78954,15246,1254048,1263264,0.992705,0,9216,0.000000,9216,294912,0,0,0,0,0,0,241776,4208,245984,241776,241776,0,0.000000,0,0,0,0,0,0,0,0,0,0.000000,0.998379,0,0,0.006076,0.175089,1,1,1,12,15,16,0,0,2554304,27.115754,0.379228,630,844
R9,3,khkw-R9-s3-32b,26ef6f0,cache,khkw,loas,16,resnet19_T4_n5,layer_09_layer2_0_conv2,3,16384,8,512,64,524288,16,16384,1024,32,8,4,1,khkw_split,-1,16,20,32,12,1,next_burst,1,0,1,2,0,24,1,1,1,1,non_inclusive,lru,169688,78954,90734,1254956,1263264,0.993423,0,128,0.000000,9216,294912,0,0,1245734,0,0,197842,4288,5928,1453792,1447864,1509182,61318,0.040630,1261216,908,8180,0,1246710,5418,0,0,0,0.007194,0.998379,0,0,0.006076,0.157839,1,2,2,14,24,24,0,0,3815520,22.485503,0.637942,630,844
R9,3,khkw-R9-s3-32b,26ef6f0,cache,khkw,loas,16,resnet19_T4_n5,layer_09_layer2_0_conv2,3,16384,8,512,64,524288,16,16384,1024,32,8,4,1,khkw_split,-1,16,20,32,12,1,next_burst,2,0,1,2,0,24,1,1,1,1,non_inclusive,lru,167288,78954,88334,1254912,1263264,0.993389,0,128,0.000000,9216,294912,0,0,1246316,0,0,158806,4288,5982,1415392,1409410,1524798,115388,0.075674,1261216,864,8224,0,1243186,8942,0,0,0,0.007194,0.998379,0,0,0.006076,0.158675,1,2,3,22,24,24,0,0,3815520,22.808091,0.644697,630,844
R9,3,khkw-R9-s3-32b,26ef6f0,cache,khkw,loas,16,resnet19_T4_n5,layer_09_layer2_0_conv2,3,16384,8,512,64,524288,16,16384,1024,32,8,4,1,khkw_split,-1,16,20,32,12,1,next_burst,4,0,1,2,0,24,1,1,1,1,non_inclusive,lru,165426,78954,86472,1254770,1263264,0.993276,0,128,0.000000,9216,294912,0,0,1246052,0,0,129550,4288,5710,1385600,1379890,1605054,225164,0.140284,1261216,722,8366,0,1240946,11182,0,0,0,0.007194,0.998379,0,0,0.006076,0.161372,2,4,5,23,24,24,0,0,3815520,23.064814,0.645073,630,844
R9,3,khkw-R9-s3-32b,26ef6f0,cache,khkw,loas,16,resnet19_T4_n5,layer_09_layer2_0_conv2,3,16384,8,512,64,524288,16,16384,1024,32,8,4,1,khkw_split,-1,16,20,32,12,1,none,0,0,1,2,0,24,2,1,1,1,non_inclusive,lru,94200,78954,15246,1254048,1263264,0.992705,0,9216,0.000000,9216,294912,0,0,0,0,0,0,241776,4208,245984,241776,241776,0,0.000000,0,0,0,0,0,0,0,0,0,0.000000,0.998379,0,0,0.006076,0.350179,1,1,1,12,15,16,0,0,2554304,27.115754,0.379459,630,844
R9,3,khkw-R9-s3-32b,26ef6f0,cache,khkw,loas,16,resnet19_T4_n5,layer_09_layer2_0_conv2,3,16384,8,512,64,524288,16,16384,1024,32,8,4,1,khkw_split,-1,16,20,32,12,1,next_burst,1,0,1,2,0,24,2,1,1,1,non_inclusive,lru,169688,78954,90734,1254956,1263264,0.993423,0,128,0.000000,9216,294912,0,0,1245734,0,0,197842,4288,5928,1453792,1447864,1509182,61318,0.040630,1261216,908,8180,0,1246710,5418,0,0,0,0.007194,0.998379,0,0,0.006076,0.315677,1,2,2,14,24,24,0,0,3815520,22.485503,0.638934,630,844
R9,3,khkw-R9-s3-32b,26ef6f0,cache,khkw,loas,16,resnet19_T4_n5,layer_09_layer2_0_conv2,3,16384,8,512,64,524288,16,16384,1024,32,8,4,1,khkw_split,-1,16,20,32,12,1,next_burst,2,0,1,2,0,24,2,1,1,1,non_inclusive,lru,167288,78954,88334,1254914,1263264,0.993390,0,128,0.000000,9216,294912,0,0,1246318,0,0,158804,4288,5982,1415392,1409410,1524800,115390,0.075675,1261216,866,8222,0,1243188,8940,0,0,0,0.007194,0.998379,0,0,0.006076,0.317273,1,2,3,22,24,24,0,0,3815520,22.808091,0.648479,630,844
R9,3,khkw-R9-s3-32b,26ef6f0,cache,khkw,loas,16,resnet19_T4_n5,layer_09_layer2_0_conv2,3,16384,8,512,64,524288,16,16384,1024,32,8,4,1,khkw_split,-1,16,20,32,12,1,next_burst,4,0,1,2,0,24,2,1,1,1,non_inclusive,lru,165426,78954,86472,1254770,1263264,0.993276,0,128,0.000000,9216,294912,0,0,1246052,0,0,129550,4288,5710,1385600,1379890,1605054,225164,0.140284,1261216,722,8366,0,1240946,11182,0,0,0,0.007194,0.998379,0,0,0.006076,0.322745,2,4,5,23,24,26,0,0,3815520,23.064814,0.645502,630,844
R9,3,khkw-R9-s3-32b,26ef6f0,cache,khkw,loas,16,resnet19_T4_n5,layer_09_layer2_0_conv2,3,16384,8,512,64,524288,16,16384,1024,32,8,4,1,khkw_split,-1,16,20,32,12,1,none,0,0,1,2,0,24,4,1,1,1,non_inclusive,lru,94200,78954,15246,1254048,1263264,0.992705,0,9216,0.000000,9216,294912,0,0,0,0,0,0,241776,4208,245984,241776,241776,0,0.000000,0,0,0,0,0,0,0,0,0,0.000000,0.998379,0,0,0.006076,0.700357,1,1,1,12,15,16,0,0,2554304,27.115754,0.378318,630,844
R9,3,khkw-R9-s3-32b,26ef6f0,cache,khkw,loas,16,resnet19_T4_n5,layer_09_layer2_0_conv2,3,16384,8,512,64,524288,16,16384,1024,32,8,4,1,khkw_split,-1,16,20,32,12,1,next_burst,1,0,1,2,0,24,4,1,1,1,non_inclusive,lru,169688,78954,90734,1254956,1263264,0.993423,0,128,0.000000,9216,294912,0,0,1245734,0,0,197842,4288,5928,1453792,1447864,1509182,61318,0.040630,1261216,908,8180,0,1246710,5418,0,0,0,0.007194,0.998379,0,0,0.006076,0.631355,1,2,2,14,24,24,0,0,3815520,22.485503,0.640855,630,844
R9,3,khkw-R9-s3-32b,26ef6f0,cache,khkw,loas,16,resnet19_T4_n5,layer_09_layer2_0_conv2,3,16384,8,512,64,524288,16,16384,1024,32,8,4,1,khkw_split,-1,16,20,32,12,1,next_burst,2,0,1,2,0,24,4,1,1,1,non_inclusive,lru,167288,78954,88334,1254914,1263264,0.993390,0,128,0.000000,9216,294912,0,0,1246318,0,0,158804,4288,5982,1415392,1409410,1524800,115390,0.075675,1261216,866,8222,0,1243188,8940,0,0,0,0.007194,0.998379,0,0,0.006076,0.634547,1,2,3,22,24,24,0,0,3815520,22.808091,0.642961,630,844
R9,3,khkw-R9-s3-32b,26ef6f0,cache,khkw,loas,16,resnet19_T4_n5,layer_09_layer2_0_conv2,3,16384,8,512,64,524288,16,16384,1024,32,8,4,1,khkw_split,-1,16,20,32,12,1,next_burst,4,0,1,2,0,24,4,1,1,1,non_inclusive,lru,165426,78954,86472,1254770,1263264,0.993276,0,128,0.000000,9216,294912,0,0,1246052,0,0,129550,4288,5710,1385600,1379890,1605054,225164,0.140284,1261216,722,8366,0,1240946,11182,0,0,0,0.007194,0.998379,0,0,0.006076,0.645490,2,4,5,23,25,26,0,0,3815520,23.064814,0.645166,630,844
R9,3,khkw-R9-s3-32b,26ef6f0,cache,khkw,loas,16,resnet19_T4_n5,layer_09_layer2_0_conv2,3,16384,8,512,64,524288,16,16384,1024,32,8,4,1,khkw_split,-1,16,20,32,12,1,none,0,0,1,2,0,24,8,1,1,1,non_inclusive,lru,94200,78954,15246,1254048,1263264,0.992705,0,9216,0.000000,9216,294912,0,0,0,0,0,0,241776,4208,245984,241776,241776,0,0.000000,0,0,0,0,0,0,0,0,0,0.000000,0.998379,0,0,0.006076,1.400714,1,1,1,12,15,16,0,0,2554304,27.115754,0.379898,630,844
R9,3,khkw-R9-s3-32b,26ef6f0,cache,khkw,loas,16,resnet19_T4_n5,layer_09_layer2_0_conv2,3,16384,8,512,64,524288,16,16384,1024,32,8,4,1,khkw_split,-1,16,20,32,12,1,next_burst,1,0,1,2,0,24,8,1,1,1,non_inclusive,lru,169688,78954,90734,1254956,1263264,0.993423,0,128,0.000000,9216,294912,0,0,1245734,0,0,197842,4288,5928,1453792,1447864,1509182,61318,0.040630,1261216,908,8180,0,1246710,5418,0,0,0,0.007194,0.998379,0,0,0.006076,1.262710,1,2,2,14,24,24,0,0,3815520,22.485503,0.639764,630,844
R9,3,khkw-R9-s3-32b,26ef6f0,cache,khkw,loas,16,resnet19_T4_n5,layer_09_layer2_0_conv2,3,16384,8,512,64,524288,16,16384,1024,32,8,4,1,khkw_split,-1,16,20,32,12,1,next_burst,2,0,1,2,0,24,8,1,1,1,non_inclusive,lru,167288,78954,88334,1254914,1263264,0.993390,0,128,0.000000,9216,294912,0,0,1246318,0,0,158804,4288,5982,1415392,1409410,1524800,115390,0.075675,1261216,866,8222,0,1243188,8940,0,0,0,0.007194,0.998379,0,0,0.006076,1.269093,1,2,3,22,24,24,0,0,3815520,22.808091,0.644008,630,844
R9,3,khkw-R9-s3-32b,26ef6f0,cache,khkw,loas,16,resnet19_T4_n5,layer_09_layer2_0_conv2,3,16384,8,512,64,524288,16,16384,1024,32,8,4,1,khkw_split,-1,16,20,32,12,1,next_burst,4,0,1,2,0,24,8,1,1,1,non_inclusive,lru,165426,78954,86472,1254770,1263264,0.993276,0,128,0.000000,9216,294912,0,0,1246052,0,0,129550,4288,5710,1385600,1379890,1605054,225164,0.140284,1261216,722,8366,0,1240946,11182,0,0,0,0.007194,0.998379,0,0,0.006076,1.290980,2,4,5,23,25,26,0,0,3815520,23.064814,0.643538,630,844
R9,3,khkw-R9-s3-64b,26ef6f0,cache,khkw,loas,16,resnet19_T4_n5,layer_09_layer2_0_conv2,3,16384,8,256,32,524288,16,8192,512,64,16,4,1,khkw_split,-1,16,20,32,12,1,none,0,0,1,2,0,24,1,1,1,1,non_inclusive,lru,86562,78954,7608,1258656,1263264,0.996352,0,4608,0.000000,4608,294912,0,0,0,0,0,0,120768,3008,123776,120768,120768,0,0.000000,0,0,0,0,0,0,0,0,0,0.000000,0.998379,0,0,0.006076,0.087545,1,1,1,11,15,16,0,0,2540480,29.348675,0.364569,630,844
R9,3,khkw-R9-s3-64b,26ef6f0,cache,khkw,loas,16,resnet19_T4_n5,layer_09_layer2_0_conv2,3,16384,8,256,32,524288,16,8192,512,64,16,4,1,khkw_split,-1,16,20,32,12,1,next_burst,1,0,1,2,0,24,1,1,1,1,non_inclusive,lru,164532,78954,85578,1258788,1263264,0.996457,0,128,0.000000,4608,294912,0,0,1252548,0,0,110274,4288,4186,1371296,1367110,1383518,16408,0.011860,1261216,132,4348,0,1252592,4144,0,0,0,0.003546,0.998379,0,0,0.006076,0.085037,1,1,2,12,20,24,0,0,3801696,23.106119,0.606456,630,844
R9,3,khkw-R9-s3-64b,26ef6f0,cache,khkw,loas,16,resnet19_T4_n5,layer_09_layer2_0_conv2,3,16384,8,256,32,524288,16,8192,512,64,16,4,1,khkw_split,-1,16,20,32,12,1,next_burst,2,0,1,2,0,24,1,1,1,1,non_inclusive,lru,163530,78954,84576,1258938,1263264,0.996576,0,128,0.000000,4608,294912,0,0,1252706,0,0,93894,4288,4376,1355264,1350888,1385090,34202,0.024693,1261216,282,4198,0,1249170,7566,0,0,0,0.003546,0.998379,0,0,0.006076,0.082187,1,2,2,13,23,24,0,0,3801696,23.247698,0.611274,630,844
R9,3,khkw-R9-s3-64b,26ef6f0,cache,khkw,loas,16,resnet19_T4_n5,layer_09_layer2_0_conv2,3,16384,8,256,32,524288,16,8192,512,64,16,4,1,khkw_split,-1,16,20,32,12,1,next_burst,4,0,1,2,0,24,1,1,1,1,non_inclusive,lru,161592,78954,82638,1259034,1263264,0.996652,0,128,0.000000,4608,294912,0,0,1252794,0,0,62646,4288,4528,1324256,1319728,1396552,76824,0.055010,1261216,378,4102,0,1244518,12218,0,0,0,0.003546,0.998379,0,0,0.006076,0.080363,1,2,3,21,24,24,0,0,3801696,23.526511,0.612489,630,844
R9,3,khkw-R9-s3-64b,26ef6f0,cache,khkw,loas,16,resnet19_T4_n5,layer_09_layer2_0_conv2,3,16384,8,256,32,524288,16,8192,512,64,16,4,1,khkw_split,-1,16,20,32,12,1,none,0,0,1,2,0,24,2,1,1,1,non_inclusive,lru,86562,78954,7608,1258656,1263264,0.996352,0,4608,0.000000,4608,294912,0,0,0,0,0,0,120768,3008,123776,120768,120768,0,0.000000,0,0,0,0,0,0,0,0,0,0.000000,0.998379,0,0,0.006076,0.175089,1,1,1,11,15,16,0,0,2540480,29.348675,0.364360,630,844
R9,3,khkw-R9-s3-64b,26ef6f0,cache,khkw,loas,16,resnet19_T4_n5,layer_09_layer2_0_conv2,3,16384,8,256,32,524288,16,8192,512,64,16,4,1,khkw_split,-1,16,20,32,12,1,next_burst,1,0,1,2,0,24,2,1,1,1,non_inclusive,lru,164532,78954,85578,1258788,1263264,0.996457,0,128,0.000000,4608,294912,0,0,1252548,0,0,110274,4288,4186,1371296,1367110,1383518,16408,0.011860,1261216,132,4348,0,1252592,4144,0,0,0,0.003546,0.998379,0,0,0.006076,0.170074,1,1,2,12,20,24,0,0,3801696,23.106119,0.608045,630,844
R9,3,khkw-R9-s3-64b,26ef6f0,cache,khkw,loas,16,resnet19_T4_n5,layer_09_layer2_0_conv2,3,16384,8,256,32,524288,16,8192,512,64,16,4,1,khkw_split,-1,16,20,32,12,1,next_burst,2,0,1,2,0,24,2,1,1,1,non_inclusive,lru,163530,78954,84576,1258938,1263264,0.996576,0,128,0.000000,4608,294912,0,0,1252706,0,0,93894,4288,4376,1355264,1350888,1385090,34202,0.024693,1261216,282,4198,0,1249170,7566,0,0,0,0.003546,0.998379,0,0,0.006076,0.164374,1,2,2,13,23,24,0,0,3801696,23.247698,0.611009,630,844
R9,3,khkw-R9-s3-64b,26ef6f0,cache,khkw,loas,16,resnet19_T4_n5,layer_09_layer2_0_conv2,3,16384,8,256,32,524288,16,8192,512,64,16,4,1,khkw_split,-1,16,20,32,12,1,next_burst,4,0,1,2,0,24,2,1,1,1,non_inclusive,lru,161592,78954,82638,1259034,1263264,0.996652,0,128,0.000000,4608,294912,0,0,1252794,0,0,62646,4288,4528,1324256,1319728,1396552,76824,0.055010,1261216,378,4102,0,1244518,12218,0,0,0,0.003546,0.998379,0,0,0.006076,0.160726,1,2,3,21,24,24,0,0,3801696,23.526511,0.615252,630,844
R9,3,khkw-R9-s3-64b,26ef6f0,cache,khkw,loas,16,resnet19_T4_n5,layer_09_layer2_0_conv2,3,16384,8,256,32,524288,16,8192,512,64,16,4,1,khkw_split,-1,16,20,32,12,1,none,0,0,1,2,0,24,4,1,1,1,non_inclusive,lru,86562,78954,7608,1258656,1263264,0.996352,0,4608,0.000000,4608,294912,0,0,0,0,0,0,120768,3008,123776,120768,120768,0,0.000000,0,0,0,0,0,0,0,0,0,0.000000,0.998379,0,0,0.006076,0.350179,1,1,1,11,15,16,0,0,2540480,29.348675,0.363441,630,844
R9,3,khkw-R9-s3-64b,26ef6f0,cache,khkw,loas,16,resnet19_T4_n5,layer_09_layer2_0_conv2,3,16384,8,256,32,524288,16,8192,512,64,16,4,1,khkw_split,-1,16,20,32,12,1,next_burst,1,0,1,2,0,24,4,1,1,1,non_inclusive,lru,164532,78954,85578,1258788,1263264,0.996457,0,128,0.000000,4608,294912,0,0,1252548,0,0,110274,4288,4186,1371296,1367110,1383518,16408,0.011860,1261216,132,4348,0,1252592,4144,0,0,0,0.003546,0.998379,0,0,0.006076,0.340147,1,1,2,12,20,24,0,0,3801696,23.106119,0.606821,630,844
R9,3,khkw-R9-s3-64b,26ef6f0,cache,khkw,loas,16,resnet19_T4_n5,layer_09_layer2_0_conv2,3,16384,8,256,32,524288,16,8192,512,64,16,4,1,khkw_split,-1,16,20,32,12,1,next_burst,2,0,1,2,0,24,4,1,1,1,non_inclusive,lru,163530,78954,84576,1258938,1263264,0.996576,0,128,0.000000,4608,294912,0,0,1252706,0,0,93894,4288,4376,1355264,1350888,1385090,34202,0.024693,1261216,282,4198,0,1249170,7566,0,0,0,0.003546,0.998379,0,0,0.006076,0.328748,1,2,2,13,23,24,0,0,3801696,23.247698,0.618924,630,844
R9,3,khkw-R9-s3-64b,26ef6f0,cache,khkw,loas,16,resnet19_T4_n5,layer_09_layer2_0_conv2,3,16384,8,256,32,524288,16,8192,512,64,16,4,1,khkw_split,-1,16,20,32,12,1,next_burst,4,0,1,2,0,24,4,1,1,1,non_inclusive,lru,161592,78954,82638,1259034,1263264,0.996652,0,128,0.000000,4608,294912,0,0,1252794,0,0,62646,4288,4528,1324256,1319728,1396552,76824,0.055010,1261216,378,4102,0,1244518,12218,0,0,0,0.003546,0.998379,0,0,0.006076,0.321453,1,2,3,21,24,24,0,0,3801696,23.526511,0.610383,630,844
R9,3,khkw-R9-s3-64b,26ef6f0,cache,khkw,loas,16,resnet19_T4_n5,layer_09_layer2_0_conv2,3,16384,8,256,32,524288,16,8192,512,64,16,4,1,khkw_split,-1,16,20,32,12,1,none,0,0,1,2,0,24,8,1,1,1,non_inclusive,lru,86562,78954,7608,1258656,1263264,0.996352,0,4608,0.000000,4608,294912,0,0,0,0,0,0,120768,3008,123776,120768,120768,0,0.000000,0,0,0,0,0,0,0,0,0,0.000000,0.998379,0,0,0.006076,0.700357,1,1,1,11,15,16,0,0,2540480,29.348675,0.373095,630,844
R9,3,khkw-R9-s3-64b,26ef6f0,cache,khkw,loas,16,resnet19_T4_n5,layer_09_layer2_0_conv2,3,16384,8,256,32,524288,16,8192,512,64,16,4,1,khkw_split,-1,16,20,32,12,1,next_burst,1,0,1,2,0,24,8,1,1,1,non_inclusive,lru,164532,78954,85578,1258788,1263264,0.996457,0,128,0.000000,4608,294912,0,0,1252548,0,0,110274,4288,4186,1371296,1367110,1383518,16408,0.011860,1261216,132,4348,0,1252592,4144,0,0,0,0.003546,0.998379,0,0,0.006076,0.680295,1,1,2,12,20,24,0,0,3801696,23.106119,0.608850,630,844
R9,3,khkw-R9-s3-64b,26ef6f0,cache,khkw,loas,16,resnet19_T4_n5,layer_09_layer2_0_conv2,3,16384,8,256,32,524288,16,8192,512,64,16,4,1,khkw_split,-1,16,20,32,12,1,next_burst,2,0,1,2,0,24,8,1,1,1,non_inclusive,lru,163530,78954,84576,1258938,1263264,0.996576,0,128,0.000000,4608,294912,0,0,1252706,0,0,93894,4288,4376,1355264,1350888,1385090,34202,0.024693,1261216,282,4198,0,1249170,7566,0,0,0,0.003546,0.998379,0,0,0.006076,0.657497,1,2,2,13,23,24,0,0,3801696,23.247698,0.614205,630,844
R9,3,khkw-R9-s3-64b,26ef6f0,cache,khkw,loas,16,resnet19_T4_n5,layer_09_layer2_0_conv2,3,16384,8,256,32,524288,16,8192,512,64,16,4,1,khkw_split,-1,16,20,32,12,1,next_burst,4,0,1,2,0,24,8,1,1,1,non_inclusive,lru,161592,78954,82638,1259034,1263264,0.996652,0,128,0.000000,4608,294912,0,0,1252794,0,0,62646,4288,4528,1324256,1319728,1396552,76824,0.055010,1261216,378,4102,0,1244518,12218,0,0,0,0.003546,0.998379,0,0,0.006076,0.642906,1,2,3,21,24,24,0,0,3801696,23.526511,0.612112,630,844
R9,4,khkw-R9-s4-16b,26ef6f0,cache,khkw,loas,16,resnet19_T4_n5,layer_09_layer2_0_conv2,4,16384,8,1024,128,524288,16,32768,2048,16,4,4,1,khkw_split,-1,16,20,32,12,1,none,0,0,1,2,0,24,1,1,1,1,non_inclusive,lru,115568,85106,30462,1343264,1361696,0.986464,0,18432,0.000000,18432,294912,0,0,0,0,0,0,483312,6128,489440,483312,483312,0,0.000000,0,0,0,0,0,0,0,0,0,0.000000,0.998496,0,0,0.011719,0.324865,1,1,1,12,15,16,0,0,2778816,24.044857,0.418759,735,966
R9,4,khkw-R9-s4-16b,26ef6f0,cache,khkw,loas,16,resnet19_T4_n5,layer_09_layer2_0_conv2,4,16384,8,1024,128,524288,16,32768,2048,16,4,4,1,khkw_split,-1,16,20,32,12,1,next_burst,1,0,1,2,0,24,1,1,1,1,non_inclusive,lru,191632,85106,106526,1345916,1361696,0.988412,0,128,0.000000,18432,294912,0,0,1332094,0,0,361474,4288,8608,1706464,1697856,1874238,176382,0.094109,1359648,2652,15652,0,1337078,4266,0,0,0,0.013442,0.998496,0,0,0.011719,0.278124,1,2,2,19,24,24,0,0,4138464,21.595892,0.688846,735,966
R9,4,khkw-R9-s4-16b,26ef6f0,cache,khkw,loas,16,resnet19_T4_n5,layer_09_layer2_0_conv2,4,16384,8,1024,128,524288,16,32768,2048,16,4,4,1,khkw_split,-1,16,20,32,12,1,next_burst,2,0,1,2,0,24,1,1,1,1,non_inclusive,lru,188756,85106,103650,1344980,1361696,0.987724,0,128,0.000000,18432,294912,0,0,1332860,0,0,313554,4288,9746,1660448,1650702,1963414,312712,0.159270,1359648,1716,16588,0,1334942,6402,0,0,0,0.013442,0.998496,0,0,0.011719,0.294621,1,3,3,23,24,24,0,0,4138464,21.924940,0.701333,735,966
R9,4,khkw-R9-s4-16b,26ef6f0,cache,khkw,loas,16,resnet19_T4_n5,layer_09_layer2_0_conv2,4,16384,8,1024,128,524288,16,32768,2048,16,4,4,1,khkw_split,-1,16,20,32,12,1,next_burst,4,0,1,2,0,24,1,1,1,1,non_inclusive,lru,186756,85106,101650,1345242,1361696,0.987917,0,128,0.000000,18432,294912,0,0,1333248,0,0,281994,4288,8918,1628448,1619530,2247408,627878,0.279379,1359648,1978,16326,0,1334502,6842,0,0,0,0.013442,0.998496,0,0,0.011719,0.290003,2,4,5,23,24,24,0,0,4138464,22.159738,0.699752,735,966
R9,4,khkw-R9-s4-16b,26ef6f0,cache,khkw,loas,16,resnet19_T4_n5,layer_09_layer2_0_conv2,4,16384,8,1024,128,524288,16,32768,2048,16,4,4,1,khkw_split,-1,16,20,32,12,1,none,0,0,1,2,0,24,2,1,1,1,non_inclusive,lru,115568,85106,30462,1343264,1361696,0.986464,0,18432,0.000000,18432,294912,0,0,0,0,0,0,483312,6128,489440,483312,483312,0,0.000000,0,0,0,0,0,0,0,0,0,0.000000,0.998496,0,0,0.011719,0.649731,1,1,1,12,15,16,0,0,2778816,24.044857,0.413819,735,966
R9,4,khkw-R9-s4-16b,26ef6f0,cache,khkw,loas,16,resnet19_T4_n5,layer_09_layer2_0_conv2,4,16384,8,1024,128,524288,16,32768,2048,16,4,4,1,khkw_split,-1,16,20,32,12,1,next_burst,1,0,1,2,0,24,2,1,1,1,non_inclusive,lru,191632,85106,106526,1345916,1361696,0.988412,0,128,0.000000,18432,294912,0,0,1332094,0,0,361474,4288,8608,1706464,1697856,1874238,176382,0.094109,1359648,2652,15652,0,1337078,4266,0,0,0,0.013442,0.998496,0,0,0.011719,0.556248,1,2,2,19,24,27,0,0,4138464,21.595892,0.686194,735,966
R9,4,khkw-R9-s4-16b,26ef6f0,cache,khkw,loas,16,resnet19_T4_n5,layer_09_layer2_0_conv2,4,16384,8,1024,128,524288,16,32768,2048,16,4,4,1,khkw_split,-1,16,20,32,12,1,next_burst,2,0,1,2,0,24,2,1,1,1,non_inclusive,lru,188728,85106,103622,1344636,1361696,0.987472,0,128,0.000000,18432,294912,0,0,1332410,0,0,313164,4288,10138,1660000,1649862,1960816,310954,0.158584,1359648,1372,16932,0,1334896,6448,0,0,0,0.013442,0.998496,0,0,0.011719,0.601368,1,3,3,23,25,32,4,0,4138590,21.928861,0.696781,735,966
R9,4,khkw-R9-s4-16b,26ef6f0,cache,khkw,loas,16,resnet19_T4_n5,layer_09_layer2_0_conv2,4,16384,8,1024,128,524288,16,32768,2048,16,4,4,1,khkw_split,-1,16,20,32,12,1,next_burst,4,0,1,2,0,24,2,1,1,1,non_inclusive,lru,186918,85106,101812,1344944,1361696,0.987698,0,128,0.000000,18432,294912,0,0,1332882,0,0,284154,4288,9716,1631040,1621324,2257866,636542,0.281922,1359648,1680,16624,0,1334548,6796,0,0,0,0.013442,0.998496,0,0,0.011719,0.590511,2,4,5,23,24,32,18,0,4139006,22.143432,0.700648,735,966
R9,4,khkw-R9-s4-16b,26ef6f0,cache,khkw,loas,16,resnet19_T4_n5,layer_09_layer2_0_conv2,4,16384,8,1024,128,524288,16,32768,2048,16,4,4,1,khkw_split,-1,16,20,32,12,1,none,0,0,1,2,0,24,4,1,1,1,non_inclusive,lru,115568,85106,30462,1343264,1361696,0.986464,0,18432,0.000000,18432,294912,0,0,0,0,0,0,483312,6128,489440,483312,483312,0,0.000000,0,0,0,0,0,0,0,0,0,0.000000,0.998496,0,0,0.011719,1.299462,1,1,1,12,15,16,0,0,2778816,24.044857,0.413248,735,966
R9,4,khkw-R9-s4-16b,26ef6f0,cache,khkw,loas,16,resnet19_T4_n5,layer_09_layer2_0_conv2,4,16384,8,1024,128,524288,16,32768,2048,16,4,4,1,khkw_split,-1,16,20,32,12,1,next_burst,1,0,1,2,0,24,4,1,1,1,non_inclusive,lru,191628,85106,106522,1345868,1361696,0.988376,0,128,0.000000,18432,294912,0,0,1332082,0,0,361378,4288,8652,1706400,1697748,1874038,176290,0.094070,1359648,2604,15700,0,1337080,4264,0,0,0,0.013442,0.998496,0,0,0.011719,1.115879,1,2,2,19,24,28,0,0,4138464,21.596343,0.688430,735,966
R9,4,khkw-R9-s4-16b,26ef6f0,cache,khkw,loas,16,resnet19_T4_n5,layer_09_layer2_0_conv2,4,16384,8,1024,128,524288,16,32768,2048,16,4,4,1,khkw_split,-1,16,20,32,12,1,next_burst,2,0,1,2,0,24,4,1,1,1,non_inclusive,lru,188730,85106,103624,1344610,1361696,0.987452,0,128,0.000000,18432,294912,0,0,1332388,0,0,313206,4288,10150,1660032,1649882,1960854,310972,0.158590,1359648,1346,16958,0,1334896,6448,0,0,0,0.013442,0.998496,0,0,0.011719,1.204568,1,3,3,23,25,32,4,0,4138666,21.929031,0.694771,735,966
R9,4,khkw-R9-s4-16b,26ef6f0,cache,khkw,loas,16,resnet19_T4_n5,layer_09_layer2_0_conv2,4,16384,8,1024,128,524288,16,32768,2048,16,4,4,1,khkw_split,-1,16,20,32,12,1,next_burst,4,0,1,2,0,24,4,1,1,1,non_inclusive,lru,187288,85106,102182,1344800,1361696,0.987592,0,128,0.000000,18432,294912,0,0,1332594,0,0,289286,4288,10792,1636960,1626168,2275366,649198,0.285316,1359648,1536,16768,0,1334560,6784,0,0,0,0.013442,0.998496,0,0,0.011719,1.191173,2,4,5,23,24,32,24,0,4139620,22.102964,0.697651,735,966
R9,4,khkw-R9-s4-16b,26ef6f0,cache,khkw,loas,16,resnet19_T4_n5,layer_09_layer2_0_conv2,4,16384,8,1024,128,524288,16,32768,2048,16,4,4,1,khkw_split,-1,16,20,32,12,1,none,0,0,1,2,0,24,8,1,1,1,non_inclusive,lru,115568,85106,30462,1343264,1361696,0.986464,0,18432,0.000000,18432,294912,0,0,0,0,0,0,483312,6128,489440,483312,483312,0,0.000000,0,0,0,0,0,0,0,0,0,0.000000,0.998496,0,0,0.011719,2.598924,1,1,1,12,15,16,0,0,2778816,24.044857,0.417488,735,966
R9,4,khkw-R9-s4-16b,26ef6f0,cache,khkw,loas,16,resnet19_T4_n5,layer_09_layer2_0_conv2,4,16384,8,1024,128,524288,16,32768,2048,16,4,4,1,khkw_split,-1,16,20,32,12,1,next_burst,1,0,1,2,0,24,8,1,1,1,non_inclusive,lru,191628,85106,106522,1345868,1361696,0.988376,0,128,0.000000,18432,294912,0,0,1332082,0,0,361378,4288,8652,1706400,1697748,1874038,176290,0.094070,1359648,2604,15700,0,1337080,4264,0,0,0,0.013442,0.998496,0,0,0.011719,2.231758,1,2,2,19,24,28,0,0,4138464,21.596343,0.688665,735,966
R9,4,khkw-R9-s4-16b,26ef6f0,cache,khkw,loas,16,resnet19_T4_n5,layer_09_layer2_0_conv2,4,16384,8,1024,128,524288,16,32768,2048,16,4,4,1,khkw_split,-1,16,20,32,12,1,next_burst,2,0,1,2,0,24,8,1,1,1,non_inclusive,lru,188730,85106,103624,1344610,1361696,0.987452,0,128,0.000000,18432,294912,0,0,1332388,0,0,313206,4288,10150,1660032,1649882,1960854,310972,0.158590,1359648,1346,16958,0,1334896,6448,0,0,0,0.013442,0.998496,0,0,0.011719,2.409137,1,3,3,23,25,32,4,0,4138666,21.929031,0.703751,735,966
R9,4,khkw-R9-s4-16b,26ef6f0,cache,khkw,loas,16,resnet19_T4_n5,layer_09_layer2_0_conv2,4,16384,8,1024,128,524288,16,32768,2048,16,4,4,1,khkw_split,-1,16,20,32,12,1,next_burst,4,0,1,2,0,24,8,1,1,1,non_inclusive,lru,187288,85106,102182,1344800,1361696,0.987592,0,128,0.000000,18432,294912,0,0,1332594,0,0,289286,4288,10792,1636960,1626168,2275366,649198,0.285316,1359648,1536,16768,0,1334560,6784,0,0,0,0.013442,0.998496,0,0,0.011719,2.382347,2,4,5,23,24,32,24,0,4139620,22.102964,0.697272,735,966
R9,4,khkw-R9-s4-32b,26ef6f0,cache,khkw,loas,16,resnet19_T4_n5,layer_09_layer2_0_conv2,4,16384,8,512,64,524288,16,16384,1024,32,8,4,1,khkw_split,-1,16,20,32,12,1,none,0,0,1,2,0,24,1,1,1,1,non_inclusive,lru,100352,85106,15246,1352480,1361696,0.993232,0,9216,0.000000,9216,294912,0,0,0,0,0,0,241776,4208,245984,241776,241776,0,0.000000,0,0,0,0,0,0,0,0,0,0.000000,0.998496,0,0,0.011719,0.162433,1,1,1,12,15,16,0,0,2751168,27.415179,0.398210,735,966
R9,4,khkw-R9-s4-32b,26ef6f0,cache,khkw,loas,16,resnet19_T4_n5,layer_09_layer2_0_conv2,4,16384,8,512,64,524288,16,16384,1024,32,8,4,1,khkw_split,-1,16,20,32,12,1,next_burst,1,0,1,2,0,24,1,1,1,1,non_inclusive,lru,181390,85106,96284,1353672,1361696,0.994107,0,128,0.000000,9216,294912,0,0,1344808,0,0,187310,4288,6186,1542592,1536406,1608340,71934,0.044726,1359648,1192,7896,0,1346186,4374,0,0,0,0.006674,0.998496,0,0,0.011719,0.141424,1,2,2,15,24,24,0,0,4110816,22.662859,0.663313,735,966
R9,4,khkw-R9-s4-32b,26ef6f0,cache,khkw,loas,16,resnet19_T4_n5,layer_09_layer2_0_conv2,4,16384,8,512,64,524288,16,16384,1024,32,8,4,1,khkw_split,-1,16,20,32,12,1,next_burst,2,0,1,2,0,24,1,1,1,1,non_inclusive,lru,179326,85106,94220,1353596,1361696,0.994052,0,128,0.000000,9216,294912,0,0,1345394,0,0,153754,4288,6132,1509568,1503436,1627918,124482,0.076467,1359648,1116,7972,0,1342948,7612,0,0,0,0.006674,0.998496,0,0,0.011719,0.142763,1,2,3,22,24,24,0,0,4110816,22.923703,0.671152,735,966
R9,4,khkw-R9-s4-32b,26ef6f0,cache,khkw,loas,16,resnet19_T4_n5,layer_09_layer2_0_conv2,4,16384,8,512,64,524288,16,16384,1024,32,8,4,1,khkw_split,-1,16,20,32,12,1,next_burst,4,0,1,2,0,24,1,1,1,1,non_inclusive,lru,177802,85106,92696,1353508,1361696,0.993987,0,128,0.000000,9216,294912,0,0,1345406,0,0,129924,4288,5566,1485184,1479618,1732546,252928,0.145986,1359648,1028,8060,0,1341030,9530,0,0,0,0.006674,0.998496,0,0,0.011719,0.144314,2,4,5,23,24,24,0,0,4110816,23.120190,0.670300,735,966
R9,4,khkw-R9-s4-32b,26ef6f0,cache,khkw,loas,16,resnet19_T4_n5,layer_09_layer2_0_conv2,4,16384,8,512,64,524288,16,16384,1024,32,8,4,1,khkw_split,-1,16,20,32,12,1,none,0,0,1,2,0,24,2,1,1,1,non_inclusive,lru,100352,85106,15246,1352480,1361696,0.993232,0,9216,0.000000,9216,294912,0,0,0,0,0,0,241776,4208,245984,241776,241776,0,0.000000,0,0,0,0,0,0,0,0,0,0.000000,0.998496,0,0,0.011719,0.324865,1,1,1,12,15,16,0,0,2751168,27.415179,0.401802,735,966
R9,4,khkw-R9-s4-32b,26ef6f0,cache,khkw,loas,16,resnet19_T4_n5,layer_09_layer2_0_conv2,4,16384,8,512,64,524288,16,16384,1024,32,8,4,1,khkw_split,-1,16,20,32,12,1,next_burst,1,0,1,2,0,24,2,1,1,1,non_inclusive,lru,181390,85106,96284,1353682,1361696,0.994115,0,128,0.000000,9216,294912,0,0,1344818,0,0,187292,4288,6194,1542592,1536398,1608330,71932,0.044725,1359648,1202,7886,0,1346192,4368,0,0,0,0.006674,0.998496,0,0,0.011719,0.282495,1,2,2,15,24,26,0,0,4110816,22.662859,0.662208,735,966
R9,4,khkw-R9-s4-32b,26ef6f0,cache,khkw,loas,16,resnet19_T4_n5,layer_09_layer2_0_conv2,4,16384,8,512,64,524288,16,16384,1024,32,8,4,1,khkw_split,-1,16,20,32,12,1,next_burst,2,0,1,2,0,24,2,1,1,1,non_inclusive,lru,179326,85106,94220,1353596,1361696,0.994052,0,128,0.000000,9216,294912,0,0,1345394,0,0,153754,4288,6132,1509568,1503436,1627918,124482,0.076467,1359648,1116,7972,0,1342948,7612,0,0,0,0.006674,0.998496,0,0,0.011719,0.285526,1,2,3,22,24,24,0,0,4110816,22.923703,0.669128,735,966
R9,4,khkw-R9-s4-32b,26ef6f0,cache,khkw,loas,16,resnet19_T4_n5,layer_09_layer2_0_conv2,4,16384,8,512,64,524288,16,16384,1024,32,8,4,1,khkw_split,-1,16,20,32,12,1,next_burst,4,0,1,2,0,24,2,1,1,1,non_inclusive,lru,177824,85106,92718,1353532,1361696,0.994005,0,128,0.000000,9216,294912,0,0,1345452,0,0,129982,4288,5814,1485536,1479722,1732826,253104,0.146064,1359648,1052,8036,0,1341022,9538,0,0,0,0.006674,0.998496,0,0,0.011719,0.287782,2,4,5,23,24,32,4,0,4110848,23.117509,0.670746,735,966
R9,4,khkw-R9-s4-32b,26ef6f0,cache,khkw,loas,16,resnet19_T4_n5,layer_09_layer2_0_conv2,4,16384,8,512,64,524288,16,16384,1024,32,8,4,1,khkw_split,-1,16,20,32,12,1,none,0,0,1,2,0,24,4,1,1,1,non_inclusive,lru,100352,85106,15246,1352480,1361696,0.993232,0,9216,0.000000,9216,294912,0,0,0,0,0,0,241776,4208,245984,241776,241776,0,0.000000,0,0,0,0,0,0,0,0,0,0.000000,0.998496,0,0,0.011719,0.649731,1,1,1,12,15,16,0,0,2751168,27.415179,0.398686,735,966
R9,4,khkw-R9-s4-32b,26ef6f0,cache,khkw,loas,16,resnet19_T4_n5,layer_09_layer2_0_conv2,4,16384,8,512,64,524288,16,16384,1024,32,8,4,1,khkw_split,-1,16,20,32,12,1,next_burst,1,0,1,2,0,24,4,1,1,1,non_inclusive,lru,181390,85106,96284,1353666,1361696,0.994103,0,128,0.000000,9216,294912,0,0,1344804,0,0,187366,4288,6134,1542592,1536458,1608400,71942,0.044729,1359648,1186,7902,0,1346184,4376,0,0,0,0.006674,0.998496,0,0,0.011719,0.566118,1,2,2,15,24,26,0,0,4110816,22.662859,0.662823,735,966
R9,4,khkw-R9-s4-32b,26ef6f0,cache,khkw,loas,16,resnet19_T4_n5,layer_09_layer2_0_conv2,4,16384,8,512,64,524288,16,16384,1024,32,8,4,1,khkw_split,-1,16,20,32,12,1,next_burst,2,0,1,2,0,24,4,1,1,1,non_inclusive,lru,179326,85106,94220,1353606,1361696,0.994059,0,128,0.000000,9216,294912,0,0,1345410,0,0,153738,4288,6132,1509568,1503436,1627932,124496,0.076475,1359648,1126,7962,0,1342950,7610,0,0,0,0.006674,0.998496,0,0,0.011719,0.570348,1,2,3,22,24,27,0,0,4110816,22.923703,0.684593,735,966
R9,4,khkw-R9-s4-32b,26ef6f0,cache,khkw,loas,16,resnet19_T4_n5,layer_09_layer2_0_conv2,4,16384,8,512,64,524288,16,16384,1024,32,8,4,1,khkw_split,-1,16,20,32,12,1,next_burst,4,0,1,2,0,24,4,1,1,1,non_inclusive,lru,177832,85106,92726,1353566,1361696,0.994030,0,128,0.000000,9216,294912,0,0,1345510,0,0,130002,4288,5864,1485664,1479800,1733136,253336,0.146172,1359648,1086,8002,0,1341040,9520,0,0,0,0.006674,0.998496,0,0,0.011719,0.573168,2,4,5,23,27,32,7,0,4110930,23.116931,0.671280,735,966
R9,4,khkw-R9-s4-32b,26ef6f0,cache,khkw,loas,16,resnet19_T4_n5,layer_09_layer2_0_conv2,4,16384,8,512,64,524288,16,16384,1024,32,8,4,1,khkw_split,-1,16,20,32,12,1,none,0,0,1,2,0,24,8,1,1,1,non_inclusive,lru,100352,85106,15246,1352480,1361696,0.993232,0,9216,0.000000,9216,294912,0,0,0,0,0,0,241776,4208,245984,241776,241776,0,0.000000,0,0,0,0,0,0,0,0,0,0.000000,0.998496,0,0,0.011719,1.299462,1,1,1,12,15,16,0,0,2751168,27.415179,0.396581,735,966
R9,4,khkw-R9-s4-32b,26ef6f0,cache,khkw,loas,16,resnet19_T4_n5,layer_09_layer2_0_conv2,4,16384,8,512,64,524288,16,16384,1024,32,8,4,1,khkw_split,-1,16,20,32,12,1,next_burst,1,0,1,2,0,24,8,1,1,1,non_inclusive,lru,181390,85106,96284,1353666,1361696,0.994103,0,128,0.000000,9216,294912,0,0,1344804,0,0,187366,4288,6134,1542592,1536458,1608400,71942,0.044729,1359648,1186,7902,0,1346184,4376,0,0,0,0.006674,0.998496,0,0,0.011719,1.132235,1,2,2,15,24,26,0,0,4110816,22.662859,0.665370,735,966
R9,4,khkw-R9-s4-32b,26ef6f0,cache,khkw,loas,16,resnet19_T4_n5,layer_09_layer2_0_conv2,4,16384,8,512,64,524288,16,16384,1024,32,8,4,1,khkw_split,-1,16,20,32,12,1,next_burst,2,0,1,2,0,24,8,1,1,1,non_inclusive,lru,179326,85106,94220,1353606,1361696,0.994059,0,128,0.000000,9216,294912,0,0,1345410,0,0,153738,4288,6132,1509568,1503436,1627932,124496,0.076475,1359648,1126,7962,0,1342950,7610,0,0,0,0.006674,0.998496,0,0,0.011719,1.140695,1,2,3,22,24,27,0,0,4110816,22.923703,0.669795,735,966
R9,4,khkw-R9-s4-32b,26ef6f0,cache,khkw,loas,16,resnet19_T4_n5,layer_09_layer2_0_conv2,4,16384,8,512,64,524288,16,16384,1024,32,8,4,1,khkw_split,-1,16,20,32,12,1,next_burst,4,0,1,2,0,24,8,1,1,1,non_inclusive,lru,177832,85106,92726,1353566,1361696,0.994030,0,128,0.000000,9216,294912,0,0,1345510,0,0,130002,4288,5864,1485664,1479800,1733136,253336,0.146172,1359648,1086,8002,0,1341040,9520,0,0,0,0.006674,0.998496,0,0,0.011719,1.146335,2,4,5,23,27,32,7,0,4110930,23.116931,0.670338,735,966
R9,4,khkw-R9-s4-64b,26ef6f0,cache,khkw,loas,16,resnet19_T4_n5,layer_09_layer2_0_conv2,4,16384,8,256,32,524288,16,8192,512,64,16,4,1,khkw_split,-1,16,20,32,12,1,none,0,0,1,2,0,24,1,1,1,1,non_inclusive,lru,92744,85106,7638,1357088,1361696,0.996616,0,4608,0.000000,4608,294912,0,0,0,0,0,0,121008,3248,124256,121008,121008,0,0.000000,0,0,0,0,0,0,0,0,0,0.000000,0.998496,0,0,0.011719,0.081216,1,1,1,11,15,16,0,0,2737344,29.515052,0.391356,735,966
R9,4,khkw-R9-s4-64b,26ef6f0,cache,khkw,loas,16,resnet19_T4_n5,layer_09_layer2_0_conv2,4,16384,8,256,32,524288,16,8192,512,64,16,4,1,khkw_split,-1,16,20,32,12,1,next_burst,1,0,1,2,0,24,1,1,1,1,non_inclusive,lru,176994,85106,91888,1357156,1361696,0.996666,0,128,0.000000,4608,294912,0,0,1350852,0,0,112224,4288,4892,1472256,1467364,1482000,14636,0.009876,1359648,68,4412,0,1350924,4244,0,0,0,0.003290,0.998496,0,0,0.011719,0.080018,1,1,2,12,18,24,0,0,4096992,23.147632,0.648670,735,966
R9,4,khkw-R9-s4-64b,26ef6f0,cache,khkw,loas,16,resnet19_T4_n5,layer_09_layer2_0_conv2,4,16384,8,256,32,524288,16,8192,512,64,16,4,1,khkw_split,-1,16,20,32,12,1,next_burst,2,0,1,2,0,24,1,1,1,1,non_inclusive,lru,175616,85106,90510,1357504,1361696,0.996921,0,128,0.000000,4608,294912,0,0,1351360,0,0,89732,4288,4828,1450208,1445380,1483594,38214,0.025758,1359648,416,4064,0,1347984,7184,0,0,0,0.003290,0.998496,0,0,0.011719,0.073884,1,2,2,13,24,24,0,0,4096992,23.329264,0.654660,735,966
R9,4,khkw-R9-s4-64b,26ef6f0,cache,khkw,loas,16,resnet19_T4_n5,layer_09_layer2_0_conv2,4,16384,8,256,32,524288,16,8192,512,64,16,4,1,khkw_split,-1,16,20,32,12,1,next_burst,4,0,1,2,0,24,1,1,1,1,non_inclusive,lru,173660,85106,88554,1357512,1361696,0.996927,0,128,0.000000,4608,294912,0,0,1351190,0,0,58682,4288,4752,1418912,1414160,1493074,78914,0.052853,1359648,424,4056,0,1344102,11066,0,0,0,0.003290,0.998496,0,0,0.011719,0.073743,1,2,3,21,24,24,0,0,4096992,23.592030,0.657493,735,966
R9,4,khkw-R9-s4-64b,26ef6f0,cache,khkw,loas,16,resnet19_T4_n5,layer_09_layer2_0_conv2,4,16384,8,256,32,524288,16,8192,512,64,16,4,1,khkw_split,-1,16,20,32,12,1,none,0,0,1,2,0,24,2,1,1,1,non_inclusive,lru,92744,85106,7638,1357088,1361696,0.996616,0,4608,0.000000,4608,294912,0,0,0,0,0,0,121008,3248,124256,121008,121008,0,0.000000,0,0,0,0,0,0,0,0,0,0.000000,0.998496,0,0,0.011719,0.162433,1,1,1,11,15,16,0,0,2737344,29.515052,0.391117,735,966
R9,4,khkw-R9-s4-64b,26ef6f0,cache,khkw,loas,16,resnet19_T4_n5,layer_09_layer2_0_conv2,4,16384,8,256,32,524288,16,8192,512,64,16,4,1,khkw_split,-1,16,20,32,12,1,next_burst,1,0,1,2,0,24,2,1,1,1,non_inclusive,lru,176994,85106,91888,1357156,1361696,0.996666,0,128,0.000000,4608,294912,0,0,1350852,0,0,112224,4288,4892,1472256,1467364,1482000,14636,0.009876,1359648,68,4412,0,1350924,4244,0,0,0,0.003290,0.998496,0,0,0.011719,0.160036,1,1,2,12,18,24,0,0,4096992,23.147632,0.649089,735,966
R9,4,khkw-R9-s4-64b,26ef6f0,cache,khkw,loas,16,resnet19_T4_n5,layer_09_layer2_0_conv2,4,16384,8,256,32,524288,16,8192,512,64,16,4,1,khkw_split,-1,16,20,32,12,1,next_burst,2,0,1,2,0,24,2,1,1,1,non_inclusive,lru,175616,85106,90510,1357504,1361696,0.996921,0,128,0.000000,4608,294912,0,0,1351360,0,0,89732,4288,4828,1450208,1445380,1483594,38214,0.025758,1359648,416,4064,0,1347984,7184,0,0,0,0.003290,0.998496,0,0,0.011719,0.147769,1,2,2,13,24,24,0,0,4096992,23.329264,0.653776,735,966
R9,4,khkw-R9-s4-64b,26ef6f0,cache,khkw,loas,16,resnet19_T4_n5,layer_09_layer2_0_conv2,4,16384,8,256,32,524288,16,8192,512,64,16,4,1,khkw_split,-1,16,20,32,12,1,next_burst,4,0,1,2,0,24,2,1,1,1,non_inclusive,lru,173660,85106,88554,1357512,1361696,0.996927,0,128,0.000000,4608,294912,0,0,1351190,0,0,58682,4288,4752,1418912,1414160,1493074,78914,0.052853,1359648,424,4056,0,1344102,11066,0,0,0,0.003290,0.998496,0,0,0.011719,0.147487,1,2,3,22,24,25,0,0,4096992,23.592030,0.657634,735,966
R9,4,khkw-R9-s4-64b,26ef6f0,cache,khkw,loas,16,resnet19_T4_n5,layer_09_layer2_0_conv2,4,16384,8,256,32,524288,16,8192,512,64,16,4,1,khkw_split,-1,16,20,32,12,1,none,0,0,1,2,0,24,4,1,1,1,non_inclusive,lru,92744,85106,7638,1357088,1361696,0.996616,0,4608,0.000000,4608,294912,0,0,0,0,0,0,121008,3248,124256,121008,121008,0,0.000000,0,0,0,0,0,0,0,0,0,0.000000,0.998496,0,0,0.011719,0.324865,1,1,1,11,15,16,0,0,2737344,29.515052,0.391590,735,966
R9,4,khkw-R9-s4-64b,26ef6f0,cache,khkw,loas,16,resnet19_T4_n5,layer_09_layer2_0_conv2,4,16384,8,256,32,524288,16,8192,512,64,16,4,1,khkw_split,-1,16,20,32,12,1,next_burst,1,0,1,2,0,24,4,1,1,1,non_inclusive,lru,176994,85106,91888,1357156,1361696,0.996666,0,128,0.000000,4608,294912,0,0,1350852,0,0,112224,4288,4892,1472256,1467364,1482000,14636,0.009876,1359648,68,4412,0,1350924,4244,0,0,0,0.003290,0.998496,0,0,0.011719,0.320071,1,1,2,12,18,24,0,0,4096992,23.147632,0.648847,735,966
R9,4,khkw-R9-s4-64b,26ef6f0,cache,khkw,loas,16,resnet19_T4_n5,layer_09_layer2_0_conv2,4,16384,8,256,32,524288,16,8192,512,64,16,4,1,khkw_split,-1,16,20,32,12,1,next_burst,2,0,1,2,0,24,4,1,1,1,non_inclusive,lru,175616,85106,90510,1357504,1361696,0.996921,0,128,0.000000,4608,294912,0,0,1351360,0,0,89732,4288,4828,1450208,1445380,1483594,38214,0.025758,1359648,416,4064,0,1347984,7184,0,0,0,0.003290,0.998496,0,0,0.011719,0.295537,1,2,2,13,24,24,0,0,4096992,23.329264,0.668858,735,966
R9,4,khkw-R9-s4-64b,26ef6f0,cache,khkw,loas,16,resnet19_T4_n5,layer_09_layer2_0_conv2,4,16384,8,256,32,524288,16,8192,512,64,16,4,1,khkw_split,-1,16,20,32,12,1,next_burst,4,0,1,2,0,24,4,1,1,1,non_inclusive,lru,173660,85106,88554,1357512,1361696,0.996927,0,128,0.000000,4608,294912,0,0,1351190,0,0,58682,4288,4752,1418912,1414160,1493074,78914,0.052853,1359648,424,4056,0,1344102,11066,0,0,0,0.003290,0.998496,0,0,0.011719,0.294973,1,2,3,22,24,25,0,0,4096992,23.592030,0.657447,735,966
R9,4,khkw-R9-s4-64b,26ef6f0,cache,khkw,loas,16,resnet19_T4_n5,layer_09_layer2_0_conv2,4,16384,8,256,32,524288,16,8192,512,64,16,4,1,khkw_split,-1,16,20,32,12,1,none,0,0,1,2,0,24,8,1,1,1,non_inclusive,lru,92744,85106,7638,1357088,1361696,0.996616,0,4608,0.000000,4608,294912,0,0,0,0,0,0,121008,3248,124256,121008,121008,0,0.000000,0,0,0,0,0,0,0,0,0,0.000000,0.998496,0,0,0.011719,0.649731,1,1,1,11,15,16,0,0,2737344,29.515052,0.391734,735,966
R9,4,khkw-R9-s4-64b,26ef6f0,cache,khkw,loas,16,resnet19_T4_n5,layer_09_layer2_0_conv2,4,16384,8,256,32,524288,16,8192,512,64,16,4,1,khkw_split,-1,16,20,32,12,1,next_burst,1,0,1,2,0,24,8,1,1,1,non_inclusive,lru,176994,85106,91888,1357156,1361696,0.996666,0,128,0.000000,4608,294912,0,0,1350852,0,0,112224,4288,4892,1472256,1467364,1482000,14636,0.009876,1359648,68,4412,0,1350924,4244,0,0,0,0.003290,0.998496,0,0,0.011719,0.640143,1,1,2,12,18,24,0,0,4096992,23.147632,0.651592,735,966
R9,4,khkw-R9-s4-64b,26ef6f0,cache,khkw,loas,16,resnet19_T4_n5,layer_09_layer2_0_conv2,4,16384,8,256,32,524288,16,8192,512,64,16,4,1,khkw_split,-1,16,20,32,12,1,next_burst,2,0,1,2,0,24,8,1,1,1,non_inclusive,lru,175616,85106,90510,1357504,1361696,0.996921,0,128,0.000000,4608,294912,0,0,1351360,0,0,89732,4288,4828,1450208,1445380,1483594,38214,0.025758,1359648,416,4064,0,1347984,7184,0,0,0,0.003290,0.998496,0,0,0.011719,0.591075,1,2,2,13,24,24,0,0,4096992,23.329264,0.658822,735,966
R9,4,khkw-R9-s4-64b,26ef6f0,cache,khkw,loas,16,resnet19_T4_n5,layer_09_layer2_0_conv2,4,16384,8,256,32,524288,16,8192,512,64,16,4,1,khkw_split,-1,16,20,32,12,1,next_burst,4,0,1,2,0,24,8,1,1,1,non_inclusive,lru,173660,85106,88554,1357512,1361696,0.996927,0,128,0.000000,4608,294912,0,0,1351190,0,0,58682,4288,4752,1418912,1414160,1493074,78914,0.052853,1359648,424,4056,0,1344102,11066,0,0,0,0.003290,0.998496,0,0,0.011719,0.589947,1,2,3,22,24,25,0,0,4096992,23.592030,0.659659,735,966
V8,0,khkw-V8-s0-16b,26ef6f0,cache,khkw,loas,16,vgg16_T4_n5,layer_08_features_27,0,16384,8,1024,128,524288,16,32768,2048,16,4,4,1,khkw_split,-1,16,20,32,12,1,none,0,0,1,2,0,24,1,1,1,1,non_inclusive,lru,621992,162352,459640,2305664,2597632,0.887602,14848,291968,0.050855,277120,4433920,0,0,0,0,0,48080,7249848,58360,7356288,7297928,7297928,0,0.000000,0,0,0,0,0,0,0,0,0,0.000000,0.999212,0,0,0.104167,2.697546,1,1,1,13,15,16,0,0,6056448,9.737180,1.117595,1226,1875
V8,0,khkw-V8-s0-16b,26ef6f0,cache,khkw,loas,16,vgg16_T4_n5,layer_08_features_27,0,16384,8,1024,128,524288,16,32768,2048,16,4,4,1,khkw_split,-1,16,20,32,12,1,next_burst,1,0,1,2,0,24,1,1,1,1,non_inclusive,lru,650192,162352,487840,2328416,2597632,0.896361,0,1152,0.000000,277120,4433920,0,0,2135872,0,0,5571496,38592,61528,7807488,7745960,10210848,2464888,0.241399,2595584,22752,268064,0,2173952,130816,0,0,0,0.111954,0.999212,0,0,0.104167,2.487336,1,2,2,17,24,24,0,0,8652032,13.306888,1.617332,1226,1875
V8,0,khkw-V8-s0-16b,26ef6f0,cache,khkw,loas,16,vgg16_T4_n5,layer_08_features_27,0,16384,8,1024,128,524288,16,32768,2048,16,4,4,1,khkw_split,-1,16,20,32,12,1,next_burst,2,0,1,2,0,24,1,1,1,1,non_inclusive,lru,583656,162352,421304,2342376,2597632,0.901735,0,1152,0.000000,277120,4433920,0,0,2167072,0,0,4471680,38592,65568,6742912,6677344,11354600,4677256,0.411926,2595584,36712,254104,0,2097568,207200,0,0,0,0.111954,0.999212,0,0,0.104167,2.358357,1,3,3,23,24,24,0,0,8652032,14.823855,1.669277,1226,1875
V8,0,khkw-V8-s0-16b,26ef6f0,cache,khkw,loas,16,vgg16_T4_n5,layer_08_features_27,0,16384,8,1024,128,524288,16,32768,2048,16,4,4,1,khkw_split,-1,16,20,32,12,1,next_burst,4,0,1,2,0,24,1,1,1,1,non_inclusive,lru,557560,162352,395208,2351216,2597632,0.905138,0,1152,0.000000,277120,4433920,0,0,2183912,0,0,4057304,38592,45568,6325376,6279808,15905512,9625704,0.605180,2595584,45552,245264,0,2075608,229160,0,0,0,0.111954,0.999212,0,0,0.104167,2.276683,2,4,5,23,24,24,0,0,8652032,15.517670,1.659190,1226,1875
V8,0,khkw-V8-s0-16b,26ef6f0,cache,khkw,loas,16,vgg16_T4_n5,layer_08_features_27,0,16384,8,1024,128,524288,16,32768,2048,16,4,4,1,khkw_split,-1,16,20,32,12,1,none,0,0,1,2,0,24,2,1,1,1,non_inclusive,lru,621992,162352,459640,2305664,2597632,0.887602,14848,291968,0.050855,277120,4433920,0,0,0,0,0,48080,7249848,58360,7356288,7297928,7297928,0,0.000000,0,0,0,0,0,0,0,0,0,0.000000,0.999212,0,0,0.104167,5.395092,1,1,1,13,15,16,0,0,6056448,9.737180,0.952314,1226,1875
V8,0,khkw-V8-s0-16b,26ef6f0,cache,khkw,loas,16,vgg16_T4_n5,layer_08_features_27,0,16384,8,1024,128,524288,16,32768,2048,16,4,4,1,khkw_split,-1,16,20,32,12,1,next_burst,1,0,1,2,0,24,2,1,1,1,non_inclusive,lru,650216,162352,487864,2328296,2597632,0.896315,0,1152,0.000000,277120,4433920,0,0,2135768,0,0,5571064,38592,62448,7807872,7745424,10210680,2465256,0.241439,2595584,22632,268184,0,2174304,130464,0,0,0,0.111954,0.999212,0,0,0.104167,4.976890,1,2,2,17,24,25,0,0,8652032,13.306397,1.623549,1226,1875
V8,0,khkw-V8-s0-16b,26ef6f0,cache,khkw,loas,16,vgg16_T4_n5,layer_08_features_27,0,16384,8,1024,128,524288,16,32768,2048,16,4,4,1,khkw_split,-1,16,20,32,12,1,next_burst,2,0,1,2,0,24,2,1,1,1,non_inclusive,lru,583768,162352,421416,2342432,2597632,0.901757,0,1152,0.000000,277120,4433920,0,0,2167208,0,0,4474728,38592,64176,6744704,6680528,11361136,4680608,0.411984,2595584,36768,254048,0,2097416,207352,0,0,0,0.111954,0.999212,0,0,0.104167,4.715680,1,3,3,23,24,32,3,0,8652248,14.821381,1.653716,1226,1875
V8,0,khkw-V8-s0-16b,26ef6f0,cache,khkw,loas,16,vgg16_T4_n5,layer_08_features_27,0,16384,8,1024,128,524288,16,32768,2048,16,4,4,1,khkw_split,-1,16,20,32,12,1,next_burst,4,0,1,2,0,24,2,1,1,1,non_inclusive,lru,557528,162352,395176,2351288,2597632,0.905166,0,1152,0.000000,277120,4433920,0,0,2183784,0,0,4057688,38592,44800,6324864,6280064,15899176,9619112,0.605007,2595584,45624,245192,0,2075776,228992,0,0,0,0.111954,0.999212,0,0,0.104167,4.552035,2,4,5,23,28,32,5,0,8652496,15.519393,1.644471,1226,1875
V8,0,khkw-V8-s0-16b,26ef6f0,cache,khkw,loas,16,vgg16_T4_n5,layer_08_features_27,0,16384,8,1024,128,524288,16,32768,2048,16,4,4,1,khkw_split,-1,16,20,32,12,1,none,0,0,1,2,0,24,4,1,1,1,non_inclusive,lru,621992,162352,459640,2305664,2597632,0.887602,14848,291968,0.050855,277120,4433920,0,0,0,0,0,48080,7249848,58360,7356288,7297928,7297928,0,0.000000,0,0,0,0,0,0,0,0,0,0.000000,0.999212,0,0,0.104167,10.790184,1,1,1,13,15,16,0,0,6056448,9.737180,0.948899,1226,1875
V8,0,khkw-V8-s0-16b,26ef6f0,cache,khkw,loas,16,vgg16_T4_n5,layer_08_features_27,0,16384,8,1024,128,524288,16,32768,2048,16,4,4,1,khkw_split,-1,16,20,32,12,1,next_burst,1,0,1,2,0,24,4,1,1,1,non_inclusive,lru,650216,162352,487864,2328296,2597632,0.896315,0,1152,0.000000,277120,4433920,0,0,2135768,0,0,5571064,38592,62448,7807872,7745424,10210680,2465256,0.241439,2595584,22632,268184,0,2174304,130464,0,0,0,0.111954,0.999212,0,0,0.104167,9.953779,1,2,2,17,24,25,0,0,8652032,13.306397,1.621386,1226,1875
V8,0,khkw-V8-s0-16b,26ef6f0,cache,khkw,loas,16,vgg16_T4_n5,layer_08_features_27,0,16384,8,1024,128,524288,16,32768,2048,16,4,4,1,khkw_split,-1,16,20,32,12,1,next_burst,2,0,1,2,0,24,4,1,1,1,non_inclusive,lru,583784,162352,421432,2342624,2597632,0.901831,0,1152,0.000000,277120,4433920,0,0,2167400,0,0,4473536,38592,65432,6744960,6679528,11359232,4679704,0.411974,2595584,36960,253856,0,2097560,207208,0,0,0,0.111954,0.999212,0,0,0.104167,9.424263,1,3,3,23,24,32,3,0,8652248,14.820975,1.658666,1226,1875
V8,0,khkw-V8-s0-16b,26ef6f0,cache,khkw,loas,16,vgg16_T4_n5,layer_08_features_27,0,16384,8,1024,128,524288,16,32768,2048,16,4,4,1,khkw_split,-1,16,20,32,12,1,next_burst,4,0,1,2,0,24,4,1,1,1,non_inclusive,lru,557648,162352,395296,2351296,2597632,0.905169,0,1152,0.000000,277120,4433920,0,0,2183664,0,0,4057760,38592,46768,6326784,6280016,15895432,9615416,0.604917,2595584,45632,245184,0,2075784,228984,0,0,0,0.111954,0.999212,0,0,0.104167,9.103775,2,4,5,23,27,32,5,0,8652936,15.516842,1.654100,1226,1875
V8,0,khkw-V8-s0-16b,26ef6f0,cache,khkw,loas,16,vgg16_T4_n5,layer_08_features_27,0,16384,8,1024,128,524288,16,32768,2048,16,4,4,1,khkw_split,-1,16,20,32,12,1,none,0,0,1,2,0,24,8,1,1,1,non_inclusive,lru,621992,162352,459640,2305664,2597632,0.887602,14848,291968,0.050855,277120,4433920,0,0,0,0,0,48080,7249848,58360,7356288,7297928,7297928,0,0.000000,0,0,0,0,0,0,0,0,0,0.000000,0.999212,0,0,0.104167,21.580369,1,1,1,13,15,16,0,0,6056448,9.737180,0.950377,1226,1875
V8,0,khkw-V8-s0-16b,26ef6f0,cache,khkw,loas,16,vgg16_T4_n5,layer_08_features_27,0,16384,8,1024,128,524288,16,32768,2048,16,4,4,1,khkw_split,-1,16,20,32,12,1,next_burst,1,0,1,2,0,24,8,1,1,1,non_inclusive,lru,650216,162352,487864,2328296,2597632,0.896315,0,1152,0.000000,277120,4433920,0,0,2135768,0,0,5571064,38592,62448,7807872,7745424,10210680,2465256,0.241439,2595584,22632,268184,0,2174304,130464,0,0,0,0.111954,0.999212,0,0,0.104167,19.907559,1,2,2,17,24,25,0,0,8652032,13.306397,1.643922,1226,1875
V8,0,khkw-V8-s0-16b,26ef6f0,cache,khkw,loas,16,vgg16_T4_n5,layer_08_features_27,0,16384,8,1024,128,524288,16,32768,2048,16,4,4,1,khkw_split,-1,16,20,32,12,1,next_burst,2,0,1,2,0,24,8,1,1,1,non_inclusive,lru,583784,162352,421432,2342624,2597632,0.901831,0,1152,0.000000,277120,4433920,0,0,2167400,0,0,4473536,38592,65432,6744960,6679528,11359232,4679704,0.411974,2595584,36960,253856,0,2097560,207208,0,0,0,0.111954,0.999212,0,0,0.104167,18.848527,1,3,3,23,24,32,3,0,8652248,14.820975,1.655533,1226,1875
V8,0,khkw-V8-s0-16b,26ef6f0,cache,khkw,loas,16,vgg16_T4_n5,layer_08_features_27,0,16384,8,1024,128,524288,16,32768,2048,16,4,4,1,khkw_split,-1,16,20,32,12,1,next_burst,4,0,1,2,0,24,8,1,1,1,non_inclusive,lru,557648,162352,395296,2351296,2597632,0.905169,0,1152,0.000000,277120,4433920,0,0,2183664,0,0,4057760,38592,46768,6326784,6280016,15895432,9615416,0.604917,2595584,45632,245184,0,2075784,228984,0,0,0,0.111954,0.999212,0,0,0.104167,18.207549,2,4,5,23,27,32,5,0,8652936,15.516842,1.647625,1226,1875
V8,0,khkw-V8-s0-32b,26ef6f0,cache,khkw,loas,16,vgg16_T4_n5,layer_08_features_27,0,16384,8,512,64,524288,16,16384,1024,32,8,4,1,khkw_split,-1,16,20,32,12,1,none,0,0,1,2,0,24,1,1,1,1,non_inclusive,lru,413680,162352,251328,2443392,2597632,0.940623,1408,154240,0.009129,152832,4890624,0,0,0,0,0,6488,3992520,24288,4023296,3999008,3999008,0,0.000000,0,0,0,0,0,0,0,0,0,0.000000,0.999212,0,0,0.104167,1.425052,1,1,1,11,15,16,0,0,5656704,13.674106,0.873761,1226,1875
V8,0,khkw-V8-s0-32b,26ef6f0,cache,khkw,loas,16,vgg16_T4_n5,layer_08_features_27,0,16384,8,512,64,524288,16,16384,1024,32,8,4,1,khkw_split,-1,16,20,32,12,1,next_burst,1,0,1,2,0,24,1,1,1,1,non_inclusive,lru,543472,162352,381120,2448072,2597632,0.942424,0,1152,0.000000,152832,4890624,0,0,2304544,0,0,3711088,38592,45744,6099968,6054224,6610032,555808,0.084086,2595584,4680,148408,0,2309072,133424,0,0,0,0.058934,0.999212,0,0,0.104167,1.381812,1,1,2,12,21,24,0,0,8252288,15.184385,1.480444,1226,1875
V8,0,khkw-V8-s0-32b,26ef6f0,cache,khkw,loas,16,vgg16_T4_n5,layer_08_features_27,0,16384,8,512,64,524288,16,16384,1024,32,8,4,1,khkw_split,-1,16,20,32,12,1,next_burst,2,0,1,2,0,24,1,1,1,1,non_inclusive,lru,494568,162352,332216,2457952,2597632,0.946228,0,1152,0.000000,152832,4890624,0,0,2324528,0,0,2904008,38592,50376,5317504,5267128,6687992,1420864,0.212450,2595584,14560,138528,0,2216920,225576,0,0,0,0.058934,0.999212,0,0,0.104167,1.290529,1,2,3,15,23,24,0,0,8252288,16.685851,1.510613,1226,1875
V8,0,khkw-V8-s0-32b,26ef6f0,cache,khkw,loas,16,vgg16_T4_n5,layer_08_features_27,0,16384,8,512,64,524288,16,16384,1024,32,8,4,1,khkw_split,-1,16,20,32,12,1,next_burst,4,0,1,2,0,24,1,1,1,1,non_inclusive,lru,433840,162352,271488,2463248,2597632,0.948267,0,1152,0.000000,152832,4890624,0,0,2335120,0,0,1927056,38592,45088,4345856,4300768,7179160,2878392,0.400937,2595584,19856,133232,0,2123368,319128,0,0,0,0.058934,0.999212,0,0,0.104167,1.241599,1,3,4,23,24,24,0,0,8252288,19.021501,1.512513,1226,1875
V8,0,khkw-V8-s0-32b,26ef6f0,cache,khkw,loas,16,vgg16_T4_n5,layer_08_features_27,0,16384,8,512,64,524288,16,16384,1024,32,8,4,1,khkw_split,-1,16,20,32,12,1,none,0,0,1,2,0,24,2,1,1,1,non_inclusive,lru,413680,162352,251328,2443392,2597632,0.940623,1408,154240,0.009129,152832,4890624,0,0,0,0,0,6488,3992520,24288,4023296,3999008,3999008,0,0.000000,0,0,0,0,0,0,0,0,0,0.000000,0.999212,0,0,0.104167,2.850103,1,1,1,11,15,16,0,0,5656704,13.674106,0.890249,1226,1875
V8,0,khkw-V8-s0-32b,26ef6f0,cache,khkw,loas,16,vgg16_T4_n5,layer_08_features_27,0,16384,8,512,64,524288,16,16384,1024,32,8,4,1,khkw_split,-1,16,20,32,12,1,next_burst,1,0,1,2,0,24,2,1,1,1,non_inclusive,lru,543624,162352,381272,2448048,2597632,0.942415,0,1152,0.000000,152832,4890624,0,0,2304528,0,0,3711144,38592,48136,6102400,6054264,6610032,555768,0.084079,2595584,4656,148432,0,2309152,133344,0,0,0,0.058934,0.999212,0,0,0.104167,2.764068,1,1,2,12,21,24,0,0,8252288,15.180139,1.453560,1226,1875
V8,0,khkw-V8-s0-32b,26ef6f0,cache,khkw,loas,16,vgg16_T4_n5,layer_08_features_27,0,16384,8,512,64,524288,16,16384,1024,32,8,4,1,khkw_split,-1,16,20,32,12,1,next_burst,2,0,1,2,0,24,2,1,1,1,non_inclusive,lru,494568,162352,332216,2457952,2597632,0.946228,0,1152,0.000000,152832,4890624,0,0,2324528,0,0,2904008,38592,50376,5317504,5267128,6687992,1420864,0.212450,2595584,14560,138528,0,2216920,225576,0,0,0,0.058934,0.999212,0,0,0.104167,2.581058,1,2,3,15,23,24,0,0,8252288,16.685851,1.480954,1226,1875
V8,0,khkw-V8-s0-32b,26ef6f0,cache,khkw,loas,16,vgg16_T4_n5,layer_08_features_27,0,16384,8,512,64,524288,16,16384,1024,32,8,4,1,khkw_split,-1,16,20,32,12,1,next_burst,4,0,1,2,0,24,2,1,1,1,non_inclusive,lru,433856,162352,271504,2462800,2597632,0.948094,0,1152,0.000000,152832,4890624,0,0,2334264,0,0,1927232,38592,46024,4346112,4300088,7177152,2877064,0.400864,2595584,19408,133680,0,2123448,319048,0,0,0,0.058934,0.999212,0,0,0.104167,2.491475,1,3,4,23,24,28,0,0,8252288,19.020800,1.514181,1226,1875
V8,0,khkw-V8-s0-32b,26ef6f0,cache,khkw,loas,16,vgg16_T4_n5,layer_08_features_27,0,16384,8,512,64,524288,16,16384,1024,32,8,4,1,khkw_split,-1,16,20,32,12,1,none,0,0,1,2,0,24,4,1,1,1,non_inclusive,lru,413680,162352,251328,2443392,2597632,0.940623,1408,154240,0.009129,152832,4890624,0,0,0,0,0,6488,3992520,24288,4023296,3999008,3999008,0,0.000000,0,0,0,0,0,0,0,0,0,0.000000,0.999212,0,0,0.104167,5.700207,1,1,1,11,15,16,0,0,5656704,13.674106,0.853033,1226,1875
V8,0,khkw-V8-s0-32b,26ef6f0,cache,khkw,loas,16,vgg16_T4_n5,layer_08_features_27,0,16384,8,512,64,524288,16,16384,1024,32,8,4,1,khkw_split,-1,16,20,32,12,1,next_burst,1,0,1,2,0,24,4,1,1,1,non_inclusive,lru,543624,162352,381272,2448048,2597632,0.942415,0,1152,0.000000,152832,4890624,0,0,2304528,0,0,3711144,38592,48136,6102400,6054264,6610032,555768,0.084079,2595584,4656,148432,0,2309152,133344,0,0,0,0.058934,0.999212,0,0,0.104167,5.528136,1,1,2,12,21,24,0,0,8252288,15.180139,1.456423,1226,1875
V8,0,khkw-V8-s0-32b,26ef6f0,cache,khkw,loas,16,vgg16_T4_n5,layer_08_features_27,0,16384,8,512,64,524288,16,16384,1024,32,8,4,1,khkw_split,-1,16,20,32,12,1,next_burst,2,0,1,2,0,24,4,1,1,1,non_inclusive,lru,494568,162352,332216,2457952,2597632,0.946228,0,1152,0.000000,152832,4890624,0,0,2324528,0,0,2904008,38592,50376,5317504,5267128,6687992,1420864,0.212450,2595584,14560,138528,0,2216920,225576,0,0,0,0.058934,0.999212,0,0,0.104167,5.162117,1,2,3,15,23,24,0,0,8252288,16.685851,1.480662,1226,1875
V8,0,khkw-V8-s0-32b,26ef6f0,cache,khkw,loas,16,vgg16_T4_n5,layer_08_features_27,0,16384,8,512,64,524288,16,16384,1024,32,8,4,1,khkw_split,-1,16,20,32,12,1,next_burst,4,0,1,2,0,24,4,1,1,1,non_inclusive,lru,433848,162352,271496,2463248,2597632,0.948267,0,1152,0.000000,152832,4890624,0,0,2335120,0,0,1926800,38592,45472,4345984,4300512,7178424,2877912,0.400911,2595584,19856,133232,0,2123512,318984,0,0,0,0.058934,0.999212,0,0,0.104167,4.966394,1,3,4,23,24,28,0,0,8252288,19.021150,1.516554,1226,1875
V8,0,khkw-V8-s0-32b,26ef6f0,cache,khkw,loas,16,vgg16_T4_n5,layer_08_features_27,0,16384,8,512,64,524288,16,16384,1024,32,8,4,1,khkw_split,-1,16,20,32,12,1,none,0,0,1,2,0,24,8,1,1,1,non_inclusive,lru,413680,162352,251328,2443392,2597632,0.940623,1408,154240,0.009129,152832,4890624,0,0,0,0,0,6488,3992520,24288,4023296,3999008,3999008,0,0.000000,0,0,0,0,0,0,0,0,0,0.000000,0.999212,0,0,0.104167,11.400414,1,1,1,11,15,16,0,0,5656704,13.674106,0.856361,1226,1875
V8,0,khkw-V8-s0-32b,26ef6f0,cache,khkw,loas,16,vgg16_T4_n5,layer_08_features_27,0,16384,8,512,64,524288,16,16384,1024,32,8,4,1,khkw_split,-1,16,20,32,12,1,next_burst,1,0,1,2,0,24,8,1,1,1,non_inclusive,lru,543624,162352,381272,2448048,2597632,0.942415,0,1152,0.000000,152832,4890624,0,0,2304528,0,0,3711144,38592,48136,6102400,6054264,6610032,555768,0.084079,2595584,4656,148432,0,2309152,133344,0,0,0,0.058934,0.999212,0,0,0.104167,11.056273,1,1,2,12,21,24,0,0,8252288,15.180139,1.458430,1226,1875
V8,0,khkw-V8-s0-32b,26ef6f0,cache,khkw,loas,16,vgg16_T4_n5,layer_08_features_27,0,16384,8,512,64,524288,16,16384,1024,32,8,4,1,khkw_split,-1,16,20,32,12,1,next_burst,2,0,1,2,0,24,8,1,1,1,non_inclusive,lru,494568,162352,332216,2457952,2597632,0.946228,0,1152,0.000000,152832,4890624,0,0,2324528,0,0,2904008,38592,50376,5317504,5267128,6687992,1420864,0.212450,2595584,14560,138528,0,2216920,225576,0,0,0,0.058934,0.999212,0,0,0.104167,10.324234,1,2,3,15,23,24,0,0,8252288,16.685851,1.475742,1226,1875
V8,0,khkw-V8-s0-32b,26ef6f0,cache,khkw,loas,16,vgg16_T4_n5,layer_08_features_27,0,16384,8,512,64,524288,16,16384,1024,32,8,4,1,khkw_split,-1,16,20,32,12,1,next_burst,4,0,1,2,0,24,8,1,1,1,non_inclusive,lru,433848,162352,271496,2463248,2597632,0.948267,0,1152,0.000000,152832,4890624,0,0,2335120,0,0,1926800,38592,45472,4345984,4300512,7178424,2877912,0.400911,2595584,19856,133232,0,2123512,318984,0,0,0,0.058934,0.999212,0,0,0.104167,9.932788,1,3,4,23,24,28,0,0,8252288,19.021150,1.515769,1226,1875
V8,0,khkw-V8-s0-64b,26ef6f0,cache,khkw,loas,16,vgg16_T4_n5,layer_08_features_27,0,16384,8,256,32,524288,16,8192,512,64,16,4,1,khkw_split,-1,16,20,32,12,1,none,0,0,1,2,0,24,1,1,1,1,non_inclusive,lru,290136,162352,127784,2519808,2597632,0.970040,0,77824,0.000000,77824,4980736,0,0,0,0,0,0,2033984,12608,2046592,2033984,2033984,0,0.000000,0,0,0,0,0,0,0,0,0,0.000000,0.999212,0,0,0.104167,0.719030,1,1,1,9,15,16,0,0,5428864,18.711446,0.796799,1226,1875
V8,0,khkw-V8-s0-64b,26ef6f0,cache,khkw,loas,16,vgg16_T4_n5,layer_08_features_27,0,16384,8,256,32,524288,16,8192,512,64,16,4,1,khkw_split,-1,16,20,32,12,1,next_burst,1,0,1,2,0,24,1,1,1,1,non_inclusive,lru,442624,162352,280272,2519808,2597632,0.970040,0,1152,0.000000,77824,4980736,0,0,2441216,0,0,1993144,38592,13448,4486400,4472952,4628416,155464,0.033589,2595584,0,76672,0,2441232,77680,0,0,0,0.029516,0.999212,0,0,0.104167,0.719030,1,1,2,9,15,24,0,0,8024448,18.129265,1.367909,1226,1875
V8,0,khkw-V8-s0-64b,26ef6f0,cache,khkw,loas,16,vgg16_T4_n5,layer_08_features_27,0,16384,8,256,32,524288,16,8192,512,64,16,4,1,khkw_split,-1,16,20,32,12,1,next_burst,2,0,1,2,0,24,1,1,1,1,non_inclusive,lru,431208,162352,268856,2520456,2597632,0.970290,0,1152,0.000000,77824,4980736,0,0,2441360,0,0,1803336,38592,20456,4303744,4283288,4637664,354376,0.076413,2595584,648,76024,0,2366616,152296,0,0,0,0.029516,0.999212,0,0,0.104167,0.713043,1,1,2,11,15,24,0,0,8024448,18.609228,1.381729,1226,1875
V8,0,khkw-V8-s0-64b,26ef6f0,cache,khkw,loas,16,vgg16_T4_n5,layer_08_features_27,0,16384,8,256,32,524288,16,8192,512,64,16,4,1,khkw_split,-1,16,20,32,12,1,next_burst,4,0,1,2,0,24,1,1,1,1,non_inclusive,lru,405456,162352,243104,2522016,2597632,0.970890,0,1152,0.000000,77824,4980736,0,0,2442240,0,0,1383264,38592,27616,3891712,3864096,4642424,778328,0.167656,2595584,2208,74464,0,2231736,287176,0,0,0,0.029516,0.999212,0,0,0.104167,0.698630,1,2,2,13,22,24,0,0,8024448,19.791168,1.410854,1226,1875
V8,0,khkw-V8-s0-64b,26ef6f0,cache,khkw,loas,16,vgg16_T4_n5,layer_08_features_27,0,16384,8,256,32,524288,16,8192,512,64,16,4,1,khkw_split,-1,16,20,32,12,1,none,0,0,1,2,0,24,2,1,1,1,non_inclusive,lru,290136,162352,127784,2519808,2597632,0.970040,0,77824,0.000000,77824,4980736,0,0,0,0,0,0,2033984,12608,2046592,2033984,2033984,0,0.000000,0,0,0,0,0,0,0,0,0,0.000000,0.999212,0,0,0.104167,1.438061,1,1,1,9,15,16,0,0,5428864,18.711446,0.797249,1226,1875
V8,0,khkw-V8-s0-64b,26ef6f0,cache,khkw,loas,16,vgg16_T4_n5,layer_08_features_27,0,16384,8,256,32,524288,16,8192,512,64,16,4,1,khkw_split,-1,16,20,32,12,1,next_burst,1,0,1,2,0,24,2,1,1,1,non_inclusive,lru,442624,162352,280272,2519808,2597632,0.970040,0,1152,0.000000,77824,4980736,0,0,2441216,0,0,1993144,38592,13448,4486400,4472952,4628416,155464,0.033589,2595584,0,76672,0,2441232,77680,0,0,0,0.029516,0.999212,0,0,0.104167,1.438061,1,1,2,9,15,24,0,0,8024448,18.129265,1.372172,1226,1875
V8,0,khkw-V8-s0-64b,26ef6f0,cache,khkw,loas,16,vgg16_T4_n5,layer_08_features_27,0,16384,8,256,32,524288,16,8192,512,64,16,4,1,khkw_split,-1,16,20,32,12,1,next_burst,2,0,1,2,0,24,2,1,1,1,non_inclusive,lru,431208,162352,268856,2520456,2597632,0.970290,0,1152,0.000000,77824,4980736,0,0,2441360,0,0,1803336,38592,20456,4303744,4283288,4637664,354376,0.076413,2595584,648,76024,0,2366616,152296,0,0,0,0.029516,0.999212,0,0,0.104167,1.426087,1,1,2,11,15,24,0,0,8024448,18.609228,1.380940,1226,1875
V8,0,khkw-V8-s0-64b,26ef6f0,cache,khkw,loas,16,vgg16_T4_n5,layer_08_features_27,0,16384,8,256,32,524288,16,8192,512,64,16,4,1,khkw_split,-1,16,20,32,12,1,next_burst,4,0,1,2,0,24,2,1,1,1,non_inclusive,lru,405456,162352,243104,2522016,2597632,0.970890,0,1152,0.000000,77824,4980736,0,0,2442240,0,0,1383264,38592,27616,3891712,3864096,4642424,778328,0.167656,2595584,2208,74464,0,2231736,287176,0,0,0,0.029516,0.999212,0,0,0.104167,1.397260,1,2,2,13,22,24,0,0,8024448,19.791168,1.407684,1226,1875
V8,0,khkw-V8-s0-64b,26ef6f0,cache,khkw,loas,16,vgg16_T4_n5,layer_08_features_27,0,16384,8,256,32,524288,16,8192,512,64,16,4,1,khkw_split,-1,16,20,32,12,1,none,0,0,1,2,0,24,4,1,1,1,non_inclusive,lru,290136,162352,127784,2519808,2597632,0.970040,0,77824,0.000000,77824,4980736,0,0,0,0,0,0,2033984,12608,2046592,2033984,2033984,0,0.000000,0,0,0,0,0,0,0,0,0,0.000000,0.999212,0,0,0.104167,2.876121,1,1,1,9,15,16,0,0,5428864,18.711446,0.800170,1226,1875
V8,0,khkw-V8-s0-64b,26ef6f0,cache,khkw,loas,16,vgg16_T4_n5,layer_08_features_27,0,16384,8,256,32,524288,16,8192,512,64,16,4,1,khkw_split,-1,16,20,32,12,1,next_burst,1,0,1,2,0,24,4,1,1,1,non_inclusive,lru,442624,162352,280272,2519808,2597632,0.970040,0,1152,0.000000,77824,4980736,0,0,2441216,0,0,1993144,38592,13448,4486400,4472952,4628416,155464,0.033589,2595584,0,76672,0,2441232,77680,0,0,0,0.029516,0.999212,0,0,0.104167,2.876121,1,1,2,9,15,24,0,0,8024448,18.129265,1.368233,1226,1875
V8,0,khkw-V8-s0-64b,26ef6f0,cache,khkw,loas,16,vgg16_T4_n5,layer_08_features_27,0,16384,8,256,32,524288,16,8192,512,64,16,4,1,khkw_split,-1,16,20,32,12,1,next_burst,2,0,1,2,0,24,4,1,1,1,non_inclusive,lru,431208,162352,268856,2520456,2597632,0.970290,0,1152,0.000000,77824,4980736,0,0,2441360,0,0,1803336,38592,20456,4303744,4283288,4637664,354376,0.076413,2595584,648,76024,0,2366616,152296,0,0,0,0.029516,0.999212,0,0,0.104167,2.852173,1,1,2,11,15,24,0,0,8024448,18.609228,1.394899,1226,1875
V8,0,khkw-V8-s0-64b,26ef6f0,cache,khkw,loas,16,vgg16_T4_n5,layer_08_features_27,0,16384,8,256,32,524288,16,8192,512,64,16,4,1,khkw_split,-1,16,20,32,12,1,next_burst,4,0,1,2,0,24,4,1,1,1,non_inclusive,lru,405456,162352,243104,2522016,2597632,0.970890,0,1152,0.000000,77824,4980736,0,0,2442240,0,0,1383264,38592,27616,3891712,3864096,4642424,778328,0.167656,2595584,2208,74464,0,2231736,287176,0,0,0,0.029516,0.999212,0,0,0.104167,2.794521,1,2,2,13,22,24,0,0,8024448,19.791168,1.414869,1226,1875
V8,0,khkw-V8-s0-64b,26ef6f0,cache,khkw,loas,16,vgg16_T4_n5,layer_08_features_27,0,16384,8,256,32,524288,16,8192,512,64,16,4,1,khkw_split,-1,16,20,32,12,1,none,0,0,1,2,0,24,8,1,1,1,non_inclusive,lru,290136,162352,127784,2519808,2597632,0.970040,0,77824,0.000000,77824,4980736,0,0,0,0,0,0,2033984,12608,2046592,2033984,2033984,0,0.000000,0,0,0,0,0,0,0,0,0,0.000000,0.999212,0,0,0.104167,5.752242,1,1,1,9,15,16,0,0,5428864,18.711446,0.799555,1226,1875
V8,0,khkw-V8-s0-64b,26ef6f0,cache,khkw,loas,16,vgg16_T4_n5,layer_08_features_27,0,16384,8,256,32,524288,16,8192,512,64,16,4,1,khkw_split,-1,16,20,32,12,1,next_burst,1,0,1,2,0,24,8,1,1,1,non_inclusive,lru,442624,162352,280272,2519808,2597632,0.970040,0,1152,0.000000,77824,4980736,0,0,2441216,0,0,1993144,38592,13448,4486400,4472952,4628416,155464,0.033589,2595584,0,76672,0,2441232,77680,0,0,0,0.029516,0.999212,0,0,0.104167,5.752242,1,1,2,9,15,24,0,0,8024448,18.129265,1.366738,1226,1875
V8,0,khkw-V8-s0-64b,26ef6f0,cache,khkw,loas,16,vgg16_T4_n5,layer_08_features_27,0,16384,8,256,32,524288,16,8192,512,64,16,4,1,khkw_split,-1,16,20,32,12,1,next_burst,2,0,1,2,0,24,8,1,1,1,non_inclusive,lru,431208,162352,268856,2520456,2597632,0.970290,0,1152,0.000000,77824,4980736,0,0,2441360,0,0,1803336,38592,20456,4303744,4283288,4637664,354376,0.076413,2595584,648,76024,0,2366616,152296,0,0,0,0.029516,0.999212,0,0,0.104167,5.704346,1,1,2,11,15,24,0,0,8024448,18.609228,1.380687,1226,1875
V8,0,khkw-V8-s0-64b,26ef6f0,cache,khkw,loas,16,vgg16_T4_n5,layer_08_features_27,0,16384,8,256,32,524288,16,8192,512,64,16,4,1,khkw_split,-1,16,20,32,12,1,next_burst,4,0,1,2,0,24,8,1,1,1,non_inclusive,lru,405456,162352,243104,2522016,2597632,0.970890,0,1152,0.000000,77824,4980736,0,0,2442240,0,0,1383264,38592,27616,3891712,3864096,4642424,778328,0.167656,2595584,2208,74464,0,2231736,287176,0,0,0,0.029516,0.999212,0,0,0.104167,5.589041,1,2,2,13,22,24,0,0,8024448,19.791168,1.405518,1226,1875
V8,1,khkw-V8-s1-16b,26ef6f0,cache,khkw,loas,16,vgg16_T4_n5,layer_08_features_27,1,16384,8,1024,128,524288,16,32768,2048,16,4,4,1,khkw_split,-1,16,20,32,12,1,none,0,0,1,2,0,24,1,1,1,1,non_inclusive,lru,598848,148272,450576,2083840,2372352,0.878386,17536,288512,0.060781,270976,4335616,0,0,0,0,0,59024,7092888,59352,7211264,7151912,7151912,0,0.000000,0,0,0,0,0,0,0,0,0,0.000000,0.999137,0,0,0.222850,2.918744,1,1,1,12,15,16,0,0,5592832,9.339318,0.907954,1125,1696
V8,1,khkw-V8-s1-16b,26ef6f0,cache,khkw,loas,16,vgg16_T4_n5,layer_08_features_27,1,16384,8,1024,128,524288,16,32768,2048,16,4,4,1,khkw_split,-1,16,20,32,12,1,next_burst,1,0,1,2,0,24,1,1,1,1,non_inclusive,lru,609656,148272,461384,2109024,2372352,0.889001,128,1152,0.111111,270976,4335616,0,0,1930064,0,0,5354496,34304,65328,7384192,7318864,9929144,2610280,0.262891,2370304,25184,262176,0,1970376,112568,0,0,0,0.121129,0.999137,0,0,0.222850,2.663969,1,2,2,18,24,24,0,0,7963136,13.061687,1.524127,1125,1696
V8,1,khkw-V8-s1-16b,26ef6f0,cache,khkw,loas,16,vgg16_T4_n5,layer_08_features_27,1,16384,8,1024,128,524288,16,32768,2048,16,4,4,1,khkw_split,-1,16,20,32,12,1,next_burst,2,0,1,2,0,24,1,1,1,1,non_inclusive,lru,549840,148272,401568,2122560,2372352,0.894707,128,1152,0.111111,270976,4335616,0,0,1961672,0,0,4372984,34304,58176,6427136,6368960,11406464,5037504,0.441636,2370304,38720,248640,0,1912712,170232,0,0,0,0.121129,0.999137,0,0,0.222850,2.527031,1,3,3,23,24,24,0,0,7963136,14.482642,1.530055,1125,1696
V8,1,khkw-V8-s1-16b,26ef6f0,cache,khkw,loas,16,vgg16_T4_n5,layer_08_features_27,1,16384,8,1024,128,524288,16,32768,2048,16,4,4,1,khkw_split,-1,16,20,32,12,1,next_burst,4,0,1,2,0,24,1,1,1,1,non_inclusive,lru,529520,148272,381248,2124048,2372352,0.895334,128,1152,0.111111,270976,4335616,0,0,1964440,0,0,4057080,34304,46192,6102016,6055824,15914912,9859088,0.619487,2370304,40208,247152,0,1893824,189120,0,0,0,0.121129,0.999137,0,0,0.222850,2.511978,2,4,5,23,24,24,0,0,7963136,15.038405,1.553146,1125,1696
V8,1,khkw-V8-s1-16b,26ef6f0,cache,khkw,loas,16,vgg16_T4_n5,layer_08_features_27,1,16384,8,1024,128,524288,16,32768,2048,16,4,4,1,khkw_split,-1,16,20,32,12,1,none,0,0,1,2,0,24,2,1,1,1,non_inclusive,lru,598848,148272,450576,2083840,2372352,0.878386,17536,288512,0.060781,270976,4335616,0,0,0,0,0,59024,7092888,59352,7211264,7151912,7151912,0,0.000000,0,0,0,0,0,0,0,0,0,0.000000,0.999137,0,0,0.222850,5.837488,1,1,1,12,15,16,0,0,5592832,9.339318,0.893743,1125,1696
V8,1,khkw-V8-s1-16b,26ef6f0,cache,khkw,loas,16,vgg16_T4_n5,layer_08_features_27,1,16384,8,1024,128,524288,16,32768,2048,16,4,4,1,khkw_split,-1,16,20,32,12,1,next_burst,1,0,1,2,0,24,2,1,1,1,non_inclusive,lru,609480,148272,461208,2108704,2372352,0.888866,128,1152,0.111111,270976,4335616,0,0,1929888,0,0,5352528,34304,64656,7381376,7316720,9925560,2608840,0.262841,2370304,24864,262496,0,1970416,112528,0,0,0,0.121129,0.999137,0,0,0.222850,5.334412,1,2,2,18,24,26,0,0,7963136,13.065459,1.528340,1125,1696
V8,1,khkw-V8-s1-16b,26ef6f0,cache,khkw,loas,16,vgg16_T4_n5,layer_08_features_27,1,16384,8,1024,128,524288,16,32768,2048,16,4,4,1,khkw_split,-1,16,20,32,12,1,next_burst,2,0,1,2,0,24,2,1,1,1,non_inclusive,lru,549824,148272,401552,2122424,2372352,0.894650,128,1152,0.111111,270976,4335616,0,0,1961328,0,0,4373216,34304,58032,6426880,6368848,11406008,5037160,0.441623,2370304,38584,248776,0,1912464,170480,0,0,0,0.121129,0.999137,0,0,0.222850,5.056815,1,3,3,23,24,28,0,0,7963136,14.483064,1.526638,1125,1696
V8,1,khkw-V8-s1-16b,26ef6f0,cache,khkw,loas,16,vgg16_T4_n5,layer_08_features_27,1,16384,8,1024,128,524288,16,32768,2048,16,4,4,1,khkw_split,-1,16,20,32,12,1,next_burst,4,0,1,2,0,24,2,1,1,1,non_inclusive,lru,529560,148272,381288,2123792,2372352,0.895226,128,1152,0.111111,270976,4335616,0,0,1963808,0,0,4058040,34304,46504,6102656,6056152,15917152,9861000,0.619520,2370304,39952,247408,0,1893960,188984,0,0,0,0.121129,0.999137,0,0,0.222850,5.029136,2,4,5,23,29,32,15,0,7963728,15.038387,1.551019,1125,1696
V8,1,khkw-V8-s1-16b,26ef6f0,cache,khkw,loas,16,vgg16_T4_n5,layer_08_features_27,1,16384,8,1024,128,524288,16,32768,2048,16,4,4,1,khkw_split,-1,16,20,32,12,1,none,0,0,1,2,0,24,4,1,1,1,non_inclusive,lru,598848,148272,450576,2083840,2372352,0.878386,17536,288512,0.060781,270976,4335616,0,0,0,0,0,59024,7092888,59352,7211264,7151912,7151912,0,0.000000,0,0,0,0,0,0,0,0,0,0.000000,0.999137,0,0,0.222850,11.674976,1,1,1,12,15,16,0,0,5592832,9.339318,0.888691,1125,1696
V8,1,khkw-V8-s1-16b,26ef6f0,cache,khkw,loas,16,vgg16_T4_n5,layer_08_features_27,1,16384,8,1024,128,524288,16,32768,2048,16,4,4,1,khkw_split,-1,16,20,32,12,1,next_burst,1,0,1,2,0,24,4,1,1,1,non_inclusive,lru,609512,148272,461240,2108624,2372352,0.888833,128,1152,0.111111,270976,4335616,0,0,1929920,0,0,5352592,34304,65072,7381888,7316816,9925528,2608712,0.262829,2370304,24784,262576,0,1970232,112712,0,0,0,0.121129,0.999137,0,0,0.222850,10.672062,1,2,2,18,24,26,0,0,7963136,13.064773,1.532730,1125,1696
V8,1,khkw-V8-s1-16b,26ef6f0,cache,khkw,loas,16,vgg16_T4_n5,layer_08_features_27,1,16384,8,1024,128,524288,16,32768,2048,16,4,4,1,khkw_split,-1,16,20,32,12,1,next_burst,2,0,1,2,0,24,4,1,1,1,non_inclusive,lru,549784,148272,401512,2122600,2372352,0.894724,128,1152,0.111111,270976,4335616,0,0,1961488,0,0,4373224,34304,57224,6426240,6369016,11407256,5038240,0.441670,2370304,38760,248600,0,1912808,170136,0,0,0,0.121129,0.999137,0,0,0.222850,10.106507,1,3,3,23,24,28,0,0,7963136,14.484117,1.534607,1125,1696
V8,1,khkw-V8-s1-16b,26ef6f0,cache,khkw,loas,16,vgg16_T4_n5,layer_08_features_27,1,16384,8,1024,128,524288,16,32768,2048,16,4,4,1,khkw_split,-1,16,20,32,12,1,next_burst,4,0,1,2,0,24,4,1,1,1,non_inclusive,lru,529600,148272,381328,2123720,2372352,0.895196,128,1152,0.111111,270976,4335616,0,0,1963592,0,0,4056984,34304,48416,6103296,6054880,15907608,9852728,0.619372,2370304,39880,247480,0,1893960,188984,0,0,0,0.121129,0.999137,0,0,0.222850,10.061185,2,4,5,23,29,32,15,0,7964368,15.038459,1.547901,1125,1696
V8,1,khkw-V8-s1-16b,26ef6f0,cache,khkw,loas,16,vgg16_T4_n5,layer_08_features_27,1,16384,8,1024,128,524288,16,32768,2048,16,4,4,1,khkw_split,-1,16,20,32,12,1,none,0,0,1,2,0,24,8,1,1,1,non_inclusive,lru,598848,148272,450576,2083840,2372352,0.878386,17536,288512,0.060781,270976,4335616,0,0,0,0,0,59024,7092888,59352,7211264,7151912,7151912,0,0.000000,0,0,0,0,0,0,0,0,0,0.000000,0.999137,0,0,0.222850,23.349951,1,1,1,12,15,16,0,0,5592832,9.339318,0.894041,1125,1696
V8,1,khkw-V8-s1-16b,26ef6f0,cache,khkw,loas,16,vgg16_T4_n5,layer_08_features_27,1,16384,8,1024,128,524288,16,32768,2048,16,4,4,1,khkw_split,-1,16,20,32,12,1,next_burst,1,0,1,2,0,24,8,1,1,1,non_inclusive,lru,609512,148272,461240,2108624,2372352,0.888833,128,1152,0.111111,270976,4335616,0,0,1929920,0,0,5352592,34304,65072,7381888,7316816,9925528,2608712,0.262829,2370304,24784,262576,0,1970232,112712,0,0,0,0.121129,0.999137,0,0,0.222850,21.344124,1,2,2,18,24,26,0,0,7963136,13.064773,1.526704,1125,1696
V8,1,khkw-V8-s1-16b,26ef6f0,cache,khkw,loas,16,vgg16_T4_n5,layer_08_features_27,1,16384,8,1024,128,524288,16,32768,2048,16,4,4,1,khkw_split,-1,16,20,32,12,1,next_burst,2,0,1,2,0,24,8,1,1,1,non_inclusive,lru,549784,148272,401512,2122600,2372352,0.894724,128,1152,0.111111,270976,4335616,0,0,1961488,0,0,4373224,34304,57224,6426240,6369016,11407256,5038240,0.441670,2370304,38760,248600,0,1912808,170136,0,0,0,0.121129,0.999137,0,0,0.222850,20.213014,1,3,3,23,24,28,0,0,7963136,14.484117,1.531459,1125,1696
V8,1,khkw-V8-s1-16b,26ef6f0,cache,khkw,loas,16,vgg16_T4_n5,layer_08_features_27,1,16384,8,1024,128,524288,16,32768,2048,16,4,4,1,khkw_split,-1,16,20,32,12,1,next_burst,4,0,1,2,0,24,8,1,1,1,non_inclusive,lru,529600,148272,381328,2123720,2372352,0.895196,128,1152,0.111111,270976,4335616,0,0,1963592,0,0,4056984,34304,48416,6103296,6054880,15907608,9852728,0.619372,2370304,39880,247480,0,1893960,188984,0,0,0,0.121129,0.999137,0,0,0.222850,20.122370,2,4,5,23,29,32,15,0,7964368,15.038459,1.543323,1125,1696
V8,1,khkw-V8-s1-32b,26ef6f0,cache,khkw,loas,16,vgg16_T4_n5,layer_08_features_27,1,16384,8,512,64,524288,16,16384,1024,32,8,4,1,khkw_split,-1,16,20,32,12,1,none,0,0,1,2,0,24,1,1,1,1,non_inclusive,lru,397888,148272,249616,2218624,2372352,0.935200,1920,153728,0.012490,151808,4857856,0,0,0,0,0,7336,3964392,24176,3995904,3971728,3971728,0,0.000000,0,0,0,0,0,0,0,0,0,0.000000,0.999137,0,0,0.223524,1.555196,1,1,1,11,15,16,0,0,5204096,13.079299,0.796221,1125,1696
V8,1,khkw-V8-s1-32b,26ef6f0,cache,khkw,loas,16,vgg16_T4_n5,layer_08_features_27,1,16384,8,512,64,524288,16,16384,1024,32,8,4,1,khkw_split,-1,16,20,32,12,1,next_burst,1,0,1,2,0,24,1,1,1,1,non_inclusive,lru,506392,148272,358120,2225504,2372352,0.938100,0,1152,0.000000,151808,4857856,0,0,2088104,0,0,3559096,38592,46176,5731968,5685792,6364248,678456,0.106604,2370304,6880,145696,0,2094920,122808,0,0,0,0.064314,0.999137,0,0,0.223524,1.485594,1,2,2,13,22,24,0,0,7574400,14.957582,1.352416,1125,1696
V8,1,khkw-V8-s1-32b,26ef6f0,cache,khkw,loas,16,vgg16_T4_n5,layer_08_features_27,1,16384,8,512,64,524288,16,16384,1024,32,8,4,1,khkw_split,-1,16,20,32,12,1,next_burst,2,0,1,2,0,24,1,1,1,1,non_inclusive,lru,455376,148272,307104,2236776,2372352,0.942852,0,1152,0.000000,151808,4857856,0,0,2110888,0,0,2718832,38592,47400,4915712,4868312,6480240,1611928,0.248745,2370304,18152,134424,0,2015304,202424,0,0,0,0.064314,0.999137,0,0,0.223524,1.371560,1,2,3,18,24,24,0,0,7574400,16.633288,1.360151,1125,1696
V8,1,khkw-V8-s1-32b,26ef6f0,cache,khkw,loas,16,vgg16_T4_n5,layer_08_features_27,1,16384,8,512,64,524288,16,16384,1024,32,8,4,1,khkw_split,-1,16,20,32,12,1,next_burst,4,0,1,2,0,24,1,1,1,1,non_inclusive,lru,406720,148272,258448,2237344,2372352,0.943091,0,1152,0.000000,151808,4857856,0,0,2112688,0,0,1945624,38592,40312,4137216,4096904,7241616,3144712,0.434256,2370304,18720,133856,0,1938424,279304,0,0,0,0.064314,0.999137,0,0,0.223524,1.365814,1,3,4,23,24,24,0,0,7574400,18.623131,1.383215,1125,1696
V8,1,khkw-V8-s1-32b,26ef6f0,cache,khkw,loas,16,vgg16_T4_n5,layer_08_features_27,1,16384,8,512,64,524288,16,16384,1024,32,8,4,1,khkw_split,-1,16,20,32,12,1,none,0,0,1,2,0,24,2,1,1,1,non_inclusive,lru,397888,148272,249616,2218624,2372352,0.935200,1920,153728,0.012490,151808,4857856,0,0,0,0,0,7336,3964392,24176,3995904,3971728,3971728,0,0.000000,0,0,0,0,0,0,0,0,0,0.000000,0.999137,0,0,0.223524,3.110392,1,1,1,11,15,16,0,0,5204096,13.079299,0.783508,1125,1696
V8,1,khkw-V8-s1-32b,26ef6f0,cache,khkw,loas,16,vgg16_T4_n5,layer_08_features_27,1,16384,8,512,64,524288,16,16384,1024,32,8,4,1,khkw_split,-1,16,20,32,12,1,next_burst,1,0,1,2,0,24,2,1,1,1,non_inclusive,lru,506392,148272,358120,2225504,2372352,0.938100,0,1152,0.000000,151808,4857856,0,0,2088104,0,0,3559096,38592,46176,5731968,5685792,6364248,678456,0.106604,2370304,6880,145696,0,2094920,122808,0,0,0,0.064314,0.999137,0,0,0.223524,2.971188,1,2,2,13,22,24,0,0,7574400,14.957582,1.345690,1125,1696
V8,1,khkw-V8-s1-32b,26ef6f0,cache,khkw,loas,16,vgg16_T4_n5,layer_08_features_27,1,16384,8,512,64,524288,16,16384,1024,32,8,4,1,khkw_split,-1,16,20,32,12,1,next_burst,2,0,1,2,0,24,2,1,1,1,non_inclusive,lru,455376,148272,307104,2236784,2372352,0.942855,0,1152,0.000000,151808,4857856,0,0,2110904,0,0,2718816,38592,47400,4915712,4868312,6480248,1611936,0.248746,2370304,18160,134416,0,2015296,202432,0,0,0,0.064314,0.999137,0,0,0.223524,2.742959,1,2,3,18,24,24,0,0,7574400,16.633288,1.362648,1125,1696
V8,1,khkw-V8-s1-32b,26ef6f0,cache,khkw,loas,16,vgg16_T4_n5,layer_08_features_27,1,16384,8,512,64,524288,16,16384,1024,32,8,4,1,khkw_split,-1,16,20,32,12,1,next_burst,4,0,1,2,0,24,2,1,1,1,non_inclusive,lru,406792,148272,258520,2237152,2372352,0.943010,0,1152,0.000000,151808,4857856,0,0,2112424,0,0,1946536,38592,40816,4138368,4097552,7243192,3145640,0.434289,2370304,18528,134048,0,1938408,279320,0,0,0,0.064314,0.999137,0,0,0.223524,2.735513,1,3,4,23,24,31,0,0,7574400,18.619835,1.380797,1125,1696
V8,1,khkw-V8-s1-32b,26ef6f0,cache,khkw,loas,16,vgg16_T4_n5,layer_08_features_27,1,16384,8,512,64,524288,16,16384,1024,32,8,4,1,khkw_split,-1,16,20,32,12,1,none,0,0,1,2,0,24,4,1,1,1,non_inclusive,lru,397888,148272,249616,2218624,2372352,0.935200,1920,153728,0.012490,151808,4857856,0,0,0,0,0,7336,3964392,24176,3995904,3971728,3971728,0,0.000000,0,0,0,0,0,0,0,0,0,0.000000,0.999137,0,0,0.223524,6.220783,1,1,1,11,15,16,0,0,5204096,13.079299,0.795795,1125,1696
V8,1,khkw-V8-s1-32b,26ef6f0,cache,khkw,loas,16,vgg16_T4_n5,layer_08_features_27,1,16384,8,512,64,524288,16,16384,1024,32,8,4,1,khkw_split,-1,16,20,32,12,1,next_burst,1,0,1,2,0,24,4,1,1,1,non_inclusive,lru,506392,148272,358120,2225504,2372352,0.938100,0,1152,0.000000,151808,4857856,0,0,2088104,0,0,3559096,38592,46176,5731968,5685792,6364248,678456,0.106604,2370304,6880,145696,0,2094920,122808,0,0,0,0.064314,0.999137,0,0,0.223524,5.942376,1,2,2,13,22,24,0,0,7574400,14.957582,1.338696,1125,1696
V8,1,khkw-V8-s1-32b,26ef6f0,cache,khkw,loas,16,vgg16_T4_n5,layer_08_features_27,1,16384,8,512,64,524288,16,16384,1024,32,8,4,1,khkw_split,-1,16,20,32,12,1,next_burst,2,0,1,2,0,24,4,1,1,1,non_inclusive,lru,455376,148272,307104,2236784,2372352,0.942855,0,1152,0.000000,151808,4857856,0,0,2110904,0,0,2718816,38592,47400,4915712,4868312,6480248,1611936,0.248746,2370304,18160,134416,0,2015296,202432,0,0,0,0.064314,0.999137,0,0,0.223524,5.485918,1,2,3,18,24,24,0,0,7574400,16.633288,1.386034,1125,1696
V8,1,khkw-V8-s1-32b,26ef6f0,cache,khkw,loas,16,vgg16_T4_n5,layer_08_features_27,1,16384,8,512,64,524288,16,16384,1024,32,8,4,1,khkw_split,-1,16,20,32,12,1,next_burst,4,0,1,2,0,24,4,1,1,1,non_inclusive,lru,406744,148272,258472,2237128,2372352,0.943000,0,1152,0.000000,151808,4857856,0,0,2112288,0,0,1946728,38592,39992,4137600,4097608,7243136,3145528,0.434277,2370304,18504,134072,0,1938416,279312,0,0,0,0.064314,0.999137,0,0,0.223524,5.471997,1,3,4,23,24,31,0,0,7574400,18.622033,1.393114,1125,1696
V8,1,khkw-V8-s1-32b,26ef6f0,cache,khkw,loas,16,vgg16_T4_n5,layer_08_features_27,1,16384,8,512,64,524288,16,16384,1024,32,8,4,1,khkw_split,-1,16,20,32,12,1,none,0,0,1,2,0,24,8,1,1,1,non_inclusive,lru,397888,148272,249616,2218624,2372352,0.935200,1920,153728,0.012490,151808,4857856,0,0,0,0,0,7336,3964392,24176,3995904,3971728,3971728,0,0.000000,0,0,0,0,0,0,0,0,0,0.000000,0.999137,0,0,0.223524,12.441567,1,1,1,11,15,16,0,0,5204096,13.079299,0.782284,1125,1696
V8,1,khkw-V8-s1-32b,26ef6f0,cache,khkw,loas,16,vgg16_T4_n5,layer_08_features_27,1,16384,8,512,64,524288,16,16384,1024,32,8,4,1,khkw_split,-1,16,20,32,12,1,next_burst,1,0,1,2,0,24,8,1,1,1,non_inclusive,lru,506392,148272,358120,2225504,2372352,0.938100,0,1152,0.000000,151808,4857856,0,0,2088104,0,0,3559096,38592,46176,5731968,5685792,6364248,678456,0.106604,2370304,6880,145696,0,2094920,122808,0,0,0,0.064314,0.999137,0,0,0.223524,11.884752,1,2,2,13,22,24,0,0,7574400,14.957582,1.340078,1125,1696
V8,1,khkw-V8-s1-32b,26ef6f0,cache,khkw,loas,16,vgg16_T4_n5,layer_08_features_27,1,16384,8,512,64,524288,16,16384,1024,32,8,4,1,khkw_split,-1,16,20,32,12,1,next_burst,2,0,1,2,0,24,8,1,1,1,non_inclusive,lru,455376,148272,307104,2236784,2372352,0.942855,0,1152,0.000000,151808,4857856,0,0,2110904,0,0,2718816,38592,47400,4915712,4868312,6480248,1611936,0.248746,2370304,18160,134416,0,2015296,202432,0,0,0,0.064314,0.999137,0,0,0.223524,10.971836,1,2,3,18,24,24,0,0,7574400,16.633288,1.362234,1125,1696
V8,1,khkw-V8-s1-32b,26ef6f0,cache,khkw,loas,16,vgg16_T4_n5,layer_08_features_27,1,16384,8,512,64,524288,16,16384,1024,32,8,4,1,khkw_split,-1,16,20,32,12,1,next_burst,4,0,1,2,0,24,8,1,1,1,non_inclusive,lru,406744,148272,258472,2237128,2372352,0.943000,0,1152,0.000000,151808,4857856,0,0,2112288,0,0,1946728,38592,39992,4137600,4097608,7243136,3145528,0.434277,2370304,18504,134072,0,1938416,279312,0,0,0,0.064314,0.999137,0,0,0.223524,10.943995,1,3,4,23,24,31,0,0,7574400,18.622033,1.379696,1125,1696
V8,1,khkw-V8-s1-64b,26ef6f0,cache,khkw,loas,16,vgg16_T4_n5,layer_08_features_27,1,16384,8,256,32,524288,16,8192,512,64,16,4,1,khkw_split,-1,16,20,32,12,1,none,0,0,1,2,0,24,1,1,1,1,non_inclusive,lru,276056,148272,127784,2294528,2372352,0.967195,0,77824,0.000000,77824,4980736,0,0,0,0,0,0,2033984,12608,2046592,2033984,2033984,0,0.000000,0,0,0,0,0,0,0,0,0,0.000000,0.999137,0,0,0.223524,0.787310,1,1,1,10,15,16,0,0,4978304,18.033674,0.732493,1125,1696
V8,1,khkw-V8-s1-64b,26ef6f0,cache,khkw,loas,16,vgg16_T4_n5,layer_08_features_27,1,16384,8,256,32,524288,16,8192,512,64,16,4,1,khkw_split,-1,16,20,32,12,1,next_burst,1,0,1,2,0,24,1,1,1,1,non_inclusive,lru,414080,148272,265808,2294632,2372352,0.967239,0,1152,0.000000,77824,4980736,0,0,2216552,0,0,1983288,38592,16544,4254976,4238432,4407416,168984,0.038341,2370304,104,76568,0,2216640,76992,0,0,0,0.032319,0.999137,0,0,0.223524,0.786258,1,1,2,10,15,24,0,0,7348608,17.746832,1.250730,1125,1696
V8,1,khkw-V8-s1-64b,26ef6f0,cache,khkw,loas,16,vgg16_T4_n5,layer_08_features_27,1,16384,8,256,32,524288,16,8192,512,64,16,4,1,khkw_split,-1,16,20,32,12,1,next_burst,2,0,1,2,0,24,1,1,1,1,non_inclusive,lru,400720,148272,252448,2296152,2372352,0.967880,0,1152,0.000000,77824,4980736,0,0,2218160,0,0,1761272,38592,23192,4041216,4018024,4415680,397656,0.090055,2370304,1624,75048,0,2145736,147896,0,0,0,0.032319,0.999137,0,0,0.223524,0.770881,1,1,2,11,19,24,0,0,7348608,18.338511,1.270059,1125,1696
V8,1,khkw-V8-s1-64b,26ef6f0,cache,khkw,loas,16,vgg16_T4_n5,layer_08_features_27,1,16384,8,256,32,524288,16,8192,512,64,16,4,1,khkw_split,-1,16,20,32,12,1,next_burst,4,0,1,2,0,24,1,1,1,1,non_inclusive,lru,370160,148272,221888,2299256,2372352,0.969188,0,1152,0.000000,77824,4980736,0,0,2222208,0,0,1255616,38592,35840,3552256,3516416,4434720,918304,0.207071,2370304,4728,71944,0,2026856,266776,0,0,0,0.032319,0.999137,0,0,0.223524,0.739479,1,2,3,14,23,24,0,0,7348608,19.852518,1.294852,1125,1696
V8,1,khkw-V8-s1-64b,26ef6f0,cache,khkw,loas,16,vgg16_T4_n5,layer_08_features_27,1,16384,8,256,32,524288,16,8192,512,64,16,4,1,khkw_split,-1,16,20,32,12,1,none,0,0,1,2,0,24,2,1,1,1,non_inclusive,lru,276056,148272,127784,2294528,2372352,0.967195,0,77824,0.000000,77824,4980736,0,0,0,0,0,0,2033984,12608,2046592,2033984,2033984,0,0.000000,0,0,0,0,0,0,0,0,0,0.000000,0.999137,0,0,0.223524,1.574620,1,1,1,10,15,16,0,0,4978304,18.033674,0.732901,1125,1696
V8,1,khkw-V8-s1-64b,26ef6f0,cache,khkw,loas,16,vgg16_T4_n5,layer_08_features_27,1,16384,8,256,32,524288,16,8192,512,64,16,4,1,khkw_split,-1,16,20,32,12,1,next_burst,1,0,1,2,0,24,2,1,1,1,non_inclusive,lru,414080,148272,265808,2294632,2372352,0.967239,0,1152,0.000000,77824,4980736,0,0,2216552,0,0,1983288,38592,16544,4254976,4238432,4407416,168984,0.038341,2370304,104,76568,0,2216640,76992,0,0,0,0.032319,0.999137,0,0,0.223524,1.572515,1,1,2,10,15,24,0,0,7348608,17.746832,1.275881,1125,1696
V8,1,khkw-V8-s1-64b,26ef6f0,cache,khkw,loas,16,vgg16_T4_n5,layer_08_features_27,1,16384,8,256,32,524288,16,8192,512,64,16,4,1,khkw_split,-1,16,20,32,12,1,next_burst,2,0,1,2,0,24,2,1,1,1,non_inclusive,lru,400720,148272,252448,2296152,2372352,0.967880,0,1152,0.000000,77824,4980736,0,0,2218160,0,0,1761272,38592,23192,4041216,4018024,4415680,397656,0.090055,2370304,1624,75048,0,2145736,147896,0,0,0,0.032319,0.999137,0,0,0.223524,1.541761,1,1,2,11,19,24,0,0,7348608,18.338511,1.270574,1125,1696
V8,1,khkw-V8-s1-64b,26ef6f0,cache,khkw,loas,16,vgg16_T4_n5,layer_08_features_27,1,16384,8,256,32,524288,16,8192,512,64,16,4,1,khkw_split,-1,16,20,32,12,1,next_burst,4,0,1,2,0,24,2,1,1,1,non_inclusive,lru,370224,148272,221952,2299240,2372352,0.969182,0,1152,0.000000,77824,4980736,0,0,2222184,0,0,1256024,38592,36480,3553280,3516800,4435320,918520,0.207092,2370304,4712,71960,0,2026768,266864,0,0,0,0.032319,0.999137,0,0,0.223524,1.479281,1,2,3,14,23,24,0,0,7348608,19.849086,1.298634,1125,1696
V8,1,khkw-V8-s1-64b,26ef6f0,cache,khkw,loas,16,vgg16_T4_n5,layer_08_features_27,1,16384,8,256,32,524288,16,8192,512,64,16,4,1,khkw_split,-1,16,20,32,12,1,none,0,0,1,2,0,24,4,1,1,1,non_inclusive,lru,276056,148272,127784,2294528,2372352,0.967195,0,77824,0.000000,77824,4980736,0,0,0,0,0,0,2033984,12608,2046592,2033984,2033984,0,0.000000,0,0,0,0,0,0,0,0,0,0.000000,0.999137,0,0,0.223524,3.149239,1,1,1,10,15,16,0,0,4978304,18.033674,0.730821,1125,1696
V8,1,khkw-V8-s1-64b,26ef6f0,cache,khkw,loas,16,vgg16_T4_n5,layer_08_features_27,1,16384,8,256,32,524288,16,8192,512,64,16,4,1,khkw_split,-1,16,20,32,12,1,next_burst,1,0,1,2,0,24,4,1,1,1,non_inclusive,lru,414080,148272,265808,2294632,2372352,0.967239,0,1152,0.000000,77824,4980736,0,0,2216552,0,0,1983288,38592,16544,4254976,4238432,4407416,168984,0.038341,2370304,104,76568,0,2216640,76992,0,0,0,0.032319,0.999137,0,0,0.223524,3.145031,1,1,2,10,15,24,0,0,7348608,17.746832,1.252151,1125,1696
V8,1,khkw-V8-s1-64b,26ef6f0,cache,khkw,loas,16,vgg16_T4_n5,layer_08_features_27,1,16384,8,256,32,524288,16,8192,512,64,16,4,1,khkw_split,-1,16,20,32,12,1,next_burst,2,0,1,2,0,24,4,1,1,1,non_inclusive,lru,400720,148272,252448,2296152,2372352,0.967880,0,1152,0.000000,77824,4980736,0,0,2218160,0,0,1761272,38592,23192,4041216,4018024,4415680,397656,0.090055,2370304,1624,75048,0,2145736,147896,0,0,0,0.032319,0.999137,0,0,0.223524,3.083522,1,1,2,11,19,24,0,0,7348608,18.338511,1.274699,1125,1696
V8,1,khkw-V8-s1-64b,26ef6f0,cache,khkw,loas,16,vgg16_T4_n5,layer_08_features_27,1,16384,8,256,32,524288,16,8192,512,64,16,4,1,khkw_split,-1,16,20,32,12,1,next_burst,4,0,1,2,0,24,4,1,1,1,non_inclusive,lru,370224,148272,221952,2299240,2372352,0.969182,0,1152,0.000000,77824,4980736,0,0,2222184,0,0,1256024,38592,36480,3553280,3516800,4435320,918520,0.207092,2370304,4712,71960,0,2026768,266864,0,0,0,0.032319,0.999137,0,0,0.223524,2.958563,1,2,3,14,23,24,0,0,7348608,19.849086,1.292555,1125,1696
V8,1,khkw-V8-s1-64b,26ef6f0,cache,khkw,loas,16,vgg16_T4_n5,layer_08_features_27,1,16384,8,256,32,524288,16,8192,512,64,16,4,1,khkw_split,-1,16,20,32,12,1,none,0,0,1,2,0,24,8,1,1,1,non_inclusive,lru,276056,148272,127784,2294528,2372352,0.967195,0,77824,0.000000,77824,4980736,0,0,0,0,0,0,2033984,12608,2046592,2033984,2033984,0,0.000000,0,0,0,0,0,0,0,0,0,0.000000,0.999137,0,0,0.223524,6.298478,1,1,1,10,15,16,0,0,4978304,18.033674,0.733947,1125,1696
V8,1,khkw-V8-s1-64b,26ef6f0,cache,khkw,loas,16,vgg16_T4_n5,layer_08_features_27,1,16384,8,256,32,524288,16,8192,512,64,16,4,1,khkw_split,-1,16,20,32,12,1,next_burst,1,0,1,2,0,24,8,1,1,1,non_inclusive,lru,414080,148272,265808,2294632,2372352,0.967239,0,1152,0.000000,77824,4980736,0,0,2216552,0,0,1983288,38592,16544,4254976,4238432,4407416,168984,0.038341,2370304,104,76568,0,2216640,76992,0,0,0,0.032319,0.999137,0,0,0.223524,6.290062,1,1,2,10,15,24,0,0,7348608,17.746832,1.250341,1125,1696
V8,1,khkw-V8-s1-64b,26ef6f0,cache,khkw,loas,16,vgg16_T4_n5,layer_08_features_27,1,16384,8,256,32,524288,16,8192,512,64,16,4,1,khkw_split,-1,16,20,32,12,1,next_burst,2,0,1,2,0,24,8,1,1,1,non_inclusive,lru,400720,148272,252448,2296152,2372352,0.967880,0,1152,0.000000,77824,4980736,0,0,2218160,0,0,1761272,38592,23192,4041216,4018024,4415680,397656,0.090055,2370304,1624,75048,0,2145736,147896,0,0,0,0.032319,0.999137,0,0,0.223524,6.167044,1,1,2,11,19,24,0,0,7348608,18.338511,1.277591,1125,1696
V8,1,khkw-V8-s1-64b,26ef6f0,cache,khkw,loas,16,vgg16_T4_n5,layer_08_features_27,1,16384,8,256,32,524288,16,8192,512,64,16,4,1,khkw_split,-1,16,20,32,12,1,next_burst,4,0,1,2,0,24,8,1,1,1,non_inclusive,lru,370224,148272,221952,2299240,2372352,0.969182,0,1152,0.000000,77824,4980736,0,0,2222184,0,0,1256024,38592,36480,3553280,3516800,4435320,918520,0.207092,2370304,4712,71960,0,2026768,266864,0,0,0,0.032319,0.999137,0,0,0.223524,5.917125,1,2,3,14,23,24,0,0,7348608,19.849086,1.294681,1125,1696
V8,2,khkw-V8-s2-16b,26ef6f0,cache,khkw,loas,16,vgg16_T4_n5,layer_08_features_27,2,16384,8,1024,128,524288,16,32768,2048,16,4,4,1,khkw_split,-1,16,20,32,12,1,none,0,0,1,2,0,24,1,1,1,1,non_inclusive,lru,589840,146200,443640,2055424,2339200,0.878687,17152,283776,0.060442,266624,4265984,0,0,0,0,0,59880,6979224,61184,7100288,7039104,7039104,0,0.000000,0,0,0,0,0,0,0,0,0,0.000000,0.999124,0,0,0.208007,2.911518,1,1,1,12,15,16,0,0,5512704,9.346101,0.890057,1089,1666
V8,2,khkw-V8-s2-16b,26ef6f0,cache,khkw,loas,16,vgg16_T4_n5,layer_08_features_27,2,16384,8,1024,128,524288,16,32768,2048,16,4,4,1,khkw_split,-1,16,20,32,12,1,next_burst,1,0,1,2,0,24,1,1,1,1,non_inclusive,lru,601048,146200,454848,2078416,2339200,0.888516,0,1152,0.000000,266624,4265984,0,0,1896336,0,0,5277320,38592,67368,7279616,7212248,9700568,2488320,0.256513,2337152,22992,259632,0,1940064,114464,0,0,0,0.120821,0.999124,0,0,0.208007,2.675622,1,2,2,18,24,24,0,0,7849856,13.060281,1.504148,1089,1666
V8,2,khkw-V8-s2-16b,26ef6f0,cache,khkw,loas,16,vgg16_T4_n5,layer_08_features_27,2,16384,8,1024,128,524288,16,32768,2048,16,4,4,1,khkw_split,-1,16,20,32,12,1,next_burst,2,0,1,2,0,24,1,1,1,1,non_inclusive,lru,538184,146200,391984,2090784,2339200,0.893803,0,1152,0.000000,266624,4265984,0,0,1925296,0,0,4250384,38592,59520,6273792,6214272,11104712,4890440,0.440393,2337152,35360,247264,0,1880688,173840,0,0,0,0.120821,0.999124,0,0,0.208007,2.548728,1,3,3,23,24,24,0,0,7849856,14.585822,1.515843,1089,1666
V8,2,khkw-V8-s2-16b,26ef6f0,cache,khkw,loas,16,vgg16_T4_n5,layer_08_features_27,2,16384,8,1024,128,524288,16,32768,2048,16,4,4,1,khkw_split,-1,16,20,32,12,1,next_burst,4,0,1,2,0,24,1,1,1,1,non_inclusive,lru,519968,146200,373768,2099848,2339200,0.897678,0,1152,0.000000,266624,4265984,0,0,1942464,0,0,3954808,38592,46472,5982336,5935864,15493072,9557208,0.616870,2337152,44424,238200,0,1862424,192104,0,0,0,0.120821,0.999124,0,0,0.208007,2.455732,2,4,5,23,24,24,0,0,7849856,15.096806,1.523205,1089,1666
V8,2,khkw-V8-s2-16b,26ef6f0,cache,khkw,loas,16,vgg16_T4_n5,layer_08_features_27,2,16384,8,1024,128,524288,16,32768,2048,16,4,4,1,khkw_split,-1,16,20,32,12,1,none,0,0,1,2,0,24,2,1,1,1,non_inclusive,lru,589840,146200,443640,2055424,2339200,0.878687,17152,283776,0.060442,266624,4265984,0,0,0,0,0,59880,6979224,61184,7100288,7039104,7039104,0,0.000000,0,0,0,0,0,0,0,0,0,0.000000,0.999124,0,0,0.208007,5.823037,1,1,1,12,15,16,0,0,5512704,9.346101,0.878422,1089,1666
V8,2,khkw-V8-s2-16b,26ef6f0,cache,khkw,loas,16,vgg16_T4_n5,layer_08_features_27,2,16384,8,1024,128,524288,16,32768,2048,16,4,4,1,khkw_split,-1,16,20,32,12,1,next_burst,1,0,1,2,0,24,2,1,1,1,non_inclusive,lru,601072,146200,454872,2078408,2339200,0.888512,0,1152,0.000000,266624,4265984,0,0,1896296,0,0,5277552,38592,67560,7280000,7212440,9700896,2488456,0.256518,2337152,22984,259640,0,1940112,114416,0,0,0,0.120821,0.999124,0,0,0.208007,5.351409,1,2,2,18,24,24,0,0,7849856,13.059760,1.500829,1089,1666
V8,2,khkw-V8-s2-16b,26ef6f0,cache,khkw,loas,16,vgg16_T4_n5,layer_08_features_27,2,16384,8,1024,128,524288,16,32768,2048,16,4,4,1,khkw_split,-1,16,20,32,12,1,next_burst,2,0,1,2,0,24,2,1,1,1,non_inclusive,lru,538184,146200,391984,2090976,2339200,0.893885,0,1152,0.000000,266624,4265984,0,0,1925624,0,0,4250024,38592,59552,6273792,6214240,11104544,4890304,0.440388,2337152,35552,247072,0,1880656,173872,0,0,0,0.120821,0.999124,0,0,0.208007,5.093516,1,3,3,23,24,26,0,0,7849856,14.585822,1.517636,1089,1666
V8,2,khkw-V8-s2-16b,26ef6f0,cache,khkw,loas,16,vgg16_T4_n5,layer_08_features_27,2,16384,8,1024,128,524288,16,32768,2048,16,4,4,1,khkw_split,-1,16,20,32,12,1,next_burst,4,0,1,2,0,24,2,1,1,1,non_inclusive,lru,519976,146200,373776,2098488,2339200,0.897096,0,1152,0.000000,266624,4265984,0,0,1940152,0,0,3955832,38592,47888,5982464,5934576,15478800,9544224,0.616600,2337152,43064,239560,0,1862568,191960,0,0,0,0.120821,0.999124,0,0,0.208007,4.939371,2,4,5,23,29,32,4,0,7850176,15.097189,1.525355,1089,1666
V8,2,khkw-V8-s2-16b,26ef6f0,cache,khkw,loas,16,vgg16_T4_n5,layer_08_features_27,2,16384,8,1024,128,524288,16,32768,2048,16,4,4,1,khkw_split,-1,16,20,32,12,1,none,0,0,1,2,0,24,4,1,1,1,non_inclusive,lru,589840,146200,443640,2055424,2339200,0.878687,17152,283776,0.060442,266624,4265984,0,0,0,0,0,59880,6979224,61184,7100288,7039104,7039104,0,0.000000,0,0,0,0,0,0,0,0,0,0.000000,0.999124,0,0,0.208007,11.646074,1,1,1,12,15,16,0,0,5512704,9.346101,0.876273,1089,1666
V8,2,khkw-V8-s2-16b,26ef6f0,cache,khkw,loas,16,vgg16_T4_n5,layer_08_features_27,2,16384,8,1024,128,524288,16,32768,2048,16,4,4,1,khkw_split,-1,16,20,32,12,1,next_burst,1,0,1,2,0,24,4,1,1,1,non_inclusive,lru,600904,146200,454704,2078336,2339200,0.888482,0,1152,0.000000,266624,4265984,0,0,1896256,0,0,5276904,38592,65560,7277312,7211752,9700040,2488288,0.256523,2337152,22912,259712,0,1940424,114104,0,0,0,0.120821,0.999124,0,0,0.208007,10.705773,1,2,2,18,24,24,0,0,7849856,13.063411,1.506436,1089,1666
V8,2,khkw-V8-s2-16b,26ef6f0,cache,khkw,loas,16,vgg16_T4_n5,layer_08_features_27,2,16384,8,1024,128,524288,16,32768,2048,16,4,4,1,khkw_split,-1,16,20,32,12,1,next_burst,2,0,1,2,0,24,4,1,1,1,non_inclusive,lru,538208,146200,392008,2090952,2339200,0.893875,0,1152,0.000000,266624,4265984,0,0,1925512,0,0,4250464,38592,59608,6274176,6214568,11105040,4890472,0.440383,2337152,35528,247096,0,1880656,173872,0,0,0,0.120821,0.999124,0,0,0.208007,10.188016,1,3,3,23,24,26,0,0,7849856,14.585172,1.520030,1089,1666
V8,2,khkw-V8-s2-16b,26ef6f0,cache,khkw,loas,16,vgg16_T4_n5,layer_08_features_27,2,16384,8,1024,128,524288,16,32768,2048,16,4,4,1,khkw_split,-1,16,20,32,12,1,next_burst,4,0,1,2,0,24,4,1,1,1,non_inclusive,lru,519960,146200,373760,2098784,2339200,0.897223,0,1152,0.000000,266624,4265984,0,0,1940584,0,0,3955456,38592,47576,5982208,5934632,15479312,9544680,0.616609,2337152,43360,239264,0,1862600,191928,0,0,0,0.120821,0.999124,0,0,0.208007,9.866594,2,4,5,23,29,32,4,0,7850176,15.097654,1.516112,1089,1666
V8,2,khkw-V8-s2-16b,26ef6f0,cache,khkw,loas,16,vgg16_T4_n5,layer_08_features_27,2,16384,8,1024,128,524288,16,32768,2048,16,4,4,1,khkw_split,-1,16,20,32,12,1,none,0,0,1,2,0,24,8,1,1,1,non_inclusive,lru,589840,146200,443640,2055424,2339200,0.878687,17152,283776,0.060442,266624,4265984,0,0,0,0,0,59880,6979224,61184,7100288,7039104,7039104,0,0.000000,0,0,0,0,0,0,0,0,0,0.000000,0.999124,0,0,0.208007,23.292148,1,1,1,12,15,16,0,0,5512704,9.346101,0.875733,1089,1666
V8,2,khkw-V8-s2-16b,26ef6f0,cache,khkw,loas,16,vgg16_T4_n5,layer_08_features_27,2,16384,8,1024,128,524288,16,32768,2048,16,4,4,1,khkw_split,-1,16,20,32,12,1,next_burst,1,0,1,2,0,24,8,1,1,1,non_inclusive,lru,600904,146200,454704,2078336,2339200,0.888482,0,1152,0.000000,266624,4265984,0,0,1896256,0,0,5276904,38592,65560,7277312,7211752,9700040,2488288,0.256523,2337152,22912,259712,0,1940424,114104,0,0,0,0.120821,0.999124,0,0,0.208007,21.411546,1,2,2,18,24,24,0,0,7849856,13.063411,1.505199,1089,1666
V8,2,khkw-V8-s2-16b,26ef6f0,cache,khkw,loas,16,vgg16_T4_n5,layer_08_features_27,2,16384,8,1024,128,524288,16,32768,2048,16,4,4,1,khkw_split,-1,16,20,32,12,1,next_burst,2,0,1,2,0,24,8,1,1,1,non_inclusive,lru,538208,146200,392008,2090952,2339200,0.893875,0,1152,0.000000,266624,4265984,0,0,1925512,0,0,4250464,38592,59608,6274176,6214568,11105040,4890472,0.440383,2337152,35528,247096,0,1880656,173872,0,0,0,0.120821,0.999124,0,0,0.208007,20.376033,1,3,3,23,24,26,0,0,7849856,14.585172,1.520922,1089,1666
V8,2,khkw-V8-s2-16b,26ef6f0,cache,khkw,loas,16,vgg16_T4_n5,layer_08_features_27,2,16384,8,1024,128,524288,16,32768,2048,16,4,4,1,khkw_split,-1,16,20,32,12,1,next_burst,4,0,1,2,0,24,8,1,1,1,non_inclusive,lru,519960,146200,373760,2098784,2339200,0.897223,0,1152,0.000000,266624,4265984,0,0,1940584,0,0,3955456,38592,47576,5982208,5934632,15479312,9544680,0.616609,2337152,43360,239264,0,1862600,191928,0,0,0,0.120821,0.999124,0,0,0.208007,19.733187,2,4,5,23,29,32,4,0,7850176,15.097654,1.515989,1089,1666
V8,2,khkw-V8-s2-32b,26ef6f0,cache,khkw,loas,16,vgg16_T4_n5,layer_08_features_27,2,16384,8,512,64,524288,16,16384,1024,32,8,4,1,khkw_split,-1,16,20,32,12,1,none,0,0,1,2,0,24,1,1,1,1,non_inclusive,lru,397128,146200,250928,2185088,2339200,0.934118,1536,154112,0.009967,152576,4882432,0,0,0,0,0,6592,3985496,24808,4016896,3992088,3992088,0,0.000000,0,0,0,0,0,0,0,0,0,0.000000,0.999124,0,0,0.210069,1.581176,1,1,1,12,15,16,0,0,5139328,12.941238,0.793209,1089,1666
V8,2,khkw-V8-s2-32b,26ef6f0,cache,khkw,loas,16,vgg16_T4_n5,layer_08_features_27,2,16384,8,512,64,524288,16,16384,1024,32,8,4,1,khkw_split,-1,16,20,32,12,1,next_burst,1,0,1,2,0,24,1,1,1,1,non_inclusive,lru,500648,146200,354448,2193160,2339200,0.937568,0,1152,0.000000,152576,4882432,0,0,2058064,0,0,3531224,38592,45336,5673216,5627880,6359080,731200,0.114985,2337152,8072,144888,0,2064904,119288,0,0,0,0.065390,0.999124,0,0,0.210069,1.498358,1,2,2,13,23,24,0,0,7476480,14.933606,1.333269,1089,1666
V8,2,khkw-V8-s2-32b,26ef6f0,cache,khkw,loas,16,vgg16_T4_n5,layer_08_features_27,2,16384,8,512,64,524288,16,16384,1024,32,8,4,1,khkw_split,-1,16,20,32,12,1,next_burst,2,0,1,2,0,24,1,1,1,1,non_inclusive,lru,452168,146200,305968,2202320,2339200,0.941484,0,1152,0.000000,152576,4882432,0,0,2077224,0,0,2731384,38592,50336,4897536,4847200,6507824,1660624,0.255173,2337152,17232,135728,0,1983168,201024,0,0,0,0.065390,0.999124,0,0,0.210069,1.404378,1,2,3,18,24,24,0,0,7476480,16.534739,1.349973,1089,1666
V8,2,khkw-V8-s2-32b,26ef6f0,cache,khkw,loas,16,vgg16_T4_n5,layer_08_features_27,2,16384,8,512,64,524288,16,16384,1024,32,8,4,1,khkw_split,-1,16,20,32,12,1,next_burst,4,0,1,2,0,24,1,1,1,1,non_inclusive,lru,404064,146200,257864,2204768,2339200,0.942531,0,1152,0.000000,152576,4882432,0,0,2083560,0,0,1965216,38592,40504,4127872,4087368,7313656,3226288,0.441132,2337152,19680,133280,0,1904856,279336,0,0,0,0.065390,0.999124,0,0,0.210069,1.379261,2,3,4,23,24,24,0,0,7476480,18.503207,1.380393,1089,1666
V8,2,khkw-V8-s2-32b,26ef6f0,cache,khkw,loas,16,vgg16_T4_n5,layer_08_features_27,2,16384,8,512,64,524288,16,16384,1024,32,8,4,1,khkw_split,-1,16,20,32,12,1,none,0,0,1,2,0,24,2,1,1,1,non_inclusive,lru,397128,146200,250928,2185088,2339200,0.934118,1536,154112,0.009967,152576,4882432,0,0,0,0,0,6592,3985496,24808,4016896,3992088,3992088,0,0.000000,0,0,0,0,0,0,0,0,0,0.000000,0.999124,0,0,0.210069,3.162353,1,1,1,12,15,16,0,0,5139328,12.941238,0.777038,1089,1666
V8,2,khkw-V8-s2-32b,26ef6f0,cache,khkw,loas,16,vgg16_T4_n5,layer_08_features_27,2,16384,8,512,64,524288,16,16384,1024,32,8,4,1,khkw_split,-1,16,20,32,12,1,next_burst,1,0,1,2,0,24,2,1,1,1,non_inclusive,lru,500648,146200,354448,2193160,2339200,0.937568,0,1152,0.000000,152576,4882432,0,0,2058064,0,0,3531224,38592,45336,5673216,5627880,6359080,731200,0.114985,2337152,8072,144888,0,2064904,119288,0,0,0,0.065390,0.999124,0,0,0.210069,2.996717,1,2,2,13,23,24,0,0,7476480,14.933606,1.328000,1089,1666
V8,2,khkw-V8-s2-32b,26ef6f0,cache,khkw,loas,16,vgg16_T4_n5,layer_08_features_27,2,16384,8,512,64,524288,16,16384,1024,32,8,4,1,khkw_split,-1,16,20,32,12,1,next_burst,2,0,1,2,0,24,2,1,1,1,non_inclusive,lru,452168,146200,305968,2202320,2339200,0.941484,0,1152,0.000000,152576,4882432,0,0,2077224,0,0,2731384,38592,50336,4897536,4847200,6507824,1660624,0.255173,2337152,17232,135728,0,1983168,201024,0,0,0,0.065390,0.999124,0,0,0.210069,2.808755,1,2,3,18,24,24,0,0,7476480,16.534739,1.349563,1089,1666
V8,2,khkw-V8-s2-32b,26ef6f0,cache,khkw,loas,16,vgg16_T4_n5,layer_08_features_27,2,16384,8,512,64,524288,16,16384,1024,32,8,4,1,khkw_split,-1,16,20,32,12,1,next_burst,4,0,1,2,0,24,2,1,1,1,non_inclusive,lru,404168,146200,257968,2204832,2339200,0.942558,0,1152,0.000000,152576,4882432,0,0,2083576,0,0,1966672,38592,40696,4129536,4088840,7316736,3227896,0.441166,2337152,19744,133216,0,1904840,279352,0,0,0,0.065390,0.999124,0,0,0.210069,2.757209,2,3,4,23,24,30,0,0,7476480,18.498446,1.382043,1089,1666
V8,2,khkw-V8-s2-32b,26ef6f0,cache,khkw,loas,16,vgg16_T4_n5,layer_08_features_27,2,16384,8,512,64,524288,16,16384,1024,32,8,4,1,khkw_split,-1,16,20,32,12,1,none,0,0,1,2,0,24,4,1,1,1,non_inclusive,lru,397128,146200,250928,2185088,2339200,0.934118,1536,154112,0.009967,152576,4882432,0,0,0,0,0,6592,3985496,24808,4016896,3992088,3992088,0,0.000000,0,0,0,0,0,0,0,0,0,0.000000,0.999124,0,0,0.210069,6.324706,1,1,1,12,15,16,0,0,5139328,12.941238,0.777373,1089,1666
V8,2,khkw-V8-s2-32b,26ef6f0,cache,khkw,loas,16,vgg16_T4_n5,layer_08_features_27,2,16384,8,512,64,524288,16,16384,1024,32,8,4,1,khkw_split,-1,16,20,32,12,1,next_burst,1,0,1,2,0,24,4,1,1,1,non_inclusive,lru,500648,146200,354448,2193160,2339200,0.937568,0,1152,0.000000,152576,4882432,0,0,2058064,0,0,3531224,38592,45336,5673216,5627880,6359080,731200,0.114985,2337152,8072,144888,0,2064904,119288,0,0,0,0.065390,0.999124,0,0,0.210069,5.993434,1,2,2,13,23,24,0,0,7476480,14.933606,1.329736,1089,1666
V8,2,khkw-V8-s2-32b,26ef6f0,cache,khkw,loas,16,vgg16_T4_n5,layer_08_features_27,2,16384,8,512,64,524288,16,16384,1024,32,8,4,1,khkw_split,-1,16,20,32,12,1,next_burst,2,0,1,2,0,24,4,1,1,1,non_inclusive,lru,452168,146200,305968,2202320,2339200,0.941484,0,1152,0.000000,152576,4882432,0,0,2077224,0,0,2731384,38592,50336,4897536,4847200,6507824,1660624,0.255173,2337152,17232,135728,0,1983168,201024,0,0,0,0.065390,0.999124,0,0,0.210069,5.617510,1,2,3,18,24,24,0,0,7476480,16.534739,1.352730,1089,1666
V8,2,khkw-V8-s2-32b,26ef6f0,cache,khkw,loas,16,vgg16_T4_n5,layer_08_features_27,2,16384,8,512,64,524288,16,16384,1024,32,8,4,1,khkw_split,-1,16,20,32,12,1,next_burst,4,0,1,2,0,24,4,1,1,1,non_inclusive,lru,404168,146200,257968,2204832,2339200,0.942558,0,1152,0.000000,152576,4882432,0,0,2083576,0,0,1966672,38592,40696,4129536,4088840,7316736,3227896,0.441166,2337152,19744,133216,0,1904840,279352,0,0,0,0.065390,0.999124,0,0,0.210069,5.514419,2,3,4,23,24,30,0,0,7476480,18.498446,1.378884,1089,1666
V8,2,khkw-V8-s2-32b,26ef6f0,cache,khkw,loas,16,vgg16_T4_n5,layer_08_features_27,2,16384,8,512,64,524288,16,16384,1024,32,8,4,1,khkw_split,-1,16,20,32,12,1,none,0,0,1,2,0,24,8,1,1,1,non_inclusive,lru,397128,146200,250928,2185088,2339200,0.934118,1536,154112,0.009967,152576,4882432,0,0,0,0,0,6592,3985496,24808,4016896,3992088,3992088,0,0.000000,0,0,0,0,0,0,0,0,0,0.000000,0.999124,0,0,0.210069,12.649412,1,1,1,12,15,16,0,0,5139328,12.941238,0.776250,1089,1666
V8,2,khkw-V8-s2-32b,26ef6f0,cache,khkw,loas,16,vgg16_T4_n5,layer_08_features_27,2,16384,8,512,64,524288,16,16384,1024,32,8,4,1,khkw_split,-1,16,20,32,12,1,next_burst,1,0,1,2,0,24,8,1,1,1,non_inclusive,lru,500648,146200,354448,2193160,2339200,0.937568,0,1152,0.000000,152576,4882432,0,0,2058064,0,0,3531224,38592,45336,5673216,5627880,6359080,731200,0.114985,2337152,8072,144888,0,2064904,119288,0,0,0,0.065390,0.999124,0,0,0.210069,11.986867,1,2,2,13,23,24,0,0,7476480,14.933606,1.325703,1089,1666
V8,2,khkw-V8-s2-32b,26ef6f0,cache,khkw,loas,16,vgg16_T4_n5,layer_08_features_27,2,16384,8,512,64,524288,16,16384,1024,32,8,4,1,khkw_split,-1,16,20,32,12,1,next_burst,2,0,1,2,0,24,8,1,1,1,non_inclusive,lru,452168,146200,305968,2202320,2339200,0.941484,0,1152,0.000000,152576,4882432,0,0,2077224,0,0,2731384,38592,50336,4897536,4847200,6507824,1660624,0.255173,2337152,17232,135728,0,1983168,201024,0,0,0,0.065390,0.999124,0,0,0.210069,11.235021,1,2,3,18,24,24,0,0,7476480,16.534739,1.350236,1089,1666
V8,2,khkw-V8-s2-32b,26ef6f0,cache,khkw,loas,16,vgg16_T4_n5,layer_08_features_27,2,16384,8,512,64,524288,16,16384,1024,32,8,4,1,khkw_split,-1,16,20,32,12,1,next_burst,4,0,1,2,0,24,8,1,1,1,non_inclusive,lru,404168,146200,257968,2204832,2339200,0.942558,0,1152,0.000000,152576,4882432,0,0,2083576,0,0,1966672,38592,40696,4129536,4088840,7316736,3227896,0.441166,2337152,19744,133216,0,1904840,279352,0,0,0,0.065390,0.999124,0,0,0.210069,11.028837,2,3,4,23,24,30,0,0,7476480,18.498446,1.381478,1089,1666
V8,2,khkw-V8-s2-64b,26ef6f0,cache,khkw,loas,16,vgg16_T4_n5,layer_08_features_27,2,16384,8,256,32,524288,16,8192,512,64,16,4,1,khkw_split,-1,16,20,32,12,1,none,0,0,1,2,0,24,1,1,1,1,non_inclusive,lru,273984,146200,127784,2261376,2339200,0.966731,0,77824,0.000000,77824,4980736,0,0,0,0,0,0,2033984,12608,2046592,2033984,2033984,0,0.000000,0,0,0,0,0,0,0,0,0,0.000000,0.999124,0,0,0.210069,0.798468,1,1,1,10,15,16,0,0,4912000,17.928054,0.731163,1089,1666
V8,2,khkw-V8-s2-64b,26ef6f0,cache,khkw,loas,16,vgg16_T4_n5,layer_08_features_27,2,16384,8,256,32,524288,16,8192,512,64,16,4,1,khkw_split,-1,16,20,32,12,1,next_burst,1,0,1,2,0,24,1,1,1,1,non_inclusive,lru,410320,146200,264120,2261376,2339200,0.966731,0,1152,0.000000,77824,4980736,0,0,2182784,0,0,1993144,38592,13448,4227968,4214520,4369216,154696,0.035406,2337152,0,76672,0,2182800,77680,0,0,0,0.032777,0.999124,0,0,0.210069,0.798468,1,1,2,9,15,24,0,0,7249152,17.667070,1.255597,1089,1666
V8,2,khkw-V8-s2-64b,26ef6f0,cache,khkw,loas,16,vgg16_T4_n5,layer_08_features_27,2,16384,8,256,32,524288,16,8192,512,64,16,4,1,khkw_split,-1,16,20,32,12,1,next_burst,2,0,1,2,0,24,1,1,1,1,non_inclusive,lru,398640,146200,252440,2262072,2339200,0.967028,0,1152,0.000000,77824,4980736,0,0,2183024,0,0,1798800,38592,20672,4041088,4020416,4377448,357032,0.081562,2337152,696,75976,0,2108600,151880,0,0,0,0.032777,0.999124,0,0,0.210069,0.791327,1,1,2,11,16,24,0,0,7249152,18.184708,1.267548,1089,1666
V8,2,khkw-V8-s2-64b,26ef6f0,cache,khkw,loas,16,vgg16_T4_n5,layer_08_features_27,2,16384,8,256,32,524288,16,8192,512,64,16,4,1,khkw_split,-1,16,20,32,12,1,next_burst,4,0,1,2,0,24,1,1,1,1,non_inclusive,lru,365696,146200,219496,2266288,2339200,0.968830,0,1152,0.000000,77824,4980736,0,0,2189120,0,0,1250416,38592,35856,3513984,3478128,4405840,927712,0.210564,2337152,4912,71760,0,1993472,267008,0,0,0,0.032777,0.999124,0,0,0.210069,0.748071,1,2,3,14,23,24,0,0,7249152,19.822891,1.288986,1089,1666
V8,2,khkw-V8-s2-64b,26ef6f0,cache,khkw,loas,16,vgg16_T4_n5,layer_08_features_27,2,16384,8,256,32,524288,16,8192,512,64,16,4,1,khkw_split,-1,16,20,32,12,1,none,0,0,1,2,0,24,2,1,1,1,non_inclusive,lru,273984,146200,127784,2261376,2339200,0.966731,0,77824,0.000000,77824,4980736,0,0,0,0,0,0,2033984,12608,2046592,2033984,2033984,0,0.000000,0,0,0,0,0,0,0,0,0,0.000000,0.999124,0,0,0.210069,1.596936,1,1,1,10,15,16,0,0,4912000,17.928054,0.731066,1089,1666
V8,2,khkw-V8-s2-64b,26ef6f0,cache,khkw,loas,16,vgg16_T4_n5,layer_08_features_27,2,16384,8,256,32,524288,16,8192,512,64,16,4,1,khkw_split,-1,16,20,32,12,1,next_burst,1,0,1,2,0,24,2,1,1,1,non_inclusive,lru,410320,146200,264120,2261376,2339200,0.966731,0,1152,0.000000,77824,4980736,0,0,2182784,0,0,1993144,38592,13448,4227968,4214520,4369216,154696,0.035406,2337152,0,76672,0,2182800,77680,0,0,0,0.032777,0.999124,0,0,0.210069,1.596936,1,1,2,9,15,24,0,0,7249152,17.667070,1.254207,1089,1666
V8,2,khkw-V8-s2-64b,26ef6f0,cache,khkw,loas,16,vgg16_T4_n5,layer_08_features_27,2,16384,8,256,32,524288,16,8192,512,64,16,4,1,khkw_split,-1,16,20,32,12,1,next_burst,2,0,1,2,0,24,2,1,1,1,non_inclusive,lru,398640,146200,252440,2262072,2339200,0.967028,0,1152,0.000000,77824,4980736,0,0,2183024,0,0,1798800,38592,20672,4041088,4020416,4377448,357032,0.081562,2337152,696,75976,0,2108600,151880,0,0,0,0.032777,0.999124,0,0,0.210069,1.582654,1,1,2,11,16,24,0,0,7249152,18.184708,1.285583,1089,1666
V8,2,khkw-V8-s2-64b,26ef6f0,cache,khkw,loas,16,vgg16_T4_n5,layer_08_features_27,2,16384,8,256,32,524288,16,8192,512,64,16,4,1,khkw_split,-1,16,20,32,12,1,next_burst,4,0,1,2,0,24,2,1,1,1,non_inclusive,lru,365696,146200,219496,2266288,2339200,0.968830,0,1152,0.000000,77824,4980736,0,0,2189120,0,0,1250416,38592,35856,3513984,3478128,4405840,927712,0.210564,2337152,4912,71760,0,1993472,267008,0,0,0,0.032777,0.999124,0,0,0.210069,1.496142,1,2,3,14,23,24,0,0,7249152,19.822891,1.289356,1089,1666
V8,2,khkw-V8-s2-64b,26ef6f0,cache,khkw,loas,16,vgg16_T4_n5,layer_08_features_27,2,16384,8,256,32,524288,16,8192,512,64,16,4,1,khkw_split,-1,16,20,32,12,1,none,0,0,1,2,0,24,4,1,1,1,non_inclusive,lru,273984,146200,127784,2261376,2339200,0.966731,0,77824,0.000000,77824,4980736,0,0,0,0,0,0,2033984,12608,2046592,2033984,2033984,0,0.000000,0,0,0,0,0,0,0,0,0,0.000000,0.999124,0,0,0.210069,3.193871,1,1,1,10,15,16,0,0,4912000,17.928054,0.742017,1089,1666
V8,2,khkw-V8-s2-64b,26ef6f0,cache,khkw,loas,16,vgg16_T4_n5,layer_08_features_27,2,16384,8,256,32,524288,16,8192,512,64,16,4,1,khkw_split,-1,16,20,32,12,1,next_burst,1,0,1,2,0,24,4,1,1,1,non_inclusive,lru,410320,146200,264120,2261376,2339200,0.966731,0,1152,0.000000,77824,4980736,0,0,2182784,0,0,1993144,38592,13448,4227968,4214520,4369216,154696,0.035406,2337152,0,76672,0,2182800,77680,0,0,0,0.032777,0.999124,0,0,0.210069,3.193871,1,1,2,9,15,24,0,0,7249152,17.667070,1.253603,1089,1666
V8,2,khkw-V8-s2-64b,26ef6f0,cache,khkw,loas,16,vgg16_T4_n5,layer_08_features_27,2,16384,8,256,32,524288,16,8192,512,64,16,4,1,khkw_split,-1,16,20,32,12,1,next_burst,2,0,1,2,0,24,4,1,1,1,non_inclusive,lru,398640,146200,252440,2262072,2339200,0.967028,0,1152,0.000000,77824,4980736,0,0,2183024,0,0,1798800,38592,20672,4041088,4020416,4377448,357032,0.081562,2337152,696,75976,0,2108600,151880,0,0,0,0.032777,0.999124,0,0,0.210069,3.165308,1,1,2,11,16,24,0,0,7249152,18.184708,1.273369,1089,1666
V8,2,khkw-V8-s2-64b,26ef6f0,cache,khkw,loas,16,vgg16_T4_n5,layer_08_features_27,2,16384,8,256,32,524288,16,8192,512,64,16,4,1,khkw_split,-1,16,20,32,12,1,next_burst,4,0,1,2,0,24,4,1,1,1,non_inclusive,lru,365696,146200,219496,2266288,2339200,0.968830,0,1152,0.000000,77824,4980736,0,0,2189120,0,0,1250416,38592,35856,3513984,3478128,4405840,927712,0.210564,2337152,4912,71760,0,1993472,267008,0,0,0,0.032777,0.999124,0,0,0.210069,2.992285,1,2,3,14,23,24,0,0,7249152,19.822891,1.379475,1089,1666
V8,2,khkw-V8-s2-64b,26ef6f0,cache,khkw,loas,16,vgg16_T4_n5,layer_08_features_27,2,16384,8,256,32,524288,16,8192,512,64,16,4,1,khkw_split,-1,16,20,32,12,1,none,0,0,1,2,0,24,8,1,1,1,non_inclusive,lru,273984,146200,127784,2261376,2339200,0.966731,0,77824,0.000000,77824,4980736,0,0,0,0,0,0,2033984,12608,2046592,2033984,2033984,0,0.000000,0,0,0,0,0,0,0,0,0,0.000000,0.999124,0,0,0.210069,6.387743,1,1,1,10,15,16,0,0,4912000,17.928054,0.729098,1089,1666
V8,2,khkw-V8-s2-64b,26ef6f0,cache,khkw,loas,16,vgg16_T4_n5,layer_08_features_27,2,16384,8,256,32,524288,16,8192,512,64,16,4,1,khkw_split,-1,16,20,32,12,1,next_burst,1,0,1,2,0,24,8,1,1,1,non_inclusive,lru,410320,146200,264120,2261376,2339200,0.966731,0,1152,0.000000,77824,4980736,0,0,2182784,0,0,1993144,38592,13448,4227968,4214520,4369216,154696,0.035406,2337152,0,76672,0,2182800,77680,0,0,0,0.032777,0.999124,0,0,0.210069,6.387743,1,1,2,9,15,24,0,0,7249152,17.667070,1.250933,1089,1666
V8,2,khkw-V8-s2-64b,26ef6f0,cache,khkw,loas,16,vgg16_T4_n5,layer_08_features_27,2,16384,8,256,32,524288,16,8192,512,64,16,4,1,khkw_split,-1,16,20,32,12,1,next_burst,2,0,1,2,0,24,8,1,1,1,non_inclusive,lru,398640,146200,252440,2262072,2339200,0.967028,0,1152,0.000000,77824,4980736,0,0,2183024,0,0,1798800,38592,20672,4041088,4020416,4377448,357032,0.081562,2337152,696,75976,0,2108600,151880,0,0,0,0.032777,0.999124,0,0,0.210069,6.330616,1,1,2,11,16,24,0,0,7249152,18.184708,1.281291,1089,1666
V8,2,khkw-V8-s2-64b,26ef6f0,cache,khkw,loas,16,vgg16_T4_n5,layer_08_features_27,2,16384,8,256,32,524288,16,8192,512,64,16,4,1,khkw_split,-1,16,20,32,12,1,next_burst,4,0,1,2,0,24,8,1,1,1,non_inclusive,lru,365696,146200,219496,2266288,2339200,0.968830,0,1152,0.000000,77824,4980736,0,0,2189120,0,0,1250416,38592,35856,3513984,3478128,4405840,927712,0.210564,2337152,4912,71760,0,1993472,267008,0,0,0,0.032777,0.999124,0,0,0.210069,5.984569,1,2,3,14,23,24,0,0,7249152,19.822891,1.288069,1089,1666
V8,3,khkw-V8-s3-16b,26ef6f0,cache,khkw,loas,16,vgg16_T4_n5,layer_08_features_27,3,16384,8,1024,128,524288,16,32768,2048,16,4,4,1,khkw_split,-1,16,20,32,12,1,none,0,0,1,2,0,24,1,1,1,1,non_inclusive,lru,612536,156016,456520,2205440,2496256,0.883499,15872,290816,0.054577,274944,4399104,0,0,0,0,0,50152,7193544,62672,7306368,7243696,7243696,0,0.000000,0,0,0,0,0,0,0,0,0,0.000000,0.999180,0,0,0.106337,2.796021,1,1,1,13,15,16,0,0,5849216,9.549179,0.949450,1155,1786
V8,3,khkw-V8-s3-16b,26ef6f0,cache,khkw,loas,16,vgg16_T4_n5,layer_08_features_27,3,16384,8,1024,128,524288,16,32768,2048,16,4,4,1,khkw_split,-1,16,20,32,12,1,next_burst,1,0,1,2,0,24,1,1,1,1,non_inclusive,lru,630184,156016,474168,2228368,2496256,0.892684,0,1152,0.000000,274944,4399104,0,0,2047184,0,0,5435816,38592,67144,7588736,7521592,10098856,2577264,0.255204,2494208,22928,266736,0,2083880,120664,0,0,0,0.116039,0.999180,0,0,0.106337,2.575582,1,2,2,18,24,24,0,0,8343424,13.239663,1.569325,1155,1786
V8,3,khkw-V8-s3-16b,26ef6f0,cache,khkw,loas,16,vgg16_T4_n5,layer_08_features_27,3,16384,8,1024,128,524288,16,32768,2048,16,4,4,1,khkw_split,-1,16,20,32,12,1,next_burst,2,0,1,2,0,24,1,1,1,1,non_inclusive,lru,567344,156016,411328,2245976,2496256,0.899738,0,1152,0.000000,274944,4399104,0,0,2082296,0,0,4403432,38592,58976,6583296,6524320,11550224,5025904,0.435135,2494208,40536,249128,0,2022224,182320,0,0,0,0.116039,0.999180,0,0,0.106337,2.406292,1,3,3,23,24,24,0,0,8343424,14.706111,1.595204,1155,1786
V8,3,khkw-V8-s3-16b,26ef6f0,cache,khkw,loas,16,vgg16_T4_n5,layer_08_features_27,3,16384,8,1024,128,524288,16,32768,2048,16,4,4,1,khkw_split,-1,16,20,32,12,1,next_burst,4,0,1,2,0,24,1,1,1,1,non_inclusive,lru,545248,156016,389232,2249384,2496256,0.901103,0,1152,0.000000,274944,4399104,0,0,2089936,0,0,4057368,38592,43864,6229760,6185896,16146208,9960312,0.616882,2494208,43944,245720,0,1995704,208840,0,0,0,0.116039,0.999180,0,0,0.106337,2.373526,2,4,5,23,24,24,0,0,8343424,15.302072,1.599294,1155,1786
V8,3,khkw-V8-s3-16b,26ef6f0,cache,khkw,loas,16,vgg16_T4_n5,layer_08_features_27,3,16384,8,1024,128,524288,16,32768,2048,16,4,4,1,khkw_split,-1,16,20,32,12,1,none,0,0,1,2,0,24,2,1,1,1,non_inclusive,lru,612536,156016,456520,2205440,2496256,0.883499,15872,290816,0.054577,274944,4399104,0,0,0,0,0,50152,7193544,62672,7306368,7243696,7243696,0,0.000000,0,0,0,0,0,0,0,0,0,0.000000,0.999180,0,0,0.106337,5.592042,1,1,1,13,15,16,0,0,5849216,9.549179,0.923973,1155,1786
V8,3,khkw-V8-s3-16b,26ef6f0,cache,khkw,loas,16,vgg16_T4_n5,layer_08_features_27,3,16384,8,1024,128,524288,16,32768,2048,16,4,4,1,khkw_split,-1,16,20,32,12,1,next_burst,1,0,1,2,0,24,2,1,1,1,non_inclusive,lru,630232,156016,474216,2228552,2496256,0.892758,0,1152,0.000000,274944,4399104,0,0,2047344,0,0,5435560,38592,68008,7589504,7521496,10098640,2577144,0.255197,2494208,23112,266552,0,2083896,120648,0,0,0,0.116039,0.999180,0,0,0.106337,5.147626,1,2,2,18,24,28,0,0,8343424,13.238655,1.585072,1155,1786
V8,3,khkw-V8-s3-16b,26ef6f0,cache,khkw,loas,16,vgg16_T4_n5,layer_08_features_27,3,16384,8,1024,128,524288,16,32768,2048,16,4,4,1,khkw_split,-1,16,20,32,12,1,next_burst,2,0,1,2,0,24,2,1,1,1,non_inclusive,lru,567328,156016,411312,2245440,2496256,0.899523,0,1152,0.000000,274944,4399104,0,0,2081920,0,0,4403472,38592,59056,6583040,6523984,11549720,5025736,0.435139,2494208,40000,249664,0,2022088,182456,0,0,0,0.116039,0.999180,0,0,0.106337,4.822890,1,3,3,23,24,28,0,0,8343424,14.706526,1.690085,1155,1786
V8,3,khkw-V8-s3-16b,26ef6f0,cache,khkw,loas,16,vgg16_T4_n5,layer_08_features_27,3,16384,8,1024,128,524288,16,32768,2048,16,4,4,1,khkw_split,-1,16,20,32,12,1,next_burst,4,0,1,2,0,24,2,1,1,1,non_inclusive,lru,545296,156016,389280,2248840,2496256,0.900885,0,1152,0.000000,274944,4399104,0,0,2088976,0,0,4057384,38592,45576,6230528,6184952,16143512,9958560,0.616877,2494208,43400,246264,0,1995696,208848,0,0,0,0.116039,0.999180,0,0,0.106337,4.757512,2,4,5,23,26,32,8,0,8344448,15.302603,1.599359,1155,1786
V8,3,khkw-V8-s3-16b,26ef6f0,cache,khkw,loas,16,vgg16_T4_n5,layer_08_features_27,3,16384,8,1024,128,524288,16,32768,2048,16,4,4,1,khkw_split,-1,16,20,32,12,1,none,0,0,1,2,0,24,4,1,1,1,non_inclusive,lru,612536,156016,456520,2205440,2496256,0.883499,15872,290816,0.054577,274944,4399104,0,0,0,0,0,50152,7193544,62672,7306368,7243696,7243696,0,0.000000,0,0,0,0,0,0,0,0,0,0.000000,0.999180,0,0,0.106337,11.184084,1,1,1,13,15,16,0,0,5849216,9.549179,0.922219,1155,1786
V8,3,khkw-V8-s3-16b,26ef6f0,cache,khkw,loas,16,vgg16_T4_n5,layer_08_features_27,3,16384,8,1024,128,524288,16,32768,2048,16,4,4,1,khkw_split,-1,16,20,32,12,1,next_burst,1,0,1,2,0,24,4,1,1,1,non_inclusive,lru,630136,156016,474120,2228600,2496256,0.892777,0,1152,0.000000,274944,4399104,0,0,2047384,0,0,5434608,38592,67384,7587968,7520584,10097280,2576696,0.255187,2494208,23160,266504,0,2084104,120440,0,0,0,0.116039,0.999180,0,0,0.106337,10.293406,1,2,2,18,24,28,0,0,8343424,13.240672,1.575278,1155,1786
V8,3,khkw-V8-s3-16b,26ef6f0,cache,khkw,loas,16,vgg16_T4_n5,layer_08_features_27,3,16384,8,1024,128,524288,16,32768,2048,16,4,4,1,khkw_split,-1,16,20,32,12,1,next_burst,2,0,1,2,0,24,4,1,1,1,non_inclusive,lru,567352,156016,411336,2245488,2496256,0.899542,0,1152,0.000000,274944,4399104,0,0,2081800,0,0,4403672,38592,59360,6583424,6524064,11549816,5025752,0.435137,2494208,40048,249616,0,2022192,182352,0,0,0,0.116039,0.999180,0,0,0.106337,9.643934,1,3,3,23,24,32,0,0,8343424,14.705904,1.613255,1155,1786
V8,3,khkw-V8-s3-16b,26ef6f0,cache,khkw,loas,16,vgg16_T4_n5,layer_08_features_27,3,16384,8,1024,128,524288,16,32768,2048,16,4,4,1,khkw_split,-1,16,20,32,12,1,next_burst,4,0,1,2,0,24,4,1,1,1,non_inclusive,lru,545592,156016,389576,2248568,2496256,0.900776,0,1152,0.000000,274944,4399104,0,0,2088352,0,0,4060368,38592,47952,6235264,6187312,16151736,9964424,0.616926,2494208,43128,246536,0,1995840,208704,0,0,0,0.116039,0.999180,0,0,0.106337,9.525485,2,4,5,23,25,32,14,0,8345336,15.295928,1.603717,1155,1786
V8,3,khkw-V8-s3-16b,26ef6f0,cache,khkw,loas,16,vgg16_T4_n5,layer_08_features_27,3,16384,8,1024,128,524288,16,32768,2048,16,4,4,1,khkw_split,-1,16,20,32,12,1,none,0,0,1,2,0,24,8,1,1,1,non_inclusive,lru,612536,156016,456520,2205440,2496256,0.883499,15872,290816,0.054577,274944,4399104,0,0,0,0,0,50152,7193544,62672,7306368,7243696,7243696,0,0.000000,0,0,0,0,0,0,0,0,0,0.000000,0.999180,0,0,0.106337,22.368167,1,1,1,13,15,16,0,0,5849216,9.549179,0.924070,1155,1786
V8,3,khkw-V8-s3-16b,26ef6f0,cache,khkw,loas,16,vgg16_T4_n5,layer_08_features_27,3,16384,8,1024,128,524288,16,32768,2048,16,4,4,1,khkw_split,-1,16,20,32,12,1,next_burst,1,0,1,2,0,24,8,1,1,1,non_inclusive,lru,630136,156016,474120,2228600,2496256,0.892777,0,1152,0.000000,274944,4399104,0,0,2047384,0,0,5434608,38592,67384,7587968,7520584,10097280,2576696,0.255187,2494208,23160,266504,0,2084104,120440,0,0,0,0.116039,0.999180,0,0,0.106337,20.586812,1,2,2,18,24,28,0,0,8343424,13.240672,1.572338,1155,1786
V8,3,khkw-V8-s3-16b,26ef6f0,cache,khkw,loas,16,vgg16_T4_n5,layer_08_features_27,3,16384,8,1024,128,524288,16,32768,2048,16,4,4,1,khkw_split,-1,16,20,32,12,1,next_burst,2,0,1,2,0,24,8,1,1,1,non_inclusive,lru,567352,156016,411336,2245488,2496256,0.899542,0,1152,0.000000,274944,4399104,0,0,2081800,0,0,4403672,38592,59360,6583424,6524064,11549816,5025752,0.435137,2494208,40048,249616,0,2022192,182352,0,0,0,0.116039,0.999180,0,0,0.106337,19.287868,1,3,3,23,24,32,0,0,8343424,14.705904,1.603155,1155,1786
V8,3,khkw-V8-s3-16b,26ef6f0,cache,khkw,loas,16,vgg16_T4_n5,layer_08_features_27,3,16384,8,1024,128,524288,16,32768,2048,16,4,4,1,khkw_split,-1,16,20,32,12,1,next_burst,4,0,1,2,0,24,8,1,1,1,non_inclusive,lru,545592,156016,389576,2248568,2496256,0.900776,0,1152,0.000000,274944,4399104,0,0,2088352,0,0,4060368,38592,47952,6235264,6187312,16151736,9964424,0.616926,2494208,43128,246536,0,1995840,208704,0,0,0,0.116039,0.999180,0,0,0.106337,19.050969,2,4,5,23,25,32,14,0,8345336,15.295928,1.603388,1155,1786
V8,3,khkw-V8-s3-32b,26ef6f0,cache,khkw,loas,16,vgg16_T4_n5,layer_08_features_27,3,16384,8,512,64,524288,16,16384,1024,32,8,4,1,khkw_split,-1,16,20,32,12,1,none,0,0,1,2,0,24,1,1,1,1,non_inclusive,lru,409648,156016,253632,2341120,2496256,0.937853,512,155136,0.003300,154624,4947968,0,0,0,0,0,2480,4035320,22360,4060160,4037800,4037800,0,0.000000,0,0,0,0,0,0,0,0,0,0.000000,0.999180,0,0,0.106337,1.491539,1,1,1,11,15,16,0,0,5457536,13.322501,0.841365,1155,1786
V8,3,khkw-V8-s3-32b,26ef6f0,cache,khkw,loas,16,vgg16_T4_n5,layer_08_features_27,3,16384,8,512,64,524288,16,16384,1024,32,8,4,1,khkw_split,-1,16,20,32,12,1,next_burst,1,0,1,2,0,24,1,1,1,1,non_inclusive,lru,525832,156016,369816,2348880,2496256,0.940961,0,1152,0.000000,154624,4947968,0,0,2209968,0,0,3622592,38592,47952,5919104,5871152,6565344,694192,0.105736,2494208,7760,146224,0,2216520,123704,0,0,0,0.061686,0.999180,0,0,0.106337,1.416932,1,2,2,13,22,24,0,0,7951744,15.122214,1.417259,1155,1786
V8,3,khkw-V8-s3-32b,26ef6f0,cache,khkw,loas,16,vgg16_T4_n5,layer_08_features_27,3,16384,8,512,64,524288,16,16384,1024,32,8,4,1,khkw_split,-1,16,20,32,12,1,next_burst,2,0,1,2,0,24,1,1,1,1,non_inclusive,lru,474816,156016,318800,2357672,2496256,0.944483,0,1152,0.000000,154624,4947968,0,0,2229344,0,0,2786520,38592,48392,5102848,5054456,6660880,1606424,0.241173,2494208,16552,137432,0,2131200,209024,0,0,0,0.061686,0.999180,0,0,0.106337,1.332402,1,2,3,17,24,24,0,0,7951744,16.747001,1.426598,1155,1786
V8,3,khkw-V8-s3-32b,26ef6f0,cache,khkw,loas,16,vgg16_T4_n5,layer_08_features_27,3,16384,8,512,64,524288,16,16384,1024,32,8,4,1,khkw_split,-1,16,20,32,12,1,next_burst,4,0,1,2,0,24,1,1,1,1,non_inclusive,lru,422592,156016,266576,2358312,2496256,0.944740,0,1152,0.000000,154624,4947968,0,0,2231616,0,0,1951312,38592,45744,4267264,4221520,7388752,3167232,0.428656,2494208,17192,136792,0,2045016,295208,0,0,0,0.061686,0.999180,0,0,0.106337,1.326249,1,3,4,23,24,24,0,0,7951744,18.816599,1.467089,1155,1786
V8,3,khkw-V8-s3-32b,26ef6f0,cache,khkw,loas,16,vgg16_T4_n5,layer_08_features_27,3,16384,8,512,64,524288,16,16384,1024,32,8,4,1,khkw_split,-1,16,20,32,12,1,none,0,0,1,2,0,24,2,1,1,1,non_inclusive,lru,409648,156016,253632,2341120,2496256,0.937853,512,155136,0.003300,154624,4947968,0,0,0,0,0,2480,4035320,22360,4060160,4037800,4037800,0,0.000000,0,0,0,0,0,0,0,0,0,0.000000,0.999180,0,0,0.106337,2.983079,1,1,1,11,15,16,0,0,5457536,13.322501,0.829647,1155,1786
V8,3,khkw-V8-s3-32b,26ef6f0,cache,khkw,loas,16,vgg16_T4_n5,layer_08_features_27,3,16384,8,512,64,524288,16,16384,1024,32,8,4,1,khkw_split,-1,16,20,32,12,1,next_burst,1,0,1,2,0,24,2,1,1,1,non_inclusive,lru,525832,156016,369816,2348880,2496256,0.940961,0,1152,0.000000,154624,4947968,0,0,2209968,0,0,3622592,38592,47952,5919104,5871152,6565344,694192,0.105736,2494208,7760,146224,0,2216520,123704,0,0,0,0.061686,0.999180,0,0,0.106337,2.833863,1,2,2,13,22,24,0,0,7951744,15.122214,1.417975,1155,1786
V8,3,khkw-V8-s3-32b,26ef6f0,cache,khkw,loas,16,vgg16_T4_n5,layer_08_features_27,3,16384,8,512,64,524288,16,16384,1024,32,8,4,1,khkw_split,-1,16,20,32,12,1,next_burst,2,0,1,2,0,24,2,1,1,1,non_inclusive,lru,474880,156016,318864,2357816,2496256,0.944541,0,1152,0.000000,154624,4947968,0,0,2229600,0,0,2786112,38592,49568,5103872,5054304,6660776,1606472,0.241184,2494208,16696,137288,0,2131232,208992,0,0,0,0.061686,0.999180,0,0,0.106337,2.662035,1,2,3,17,24,24,0,0,7951744,16.744744,1.427357,1155,1786
V8,3,khkw-V8-s3-32b,26ef6f0,cache,khkw,loas,16,vgg16_T4_n5,layer_08_features_27,3,16384,8,512,64,524288,16,16384,1024,32,8,4,1,khkw_split,-1,16,20,32,12,1,next_burst,4,0,1,2,0,24,2,1,1,1,non_inclusive,lru,422624,156016,266608,2358496,2496256,0.944813,0,1152,0.000000,154624,4947968,0,0,2232008,0,0,1951104,38592,46072,4267776,4221704,7388680,3166976,0.428625,2494208,17376,136608,0,2044960,295264,0,0,0,0.061686,0.999180,0,0,0.106337,2.648959,1,3,4,23,24,28,0,0,7951744,18.815174,1.465738,1155,1786
V8,3,khkw-V8-s3-32b,26ef6f0,cache,khkw,loas,16,vgg16_T4_n5,layer_08_features_27,3,16384,8,512,64,524288,16,16384,1024,32,8,4,1,khkw_split,-1,16,20,32,12,1,none,0,0,1,2,0,24,4,1,1,1,non_inclusive,lru,409648,156016,253632,2341120,2496256,0.937853,512,155136,0.003300,154624,4947968,0,0,0,0,0,2480,4035320,22360,4060160,4037800,4037800,0,0.000000,0,0,0,0,0,0,0,0,0,0.000000,0.999180,0,0,0.106337,5.966157,1,1,1,11,15,16,0,0,5457536,13.322501,0.847910,1155,1786
V8,3,khkw-V8-s3-32b,26ef6f0,cache,khkw,loas,16,vgg16_T4_n5,layer_08_features_27,3,16384,8,512,64,524288,16,16384,1024,32,8,4,1,khkw_split,-1,16,20,32,12,1,next_burst,1,0,1,2,0,24,4,1,1,1,non_inclusive,lru,525832,156016,369816,2348880,2496256,0.940961,0,1152,0.000000,154624,4947968,0,0,2209968,0,0,3622592,38592,47952,5919104,5871152,6565344,694192,0.105736,2494208,7760,146224,0,2216520,123704,0,0,0,0.061686,0.999180,0,0,0.106337,5.667726,1,2,2,13,22,24,0,0,7951744,15.122214,1.416530,1155,1786
V8,3,khkw-V8-s3-32b,26ef6f0,cache,khkw,loas,16,vgg16_T4_n5,layer_08_features_27,3,16384,8,512,64,524288,16,16384,1024,32,8,4,1,khkw_split,-1,16,20,32,12,1,next_burst,2,0,1,2,0,24,4,1,1,1,non_inclusive,lru,474880,156016,318864,2357816,2496256,0.944541,0,1152,0.000000,154624,4947968,0,0,2229600,0,0,2786112,38592,49568,5103872,5054304,6660760,1606456,0.241182,2494208,16696,137288,0,2131232,208992,0,0,0,0.061686,0.999180,0,0,0.106337,5.324069,1,2,3,17,24,24,0,0,7951744,16.744744,1.426466,1155,1786
V8,3,khkw-V8-s3-32b,26ef6f0,cache,khkw,loas,16,vgg16_T4_n5,layer_08_features_27,3,16384,8,512,64,524288,16,16384,1024,32,8,4,1,khkw_split,-1,16,20,32,12,1,next_burst,4,0,1,2,0,24,4,1,1,1,non_inclusive,lru,422584,156016,266568,2358280,2496256,0.944727,0,1152,0.000000,154624,4947968,0,0,2231696,0,0,1950928,38592,45920,4267136,4221216,7386840,3165624,0.428549,2494208,17160,136824,0,2045040,295184,0,0,0,0.061686,0.999180,0,0,0.106337,5.306225,1,3,4,23,24,32,3,0,7952008,18.817579,1.488460,1155,1786
V8,3,khkw-V8-s3-32b,26ef6f0,cache,khkw,loas,16,vgg16_T4_n5,layer_08_features_27,3,16384,8,512,64,524288,16,16384,1024,32,8,4,1,khkw_split,-1,16,20,32,12,1,none,0,0,1,2,0,24,8,1,1,1,non_inclusive,lru,409648,156016,253632,2341120,2496256,0.937853,512,155136,0.003300,154624,4947968,0,0,0,0,0,2480,4035320,22360,4060160,4037800,4037800,0,0.000000,0,0,0,0,0,0,0,0,0,0.000000,0.999180,0,0,0.106337,11.932315,1,1,1,11,15,16,0,0,5457536,13.322501,0.888978,1155,1786
V8,3,khkw-V8-s3-32b,26ef6f0,cache,khkw,loas,16,vgg16_T4_n5,layer_08_features_27,3,16384,8,512,64,524288,16,16384,1024,32,8,4,1,khkw_split,-1,16,20,32,12,1,next_burst,1,0,1,2,0,24,8,1,1,1,non_inclusive,lru,525832,156016,369816,2348880,2496256,0.940961,0,1152,0.000000,154624,4947968,0,0,2209968,0,0,3622592,38592,47952,5919104,5871152,6565344,694192,0.105736,2494208,7760,146224,0,2216520,123704,0,0,0,0.061686,0.999180,0,0,0.106337,11.335453,1,2,2,13,22,24,0,0,7951744,15.122214,1.443878,1155,1786
V8,3,khkw-V8-s3-32b,26ef6f0,cache,khkw,loas,16,vgg16_T4_n5,layer_08_features_27,3,16384,8,512,64,524288,16,16384,1024,32,8,4,1,khkw_split,-1,16,20,32,12,1,next_burst,2,0,1,2,0,24,8,1,1,1,non_inclusive,lru,474880,156016,318864,2357816,2496256,0.944541,0,1152,0.000000,154624,4947968,0,0,2229600,0,0,2786112,38592,49568,5103872,5054304,6660760,1606456,0.241182,2494208,16696,137288,0,2131232,208992,0,0,0,0.061686,0.999180,0,0,0.106337,10.648139,1,2,3,17,24,24,0,0,7951744,16.744744,1.424373,1155,1786
V8,3,khkw-V8-s3-32b,26ef6f0,cache,khkw,loas,16,vgg16_T4_n5,layer_08_features_27,3,16384,8,512,64,524288,16,16384,1024,32,8,4,1,khkw_split,-1,16,20,32,12,1,next_burst,4,0,1,2,0,24,8,1,1,1,non_inclusive,lru,422584,156016,266568,2358280,2496256,0.944727,0,1152,0.000000,154624,4947968,0,0,2231696,0,0,1950928,38592,45920,4267136,4221216,7386840,3165624,0.428549,2494208,17160,136824,0,2045040,295184,0,0,0,0.061686,0.999180,0,0,0.106337,10.612450,1,3,4,23,24,32,3,0,7952008,18.817579,1.473496,1155,1786
V8,3,khkw-V8-s3-64b,26ef6f0,cache,khkw,loas,16,vgg16_T4_n5,layer_08_features_27,3,16384,8,256,32,524288,16,8192,512,64,16,4,1,khkw_split,-1,16,20,32,12,1,none,0,0,1,2,0,24,1,1,1,1,non_inclusive,lru,283800,156016,127784,2418432,2496256,0.968824,0,77824,0.000000,77824,4980736,0,0,0,0,0,0,2033984,12608,2046592,2033984,2033984,0,0.000000,0,0,0,0,0,0,0,0,0,0.000000,0.999180,0,0,0.106337,0.748231,1,1,1,10,15,16,0,0,5226112,18.414771,0.776729,1155,1786
V8,3,khkw-V8-s3-64b,26ef6f0,cache,khkw,loas,16,vgg16_T4_n5,layer_08_features_27,3,16384,8,256,32,524288,16,8192,512,64,16,4,1,khkw_split,-1,16,20,32,12,1,next_burst,1,0,1,2,0,24,1,1,1,1,non_inclusive,lru,429712,156016,273696,2418432,2496256,0.968824,0,1152,0.000000,77824,4980736,0,0,2340224,0,0,1986400,38592,15968,4381184,4365216,4533696,168480,0.037162,2494208,0,76672,0,2340288,77248,0,0,0,0.030715,0.999180,0,0,0.106337,0.748231,1,1,2,10,15,24,0,0,7720320,17.966266,1.314082,1155,1786
V8,3,khkw-V8-s3-64b,26ef6f0,cache,khkw,loas,16,vgg16_T4_n5,layer_08_features_27,3,16384,8,256,32,524288,16,8192,512,64,16,4,1,khkw_split,-1,16,20,32,12,1,next_burst,2,0,1,2,0,24,1,1,1,1,non_inclusive,lru,419408,156016,263392,2418824,2496256,0.968981,0,1152,0.000000,77824,4980736,0,0,2339680,0,0,1814792,38592,23256,4216320,4193064,4533848,340784,0.075164,2494208,392,76280,0,2264624,152912,0,0,0,0.030715,0.999180,0,0,0.106337,0.744462,1,1,2,11,15,24,0,0,7720320,18.407660,1.327970,1155,1786
V8,3,khkw-V8-s3-64b,26ef6f0,cache,khkw,loas,16,vgg16_T4_n5,layer_08_features_27,3,16384,8,256,32,524288,16,8192,512,64,16,4,1,khkw_split,-1,16,20,32,12,1,next_burst,4,0,1,2,0,24,1,1,1,1,non_inclusive,lru,386888,156016,230872,2422640,2496256,0.970509,0,1152,0.000000,77824,4980736,0,0,2345088,0,0,1275312,38592,37008,3696000,3658992,4551616,892624,0.196111,2494208,4208,72464,0,2143792,273744,0,0,0,0.030715,0.999180,0,0,0.106337,0.707774,1,2,2,13,23,24,0,0,7720320,19.954922,1.365057,1155,1786
V8,3,khkw-V8-s3-64b,26ef6f0,cache,khkw,loas,16,vgg16_T4_n5,layer_08_features_27,3,16384,8,256,32,524288,16,8192,512,64,16,4,1,khkw_split,-1,16,20,32,12,1,none,0,0,1,2,0,24,2,1,1,1,non_inclusive,lru,283800,156016,127784,2418432,2496256,0.968824,0,77824,0.000000,77824,4980736,0,0,0,0,0,0,2033984,12608,2046592,2033984,2033984,0,0.000000,0,0,0,0,0,0,0,0,0,0.000000,0.999180,0,0,0.106337,1.496462,1,1,1,10,15,16,0,0,5226112,18.414771,0.770820,1155,1786
V8,3,khkw-V8-s3-64b,26ef6f0,cache,khkw,loas,16,vgg16_T4_n5,layer_08_features_27,3,16384,8,256,32,524288,16,8192,512,64,16,4,1,khkw_split,-1,16,20,32,12,1,next_burst,1,0,1,2,0,24,2,1,1,1,non_inclusive,lru,429712,156016,273696,2418432,2496256,0.968824,0,1152,0.000000,77824,4980736,0,0,2340224,0,0,1986400,38592,15968,4381184,4365216,4533696,168480,0.037162,2494208,0,76672,0,2340288,77248,0,0,0,0.030715,0.999180,0,0,0.106337,1.496462,1,1,2,10,15,24,0,0,7720320,17.966266,1.314506,1155,1786
V8,3,khkw-V8-s3-64b,26ef6f0,cache,khkw,loas,16,vgg16_T4_n5,layer_08_features_27,3,16384,8,256,32,524288,16,8192,512,64,16,4,1,khkw_split,-1,16,20,32,12,1,next_burst,2,0,1,2,0,24,2,1,1,1,non_inclusive,lru,419408,156016,263392,2418824,2496256,0.968981,0,1152,0.000000,77824,4980736,0,0,2339680,0,0,1814792,38592,23256,4216320,4193064,4533848,340784,0.075164,2494208,392,76280,0,2264624,152912,0,0,0,0.030715,0.999180,0,0,0.106337,1.488924,1,1,2,11,15,24,0,0,7720320,18.407660,1.328573,1155,1786
V8,3,khkw-V8-s3-64b,26ef6f0,cache,khkw,loas,16,vgg16_T4_n5,layer_08_features_27,3,16384,8,256,32,524288,16,8192,512,64,16,4,1,khkw_split,-1,16,20,32,12,1,next_burst,4,0,1,2,0,24,2,1,1,1,non_inclusive,lru,386888,156016,230872,2422640,2496256,0.970509,0,1152,0.000000,77824,4980736,0,0,2345088,0,0,1275312,38592,37008,3696000,3658992,4551616,892624,0.196111,2494208,4208,72464,0,2143792,273744,0,0,0,0.030715,0.999180,0,0,0.106337,1.415547,1,2,2,13,23,24,0,0,7720320,19.954922,1.361217,1155,1786
V8,3,khkw-V8-s3-64b,26ef6f0,cache,khkw,loas,16,vgg16_T4_n5,layer_08_features_27,3,16384,8,256,32,524288,16,8192,512,64,16,4,1,khkw_split,-1,16,20,32,12,1,none,0,0,1,2,0,24,4,1,1,1,non_inclusive,lru,283800,156016,127784,2418432,2496256,0.968824,0,77824,0.000000,77824,4980736,0,0,0,0,0,0,2033984,12608,2046592,2033984,2033984,0,0.000000,0,0,0,0,0,0,0,0,0,0.000000,0.999180,0,0,0.106337,2.992924,1,1,1,10,15,16,0,0,5226112,18.414771,0.782629,1155,1786
V8,3,khkw-V8-s3-64b,26ef6f0,cache,khkw,loas,16,vgg16_T4_n5,layer_08_features_27,3,16384,8,256,32,524288,16,8192,512,64,16,4,1,khkw_split,-1,16,20,32,12,1,next_burst,1,0,1,2,0,24,4,1,1,1,non_inclusive,lru,429712,156016,273696,2418432,2496256,0.968824,0,1152,0.000000,77824,4980736,0,0,2340224,0,0,1986400,38592,15968,4381184,4365216,4533696,168480,0.037162,2494208,0,76672,0,2340288,77248,0,0,0,0.030715,0.999180,0,0,0.106337,2.992924,1,1,2,10,15,24,0,0,7720320,17.966266,1.324894,1155,1786
V8,3,khkw-V8-s3-64b,26ef6f0,cache,khkw,loas,16,vgg16_T4_n5,layer_08_features_27,3,16384,8,256,32,524288,16,8192,512,64,16,4,1,khkw_split,-1,16,20,32,12,1,next_burst,2,0,1,2,0,24,4,1,1,1,non_inclusive,lru,419408,156016,263392,2418824,2496256,0.968981,0,1152,0.000000,77824,4980736,0,0,2339680,0,0,1814792,38592,23256,4216320,4193064,4533848,340784,0.075164,2494208,392,76280,0,2264624,152912,0,0,0,0.030715,0.999180,0,0,0.106337,2.977848,1,1,2,11,15,24,0,0,7720320,18.407660,1.327926,1155,1786
V8,3,khkw-V8-s3-64b,26ef6f0,cache,khkw,loas,16,vgg16_T4_n5,layer_08_features_27,3,16384,8,256,32,524288,16,8192,512,64,16,4,1,khkw_split,-1,16,20,32,12,1,next_burst,4,0,1,2,0,24,4,1,1,1,non_inclusive,lru,386888,156016,230872,2422640,2496256,0.970509,0,1152,0.000000,77824,4980736,0,0,2345088,0,0,1275312,38592,37008,3696000,3658992,4551616,892624,0.196111,2494208,4208,72464,0,2143792,273744,0,0,0,0.030715,0.999180,0,0,0.106337,2.831094,1,2,2,13,23,24,0,0,7720320,19.954922,1.358914,1155,1786
V8,3,khkw-V8-s3-64b,26ef6f0,cache,khkw,loas,16,vgg16_T4_n5,layer_08_features_27,3,16384,8,256,32,524288,16,8192,512,64,16,4,1,khkw_split,-1,16,20,32,12,1,none,0,0,1,2,0,24,8,1,1,1,non_inclusive,lru,283800,156016,127784,2418432,2496256,0.968824,0,77824,0.000000,77824,4980736,0,0,0,0,0,0,2033984,12608,2046592,2033984,2033984,0,0.000000,0,0,0,0,0,0,0,0,0,0.000000,0.999180,0,0,0.106337,5.985848,1,1,1,10,15,16,0,0,5226112,18.414771,0.773353,1155,1786
V8,3,khkw-V8-s3-64b,26ef6f0,cache,khkw,loas,16,vgg16_T4_n5,layer_08_features_27,3,16384,8,256,32,524288,16,8192,512,64,16,4,1,khkw_split,-1,16,20,32,12,1,next_burst,1,0,1,2,0,24,8,1,1,1,non_inclusive,lru,429712,156016,273696,2418432,2496256,0.968824,0,1152,0.000000,77824,4980736,0,0,2340224,0,0,1986400,38592,15968,4381184,4365216,4533696,168480,0.037162,2494208,0,76672,0,2340288,77248,0,0,0,0.030715,0.999180,0,0,0.106337,5.985848,1,1,2,10,15,24,0,0,7720320,17.966266,1.325193,1155,1786
V8,3,khkw-V8-s3-64b,26ef6f0,cache,khkw,loas,16,vgg16_T4_n5,layer_08_features_27,3,16384,8,256,32,524288,16,8192,512,64,16,4,1,khkw_split,-1,16,20,32,12,1,next_burst,2,0,1,2,0,24,8,1,1,1,non_inclusive,lru,419408,156016,263392,2418824,2496256,0.968981,0,1152,0.000000,77824,4980736,0,0,2339680,0,0,1814792,38592,23256,4216320,4193064,4533848,340784,0.075164,2494208,392,76280,0,2264624,152912,0,0,0,0.030715,0.999180,0,0,0.106337,5.955697,1,1,2,11,15,24,0,0,7720320,18.407660,1.340833,1155,1786
V8,3,khkw-V8-s3-64b,26ef6f0,cache,khkw,loas,16,vgg16_T4_n5,layer_08_features_27,3,16384,8,256,32,524288,16,8192,512,64,16,4,1,khkw_split,-1,16,20,32,12,1,next_burst,4,0,1,2,0,24,8,1,1,1,non_inclusive,lru,386888,156016,230872,2422640,2496256,0.970509,0,1152,0.000000,77824,4980736,0,0,2345088,0,0,1275312,38592,37008,3696000,3658992,4551616,892624,0.196111,2494208,4208,72464,0,2143792,273744,0,0,0,0.030715,0.999180,0,0,0.106337,5.662188,1,2,2,13,23,24,0,0,7720320,19.954922,1.364400,1155,1786
V8,4,khkw-V8-s4-16b,26ef6f0,cache,khkw,loas,16,vgg16_T4_n5,layer_08_features_27,4,16384,8,1024,128,524288,16,32768,2048,16,4,4,1,khkw_split,-1,16,20,32,12,1,none,0,0,1,2,0,24,1,1,1,1,non_inclusive,lru,616520,162512,454008,2310016,2600192,0.888402,17152,290176,0.059109,273024,4368384,0,0,0,0,0,59176,7145448,61552,7266176,7204624,7204624,0,0.000000,0,0,0,0,0,0,0,0,0,0.000000,0.999212,0,0,0.104818,2.678350,1,1,1,12,15,16,0,0,6053888,9.819451,0.976877,1217,1890
V8,4,khkw-V8-s4-16b,26ef6f0,cache,khkw,loas,16,vgg16_T4_n5,layer_08_features_27,4,16384,8,1024,128,524288,16,32768,2048,16,4,4,1,khkw_split,-1,16,20,32,12,1,next_burst,1,0,1,2,0,24,1,1,1,1,non_inclusive,lru,649032,162512,486520,2330720,2600192,0.896365,0,1152,0.000000,273024,4368384,0,0,2136104,0,0,5544112,38592,67560,7786368,7718808,10096608,2377800,0.235505,2598144,20704,268320,0,2172728,136392,0,0,0,0.111155,0.999212,0,0,0.104818,2.487250,1,2,2,17,24,24,0,0,8652032,13.330671,1.640410,1217,1890
V8,4,khkw-V8-s4-16b,26ef6f0,cache,khkw,loas,16,vgg16_T4_n5,layer_08_features_27,4,16384,8,1024,128,524288,16,32768,2048,16,4,4,1,khkw_split,-1,16,20,32,12,1,next_burst,2,0,1,2,0,24,1,1,1,1,non_inclusive,lru,577712,162512,415200,2348080,2600192,0.903041,0,1152,0.000000,273024,4368384,0,0,2171568,0,0,4376912,38592,58176,6645248,6587072,11177040,4589968,0.410660,2598144,38064,250960,0,2096760,212360,0,0,0,0.111155,0.999212,0,0,0.104818,2.327016,1,2,3,23,24,24,0,0,8652032,14.976376,1.664698,1217,1890
V8,4,khkw-V8-s4-16b,26ef6f0,cache,khkw,loas,16,vgg16_T4_n5,layer_08_features_27,4,16384,8,1024,128,524288,16,32768,2048,16,4,4,1,khkw_split,-1,16,20,32,12,1,next_burst,4,0,1,2,0,24,1,1,1,1,non_inclusive,lru,553624,162512,391112,2355208,2600192,0.905782,0,1152,0.000000,273024,4368384,0,0,2184680,0,0,3987848,38592,48720,6259840,6211120,15284224,9073104,0.593625,2598144,45192,243832,0,2063096,246024,0,0,0,0.111155,0.999212,0,0,0.104818,2.261224,2,4,5,23,24,24,0,0,8652032,15.627993,1.667032,1217,1890
V8,4,khkw-V8-s4-16b,26ef6f0,cache,khkw,loas,16,vgg16_T4_n5,layer_08_features_27,4,16384,8,1024,128,524288,16,32768,2048,16,4,4,1,khkw_split,-1,16,20,32,12,1,none,0,0,1,2,0,24,2,1,1,1,non_inclusive,lru,616504,162512,453992,2310016,2600192,0.888402,17152,290176,0.059109,273024,4368384,0,0,0,0,0,59256,7145528,61136,7265920,7204784,7204784,0,0.000000,0,0,0,0,0,0,0,0,0,0.000000,0.999212,0,0,0.104818,5.356700,1,1,1,12,15,16,0,0,6053888,9.819706,0.957802,1217,1890
V8,4,khkw-V8-s4-16b,26ef6f0,cache,khkw,loas,16,vgg16_T4_n5,layer_08_features_27,4,16384,8,1024,128,524288,16,32768,2048,16,4,4,1,khkw_split,-1,16,20,32,12,1,next_burst,1,0,1,2,0,24,2,1,1,1,non_inclusive,lru,648992,162512,486480,2330776,2600192,0.896386,0,1152,0.000000,273024,4368384,0,0,2136200,0,0,5543600,38592,67336,7785728,7718392,10095928,2377536,0.235495,2598144,20760,268264,0,2172672,136448,0,0,0,0.111155,0.999212,0,0,0.104818,4.973467,1,2,2,17,24,28,0,0,8652032,13.331493,1.659004,1217,1890
V8,4,khkw-V8-s4-16b,26ef6f0,cache,khkw,loas,16,vgg16_T4_n5,layer_08_features_27,4,16384,8,1024,128,524288,16,32768,2048,16,4,4,1,khkw_split,-1,16,20,32,12,1,next_burst,2,0,1,2,0,24,2,1,1,1,non_inclusive,lru,577688,162512,415176,2347904,2600192,0.902973,0,1152,0.000000,273024,4368384,0,0,2171168,0,0,4375072,38592,60032,6644864,6584832,11171600,4586768,0.410574,2598144,37888,251136,0,2096816,212304,0,0,0,0.111155,0.999212,0,0,0.104818,4.657281,1,2,3,23,24,32,1,0,8652056,14.977040,1.663891,1217,1890
V8,4,khkw-V8-s4-16b,26ef6f0,cache,khkw,loas,16,vgg16_T4_n5,layer_08_features_27,4,16384,8,1024,128,524288,16,32768,2048,16,4,4,1,khkw_split,-1,16,20,32,12,1,next_burst,4,0,1,2,0,24,2,1,1,1,non_inclusive,lru,553568,162512,391056,2355936,2600192,0.906062,0,1152,0.000000,273024,4368384,0,0,2186152,0,0,3985472,38592,48728,6258944,6210216,15287456,9077240,0.593770,2598144,45920,243104,0,2063288,245832,0,0,0,0.111155,0.999212,0,0,0.104818,4.509009,2,4,5,23,28,32,8,0,8653024,15.631366,1.663863,1217,1890
V8,4,khkw-V8-s4-16b,26ef6f0,cache,khkw,loas,16,vgg16_T4_n5,layer_08_features_27,4,16384,8,1024,128,524288,16,32768,2048,16,4,4,1,khkw_split,-1,16,20,32,12,1,none,0,0,1,2,0,24,4,1,1,1,non_inclusive,lru,616504,162512,453992,2310016,2600192,0.888402,17152,290176,0.059109,273024,4368384,0,0,0,0,0,59256,7145528,61136,7265920,7204784,7204784,0,0.000000,0,0,0,0,0,0,0,0,0,0.000000,0.999212,0,0,0.104818,10.713400,1,1,1,12,15,16,0,0,6053888,9.819706,0.954791,1217,1890
V8,4,khkw-V8-s4-16b,26ef6f0,cache,khkw,loas,16,vgg16_T4_n5,layer_08_features_27,4,16384,8,1024,128,524288,16,32768,2048,16,4,4,1,khkw_split,-1,16,20,32,12,1,next_burst,1,0,1,2,0,24,4,1,1,1,non_inclusive,lru,648992,162512,486480,2330776,2600192,0.896386,0,1152,0.000000,273024,4368384,0,0,2136200,0,0,5543600,38592,67336,7785728,7718392,10095928,2377536,0.235495,2598144,20760,268264,0,2172672,136448,0,0,0,0.111155,0.999212,0,0,0.104818,9.946933,1,2,2,17,24,28,0,0,8652032,13.331493,1.652144,1217,1890
V8,4,khkw-V8-s4-16b,26ef6f0,cache,khkw,loas,16,vgg16_T4_n5,layer_08_features_27,4,16384,8,1024,128,524288,16,32768,2048,16,4,4,1,khkw_split,-1,16,20,32,12,1,next_burst,2,0,1,2,0,24,4,1,1,1,non_inclusive,lru,577736,162512,415224,2347800,2600192,0.902933,0,1152,0.000000,273024,4368384,0,0,2171008,0,0,4376536,38592,59496,6645632,6586136,11173872,4587736,0.410577,2598144,37784,251240,0,2096880,212240,0,0,0,0.111155,0.999212,0,0,0.104818,9.318401,1,2,3,23,24,32,1,0,8652080,14.975837,1.658633,1217,1890
V8,4,khkw-V8-s4-16b,26ef6f0,cache,khkw,loas,16,vgg16_T4_n5,layer_08_features_27,4,16384,8,1024,128,524288,16,32768,2048,16,4,4,1,khkw_split,-1,16,20,32,12,1,next_burst,4,0,1,2,0,24,4,1,1,1,non_inclusive,lru,553624,162512,391112,2355776,2600192,0.906001,0,1152,0.000000,273024,4368384,0,0,2185728,0,0,3985448,38592,50072,6259840,6209768,15281000,9071232,0.593628,2598144,45760,243264,0,2063216,245904,0,0,0,0.111155,0.999212,0,0,0.104818,9.023924,2,4,5,23,28,32,8,0,8653192,15.630088,1.669201,1217,1890
V8,4,khkw-V8-s4-16b,26ef6f0,cache,khkw,loas,16,vgg16_T4_n5,layer_08_features_27,4,16384,8,1024,128,524288,16,32768,2048,16,4,4,1,khkw_split,-1,16,20,32,12,1,none,0,0,1,2,0,24,8,1,1,1,non_inclusive,lru,616504,162512,453992,2310016,2600192,0.888402,17152,290176,0.059109,273024,4368384,0,0,0,0,0,59256,7145528,61136,7265920,7204784,7204784,0,0.000000,0,0,0,0,0,0,0,0,0,0.000000,0.999212,0,0,0.104818,21.426799,1,1,1,12,15,16,0,0,6053888,9.819706,0.970718,1217,1890
V8,4,khkw-V8-s4-16b,26ef6f0,cache,khkw,loas,16,vgg16_T4_n5,layer_08_features_27,4,16384,8,1024,128,524288,16,32768,2048,16,4,4,1,khkw_split,-1,16,20,32,12,1,next_burst,1,0,1,2,0,24,8,1,1,1,non_inclusive,lru,648992,162512,486480,2330776,2600192,0.896386,0,1152,0.000000,273024,4368384,0,0,2136200,0,0,5543600,38592,67336,7785728,7718392,10095928,2377536,0.235495,2598144,20760,268264,0,2172672,136448,0,0,0,0.111155,0.999212,0,0,0.104818,19.893866,1,2,2,17,24,28,0,0,8652032,13.331493,1.645297,1217,1890
V8,4,khkw-V8-s4-16b,26ef6f0,cache,khkw,loas,16,vgg16_T4_n5,layer_08_features_27,4,16384,8,1024,128,524288,16,32768,2048,16,4,4,1,khkw_split,-1,16,20,32,12,1,next_burst,2,0,1,2,0,24,8,1,1,1,non_inclusive,lru,577736,162512,415224,2347800,2600192,0.902933,0,1152,0.000000,273024,4368384,0,0,2171008,0,0,4376536,38592,59496,6645632,6586136,11173872,4587736,0.410577,2598144,37784,251240,0,2096880,212240,0,0,0,0.111155,0.999212,0,0,0.104818,18.636802,1,2,3,23,24,32,1,0,8652080,14.975837,1.654756,1217,1890
V8,4,khkw-V8-s4-16b,26ef6f0,cache,khkw,loas,16,vgg16_T4_n5,layer_08_features_27,4,16384,8,1024,128,524288,16,32768,2048,16,4,4,1,khkw_split,-1,16,20,32,12,1,next_burst,4,0,1,2,0,24,8,1,1,1,non_inclusive,lru,553624,162512,391112,2355776,2600192,0.906001,0,1152,0.000000,273024,4368384,0,0,2185728,0,0,3985448,38592,50072,6259840,6209768,15281000,9071232,0.593628,2598144,45760,243264,0,2063216,245904,0,0,0,0.111155,0.999212,0,0,0.104818,18.047849,2,4,5,23,28,32,8,0,8653192,15.630088,1.659666,1217,1890
V8,4,khkw-V8-s4-32b,26ef6f0,cache,khkw,loas,16,vgg16_T4_n5,layer_08_features_27,4,16384,8,512,64,524288,16,16384,1024,32,8,4,1,khkw_split,-1,16,20,32,12,1,none,0,0,1,2,0,24,1,1,1,1,non_inclusive,lru,412568,162512,250056,2446336,2600192,0.940829,1792,153856,0.011647,152064,4866048,0,0,0,0,0,6840,3970968,25136,4002944,3977808,3977808,0,0.000000,0,0,0,0,0,0,0,0,0,0.000000,0.999212,0,0,0.104818,1.420104,1,1,1,11,15,16,0,0,5660288,13.719649,0.871042,1217,1890
V8,4,khkw-V8-s4-32b,26ef6f0,cache,khkw,loas,16,vgg16_T4_n5,layer_08_features_27,4,16384,8,512,64,524288,16,16384,1024,32,8,4,1,khkw_split,-1,16,20,32,12,1,next_burst,1,0,1,2,0,24,1,1,1,1,non_inclusive,lru,539936,162512,377424,2451520,2600192,0.942823,0,1152,0.000000,152064,4866048,0,0,2310224,0,0,3644048,38592,47968,6040832,5992864,6600848,607984,0.092107,2598144,5184,147520,0,2316968,128472,0,0,0,0.058728,0.999212,0,0,0.104818,1.372256,1,1,2,12,21,24,0,0,8258432,15.295205,1.476626,1217,1890
V8,4,khkw-V8-s4-32b,26ef6f0,cache,khkw,loas,16,vgg16_T4_n5,layer_08_features_27,4,16384,8,512,64,524288,16,16384,1024,32,8,4,1,khkw_split,-1,16,20,32,12,1,next_burst,2,0,1,2,0,24,1,1,1,1,non_inclusive,lru,490856,162512,328344,2461408,2600192,0.946625,0,1152,0.000000,152064,4866048,0,0,2329744,0,0,2834504,38592,52712,5255552,5202840,6664400,1461560,0.219309,2598144,15072,137632,0,2225832,219608,0,0,0,0.058728,0.999212,0,0,0.104818,1.280988,1,2,3,16,23,24,0,0,8258432,16.824551,1.533978,1217,1890
V8,4,khkw-V8-s4-32b,26ef6f0,cache,khkw,loas,16,vgg16_T4_n5,layer_08_features_27,4,16384,8,512,64,524288,16,16384,1024,32,8,4,1,khkw_split,-1,16,20,32,12,1,next_burst,4,0,1,2,0,24,1,1,1,1,non_inclusive,lru,432848,162512,270336,2466640,2600192,0.948638,0,1152,0.000000,152064,4866048,0,0,2340224,0,0,1901848,38592,46760,4327424,4280664,7104240,2823576,0.397449,2598144,20304,132400,0,2119520,325920,0,0,0,0.058728,0.999212,0,0,0.104818,1.232697,1,2,4,23,24,24,0,0,8258432,19.079289,1.516396,1217,1890
V8,4,khkw-V8-s4-32b,26ef6f0,cache,khkw,loas,16,vgg16_T4_n5,layer_08_features_27,4,16384,8,512,64,524288,16,16384,1024,32,8,4,1,khkw_split,-1,16,20,32,12,1,none,0,0,1,2,0,24,2,1,1,1,non_inclusive,lru,412568,162512,250056,2446336,2600192,0.940829,1792,153856,0.011647,152064,4866048,0,0,0,0,0,6840,3970968,25136,4002944,3977808,3977808,0,0.000000,0,0,0,0,0,0,0,0,0,0.000000,0.999212,0,0,0.104818,2.840209,1,1,1,11,15,16,0,0,5660288,13.719649,0.859898,1217,1890
V8,4,khkw-V8-s4-32b,26ef6f0,cache,khkw,loas,16,vgg16_T4_n5,layer_08_features_27,4,16384,8,512,64,524288,16,16384,1024,32,8,4,1,khkw_split,-1,16,20,32,12,1,next_burst,1,0,1,2,0,24,2,1,1,1,non_inclusive,lru,539936,162512,377424,2451520,2600192,0.942823,0,1152,0.000000,152064,4866048,0,0,2310224,0,0,3644048,38592,47968,6040832,5992864,6600848,607984,0.092107,2598144,5184,147520,0,2316968,128472,0,0,0,0.058728,0.999212,0,0,0.104818,2.744511,1,1,2,12,21,24,0,0,8258432,15.295205,1.482183,1217,1890
V8,4,khkw-V8-s4-32b,26ef6f0,cache,khkw,loas,16,vgg16_T4_n5,layer_08_features_27,4,16384,8,512,64,524288,16,16384,1024,32,8,4,1,khkw_split,-1,16,20,32,12,1,next_burst,2,0,1,2,0,24,2,1,1,1,non_inclusive,lru,490936,162512,328424,2461416,2600192,0.946629,0,1152,0.000000,152064,4866048,0,0,2329688,0,0,2835024,38592,53528,5256832,5203304,6665288,1461984,0.219343,2598144,15080,137624,0,2225880,219560,0,0,0,0.058728,0.999212,0,0,0.104818,2.561829,1,2,3,16,23,24,0,0,8258432,16.821810,1.499930,1217,1890
V8,4,khkw-V8-s4-32b,26ef6f0,cache,khkw,loas,16,vgg16_T4_n5,layer_08_features_27,4,16384,8,512,64,524288,16,16384,1024,32,8,4,1,khkw_split,-1,16,20,32,12,1,next_burst,4,0,1,2,0,24,2,1,1,1,non_inclusive,lru,432928,162512,270416,2466360,2600192,0.948530,0,1152,0.000000,152064,4866048,0,0,2339696,0,0,1903208,38592,47208,4328704,4281496,7105312,2823816,0.397423,2598144,20024,132680,0,2119256,326184,0,0,0,0.058728,0.999212,0,0,0.104818,2.470562,1,2,4,23,24,28,0,0,8258432,19.075763,1.518115,1217,1890
V8,4,khkw-V8-s4-32b,26ef6f0,cache,khkw,loas,16,vgg16_T4_n5,layer_08_features_27,4,16384,8,512,64,524288,16,16384,1024,32,8,4,1,khkw_split,-1,16,20,32,12,1,none,0,0,1,2,0,24,4,1,1,1,non_inclusive,lru,412568,162512,250056,2446336,2600192,0.940829,1792,153856,0.011647,152064,4866048,0,0,0,0,0,6840,3970968,25136,4002944,3977808,3977808,0,0.000000,0,0,0,0,0,0,0,0,0,0.000000,0.999212,0,0,0.104818,5.680417,1,1,1,11,15,16,0,0,5660288,13.719649,0.852056,1217,1890
V8,4,khkw-V8-s4-32b,26ef6f0,cache,khkw,loas,16,vgg16_T4_n5,layer_08_features_27,4,16384,8,512,64,524288,16,16384,1024,32,8,4,1,khkw_split,-1,16,20,32,12,1,next_burst,1,0,1,2,0,24,4,1,1,1,non_inclusive,lru,539936,162512,377424,2451520,2600192,0.942823,0,1152,0.000000,152064,4866048,0,0,2310224,0,0,3644048,38592,47968,6040832,5992864,6600848,607984,0.092107,2598144,5184,147520,0,2316968,128472,0,0,0,0.058728,0.999212,0,0,0.104818,5.489022,1,1,2,12,21,24,0,0,8258432,15.295205,1.476720,1217,1890
V8,4,khkw-V8-s4-32b,26ef6f0,cache,khkw,loas,16,vgg16_T4_n5,layer_08_features_27,4,16384,8,512,64,524288,16,16384,1024,32,8,4,1,khkw_split,-1,16,20,32,12,1,next_burst,2,0,1,2,0,24,4,1,1,1,non_inclusive,lru,490736,162512,328224,2461544,2600192,0.946678,0,1152,0.000000,152064,4866048,0,0,2329904,0,0,2834264,38592,50872,5253632,5202760,6664600,1461840,0.219344,2598144,15208,137496,0,2225968,219472,0,0,0,0.058728,0.999212,0,0,0.104818,5.118933,1,2,3,16,23,24,0,0,8258432,16.828666,1.508241,1217,1890
V8,4,khkw-V8-s4-32b,26ef6f0,cache,khkw,loas,16,vgg16_T4_n5,layer_08_features_27,4,16384,8,512,64,524288,16,16384,1024,32,8,4,1,khkw_split,-1,16,20,32,12,1,next_burst,4,0,1,2,0,24,4,1,1,1,non_inclusive,lru,432936,162512,270424,2466352,2600192,0.948527,0,1152,0.000000,152064,4866048,0,0,2339608,0,0,1902576,38592,48056,4328832,4280776,7103440,2822664,0.397366,2598144,20016,132688,0,2119160,326280,0,0,0,0.058728,0.999212,0,0,0.104818,4.941420,1,2,4,23,24,28,0,0,8258432,19.075411,1.509596,1217,1890
V8,4,khkw-V8-s4-32b,26ef6f0,cache,khkw,loas,16,vgg16_T4_n5,layer_08_features_27,4,16384,8,512,64,524288,16,16384,1024,32,8,4,1,khkw_split,-1,16,20,32,12,1,none,0,0,1,2,0,24,8,1,1,1,non_inclusive,lru,412568,162512,250056,2446336,2600192,0.940829,1792,153856,0.011647,152064,4866048,0,0,0,0,0,6840,3970968,25136,4002944,3977808,3977808,0,0.000000,0,0,0,0,0,0,0,0,0,0.000000,0.999212,0,0,0.104818,11.360835,1,1,1,11,15,16,0,0,5660288,13.719649,0.854507,1217,1890
V8,4,khkw-V8-s4-32b,26ef6f0,cache,khkw,loas,16,vgg16_T4_n5,layer_08_features_27,4,16384,8,512,64,524288,16,16384,1024,32,8,4,1,khkw_split,-1,16,20,32,12,1,next_burst,1,0,1,2,0,24,8,1,1,1,non_inclusive,lru,539936,162512,377424,2451520,2600192,0.942823,0,1152,0.000000,152064,4866048,0,0,2310224,0,0,3644048,38592,47968,6040832,5992864,6600848,607984,0.092107,2598144,5184,147520,0,2316968,128472,0,0,0,0.058728,0.999212,0,0,0.104818,10.978045,1,1,2,12,21,24,0,0,8258432,15.295205,1.471728,1217,1890
V8,4,khkw-V8-s4-32b,26ef6f0,cache,khkw,loas,16,vgg16_T4_n5,layer_08_features_27,4,16384,8,512,64,524288,16,16384,1024,32,8,4,1,khkw_split,-1,16,20,32,12,1,next_burst,2,0,1,2,0,24,8,1,1,1,non_inclusive,lru,490736,162512,328224,2461544,2600192,0.946678,0,1152,0.000000,152064,4866048,0,0,2329904,0,0,2834264,38592,50872,5253632,5202760,6664600,1461840,0.219344,2598144,15208,137496,0,2225968,219472,0,0,0,0.058728,0.999212,0,0,0.104818,10.237866,1,2,3,16,23,24,0,0,8258432,16.828666,1.501542,1217,1890
V8,4,khkw-V8-s4-32b,26ef6f0,cache,khkw,loas,16,vgg16_T4_n5,layer_08_features_27,4,16384,8,512,64,524288,16,16384,1024,32,8,4,1,khkw_split,-1,16,20,32,12,1,next_burst,4,0,1,2,0,24,8,1,1,1,non_inclusive,lru,432936,162512,270424,2466352,2600192,0.948527,0,1152,0.000000,152064,4866048,0,0,2339608,0,0,1902576,38592,48056,4328832,4280776,7103440,2822664,0.397366,2598144,20016,132688,0,2119160,326280,0,0,0,0.058728,0.999212,0,0,0.104818,9.882839,1,2,4,23,24,28,0,0,8258432,19.075411,1.512402,1217,1890
V8,4,khkw-V8-s4-64b,26ef6f0,cache,khkw,loas,16,vgg16_T4_n5,layer_08_features_27,4,16384,8,256,32,524288,16,8192,512,64,16,4,1,khkw_split,-1,16,20,32,12,1,none,0,0,1,2,0,24,1,1,1,1,non_inclusive,lru,290296,162512,127784,2522368,2600192,0.970070,0,77824,0.000000,77824,4980736,0,0,0,0,0,0,2033984,12608,2046592,2033984,2033984,0,0.000000,0,0,0,0,0,0,0,0,0,0.000000,0.999212,0,0,0.104818,0.718322,1,1,1,9,15,16,0,0,5433984,18.718770,0.802839,1217,1890
V8,4,khkw-V8-s4-64b,26ef6f0,cache,khkw,loas,16,vgg16_T4_n5,layer_08_features_27,4,16384,8,256,32,524288,16,8192,512,64,16,4,1,khkw_split,-1,16,20,32,12,1,next_burst,1,0,1,2,0,24,1,1,1,1,non_inclusive,lru,442944,162512,280432,2522368,2600192,0.970070,0,1152,0.000000,77824,4980736,0,0,2443776,0,0,1993144,38592,13448,4488960,4475512,4631616,156104,0.033704,2598144,0,76672,0,2443792,77680,0,0,0,0.029487,0.999212,0,0,0.104818,0.718322,1,1,2,9,15,24,0,0,8032128,18.133507,1.372675,1217,1890
V8,4,khkw-V8-s4-64b,26ef6f0,cache,khkw,loas,16,vgg16_T4_n5,layer_08_features_27,4,16384,8,256,32,524288,16,8192,512,64,16,4,1,khkw_split,-1,16,20,32,12,1,next_burst,2,0,1,2,0,24,1,1,1,1,non_inclusive,lru,432376,162512,269864,2522584,2600192,0.970153,0,1152,0.000000,77824,4980736,0,0,2443056,0,0,1820016,38592,18208,4319872,4301664,4638696,337032,0.072657,2598144,216,76456,0,2367792,153680,0,0,0,0.029487,0.999212,0,0,0.104818,0.716329,1,1,2,10,15,24,0,0,8032128,18.576720,1.387983,1217,1890
V8,4,khkw-V8-s4-64b,26ef6f0,cache,khkw,loas,16,vgg16_T4_n5,layer_08_features_27,4,16384,8,256,32,524288,16,8192,512,64,16,4,1,khkw_split,-1,16,20,32,12,1,next_burst,4,0,1,2,0,24,1,1,1,1,non_inclusive,lru,406520,162512,244008,2524016,2600192,0.970704,0,1152,0.000000,77824,4980736,0,0,2443544,0,0,1393952,38592,30088,3906176,3876088,4644056,767968,0.165366,2598144,1648,75024,0,2231232,290240,0,0,0,0.029487,0.999212,0,0,0.104818,0.703111,1,2,3,12,22,24,0,0,8032128,19.758260,1.409639,1217,1890
V8,4,khkw-V8-s4-64b,26ef6f0,cache,khkw,loas,16,vgg16_T4_n5,layer_08_features_27,4,16384,8,256,32,524288,16,8192,512,64,16,4,1,khkw_split,-1,16,20,32,12,1,none,0,0,1,2,0,24,2,1,1,1,non_inclusive,lru,290296,162512,127784,2522368,2600192,0.970070,0,77824,0.000000,77824,4980736,0,0,0,0,0,0,2033984,12608,2046592,2033984,2033984,0,0.000000,0,0,0,0,0,0,0,0,0,0.000000,0.999212,0,0,0.104818,1.436645,1,1,1,9,15,16,0,0,5433984,18.718770,0.831726,1217,1890
V8,4,khkw-V8-s4-64b,26ef6f0,cache,khkw,loas,16,vgg16_T4_n5,layer_08_features_27,4,16384,8,256,32,524288,16,8192,512,64,16,4,1,khkw_split,-1,16,20,32,12,1,next_burst,1,0,1,2,0,24,2,1,1,1,non_inclusive,lru,442944,162512,280432,2522368,2600192,0.970070,0,1152,0.000000,77824,4980736,0,0,2443776,0,0,1993144,38592,13448,4488960,4475512,4631616,156104,0.033704,2598144,0,76672,0,2443792,77680,0,0,0,0.029487,0.999212,0,0,0.104818,1.436645,1,1,2,9,15,24,0,0,8032128,18.133507,1.372525,1217,1890
V8,4,khkw-V8-s4-64b,26ef6f0,cache,khkw,loas,16,vgg16_T4_n5,layer_08_features_27,4,16384,8,256,32,524288,16,8192,512,64,16,4,1,khkw_split,-1,16,20,32,12,1,next_burst,2,0,1,2,0,24,2,1,1,1,non_inclusive,lru,432376,162512,269864,2522584,2600192,0.970153,0,1152,0.000000,77824,4980736,0,0,2443056,0,0,1820016,38592,18208,4319872,4301664,4638696,337032,0.072657,2598144,216,76456,0,2367792,153680,0,0,0,0.029487,0.999212,0,0,0.104818,1.432657,1,1,2,10,15,24,0,0,8032128,18.576720,1.390293,1217,1890
V8,4,khkw-V8-s4-64b,26ef6f0,cache,khkw,loas,16,vgg16_T4_n5,layer_08_features_27,4,16384,8,256,32,524288,16,8192,512,64,16,4,1,khkw_split,-1,16,20,32,12,1,next_burst,4,0,1,2,0,24,2,1,1,1,non_inclusive,lru,406520,162512,244008,2524016,2600192,0.970704,0,1152,0.000000,77824,4980736,0,0,2443544,0,0,1393952,38592,30088,3906176,3876088,4644056,767968,0.165366,2598144,1648,75024,0,2231232,290240,0,0,0,0.029487,0.999212,0,0,0.104818,1.406222,1,2,3,12,22,24,0,0,8032128,19.758260,1.414068,1217,1890
V8,4,khkw-V8-s4-64b,26ef6f0,cache,khkw,loas,16,vgg16_T4_n5,layer_08_features_27,4,16384,8,256,32,524288,16,8192,512,64,16,4,1,khkw_split,-1,16,20,32,12,1,none,0,0,1,2,0,24,4,1,1,1,non_inclusive,lru,290296,162512,127784,2522368,2600192,0.970070,0,77824,0.000000,77824,4980736,0,0,0,0,0,0,2033984,12608,2046592,2033984,2033984,0,0.000000,0,0,0,0,0,0,0,0,0,0.000000,0.999212,0,0,0.104818,2.873289,1,1,1,9,15,16,0,0,5433984,18.718770,0.812279,1217,1890
V8,4,khkw-V8-s4-64b,26ef6f0,cache,khkw,loas,16,vgg16_T4_n5,layer_08_features_27,4,16384,8,256,32,524288,16,8192,512,64,16,4,1,khkw_split,-1,16,20,32,12,1,next_burst,1,0,1,2,0,24,4,1,1,1,non_inclusive,lru,442944,162512,280432,2522368,2600192,0.970070,0,1152,0.000000,77824,4980736,0,0,2443776,0,0,1993144,38592,13448,4488960,4475512,4631616,156104,0.033704,2598144,0,76672,0,2443792,77680,0,0,0,0.029487,0.999212,0,0,0.104818,2.873289,1,1,2,9,15,24,0,0,8032128,18.133507,1.373904,1217,1890
V8,4,khkw-V8-s4-64b,26ef6f0,cache,khkw,loas,16,vgg16_T4_n5,layer_08_features_27,4,16384,8,256,32,524288,16,8192,512,64,16,4,1,khkw_split,-1,16,20,32,12,1,next_burst,2,0,1,2,0,24,4,1,1,1,non_inclusive,lru,432376,162512,269864,2522584,2600192,0.970153,0,1152,0.000000,77824,4980736,0,0,2443056,0,0,1820016,38592,18208,4319872,4301664,4638696,337032,0.072657,2598144,216,76456,0,2367792,153680,0,0,0,0.029487,0.999212,0,0,0.104818,2.865315,1,1,2,10,15,24,0,0,8032128,18.576720,1.390057,1217,1890
V8,4,khkw-V8-s4-64b,26ef6f0,cache,khkw,loas,16,vgg16_T4_n5,layer_08_features_27,4,16384,8,256,32,524288,16,8192,512,64,16,4,1,khkw_split,-1,16,20,32,12,1,next_burst,4,0,1,2,0,24,4,1,1,1,non_inclusive,lru,406504,162512,243992,2524040,2600192,0.970713,0,1152,0.000000,77824,4980736,0,0,2443592,0,0,1393824,38592,29912,3905920,3876008,4643992,767984,0.165372,2598144,1672,75000,0,2231224,290248,0,0,0,0.029487,0.999212,0,0,0.104818,2.811559,1,2,3,12,22,24,0,0,8032128,19.759038,1.407284,1217,1890
V8,4,khkw-V8-s4-64b,26ef6f0,cache,khkw,loas,16,vgg16_T4_n5,layer_08_features_27,4,16384,8,256,32,524288,16,8192,512,64,16,4,1,khkw_split,-1,16,20,32,12,1,none,0,0,1,2,0,24,8,1,1,1,non_inclusive,lru,290296,162512,127784,2522368,2600192,0.970070,0,77824,0.000000,77824,4980736,0,0,0,0,0,0,2033984,12608,2046592,2033984,2033984,0,0.000000,0,0,0,0,0,0,0,0,0,0.000000,0.999212,0,0,0.104818,5.746579,1,1,1,9,15,16,0,0,5433984,18.718770,0.805003,1217,1890
V8,4,khkw-V8-s4-64b,26ef6f0,cache,khkw,loas,16,vgg16_T4_n5,layer_08_features_27,4,16384,8,256,32,524288,16,8192,512,64,16,4,1,khkw_split,-1,16,20,32,12,1,next_burst,1,0,1,2,0,24,8,1,1,1,non_inclusive,lru,442944,162512,280432,2522368,2600192,0.970070,0,1152,0.000000,77824,4980736,0,0,2443776,0,0,1993144,38592,13448,4488960,4475512,4631616,156104,0.033704,2598144,0,76672,0,2443792,77680,0,0,0,0.029487,0.999212,0,0,0.104818,5.746579,1,1,2,9,15,24,0,0,8032128,18.133507,1.374047,1217,1890
V8,4,khkw-V8-s4-64b,26ef6f0,cache,khkw,loas,16,vgg16_T4_n5,layer_08_features_27,4,16384,8,256,32,524288,16,8192,512,64,16,4,1,khkw_split,-1,16,20,32,12,1,next_burst,2,0,1,2,0,24,8,1,1,1,non_inclusive,lru,432376,162512,269864,2522584,2600192,0.970153,0,1152,0.000000,77824,4980736,0,0,2443056,0,0,1820016,38592,18208,4319872,4301664,4638696,337032,0.072657,2598144,216,76456,0,2367792,153680,0,0,0,0.029487,0.999212,0,0,0.104818,5.730629,1,1,2,10,15,24,0,0,8032128,18.576720,1.386467,1217,1890
V8,4,khkw-V8-s4-64b,26ef6f0,cache,khkw,loas,16,vgg16_T4_n5,layer_08_features_27,4,16384,8,256,32,524288,16,8192,512,64,16,4,1,khkw_split,-1,16,20,32,12,1,next_burst,4,0,1,2,0,24,8,1,1,1,non_inclusive,lru,406504,162512,243992,2524040,2600192,0.970713,0,1152,0.000000,77824,4980736,0,0,2443592,0,0,1393824,38592,29912,3905920,3876008,4643992,767984,0.165372,2598144,1672,75000,0,2231224,290248,0,0,0,0.029487,0.999212,0,0,0.104818,5.623117,1,2,3,12,22,24,0,0,8032128,19.759038,1.406731,1217,1890
V9,0,khkw-V9-s0-16b,26ef6f0,cache,khkw,loas,16,vgg16_T4_n5,layer_09_features_30,0,16384,8,1024,128,524288,16,32768,2048,16,4,4,1,khkw_split,-1,16,20,32,12,1,none,0,0,1,2,0,24,1,1,1,1,non_inclusive,lru,819232,312192,507040,4684032,4995072,0.937731,256,311040,0.000823,310784,4972544,0,0,0,0,0,1536,8093184,19968,8114688,8094720,8094720,0,0.000000,0,0,0,0,0,0,0,0,0,0.000000,0.999590,0,0,0.010200,1.494465,1,1,1,11,15,16,0,0,10923136,13.333385,1.633813,2362,3575
V9,0,khkw-V9-s0-16b,26ef6f0,cache,khkw,loas,16,vgg16_T4_n5,layer_09_features_30,0,16384,8,1024,128,524288,16,32768,2048,16,4,4,1,khkw_split,-1,16,20,32,12,1,next_burst,1,0,1,2,0,24,1,1,1,1,non_inclusive,lru,1079640,312192,767448,4689496,4995072,0.938825,0,1152,0.000000,310784,4972544,0,0,4388792,0,0,7803160,38592,50672,12281216,12230544,13085264,854720,0.065319,4993024,5464,304424,0,4392640,290496,0,0,0,0.062039,0.999590,0,0,0.010200,1.468212,1,1,2,12,18,24,0,0,15916160,14.742099,2.766824,2362,3575
V9,0,khkw-V9-s0-16b,26ef6f0,cache,khkw,loas,16,vgg16_T4_n5,layer_09_features_30,0,16384,8,1024,128,524288,16,32768,2048,16,4,4,1,khkw_split,-1,16,20,32,12,1,next_burst,2,0,1,2,0,24,1,1,1,1,non_inclusive,lru,986544,312192,674352,4702872,4995072,0.941502,0,1152,0.000000,310784,4972544,0,0,4415616,0,0,6271712,38592,65760,10791680,10725920,13087432,2361512,0.180441,4993024,18840,291048,0,4176240,506896,0,0,0,0.062039,0.999590,0,0,0.010200,1.403944,1,2,3,14,23,24,0,0,15916160,16.133249,2.824635,2362,3575
V9,0,khkw-V9-s0-16b,26ef6f0,cache,khkw,loas,16,vgg16_T4_n5,layer_09_features_30,0,16384,8,1024,128,524288,16,32768,2048,16,4,4,1,khkw_split,-1,16,20,32,12,1,next_burst,4,0,1,2,0,24,1,1,1,1,non_inclusive,lru,823400,312192,511208,4712728,4995072,0.943475,0,1152,0.000000,310784,4972544,0,0,4436432,0,0,3643128,38592,63224,8181376,8118152,13979112,5860960,0.419266,4993024,28696,281192,0,4031664,651472,0,0,0,0.062039,0.999590,0,0,0.010200,1.356588,1,2,3,23,24,24,0,0,15916160,19.329803,2.895333,2362,3575
V9,0,khkw-V9-s0-16b,26ef6f0,cache,khkw,loas,16,vgg16_T4_n5,layer_09_features_30,0,16384,8,1024,128,524288,16,32768,2048,16,4,4,1,khkw_split,-1,16,20,32,12,1,none,0,0,1,2,0,24,2,1,1,1,non_inclusive,lru,819232,312192,507040,4684032,4995072,0.937731,256,311040,0.000823,310784,4972544,0,0,0,0,0,1536,8093184,19968,8114688,8094720,8094720,0,0.000000,0,0,0,0,0,0,0,0,0,0.000000,0.999590,0,0,0.010200,2.988930,1,1,1,11,15,16,0,0,10923136,13.333385,1.629714,2362,3575
V9,0,khkw-V9-s0-16b,26ef6f0,cache,khkw,loas,16,vgg16_T4_n5,layer_09_features_30,0,16384,8,1024,128,524288,16,32768,2048,16,4,4,1,khkw_split,-1,16,20,32,12,1,next_burst,1,0,1,2,0,24,2,1,1,1,non_inclusive,lru,1079696,312192,767504,4689512,4995072,0.938828,0,1152,0.000000,310784,4972544,0,0,4388808,0,0,7803016,38592,51696,12282112,12230416,13085168,854752,0.065322,4993024,5480,304408,0,4392648,290488,0,0,0,0.062039,0.999590,0,0,0.010200,2.936270,1,1,2,12,18,24,0,0,15916160,14.741335,2.774895,2362,3575
V9,0,khkw-V9-s0-16b,26ef6f0,cache,khkw,loas,16,vgg16_T4_n5,layer_09_features_30,0,16384,8,1024,128,524288,16,32768,2048,16,4,4,1,khkw_split,-1,16,20,32,12,1,next_burst,2,0,1,2,0,24,2,1,1,1,non_inclusive,lru,986472,312192,674280,4703072,4995072,0.941542,0,1152,0.000000,310784,4972544,0,0,4415960,0,0,6270896,38592,65080,10790528,10725448,13087064,2361616,0.180454,4993024,19040,290848,0,4176264,506872,0,0,0,0.062039,0.999590,0,0,0.010200,2.805966,1,2,3,14,23,24,0,0,15916160,16.134427,2.851261,2362,3575
V9,0,khkw-V9-s0-16b,26ef6f0,cache,khkw,loas,16,vgg16_T4_n5,layer_09_features_30,0,16384,8,1024,128,524288,16,32768,2048,16,4,4,1,khkw_split,-1,16,20,32,12,1,next_burst,4,0,1,2,0,24,2,1,1,1,non_inclusive,lru,823488,312192,511296,4712152,4995072,0.943360,0,1152,0.000000,310784,4972544,0,0,4435288,0,0,3644104,38592,64800,8182784,8117984,13979120,5861136,0.419278,4993024,28120,281768,0,4031512,651624,0,0,0,0.062039,0.999590,0,0,0.010200,2.718712,1,2,3,23,24,32,2,0,15916280,19.327883,2.868290,2362,3575
V9,0,khkw-V9-s0-16b,26ef6f0,cache,khkw,loas,16,vgg16_T4_n5,layer_09_features_30,0,16384,8,1024,128,524288,16,32768,2048,16,4,4,1,khkw_split,-1,16,20,32,12,1,none,0,0,1,2,0,24,4,1,1,1,non_inclusive,lru,819232,312192,507040,4684032,4995072,0.937731,256,311040,0.000823,310784,4972544,0,0,0,0,0,1536,8093184,19968,8114688,8094720,8094720,0,0.000000,0,0,0,0,0,0,0,0,0,0.000000,0.999590,0,0,0.010200,5.977860,1,1,1,11,15,16,0,0,10923136,13.333385,1.706649,2362,3575
V9,0,khkw-V9-s0-16b,26ef6f0,cache,khkw,loas,16,vgg16_T4_n5,layer_09_features_30,0,16384,8,1024,128,524288,16,32768,2048,16,4,4,1,khkw_split,-1,16,20,32,12,1,next_burst,1,0,1,2,0,24,4,1,1,1,non_inclusive,lru,1079696,312192,767504,4689512,4995072,0.938828,0,1152,0.000000,310784,4972544,0,0,4388808,0,0,7803016,38592,51696,12282112,12230416,13085168,854752,0.065322,4993024,5480,304408,0,4392648,290488,0,0,0,0.062039,0.999590,0,0,0.010200,5.872540,1,1,2,12,18,24,0,0,15916160,14.741335,2.760021,2362,3575
V9,0,khkw-V9-s0-16b,26ef6f0,cache,khkw,loas,16,vgg16_T4_n5,layer_09_features_30,0,16384,8,1024,128,524288,16,32768,2048,16,4,4,1,khkw_split,-1,16,20,32,12,1,next_burst,2,0,1,2,0,24,4,1,1,1,non_inclusive,lru,986472,312192,674280,4703072,4995072,0.941542,0,1152,0.000000,310784,4972544,0,0,4415960,0,0,6270896,38592,65080,10790528,10725448,13087064,2361616,0.180454,4993024,19040,290848,0,4176264,506872,0,0,0,0.062039,0.999590,0,0,0.010200,5.611931,1,2,3,14,23,24,0,0,15916160,16.134427,2.826495,2362,3575
V9,0,khkw-V9-s0-16b,26ef6f0,cache,khkw,loas,16,vgg16_T4_n5,layer_09_features_30,0,16384,8,1024,128,524288,16,32768,2048,16,4,4,1,khkw_split,-1,16,20,32,12,1,next_burst,4,0,1,2,0,24,4,1,1,1,non_inclusive,lru,823480,312192,511288,4712216,4995072,0.943373,0,1152,0.000000,310784,4972544,0,0,4435448,0,0,3643944,38592,64672,8182656,8117984,13978720,5860736,0.419261,4993024,28184,281704,0,4031456,651680,0,0,0,0.062039,0.999590,0,0,0.010200,5.436193,1,2,3,23,24,32,2,0,15916280,19.328071,2.869649,2362,3575
V9,0,khkw-V9-s0-16b,26ef6f0,cache,khkw,loas,16,vgg16_T4_n5,layer_09_features_30,0,16384,8,1024,128,524288,16,32768,2048,16,4,4,1,khkw_split,-1,16,20,32,12,1,none,0,0,1,2,0,24,8,1,1,1,non_inclusive,lru,819232,312192,507040,4684032,4995072,0.937731,256,311040,0.000823,310784,4972544,0,0,0,0,0,1536,8093184,19968,8114688,8094720,8094720,0,0.000000,0,0,0,0,0,0,0,0,0,0.000000,0.999590,0,0,0.010200,11.955720,1,1,1,11,15,16,0,0,10923136,13.333385,1.630426,2362,3575
V9,0,khkw-V9-s0-16b,26ef6f0,cache,khkw,loas,16,vgg16_T4_n5,layer_09_features_30,0,16384,8,1024,128,524288,16,32768,2048,16,4,4,1,khkw_split,-1,16,20,32,12,1,next_burst,1,0,1,2,0,24,8,1,1,1,non_inclusive,lru,1079696,312192,767504,4689512,4995072,0.938828,0,1152,0.000000,310784,4972544,0,0,4388808,0,0,7803016,38592,51696,12282112,12230416,13085168,854752,0.065322,4993024,5480,304408,0,4392648,290488,0,0,0,0.062039,0.999590,0,0,0.010200,11.745080,1,1,2,12,18,24,0,0,15916160,14.741335,2.762355,2362,3575
V9,0,khkw-V9-s0-16b,26ef6f0,cache,khkw,loas,16,vgg16_T4_n5,layer_09_features_30,0,16384,8,1024,128,524288,16,32768,2048,16,4,4,1,khkw_split,-1,16,20,32,12,1,next_burst,2,0,1,2,0,24,8,1,1,1,non_inclusive,lru,986472,312192,674280,4703072,4995072,0.941542,0,1152,0.000000,310784,4972544,0,0,4415960,0,0,6270896,38592,65080,10790528,10725448,13087064,2361616,0.180454,4993024,19040,290848,0,4176264,506872,0,0,0,0.062039,0.999590,0,0,0.010200,11.223862,1,2,3,14,23,24,0,0,15916160,16.134427,2.847761,2362,3575
V9,0,khkw-V9-s0-16b,26ef6f0,cache,khkw,loas,16,vgg16_T4_n5,layer_09_features_30,0,16384,8,1024,128,524288,16,32768,2048,16,4,4,1,khkw_split,-1,16,20,32,12,1,next_burst,4,0,1,2,0,24,8,1,1,1,non_inclusive,lru,823480,312192,511288,4712216,4995072,0.943373,0,1152,0.000000,310784,4972544,0,0,4435448,0,0,3643944,38592,64672,8182656,8117984,13978720,5860736,0.419261,4993024,28184,281704,0,4031456,651680,0,0,0,0.062039,0.999590,0,0,0.010200,10.872386,1,2,3,23,24,32,2,0,15916280,19.328071,2.883454,2362,3575
V9,0,khkw-V9-s0-32b,26ef6f0,cache,khkw,loas,16,vgg16_T4_n5,layer_09_features_30,0,16384,8,512,64,524288,16,16384,1024,32,8,4,1,khkw_split,-1,16,20,32,12,1,none,0,0,1,2,0,24,1,1,1,1,non_inclusive,lru,566440,312192,254248,4839424,4995072,0.968840,0,155648,0.000000,155648,4980736,0,0,0,0,0,0,4057408,12608,4070016,4057408,4057408,0,0.000000,0,0,0,0,0,0,0,0,0,0.000000,0.999590,0,0,0.010200,0.747847,1,1,1,9,15,16,0,0,10457216,18.461295,1.553385,2362,3575
V9,0,khkw-V9-s0-32b,26ef6f0,cache,khkw,loas,16,vgg16_T4_n5,layer_09_features_30,0,16384,8,512,64,524288,16,16384,1024,32,8,4,1,khkw_split,-1,16,20,32,12,1,next_burst,1,0,1,2,0,24,1,1,1,1,non_inclusive,lru,859120,312192,546928,4839424,4995072,0.968840,0,1152,0.000000,155648,4980736,0,0,4682880,0,0,4018816,38592,12608,8752896,8740288,9049152,308864,0.034132,4993024,0,154496,0,4682880,155648,0,0,0,0.030930,0.999590,0,0,0.010200,0.747847,1,1,1,8,15,16,0,0,15450240,17.983797,2.627824,2362,3575
V9,0,khkw-V9-s0-32b,26ef6f0,cache,khkw,loas,16,vgg16_T4_n5,layer_09_features_30,0,16384,8,512,64,524288,16,16384,1024,32,8,4,1,khkw_split,-1,16,20,32,12,1,next_burst,2,0,1,2,0,24,1,1,1,1,non_inclusive,lru,839656,312192,527464,4839424,4995072,0.968840,0,1152,0.000000,155648,4980736,0,0,4681728,0,0,3707920,38592,13232,8441472,8428240,9048000,619760,0.068497,4993024,0,154496,0,4527376,311152,0,0,0,0.030930,0.999590,0,0,0.010200,0.747847,1,1,2,9,15,24,0,0,15450240,18.400678,2.640914,2362,3575
V9,0,khkw-V9-s0-32b,26ef6f0,cache,khkw,loas,16,vgg16_T4_n5,layer_09_features_30,0,16384,8,512,64,524288,16,16384,1024,32,8,4,1,khkw_split,-1,16,20,32,12,1,next_burst,4,0,1,2,0,24,1,1,1,1,non_inclusive,lru,790424,312192,478232,4842304,4995072,0.969416,0,1152,0.000000,155648,4980736,0,0,4685280,0,0,2884816,38592,45072,7653760,7608688,9052752,1444064,0.159517,4993024,2880,151616,0,4239976,598552,0,0,0,0.030930,0.999590,0,0,0.010200,0.734010,1,1,2,12,20,24,0,0,15450240,19.546775,2.712206,2362,3575
V9,0,khkw-V9-s0-32b,26ef6f0,cache,khkw,loas,16,vgg16_T4_n5,layer_09_features_30,0,16384,8,512,64,524288,16,16384,1024,32,8,4,1,khkw_split,-1,16,20,32,12,1,none,0,0,1,2,0,24,2,1,1,1,non_inclusive,lru,566440,312192,254248,4839424,4995072,0.968840,0,155648,0.000000,155648,4980736,0,0,0,0,0,0,4057408,12608,4070016,4057408,4057408,0,0.000000,0,0,0,0,0,0,0,0,0,0.000000,0.999590,0,0,0.010200,1.495695,1,1,1,9,15,16,0,0,10457216,18.461295,1.550850,2362,3575
V9,0,khkw-V9-s0-32b,26ef6f0,cache,khkw,loas,16,vgg16_T4_n5,layer_09_features_30,0,16384,8,512,64,524288,16,16384,1024,32,8,4,1,khkw_split,-1,16,20,32,12,1,next_burst,1,0,1,2,0,24,2,1,1,1,non_inclusive,lru,859120,312192,546928,4839424,4995072,0.968840,0,1152,0.000000,155648,4980736,0,0,4682880,0,0,4018816,38592,12608,8752896,8740288,9049152,308864,0.034132,4993024,0,154496,0,4682880,155648,0,0,0,0.030930,0.999590,0,0,0.010200,1.495695,1,1,1,8,15,16,0,0,15450240,17.983797,2.648516,2362,3575
V9,0,khkw-V9-s0-32b,26ef6f0,cache,khkw,loas,16,vgg16_T4_n5,layer_09_features_30,0,16384,8,512,64,524288,16,16384,1024,32,8,4,1,khkw_split,-1,16,20,32,12,1,next_burst,2,0,1,2,0,24,2,1,1,1,non_inclusive,lru,839656,312192,527464,4839424,4995072,0.968840,0,1152,0.000000,155648,4980736,0,0,4681728,0,0,3707920,38592,13232,8441472,8428240,9048000,619760,0.068497,4993024,0,154496,0,4527376,311152,0,0,0,0.030930,0.999590,0,0,0.010200,1.495695,1,1,2,9,15,24,0,0,15450240,18.400678,2.645819,2362,3575
V9,0,khkw-V9-s0-32b,26ef6f0,cache,khkw,loas,16,vgg16_T4_n5,layer_09_features_30,0,16384,8,512,64,524288,16,16384,1024,32,8,4,1,khkw_split,-1,16,20,32,12,1,next_burst,4,0,1,2,0,24,2,1,1,1,non_inclusive,lru,790408,312192,478216,4842288,4995072,0.969413,0,1152,0.000000,155648,4980736,0,0,4685240,0,0,2884792,38592,44880,7653504,7608624,9052632,1444008,0.159513,4993024,2864,151632,0,4239984,598544,0,0,0,0.030930,0.999590,0,0,0.010200,1.468173,1,1,2,12,20,24,0,0,15450240,19.547171,2.712159,2362,3575
V9,0,khkw-V9-s0-32b,26ef6f0,cache,khkw,loas,16,vgg16_T4_n5,layer_09_features_30,0,16384,8,512,64,524288,16,16384,1024,32,8,4,1,khkw_split,-1,16,20,32,12,1,none,0,0,1,2,0,24,4,1,1,1,non_inclusive,lru,566440,312192,254248,4839424,4995072,0.968840,0,155648,0.000000,155648,4980736,0,0,0,0,0,0,4057408,12608,4070016,4057408,4057408,0,0.000000,0,0,0,0,0,0,0,0,0,0.000000,0.999590,0,0,0.010200,2.991390,1,1,1,9,15,16,0,0,10457216,18.461295,1.542176,2362,3575
V9,0,khkw-V9-s0-32b,26ef6f0,cache,khkw,loas,16,vgg16_T4_n5,layer_09_features_30,0,16384,8,512,64,524288,16,16384,1024,32,8,4,1,khkw_split,-1,16,20,32,12,1,next_burst,1,0,1,2,0,24,4,1,1,1,non_inclusive,lru,859120,312192,546928,4839424,4995072,0.968840,0,1152,0.000000,155648,4980736,0,0,4682880,0,0,4018816,38592,12608,8752896,8740288,9049152,308864,0.034132,4993024,0,154496,0,4682880,155648,0,0,0,0.030930,0.999590,0,0,0.010200,2.991390,1,1,1,8,15,16,0,0,15450240,17.983797,2.623219,2362,3575
V9,0,khkw-V9-s0-32b,26ef6f0,cache,khkw,loas,16,vgg16_T4_n5,layer_09_features_30,0,16384,8,512,64,524288,16,16384,1024,32,8,4,1,khkw_split,-1,16,20,32,12,1,next_burst,2,0,1,2,0,24,4,1,1,1,non_inclusive,lru,839656,312192,527464,4839424,4995072,0.968840,0,1152,0.000000,155648,4980736,0,0,4681728,0,0,3707920,38592,13232,8441472,8428240,9048000,619760,0.068497,4993024,0,154496,0,4527376,311152,0,0,0,0.030930,0.999590,0,0,0.010200,2.991390,1,1,2,9,15,24,0,0,15450240,18.400678,2.658014,2362,3575
V9,0,khkw-V9-s0-32b,26ef6f0,cache,khkw,loas,16,vgg16_T4_n5,layer_09_features_30,0,16384,8,512,64,524288,16,16384,1024,32,8,4,1,khkw_split,-1,16,20,32,12,1,next_burst,4,0,1,2,0,24,4,1,1,1,non_inclusive,lru,790408,312192,478216,4842288,4995072,0.969413,0,1152,0.000000,155648,4980736,0,0,4685240,0,0,2884792,38592,44880,7653504,7608624,9052632,1444008,0.159513,4993024,2864,151632,0,4239984,598544,0,0,0,0.030930,0.999590,0,0,0.010200,2.936347,1,1,2,12,20,24,0,0,15450240,19.547171,2.709828,2362,3575
V9,0,khkw-V9-s0-32b,26ef6f0,cache,khkw,loas,16,vgg16_T4_n5,layer_09_features_30,0,16384,8,512,64,524288,16,16384,1024,32,8,4,1,khkw_split,-1,16,20,32,12,1,none,0,0,1,2,0,24,8,1,1,1,non_inclusive,lru,566440,312192,254248,4839424,4995072,0.968840,0,155648,0.000000,155648,4980736,0,0,0,0,0,0,4057408,12608,4070016,4057408,4057408,0,0.000000,0,0,0,0,0,0,0,0,0,0.000000,0.999590,0,0,0.010200,5.982780,1,1,1,9,15,16,0,0,10457216,18.461295,1.569284,2362,3575
V9,0,khkw-V9-s0-32b,26ef6f0,cache,khkw,loas,16,vgg16_T4_n5,layer_09_features_30,0,16384,8,512,64,524288,16,16384,1024,32,8,4,1,khkw_split,-1,16,20,32,12,1,next_burst,1,0,1,2,0,24,8,1,1,1,non_inclusive,lru,859120,312192,546928,4839424,4995072,0.968840,0,1152,0.000000,155648,4980736,0,0,4682880,0,0,4018816,38592,12608,8752896,8740288,9049152,308864,0.034132,4993024,0,154496,0,4682880,155648,0,0,0,0.030930,0.999590,0,0,0.010200,5.982780,1,1,1,8,15,16,0,0,15450240,17.983797,2.642153,2362,3575
V9,0,khkw-V9-s0-32b,26ef6f0,cache,khkw,loas,16,vgg16_T4_n5,layer_09_features_30,0,16384,8,512,64,524288,16,16384,1024,32,8,4,1,khkw_split,-1,16,20,32,12,1,next_burst,2,0,1,2,0,24,8,1,1,1,non_inclusive,lru,839656,312192,527464,4839424,4995072,0.968840,0,1152,0.000000,155648,4980736,0,0,4681728,0,0,3707920,38592,13232,8441472,8428240,9048000,619760,0.068497,4993024,0,154496,0,4527376,311152,0,0,0,0.030930,0.999590,0,0,0.010200,5.982780,1,1,2,9,15,24,0,0,15450240,18.400678,2.642694,2362,3575
V9,0,khkw-V9-s0-32b,26ef6f0,cache,khkw,loas,16,vgg16_T4_n5,layer_09_features_30,0,16384,8,512,64,524288,16,16384,1024,32,8,4,1,khkw_split,-1,16,20,32,12,1,next_burst,4,0,1,2,0,24,8,1,1,1,non_inclusive,lru,790408,312192,478216,4842288,4995072,0.969413,0,1152,0.000000,155648,4980736,0,0,4685240,0,0,2884792,38592,44880,7653504,7608624,9052632,1444008,0.159513,4993024,2864,151632,0,4239984,598544,0,0,0,0.030930,0.999590,0,0,0.010200,5.872694,1,1,2,12,20,24,0,0,15450240,19.547171,2.760405,2362,3575
V9,0,khkw-V9-s0-64b,26ef6f0,cache,khkw,loas,16,vgg16_T4_n5,layer_09_features_30,0,16384,8,256,32,524288,16,8192,512,64,16,4,1,khkw_split,-1,16,20,32,12,1,none,0,0,1,2,0,24,1,1,1,1,non_inclusive,lru,439976,312192,127784,4917248,4995072,0.984420,0,77824,0.000000,77824,4980736,0,0,0,0,0,0,2033984,12608,2046592,2033984,2033984,0,0.000000,0,0,0,0,0,0,0,0,0,0.000000,0.999590,0,0,0.010200,0.373924,1,1,1,8,15,16,0,0,10223744,23.237049,1.534567,2362,3575
V9,0,khkw-V9-s0-64b,26ef6f0,cache,khkw,loas,16,vgg16_T4_n5,layer_09_features_30,0,16384,8,256,32,524288,16,8192,512,64,16,4,1,khkw_split,-1,16,20,32,12,1,next_burst,1,0,1,2,0,24,1,1,1,1,non_inclusive,lru,742384,312192,430192,4917248,4995072,0.984420,0,1152,0.000000,77824,4980736,0,0,4838528,0,0,1995392,38592,12608,6885120,6872512,7025856,153344,0.021826,4993024,0,76672,0,4838528,77824,0,0,0,0.015350,0.999590,0,0,0.010200,0.373924,1,1,1,8,15,16,0,0,15216768,20.497166,2.639094,2362,3575
V9,0,khkw-V9-s0-64b,26ef6f0,cache,khkw,loas,16,vgg16_T4_n5,layer_09_features_30,0,16384,8,256,32,524288,16,8192,512,64,16,4,1,khkw_split,-1,16,20,32,12,1,next_burst,2,0,1,2,0,24,1,1,1,1,non_inclusive,lru,732728,312192,420536,4917248,4995072,0.984420,0,1152,0.000000,77824,4980736,0,0,4837376,0,0,1842048,38592,12608,6730624,6718016,7024704,306688,0.043658,4993024,0,76672,0,4760704,155648,0,0,0,0.015350,0.999590,0,0,0.010200,0.373924,1,1,1,8,15,16,0,0,15216768,20.767281,2.627475,2362,3575
V9,0,khkw-V9-s0-64b,26ef6f0,cache,khkw,loas,16,vgg16_T4_n5,layer_09_features_30,0,16384,8,256,32,524288,16,8192,512,64,16,4,1,khkw_split,-1,16,20,32,12,1,next_burst,4,0,1,2,0,24,1,1,1,1,non_inclusive,lru,713416,312192,401224,4917248,4995072,0.984420,0,1152,0.000000,77824,4980736,0,0,4835072,0,0,1535360,38592,12608,6421632,6409024,7022400,613376,0.087346,4993024,0,76672,0,4605056,311296,0,0,0,0.015350,0.999590,0,0,0.010200,0.373924,1,1,1,8,15,16,0,0,15216768,21.329446,2.606389,2362,3575
V9,0,khkw-V9-s0-64b,26ef6f0,cache,khkw,loas,16,vgg16_T4_n5,layer_09_features_30,0,16384,8,256,32,524288,16,8192,512,64,16,4,1,khkw_split,-1,16,20,32,12,1,none,0,0,1,2,0,24,2,1,1,1,non_inclusive,lru,439976,312192,127784,4917248,4995072,0.984420,0,77824,0.000000,77824,4980736,0,0,0,0,0,0,2033984,12608,2046592,2033984,2033984,0,0.000000,0,0,0,0,0,0,0,0,0,0.000000,0.999590,0,0,0.010200,0.747847,1,1,1,8,15,16,0,0,10223744,23.237049,1.530128,2362,3575
V9,0,khkw-V9-s0-64b,26ef6f0,cache,khkw,loas,16,vgg16_T4_n5,layer_09_features_30,0,16384,8,256,32,524288,16,8192,512,64,16,4,1,khkw_split,-1,16,20,32,12,1,next_burst,1,0,1,2,0,24,2,1,1,1,non_inclusive,lru,742384,312192,430192,4917248,4995072,0.984420,0,1152,0.000000,77824,4980736,0,0,4838528,0,0,1995392,38592,12608,6885120,6872512,7025856,153344,0.021826,4993024,0,76672,0,4838528,77824,0,0,0,0.015350,0.999590,0,0,0.010200,0.747847,1,1,1,8,15,16,0,0,15216768,20.497166,2.574400,2362,3575
V9,0,khkw-V9-s0-64b,26ef6f0,cache,khkw,loas,16,vgg16_T4_n5,layer_09_features_30,0,16384,8,256,32,524288,16,8192,512,64,16,4,1,khkw_split,-1,16,20,32,12,1,next_burst,2,0,1,2,0,24,2,1,1,1,non_inclusive,lru,732728,312192,420536,4917248,4995072,0.984420,0,1152,0.000000,77824,4980736,0,0,4837376,0,0,1842048,38592,12608,6730624,6718016,7024704,306688,0.043658,4993024,0,76672,0,4760704,155648,0,0,0,0.015350,0.999590,0,0,0.010200,0.747847,1,1,1,8,15,16,0,0,15216768,20.767281,2.587463,2362,3575
V9,0,khkw-V9-s0-64b,26ef6f0,cache,khkw,loas,16,vgg16_T4_n5,layer_09_features_30,0,16384,8,256,32,524288,16,8192,512,64,16,4,1,khkw_split,-1,16,20,32,12,1,next_burst,4,0,1,2,0,24,2,1,1,1,non_inclusive,lru,713416,312192,401224,4917248,4995072,0.984420,0,1152,0.000000,77824,4980736,0,0,4835072,0,0,1535360,38592,12608,6421632,6409024,7022400,613376,0.087346,4993024,0,76672,0,4605056,311296,0,0,0,0.015350,0.999590,0,0,0.010200,0.747847,1,1,1,8,15,16,0,0,15216768,21.329446,2.611151,2362,3575
V9,0,khkw-V9-s0-64b,26ef6f0,cache,khkw,loas,16,vgg16_T4_n5,layer_09_features_30,0,16384,8,256,32,524288,16,8192,512,64,16,4,1,khkw_split,-1,16,20,32,12,1,none,0,0,1,2,0,24,4,1,1,1,non_inclusive,lru,439976,312192,127784,4917248,4995072,0.984420,0,77824,0.000000,77824,4980736,0,0,0,0,0,0,2033984,12608,2046592,2033984,2033984,0,0.000000,0,0,0,0,0,0,0,0,0,0.000000,0.999590,0,0,0.010200,1.495695,1,1,1,8,15,16,0,0,10223744,23.237049,1.507008,2362,3575
V9,0,khkw-V9-s0-64b,26ef6f0,cache,khkw,loas,16,vgg16_T4_n5,layer_09_features_30,0,16384,8,256,32,524288,16,8192,512,64,16,4,1,khkw_split,-1,16,20,32,12,1,next_burst,1,0,1,2,0,24,4,1,1,1,non_inclusive,lru,742384,312192,430192,4917248,4995072,0.984420,0,1152,0.000000,77824,4980736,0,0,4838528,0,0,1995392,38592,12608,6885120,6872512,7025856,153344,0.021826,4993024,0,76672,0,4838528,77824,0,0,0,0.015350,0.999590,0,0,0.010200,1.495695,1,1,1,8,15,16,0,0,15216768,20.497166,2.576779,2362,3575
V9,0,khkw-V9-s0-64b,26ef6f0,cache,khkw,loas,16,vgg16_T4_n5,layer_09_features_30,0,16384,8,256,32,524288,16,8192,512,64,16,4,1,khkw_split,-1,16,20,32,12,1,next_burst,2,0,1,2,0,24,4,1,1,1,non_inclusive,lru,732728,312192,420536,4917248,4995072,0.984420,0,1152,0.000000,77824,4980736,0,0,4837376,0,0,1842048,38592,12608,6730624,6718016,7024704,306688,0.043658,4993024,0,76672,0,4760704,155648,0,0,0,0.015350,0.999590,0,0,0.010200,1.495695,1,1,1,8,15,16,0,0,15216768,20.767281,2.603503,2362,3575
V9,0,khkw-V9-s0-64b,26ef6f0,cache,khkw,loas,16,vgg16_T4_n5,layer_09_features_30,0,16384,8,256,32,524288,16,8192,512,64,16,4,1,khkw_split,-1,16,20,32,12,1,next_burst,4,0,1,2,0,24,4,1,1,1,non_inclusive,lru,713416,312192,401224,4917248,4995072,0.984420,0,1152,0.000000,77824,4980736,0,0,4835072,0,0,1535360,38592,12608,6421632,6409024,7022400,613376,0.087346,4993024,0,76672,0,4605056,311296,0,0,0,0.015350,0.999590,0,0,0.010200,1.495695,1,1,1,8,15,16,0,0,15216768,21.329446,2.611502,2362,3575
V9,0,khkw-V9-s0-64b,26ef6f0,cache,khkw,loas,16,vgg16_T4_n5,layer_09_features_30,0,16384,8,256,32,524288,16,8192,512,64,16,4,1,khkw_split,-1,16,20,32,12,1,none,0,0,1,2,0,24,8,1,1,1,non_inclusive,lru,439976,312192,127784,4917248,4995072,0.984420,0,77824,0.000000,77824,4980736,0,0,0,0,0,0,2033984,12608,2046592,2033984,2033984,0,0.000000,0,0,0,0,0,0,0,0,0,0.000000,0.999590,0,0,0.010200,2.991390,1,1,1,8,15,16,0,0,10223744,23.237049,1.508506,2362,3575
V9,0,khkw-V9-s0-64b,26ef6f0,cache,khkw,loas,16,vgg16_T4_n5,layer_09_features_30,0,16384,8,256,32,524288,16,8192,512,64,16,4,1,khkw_split,-1,16,20,32,12,1,next_burst,1,0,1,2,0,24,8,1,1,1,non_inclusive,lru,742384,312192,430192,4917248,4995072,0.984420,0,1152,0.000000,77824,4980736,0,0,4838528,0,0,1995392,38592,12608,6885120,6872512,7025856,153344,0.021826,4993024,0,76672,0,4838528,77824,0,0,0,0.015350,0.999590,0,0,0.010200,2.991390,1,1,1,8,15,16,0,0,15216768,20.497166,2.572452,2362,3575
V9,0,khkw-V9-s0-64b,26ef6f0,cache,khkw,loas,16,vgg16_T4_n5,layer_09_features_30,0,16384,8,256,32,524288,16,8192,512,64,16,4,1,khkw_split,-1,16,20,32,12,1,next_burst,2,0,1,2,0,24,8,1,1,1,non_inclusive,lru,732728,312192,420536,4917248,4995072,0.984420,0,1152,0.000000,77824,4980736,0,0,4837376,0,0,1842048,38592,12608,6730624,6718016,7024704,306688,0.043658,4993024,0,76672,0,4760704,155648,0,0,0,0.015350,0.999590,0,0,0.010200,2.991390,1,1,1,8,15,16,0,0,15216768,20.767281,2.603736,2362,3575
V9,0,khkw-V9-s0-64b,26ef6f0,cache,khkw,loas,16,vgg16_T4_n5,layer_09_features_30,0,16384,8,256,32,524288,16,8192,512,64,16,4,1,khkw_split,-1,16,20,32,12,1,next_burst,4,0,1,2,0,24,8,1,1,1,non_inclusive,lru,713416,312192,401224,4917248,4995072,0.984420,0,1152,0.000000,77824,4980736,0,0,4835072,0,0,1535360,38592,12608,6421632,6409024,7022400,613376,0.087346,4993024,0,76672,0,4605056,311296,0,0,0,0.015350,0.999590,0,0,0.010200,2.991390,1,1,1,8,15,16,0,0,15216768,21.329446,2.609290,2362,3575
V9,1,khkw-V9-s1-16b,26ef6f0,cache,khkw,loas,16,vgg16_T4_n5,layer_09_features_30,1,16384,8,1024,128,524288,16,32768,2048,16,4,4,1,khkw_split,-1,16,20,32,12,1,none,0,0,1,2,0,24,1,1,1,1,non_inclusive,lru,813296,306872,506424,4599168,4909952,0.936703,512,310784,0.001647,310272,4964352,0,0,0,0,0,2816,8081552,20464,8104832,8084368,8084368,0,0.000000,0,0,0,0,0,0,0,0,0,0.000000,0.999583,0,0,0.018446,1.519122,1,1,1,11,15,16,0,0,10751872,13.220122,1.622036,2304,3507
V9,1,khkw-V9-s1-16b,26ef6f0,cache,khkw,loas,16,vgg16_T4_n5,layer_09_features_30,1,16384,8,1024,128,524288,16,32768,2048,16,4,4,1,khkw_split,-1,16,20,32,12,1,next_burst,1,0,1,2,0,24,1,1,1,1,non_inclusive,lru,1065080,306872,758208,4605624,4909952,0.938018,0,1152,0.000000,310272,4964352,0,0,4307880,0,0,7731792,38592,55112,12133376,12078264,12984792,906528,0.069815,4907904,6456,303176,0,4313136,285136,0,0,0,0.063062,0.999583,0,0,0.018446,1.487565,1,1,2,12,20,24,0,0,15659776,14.702911,2.900673,2304,3507
V9,1,khkw-V9-s1-16b,26ef6f0,cache,khkw,loas,16,vgg16_T4_n5,layer_09_features_30,1,16384,8,1024,128,524288,16,32768,2048,16,4,4,1,khkw_split,-1,16,20,32,12,1,next_burst,2,0,1,2,0,24,1,1,1,1,non_inclusive,lru,961464,306872,654592,4621640,4909952,0.941280,0,1152,0.000000,310272,4964352,0,0,4341680,0,0,6027408,38592,67840,10475520,10407680,13031784,2624104,0.201362,4907904,22472,287160,0,4115960,482312,0,0,0,0.063062,0.999583,0,0,0.018446,1.409278,1,2,3,16,23,24,0,0,15659776,16.287428,2.764948,2304,3507
V9,1,khkw-V9-s1-16b,26ef6f0,cache,khkw,loas,16,vgg16_T4_n5,layer_09_features_30,1,16384,8,1024,128,524288,16,32768,2048,16,4,4,1,khkw_split,-1,16,20,32,12,1,next_burst,4,0,1,2,0,24,1,1,1,1,non_inclusive,lru,815816,306872,508944,4631688,4909952,0.943327,0,1152,0.000000,310272,4964352,0,0,4362656,0,0,3679168,38592,64736,8145152,8080416,14060304,5979888,0.425303,4907904,32520,277112,0,3982400,615872,0,0,0,0.063062,0.999583,0,0,0.018446,1.360163,1,2,4,23,24,24,0,0,15659776,19.195230,2.849204,2304,3507
V9,1,khkw-V9-s1-16b,26ef6f0,cache,khkw,loas,16,vgg16_T4_n5,layer_09_features_30,1,16384,8,1024,128,524288,16,32768,2048,16,4,4,1,khkw_split,-1,16,20,32,12,1,none,0,0,1,2,0,24,2,1,1,1,non_inclusive,lru,813296,306872,506424,4599168,4909952,0.936703,512,310784,0.001647,310272,4964352,0,0,0,0,0,2816,8081552,20464,8104832,8084368,8084368,0,0.000000,0,0,0,0,0,0,0,0,0,0.000000,0.999583,0,0,0.018446,3.038244,1,1,1,11,15,16,0,0,10751872,13.220122,1.610921,2304,3507
V9,1,khkw-V9-s1-16b,26ef6f0,cache,khkw,loas,16,vgg16_T4_n5,layer_09_features_30,1,16384,8,1024,128,524288,16,32768,2048,16,4,4,1,khkw_split,-1,16,20,32,12,1,next_burst,1,0,1,2,0,24,2,1,1,1,non_inclusive,lru,1065056,306872,758184,4605672,4909952,0.938028,0,1152,0.000000,310272,4964352,0,0,4307904,0,0,7731520,38592,54976,12132992,12078016,12984536,906520,0.069815,4907904,6504,303128,0,4313104,285168,0,0,0,0.063062,0.999583,0,0,0.018446,2.974660,1,1,2,12,20,25,0,0,15659776,14.703242,2.702303,2304,3507
V9,1,khkw-V9-s1-16b,26ef6f0,cache,khkw,loas,16,vgg16_T4_n5,layer_09_features_30,1,16384,8,1024,128,524288,16,32768,2048,16,4,4,1,khkw_split,-1,16,20,32,12,1,next_burst,2,0,1,2,0,24,2,1,1,1,non_inclusive,lru,961456,306872,654584,4621520,4909952,0.941256,0,1152,0.000000,310272,4964352,0,0,4341496,0,0,6028128,38592,67176,10475392,10408216,13032384,2624168,0.201357,4907904,22352,287280,0,4115912,482360,0,0,0,0.063062,0.999583,0,0,0.018446,2.819729,1,2,3,16,23,24,0,0,15659776,16.287564,2.750130,2304,3507
V9,1,khkw-V9-s1-16b,26ef6f0,cache,khkw,loas,16,vgg16_T4_n5,layer_09_features_30,1,16384,8,1024,128,524288,16,32768,2048,16,4,4,1,khkw_split,-1,16,20,32,12,1,next_burst,4,0,1,2,0,24,2,1,1,1,non_inclusive,lru,815752,306872,508880,4631544,4909952,0.943297,0,1152,0.000000,310272,4964352,0,0,4362256,0,0,3678264,38592,65016,8144128,8079112,14058464,5979352,0.425320,4907904,32376,277256,0,3982440,615832,0,0,0,0.063062,0.999583,0,0,0.018446,2.721734,1,2,4,23,24,32,3,0,15659992,19.197001,2.839396,2304,3507
V9,1,khkw-V9-s1-16b,26ef6f0,cache,khkw,loas,16,vgg16_T4_n5,layer_09_features_30,1,16384,8,1024,128,524288,16,32768,2048,16,4,4,1,khkw_split,-1,16,20,32,12,1,none,0,0,1,2,0,24,4,1,1,1,non_inclusive,lru,813296,306872,506424,4599168,4909952,0.936703,512,310784,0.001647,310272,4964352,0,0,0,0,0,2816,8081552,20464,8104832,8084368,8084368,0,0.000000,0,0,0,0,0,0,0,0,0,0.000000,0.999583,0,0,0.018446,6.076488,1,1,1,11,15,16,0,0,10751872,13.220122,1.609756,2304,3507
V9,1,khkw-V9-s1-16b,26ef6f0,cache,khkw,loas,16,vgg16_T4_n5,layer_09_features_30,1,16384,8,1024,128,524288,16,32768,2048,16,4,4,1,khkw_split,-1,16,20,32,12,1,next_burst,1,0,1,2,0,24,4,1,1,1,non_inclusive,lru,1064960,306872,758088,4605704,4909952,0.938034,0,1152,0.000000,310272,4964352,0,0,4307952,0,0,7731104,38592,53808,12131456,12077648,12984432,906784,0.069836,4907904,6536,303096,0,4313088,285184,0,0,0,0.063062,0.999583,0,0,0.018446,5.948695,1,1,2,12,20,25,0,0,15659776,14.704567,2.706940,2304,3507
V9,1,khkw-V9-s1-16b,26ef6f0,cache,khkw,loas,16,vgg16_T4_n5,layer_09_features_30,1,16384,8,1024,128,524288,16,32768,2048,16,4,4,1,khkw_split,-1,16,20,32,12,1,next_burst,2,0,1,2,0,24,4,1,1,1,non_inclusive,lru,961488,306872,654616,4621640,4909952,0.941280,0,1152,0.000000,310272,4964352,0,0,4341640,0,0,6027864,38592,67808,10475904,10408096,13032344,2624248,0.201364,4907904,22472,287160,0,4115984,482288,0,0,0,0.063062,0.999583,0,0,0.018446,5.637113,1,2,3,16,23,24,0,0,15659776,16.287022,2.752076,2304,3507
V9,1,khkw-V9-s1-16b,26ef6f0,cache,khkw,loas,16,vgg16_T4_n5,layer_09_features_30,1,16384,8,1024,128,524288,16,32768,2048,16,4,4,1,khkw_split,-1,16,20,32,12,1,next_burst,4,0,1,2,0,24,4,1,1,1,non_inclusive,lru,815960,306872,509088,4631888,4909952,0.943367,0,1152,0.000000,310272,4964352,0,0,4362952,0,0,3678952,38592,66960,8147456,8080496,14061136,5980640,0.425331,4907904,32720,276912,0,3982528,615744,0,0,0,0.063062,0.999583,0,0,0.018446,5.436742,1,2,4,23,24,32,3,0,15660000,19.192117,2.838132,2304,3507
V9,1,khkw-V9-s1-16b,26ef6f0,cache,khkw,loas,16,vgg16_T4_n5,layer_09_features_30,1,16384,8,1024,128,524288,16,32768,2048,16,4,4,1,khkw_split,-1,16,20,32,12,1,none,0,0,1,2,0,24,8,1,1,1,non_inclusive,lru,813296,306872,506424,4599168,4909952,0.936703,512,310784,0.001647,310272,4964352,0,0,0,0,0,2816,8081552,20464,8104832,8084368,8084368,0,0.000000,0,0,0,0,0,0,0,0,0,0.000000,0.999583,0,0,0.018446,12.152976,1,1,1,11,15,16,0,0,10751872,13.220122,1.618182,2304,3507
V9,1,khkw-V9-s1-16b,26ef6f0,cache,khkw,loas,16,vgg16_T4_n5,layer_09_features_30,1,16384,8,1024,128,524288,16,32768,2048,16,4,4,1,khkw_split,-1,16,20,32,12,1,next_burst,1,0,1,2,0,24,8,1,1,1,non_inclusive,lru,1064960,306872,758088,4605704,4909952,0.938034,0,1152,0.000000,310272,4964352,0,0,4307952,0,0,7731104,38592,53808,12131456,12077648,12984432,906784,0.069836,4907904,6536,303096,0,4313088,285184,0,0,0,0.063062,0.999583,0,0,0.018446,11.897390,1,1,2,12,20,25,0,0,15659776,14.704567,2.721315,2304,3507
V9,1,khkw-V9-s1-16b,26ef6f0,cache,khkw,loas,16,vgg16_T4_n5,layer_09_features_30,1,16384,8,1024,128,524288,16,32768,2048,16,4,4,1,khkw_split,-1,16,20,32,12,1,next_burst,2,0,1,2,0,24,8,1,1,1,non_inclusive,lru,961488,306872,654616,4621640,4909952,0.941280,0,1152,0.000000,310272,4964352,0,0,4341640,0,0,6027864,38592,67808,10475904,10408096,13032344,2624248,0.201364,4907904,22472,287160,0,4115984,482288,0,0,0,0.063062,0.999583,0,0,0.018446,11.274225,1,2,3,16,23,24,0,0,15659776,16.287022,2.810369,2304,3507
V9,1,khkw-V9-s1-16b,26ef6f0,cache,khkw,loas,16,vgg16_T4_n5,layer_09_features_30,1,16384,8,1024,128,524288,16,32768,2048,16,4,4,1,khkw_split,-1,16,20,32,12,1,next_burst,4,0,1,2,0,24,8,1,1,1,non_inclusive,lru,815960,306872,509088,4631888,4909952,0.943367,0,1152,0.000000,310272,4964352,0,0,4362952,0,0,3678952,38592,66960,8147456,8080496,14061136,5980640,0.425331,4907904,32720,276912,0,3982528,615744,0,0,0,0.063062,0.999583,0,0,0.018446,10.873485,1,2,4,23,24,32,3,0,15660000,19.192117,2.842793,2304,3507
V9,1,khkw-V9-s1-32b,26ef6f0,cache,khkw,loas,16,vgg16_T4_n5,layer_09_features_30,1,16384,8,512,64,524288,16,16384,1024,32,8,4,1,khkw_split,-1,16,20,32,12,1,none,0,0,1,2,0,24,1,1,1,1,non_inclusive,lru,561120,306872,254248,4754304,4909952,0.968299,0,155648,0.000000,155648,4980736,0,0,0,0,0,0,4057408,12608,4070016,4057408,4057408,0,0.000000,0,0,0,0,0,0,0,0,0,0.000000,0.999583,0,0,0.018446,0.760812,1,1,1,9,15,16,0,0,10286976,18.332934,1.536483,2304,3507
V9,1,khkw-V9-s1-32b,26ef6f0,cache,khkw,loas,16,vgg16_T4_n5,layer_09_features_30,1,16384,8,512,64,524288,16,16384,1024,32,8,4,1,khkw_split,-1,16,20,32,12,1,next_burst,1,0,1,2,0,24,1,1,1,1,non_inclusive,lru,848480,306872,541608,4754304,4909952,0.968299,0,1152,0.000000,155648,4980736,0,0,4597760,0,0,4018816,38592,12608,8667776,8655168,8963904,308736,0.034442,4907904,0,154496,0,4597760,155648,0,0,0,0.031466,0.999583,0,0,0.018446,0.760812,1,1,1,8,15,16,0,0,15194880,17.908354,2.619676,2304,3507
V9,1,khkw-V9-s1-32b,26ef6f0,cache,khkw,loas,16,vgg16_T4_n5,layer_09_features_30,1,16384,8,512,64,524288,16,16384,1024,32,8,4,1,khkw_split,-1,16,20,32,12,1,next_burst,2,0,1,2,0,24,1,1,1,1,non_inclusive,lru,828936,306872,522064,4754304,4909952,0.968299,0,1152,0.000000,155648,4980736,0,0,4596608,0,0,3706016,38592,13856,8355072,8341216,8962112,620896,0.069280,4907904,0,154496,0,4442400,311008,0,0,0,0.031466,0.999583,0,0,0.018446,0.760812,1,1,2,9,15,24,0,0,15194880,18.330583,2.584516,2304,3507
V9,1,khkw-V9-s1-32b,26ef6f0,cache,khkw,loas,16,vgg16_T4_n5,layer_09_features_30,1,16384,8,512,64,524288,16,16384,1024,32,8,4,1,khkw_split,-1,16,20,32,12,1,next_burst,4,0,1,2,0,24,1,1,1,1,non_inclusive,lru,776792,306872,469920,4757880,4909952,0.969028,0,1152,0.000000,155648,4980736,0,0,4601840,0,0,2838568,38592,41768,7520768,7479000,8964408,1485408,0.165701,4907904,3576,150920,0,4164440,588968,0,0,0,0.031466,0.999583,0,0,0.018446,0.743333,1,2,2,13,21,24,0,0,15194880,19.561067,2.683352,2304,3507
V9,1,khkw-V9-s1-32b,26ef6f0,cache,khkw,loas,16,vgg16_T4_n5,layer_09_features_30,1,16384,8,512,64,524288,16,16384,1024,32,8,4,1,khkw_split,-1,16,20,32,12,1,none,0,0,1,2,0,24,2,1,1,1,non_inclusive,lru,561120,306872,254248,4754304,4909952,0.968299,0,155648,0.000000,155648,4980736,0,0,0,0,0,0,4057408,12608,4070016,4057408,4057408,0,0.000000,0,0,0,0,0,0,0,0,0,0.000000,0.999583,0,0,0.018446,1.521625,1,1,1,9,15,16,0,0,10286976,18.332934,1.531903,2304,3507
V9,1,khkw-V9-s1-32b,26ef6f0,cache,khkw,loas,16,vgg16_T4_n5,layer_09_features_30,1,16384,8,512,64,524288,16,16384,1024,32,8,4,1,khkw_split,-1,16,20,32,12,1,next_burst,1,0,1,2,0,24,2,1,1,1,non_inclusive,lru,848480,306872,541608,4754304,4909952,0.968299,0,1152,0.000000,155648,4980736,0,0,4597760,0,0,4018816,38592,12608,8667776,8655168,8963904,308736,0.034442,4907904,0,154496,0,4597760,155648,0,0,0,0.031466,0.999583,0,0,0.018446,1.521625,1,1,1,8,15,16,0,0,15194880,17.908354,2.585979,2304,3507
V9,1,khkw-V9-s1-32b,26ef6f0,cache,khkw,loas,16,vgg16_T4_n5,layer_09_features_30,1,16384,8,512,64,524288,16,16384,1024,32,8,4,1,khkw_split,-1,16,20,32,12,1,next_burst,2,0,1,2,0,24,2,1,1,1,non_inclusive,lru,828936,306872,522064,4754304,4909952,0.968299,0,1152,0.000000,155648,4980736,0,0,4596608,0,0,3706016,38592,13856,8355072,8341216,8962112,620896,0.069280,4907904,0,154496,0,4442400,311008,0,0,0,0.031466,0.999583,0,0,0.018446,1.521625,1,1,2,9,15,24,0,0,15194880,18.330583,2.592952,2304,3507
V9,1,khkw-V9-s1-32b,26ef6f0,cache,khkw,loas,16,vgg16_T4_n5,layer_09_features_30,1,16384,8,512,64,524288,16,16384,1024,32,8,4,1,khkw_split,-1,16,20,32,12,1,next_burst,4,0,1,2,0,24,2,1,1,1,non_inclusive,lru,776792,306872,469920,4757880,4909952,0.969028,0,1152,0.000000,155648,4980736,0,0,4601840,0,0,2838568,38592,41768,7520768,7479000,8964408,1485408,0.165701,4907904,3576,150920,0,4164440,588968,0,0,0,0.031466,0.999583,0,0,0.018446,1.486665,1,2,2,13,21,26,0,0,15194880,19.561067,2.669021,2304,3507
V9,1,khkw-V9-s1-32b,26ef6f0,cache,khkw,loas,16,vgg16_T4_n5,layer_09_features_30,1,16384,8,512,64,524288,16,16384,1024,32,8,4,1,khkw_split,-1,16,20,32,12,1,none,0,0,1,2,0,24,4,1,1,1,non_inclusive,lru,561120,306872,254248,4754304,4909952,0.968299,0,155648,0.000000,155648,4980736,0,0,0,0,0,0,4057408,12608,4070016,4057408,4057408,0,0.000000,0,0,0,0,0,0,0,0,0,0.000000,0.999583,0,0,0.018446,3.043249,1,1,1,9,15,16,0,0,10286976,18.332934,1.527398,2304,3507
V9,1,khkw-V9-s1-32b,26ef6f0,cache,khkw,loas,16,vgg16_T4_n5,layer_09_features_30,1,16384,8,512,64,524288,16,16384,1024,32,8,4,1,khkw_split,-1,16,20,32,12,1,next_burst,1,0,1,2,0,24,4,1,1,1,non_inclusive,lru,848480,306872,541608,4754304,4909952,0.968299,0,1152,0.000000,155648,4980736,0,0,4597760,0,0,4018816,38592,12608,8667776,8655168,8963904,308736,0.034442,4907904,0,154496,0,4597760,155648,0,0,0,0.031466,0.999583,0,0,0.018446,3.043249,1,1,1,8,15,16,0,0,15194880,17.908354,2.580511,2304,3507
V9,1,khkw-V9-s1-32b,26ef6f0,cache,khkw,loas,16,vgg16_T4_n5,layer_09_features_30,1,16384,8,512,64,524288,16,16384,1024,32,8,4,1,khkw_split,-1,16,20,32,12,1,next_burst,2,0,1,2,0,24,4,1,1,1,non_inclusive,lru,828936,306872,522064,4754304,4909952,0.968299,0,1152,0.000000,155648,4980736,0,0,4596608,0,0,3706016,38592,13856,8355072,8341216,8962112,620896,0.069280,4907904,0,154496,0,4442400,311008,0,0,0,0.031466,0.999583,0,0,0.018446,3.043249,1,1,2,9,15,24,0,0,15194880,18.330583,2.583758,2304,3507
V9,1,khkw-V9-s1-32b,26ef6f0,cache,khkw,loas,16,vgg16_T4_n5,layer_09_features_30,1,16384,8,512,64,524288,16,16384,1024,32,8,4,1,khkw_split,-1,16,20,32,12,1,next_burst,4,0,1,2,0,24,4,1,1,1,non_inclusive,lru,776792,306872,469920,4757880,4909952,0.969028,0,1152,0.000000,155648,4980736,0,0,4601840,0,0,2838568,38592,41768,7520768,7479000,8964408,1485408,0.165701,4907904,3576,150920,0,4164440,588968,0,0,0,0.031466,0.999583,0,0,0.018446,2.973331,1,2,2,13,21,26,0,0,15194880,19.561067,2.694774,2304,3507
V9,1,khkw-V9-s1-32b,26ef6f0,cache,khkw,loas,16,vgg16_T4_n5,layer_09_features_30,1,16384,8,512,64,524288,16,16384,1024,32,8,4,1,khkw_split,-1,16,20,32,12,1,none,0,0,1,2,0,24,8,1,1,1,non_inclusive,lru,561120,306872,254248,4754304,4909952,0.968299,0,155648,0.000000,155648,4980736,0,0,0,0,0,0,4057408,12608,4070016,4057408,4057408,0,0.000000,0,0,0,0,0,0,0,0,0,0.000000,0.999583,0,0,0.018446,6.086499,1,1,1,9,15,16,0,0,10286976,18.332934,1.527592,2304,3507
V9,1,khkw-V9-s1-32b,26ef6f0,cache,khkw,loas,16,vgg16_T4_n5,layer_09_features_30,1,16384,8,512,64,524288,16,16384,1024,32,8,4,1,khkw_split,-1,16,20,32,12,1,next_burst,1,0,1,2,0,24,8,1,1,1,non_inclusive,lru,848480,306872,541608,4754304,4909952,0.968299,0,1152,0.000000,155648,4980736,0,0,4597760,0,0,4018816,38592,12608,8667776,8655168,8963904,308736,0.034442,4907904,0,154496,0,4597760,155648,0,0,0,0.031466,0.999583,0,0,0.018446,6.086499,1,1,1,8,15,16,0,0,15194880,17.908354,2.584205,2304,3507
V9,1,khkw-V9-s1-32b,26ef6f0,cache,khkw,loas,16,vgg16_T4_n5,layer_09_features_30,1,16384,8,512,64,524288,16,16384,1024,32,8,4,1,khkw_split,-1,16,20,32,12,1,next_burst,2,0,1,2,0,24,8,1,1,1,non_inclusive,lru,828936,306872,522064,4754304,4909952,0.968299,0,1152,0.000000,155648,4980736,0,0,4596608,0,0,3706016,38592,13856,8355072,8341216,8962112,620896,0.069280,4907904,0,154496,0,4442400,311008,0,0,0,0.031466,0.999583,0,0,0.018446,6.086499,1,1,2,9,15,24,0,0,15194880,18.330583,2.581615,2304,3507
V9,1,khkw-V9-s1-32b,26ef6f0,cache,khkw,loas,16,vgg16_T4_n5,layer_09_features_30,1,16384,8,512,64,524288,16,16384,1024,32,8,4,1,khkw_split,-1,16,20,32,12,1,next_burst,4,0,1,2,0,24,8,1,1,1,non_inclusive,lru,776792,306872,469920,4757880,4909952,0.969028,0,1152,0.000000,155648,4980736,0,0,4601840,0,0,2838568,38592,41768,7520768,7479000,8964408,1485408,0.165701,4907904,3576,150920,0,4164440,588968,0,0,0,0.031466,0.999583,0,0,0.018446,5.946662,1,2,2,13,21,26,0,0,15194880,19.561067,2.682032,2304,3507
V9,1,khkw-V9-s1-64b,26ef6f0,cache,khkw,loas,16,vgg16_T4_n5,layer_09_features_30,1,16384,8,256,32,524288,16,8192,512,64,16,4,1,khkw_split,-1,16,20,32,12,1,none,0,0,1,2,0,24,1,1,1,1,non_inclusive,lru,434656,306872,127784,4832128,4909952,0.984150,0,77824,0.000000,77824,4980736,0,0,0,0,0,0,2033984,12608,2046592,2033984,2033984,0,0.000000,0,0,0,0,0,0,0,0,0,0.000000,0.999583,0,0,0.018446,0.380406,1,1,1,8,15,16,0,0,10053504,23.129795,1.470649,2304,3507
V9,1,khkw-V9-s1-64b,26ef6f0,cache,khkw,loas,16,vgg16_T4_n5,layer_09_features_30,1,16384,8,256,32,524288,16,8192,512,64,16,4,1,khkw_split,-1,16,20,32,12,1,next_burst,1,0,1,2,0,24,1,1,1,1,non_inclusive,lru,731744,306872,424872,4832128,4909952,0.984150,0,1152,0.000000,77824,4980736,0,0,4753408,0,0,1995392,38592,12608,6800000,6787392,6940736,153344,0.022093,4907904,0,76672,0,4753408,77824,0,0,0,0.015616,0.999583,0,0,0.018446,0.380406,1,1,1,8,15,16,0,0,14961408,20.446233,2.513566,2304,3507
V9,1,khkw-V9-s1-64b,26ef6f0,cache,khkw,loas,16,vgg16_T4_n5,layer_09_features_30,1,16384,8,256,32,524288,16,8192,512,64,16,4,1,khkw_split,-1,16,20,32,12,1,next_burst,2,0,1,2,0,24,1,1,1,1,non_inclusive,lru,722088,306872,415216,4832128,4909952,0.984150,0,1152,0.000000,77824,4980736,0,0,4752256,0,0,1842048,38592,12608,6645504,6632896,6939584,306688,0.044194,4907904,0,76672,0,4675584,155648,0,0,0,0.015616,0.999583,0,0,0.018446,0.380406,1,1,1,8,15,16,0,0,14961408,20.719646,2.516366,2304,3507
V9,1,khkw-V9-s1-64b,26ef6f0,cache,khkw,loas,16,vgg16_T4_n5,layer_09_features_30,1,16384,8,256,32,524288,16,8192,512,64,16,4,1,khkw_split,-1,16,20,32,12,1,next_burst,4,0,1,2,0,24,1,1,1,1,non_inclusive,lru,702776,306872,395904,4832128,4909952,0.984150,0,1152,0.000000,77824,4980736,0,0,4749952,0,0,1535360,38592,12608,6336512,6323904,6937280,613376,0.088417,4907904,0,76672,0,4519936,311296,0,0,0,0.015616,0.999583,0,0,0.018446,0.380406,1,1,1,8,15,16,0,0,14961408,21.289014,2.526690,2304,3507
V9,1,khkw-V9-s1-64b,26ef6f0,cache,khkw,loas,16,vgg16_T4_n5,layer_09_features_30,1,16384,8,256,32,524288,16,8192,512,64,16,4,1,khkw_split,-1,16,20,32,12,1,none,0,0,1,2,0,24,2,1,1,1,non_inclusive,lru,434656,306872,127784,4832128,4909952,0.984150,0,77824,0.000000,77824,4980736,0,0,0,0,0,0,2033984,12608,2046592,2033984,2033984,0,0.000000,0,0,0,0,0,0,0,0,0,0.000000,0.999583,0,0,0.018446,0.760812,1,1,1,8,15,16,0,0,10053504,23.129795,1.467616,2304,3507
V9,1,khkw-V9-s1-64b,26ef6f0,cache,khkw,loas,16,vgg16_T4_n5,layer_09_features_30,1,16384,8,256,32,524288,16,8192,512,64,16,4,1,khkw_split,-1,16,20,32,12,1,next_burst,1,0,1,2,0,24,2,1,1,1,non_inclusive,lru,731744,306872,424872,4832128,4909952,0.984150,0,1152,0.000000,77824,4980736,0,0,4753408,0,0,1995392,38592,12608,6800000,6787392,6940736,153344,0.022093,4907904,0,76672,0,4753408,77824,0,0,0,0.015616,0.999583,0,0,0.018446,0.760812,1,1,1,8,15,16,0,0,14961408,20.446233,2.497616,2304,3507
V9,1,khkw-V9-s1-64b,26ef6f0,cache,khkw,loas,16,vgg16_T4_n5,layer_09_features_30,1,16384,8,256,32,524288,16,8192,512,64,16,4,1,khkw_split,-1,16,20,32,12,1,next_burst,2,0,1,2,0,24,2,1,1,1,non_inclusive,lru,722088,306872,415216,4832128,4909952,0.984150,0,1152,0.000000,77824,4980736,0,0,4752256,0,0,1842048,38592,12608,6645504,6632896,6939584,306688,0.044194,4907904,0,76672,0,4675584,155648,0,0,0,0.015616,0.999583,0,0,0.018446,0.760812,1,1,1,8,15,16,0,0,14961408,20.719646,2.525553,2304,3507
V9,1,khkw-V9-s1-64b,26ef6f0,cache,khkw,loas,16,vgg16_T4_n5,layer_09_features_30,1,16384,8,256,32,524288,16,8192,512,64,16,4,1,khkw_split,-1,16,20,32,12,1,next_burst,4,0,1,2,0,24,2,1,1,1,non_inclusive,lru,702776,306872,395904,4832128,4909952,0.984150,0,1152,0.000000,77824,4980736,0,0,4749952,0,0,1535360,38592,12608,6336512,6323904,6937280,613376,0.088417,4907904,0,76672,0,4519936,311296,0,0,0,0.015616,0.999583,0,0,0.018446,0.760812,1,1,1,8,15,16,0,0,14961408,21.289014,2.544261,2304,3507
V9,1,khkw-V9-s1-64b,26ef6f0,cache,khkw,loas,16,vgg16_T4_n5,layer_09_features_30,1,16384,8,256,32,524288,16,8192,512,64,16,4,1,khkw_split,-1,16,20,32,12,1,none,0,0,1,2,0,24,4,1,1,1,non_inclusive,lru,434656,306872,127784,4832128,4909952,0.984150,0,77824,0.000000,77824,4980736,0,0,0,0,0,0,2033984,12608,2046592,2033984,2033984,0,0.000000,0,0,0,0,0,0,0,0,0,0.000000,0.999583,0,0,0.018446,1.521625,1,1,1,8,15,16,0,0,10053504,23.129795,1.467743,2304,3507
V9,1,khkw-V9-s1-64b,26ef6f0,cache,khkw,loas,16,vgg16_T4_n5,layer_09_features_30,1,16384,8,256,32,524288,16,8192,512,64,16,4,1,khkw_split,-1,16,20,32,12,1,next_burst,1,0,1,2,0,24,4,1,1,1,non_inclusive,lru,731744,306872,424872,4832128,4909952,0.984150,0,1152,0.000000,77824,4980736,0,0,4753408,0,0,1995392,38592,12608,6800000,6787392,6940736,153344,0.022093,4907904,0,76672,0,4753408,77824,0,0,0,0.015616,0.999583,0,0,0.018446,1.521625,1,1,1,8,15,16,0,0,14961408,20.446233,2.505574,2304,3507
V9,1,khkw-V9-s1-64b,26ef6f0,cache,khkw,loas,16,vgg16_T4_n5,layer_09_features_30,1,16384,8,256,32,524288,16,8192,512,64,16,4,1,khkw_split,-1,16,20,32,12,1,next_burst,2,0,1,2,0,24,4,1,1,1,non_inclusive,lru,722088,306872,415216,4832128,4909952,0.984150,0,1152,0.000000,77824,4980736,0,0,4752256,0,0,1842048,38592,12608,6645504,6632896,6939584,306688,0.044194,4907904,0,76672,0,4675584,155648,0,0,0,0.015616,0.999583,0,0,0.018446,1.521625,1,1,1,8,15,16,0,0,14961408,20.719646,2.543797,2304,3507
V9,1,khkw-V9-s1-64b,26ef6f0,cache,khkw,loas,16,vgg16_T4_n5,layer_09_features_30,1,16384,8,256,32,524288,16,8192,512,64,16,4,1,khkw_split,-1,16,20,32,12,1,next_burst,4,0,1,2,0,24,4,1,1,1,non_inclusive,lru,702776,306872,395904,4832128,4909952,0.984150,0,1152,0.000000,77824,4980736,0,0,4749952,0,0,1535360,38592,12608,6336512,6323904,6937280,613376,0.088417,4907904,0,76672,0,4519936,311296,0,0,0,0.015616,0.999583,0,0,0.018446,1.521625,1,1,1,8,15,16,0,0,14961408,21.289014,2.568042,2304,3507
V9,1,khkw-V9-s1-64b,26ef6f0,cache,khkw,loas,16,vgg16_T4_n5,layer_09_features_30,1,16384,8,256,32,524288,16,8192,512,64,16,4,1,khkw_split,-1,16,20,32,12,1,none,0,0,1,2,0,24,8,1,1,1,non_inclusive,lru,434656,306872,127784,4832128,4909952,0.984150,0,77824,0.000000,77824,4980736,0,0,0,0,0,0,2033984,12608,2046592,2033984,2033984,0,0.000000,0,0,0,0,0,0,0,0,0,0.000000,0.999583,0,0,0.018446,3.043249,1,1,1,8,15,16,0,0,10053504,23.129795,1.462604,2304,3507
V9,1,khkw-V9-s1-64b,26ef6f0,cache,khkw,loas,16,vgg16_T4_n5,layer_09_features_30,1,16384,8,256,32,524288,16,8192,512,64,16,4,1,khkw_split,-1,16,20,32,12,1,next_burst,1,0,1,2,0,24,8,1,1,1,non_inclusive,lru,731744,306872,424872,4832128,4909952,0.984150,0,1152,0.000000,77824,4980736,0,0,4753408,0,0,1995392,38592,12608,6800000,6787392,6940736,153344,0.022093,4907904,0,76672,0,4753408,77824,0,0,0,0.015616,0.999583,0,0,0.018446,3.043249,1,1,1,8,15,16,0,0,14961408,20.446233,2.508581,2304,3507
V9,1,khkw-V9-s1-64b,26ef6f0,cache,khkw,loas,16,vgg16_T4_n5,layer_09_features_30,1,16384,8,256,32,524288,16,8192,512,64,16,4,1,khkw_split,-1,16,20,32,12,1,next_burst,2,0,1,2,0,24,8,1,1,1,non_inclusive,lru,722088,306872,415216,4832128,4909952,0.984150,0,1152,0.000000,77824,4980736,0,0,4752256,0,0,1842048,38592,12608,6645504,6632896,6939584,306688,0.044194,4907904,0,76672,0,4675584,155648,0,0,0,0.015616,0.999583,0,0,0.018446,3.043249,1,1,1,8,15,16,0,0,14961408,20.719646,2.520608,2304,3507
V9,1,khkw-V9-s1-64b,26ef6f0,cache,khkw,loas,16,vgg16_T4_n5,layer_09_features_30,1,16384,8,256,32,524288,16,8192,512,64,16,4,1,khkw_split,-1,16,20,32,12,1,next_burst,4,0,1,2,0,24,8,1,1,1,non_inclusive,lru,702776,306872,395904,4832128,4909952,0.984150,0,1152,0.000000,77824,4980736,0,0,4749952,0,0,1535360,38592,12608,6336512,6323904,6937280,613376,0.088417,4907904,0,76672,0,4519936,311296,0,0,0,0.015616,0.999583,0,0,0.018446,3.043249,1,1,1,8,15,16,0,0,14961408,21.289014,2.531085,2304,3507
V9,2,khkw-V9-s2-16b,26ef6f0,cache,khkw,loas,16,vgg16_T4_n5,layer_09_features_30,2,16384,8,1024,128,524288,16,32768,2048,16,4,4,1,khkw_split,-1,16,20,32,12,1,none,0,0,1,2,0,24,1,1,1,1,non_inclusive,lru,819640,312424,507216,4687616,4998784,0.937751,128,311168,0.000411,311040,4976640,0,0,0,0,0,768,8099520,17216,8117504,8100288,8100288,0,0.000000,0,0,0,0,0,0,0,0,0,0.000000,0.999590,0,0,0.009983,1.493970,1,1,1,11,15,16,0,0,10931072,13.336431,1.645171,2343,3563
V9,2,khkw-V9-s2-16b,26ef6f0,cache,khkw,loas,16,vgg16_T4_n5,layer_09_features_30,2,16384,8,1024,128,524288,16,32768,2048,16,4,4,1,khkw_split,-1,16,20,32,12,1,next_burst,1,0,1,2,0,24,1,1,1,1,non_inclusive,lru,1084912,312424,772488,4691312,4998784,0.938491,0,1152,0.000000,311040,4976640,0,0,4387936,0,0,7883768,38592,51560,12361856,12310296,13090528,780232,0.059603,4996736,3696,306320,0,4390440,296280,0,0,0,0.062018,0.999590,0,0,0.009983,1.476225,1,1,2,12,16,24,0,0,15927808,14.681198,2.757130,2343,3563
V9,2,khkw-V9-s2-16b,26ef6f0,cache,khkw,loas,16,vgg16_T4_n5,layer_09_features_30,2,16384,8,1024,128,524288,16,32768,2048,16,4,4,1,khkw_split,-1,16,20,32,12,1,next_burst,2,0,1,2,0,24,1,1,1,1,non_inclusive,lru,982176,312424,669752,4706520,4998784,0.941533,0,1152,0.000000,311040,4976640,0,0,4418656,0,0,6196688,38592,64144,10718080,10653936,13111104,2457168,0.187411,4996736,18904,291112,0,4184000,502720,0,0,0,0.062018,0.999590,0,0,0.009983,1.403208,1,2,3,15,23,24,0,0,15927808,16.216857,2.840122,2343,3563
V9,2,khkw-V9-s2-16b,26ef6f0,cache,khkw,loas,16,vgg16_T4_n5,layer_09_features_30,2,16384,8,1024,128,524288,16,32768,2048,16,4,4,1,khkw_split,-1,16,20,32,12,1,next_burst,4,0,1,2,0,24,1,1,1,1,non_inclusive,lru,825272,312424,512848,4711080,4998784,0.942445,0,1152,0.000000,311040,4976640,0,0,4427992,0,0,3678456,38592,62576,8207616,8145040,13963416,5818376,0.416687,4996736,23464,286552,0,4043440,643280,0,0,0,0.062018,0.999590,0,0,0.009983,1.381315,1,2,4,23,24,24,0,0,15927808,19.300071,2.891984,2343,3563
V9,2,khkw-V9-s2-16b,26ef6f0,cache,khkw,loas,16,vgg16_T4_n5,layer_09_features_30,2,16384,8,1024,128,524288,16,32768,2048,16,4,4,1,khkw_split,-1,16,20,32,12,1,none,0,0,1,2,0,24,2,1,1,1,non_inclusive,lru,819640,312424,507216,4687616,4998784,0.937751,128,311168,0.000411,311040,4976640,0,0,0,0,0,768,8099520,17216,8117504,8100288,8100288,0,0.000000,0,0,0,0,0,0,0,0,0,0.000000,0.999590,0,0,0.009983,2.987939,1,1,1,11,15,16,0,0,10931072,13.336431,1.650428,2343,3563
V9,2,khkw-V9-s2-16b,26ef6f0,cache,khkw,loas,16,vgg16_T4_n5,layer_09_features_30,2,16384,8,1024,128,524288,16,32768,2048,16,4,4,1,khkw_split,-1,16,20,32,12,1,next_burst,1,0,1,2,0,24,2,1,1,1,non_inclusive,lru,1084912,312424,772488,4691312,4998784,0.938491,0,1152,0.000000,311040,4976640,0,0,4387936,0,0,7883768,38592,51560,12361856,12310296,13090528,780232,0.059603,4996736,3696,306320,0,4390440,296280,0,0,0,0.062018,0.999590,0,0,0.009983,2.952449,1,1,2,12,16,24,0,0,15927808,14.681198,2.735118,2343,3563
V9,2,khkw-V9-s2-16b,26ef6f0,cache,khkw,loas,16,vgg16_T4_n5,layer_09_features_30,2,16384,8,1024,128,524288,16,32768,2048,16,4,4,1,khkw_split,-1,16,20,32,12,1,next_burst,2,0,1,2,0,24,2,1,1,1,non_inclusive,lru,982176,312424,669752,4706768,4998784,0.941583,0,1152,0.000000,311040,4976640,0,0,4419168,0,0,6197080,38592,63240,10718080,10654840,13112440,2457600,0.187425,4996736,19152,290864,0,4183896,502824,0,0,0,0.062018,0.999590,0,0,0.009983,2.804036,1,2,3,15,23,24,0,0,15927808,16.216857,2.838168,2343,3563
V9,2,khkw-V9-s2-16b,26ef6f0,cache,khkw,loas,16,vgg16_T4_n5,layer_09_features_30,2,16384,8,1024,128,524288,16,32768,2048,16,4,4,1,khkw_split,-1,16,20,32,12,1,next_burst,4,0,1,2,0,24,2,1,1,1,non_inclusive,lru,825360,312424,512936,4710880,4998784,0.942405,0,1152,0.000000,311040,4976640,0,0,4427576,0,0,3679112,38592,63744,8209024,8145280,13963680,5818400,0.416681,4996736,23264,286752,0,4043536,643184,0,0,0,0.062018,0.999590,0,0,0.009983,2.764551,1,2,4,23,24,27,0,0,15927808,19.298013,2.888511,2343,3563
V9,2,khkw-V9-s2-16b,26ef6f0,cache,khkw,loas,16,vgg16_T4_n5,layer_09_features_30,2,16384,8,1024,128,524288,16,32768,2048,16,4,4,1,khkw_split,-1,16,20,32,12,1,none,0,0,1,2,0,24,4,1,1,1,non_inclusive,lru,819640,312424,507216,4687616,4998784,0.937751,128,311168,0.000411,311040,4976640,0,0,0,0,0,768,8099520,17216,8117504,8100288,8100288,0,0.000000,0,0,0,0,0,0,0,0,0,0.000000,0.999590,0,0,0.009983,5.975879,1,1,1,11,15,16,0,0,10931072,13.336431,1.668480,2343,3563
V9,2,khkw-V9-s2-16b,26ef6f0,cache,khkw,loas,16,vgg16_T4_n5,layer_09_features_30,2,16384,8,1024,128,524288,16,32768,2048,16,4,4,1,khkw_split,-1,16,20,32,12,1,next_burst,1,0,1,2,0,24,4,1,1,1,non_inclusive,lru,1084912,312424,772488,4691312,4998784,0.938491,0,1152,0.000000,311040,4976640,0,0,4387936,0,0,7883768,38592,51560,12361856,12310296,13090528,780232,0.059603,4996736,3696,306320,0,4390440,296280,0,0,0,0.062018,0.999590,0,0,0.009983,5.904898,1,1,2,12,16,24,0,0,15927808,14.681198,2.734360,2343,3563
V9,2,khkw-V9-s2-16b,26ef6f0,cache,khkw,loas,16,vgg16_T4_n5,layer_09_features_30,2,16384,8,1024,128,524288,16,32768,2048,16,4,4,1,khkw_split,-1,16,20,32,12,1,next_burst,2,0,1,2,0,24,4,1,1,1,non_inclusive,lru,982304,312424,669880,4706712,4998784,0.941571,0,1152,0.000000,311040,4976640,0,0,4419088,0,0,6197824,38592,64624,10720128,10655504,13113784,2458280,0.187458,4996736,19096,290920,0,4183872,502848,0,0,0,0.062018,0.999590,0,0,0.009983,5.609147,1,2,3,15,23,24,0,0,15927808,16.214744,2.838518,2343,3563
V9,2,khkw-V9-s2-16b,26ef6f0,cache,khkw,loas,16,vgg16_T4_n5,layer_09_features_30,2,16384,8,1024,128,524288,16,32768,2048,16,4,4,1,khkw_split,-1,16,20,32,12,1,next_burst,4,0,1,2,0,24,4,1,1,1,non_inclusive,lru,825352,312424,512928,4710896,4998784,0.942408,0,1152,0.000000,311040,4976640,0,0,4427600,0,0,3679232,38592,63472,8208896,8145424,13963904,5818480,0.416680,4996736,23280,286736,0,4043512,643208,0,0,0,0.062018,0.999590,0,0,0.009983,5.528794,1,2,4,23,24,28,0,0,15927808,19.298200,2.890406,2343,3563
V9,2,khkw-V9-s2-16b,26ef6f0,cache,khkw,loas,16,vgg16_T4_n5,layer_09_features_30,2,16384,8,1024,128,524288,16,32768,2048,16,4,4,1,khkw_split,-1,16,20,32,12,1,none,0,0,1,2,0,24,8,1,1,1,non_inclusive,lru,819640,312424,507216,4687616,4998784,0.937751,128,311168,0.000411,311040,4976640,0,0,0,0,0,768,8099520,17216,8117504,8100288,8100288,0,0.000000,0,0,0,0,0,0,0,0,0,0.000000,0.999590,0,0,0.009983,11.951758,1,1,1,11,15,16,0,0,10931072,13.336431,1.635252,2343,3563
V9,2,khkw-V9-s2-16b,26ef6f0,cache,khkw,loas,16,vgg16_T4_n5,layer_09_features_30,2,16384,8,1024,128,524288,16,32768,2048,16,4,4,1,khkw_split,-1,16,20,32,12,1,next_burst,1,0,1,2,0,24,8,1,1,1,non_inclusive,lru,1084912,312424,772488,4691312,4998784,0.938491,0,1152,0.000000,311040,4976640,0,0,4387936,0,0,7883768,38592,51560,12361856,12310296,13090528,780232,0.059603,4996736,3696,306320,0,4390440,296280,0,0,0,0.062018,0.999590,0,0,0.009983,11.809797,1,1,2,12,16,24,0,0,15927808,14.681198,2.764081,2343,3563
V9,2,khkw-V9-s2-16b,26ef6f0,cache,khkw,loas,16,vgg16_T4_n5,layer_09_features_30,2,16384,8,1024,128,524288,16,32768,2048,16,4,4,1,khkw_split,-1,16,20,32,12,1,next_burst,2,0,1,2,0,24,8,1,1,1,non_inclusive,lru,982304,312424,669880,4706712,4998784,0.941571,0,1152,0.000000,311040,4976640,0,0,4419088,0,0,6197824,38592,64624,10720128,10655504,13113784,2458280,0.187458,4996736,19096,290920,0,4183872,502848,0,0,0,0.062018,0.999590,0,0,0.009983,11.218293,1,2,3,15,23,24,0,0,15927808,16.214744,2.836748,2343,3563
V9,2,khkw-V9-s2-16b,26ef6f0,cache,khkw,loas,16,vgg16_T4_n5,layer_09_features_30,2,16384,8,1024,128,524288,16,32768,2048,16,4,4,1,khkw_split,-1,16,20,32,12,1,next_burst,4,0,1,2,0,24,8,1,1,1,non_inclusive,lru,825352,312424,512928,4710896,4998784,0.942408,0,1152,0.000000,311040,4976640,0,0,4427600,0,0,3679232,38592,63472,8208896,8145424,13963904,5818480,0.416680,4996736,23280,286736,0,4043512,643208,0,0,0,0.062018,0.999590,0,0,0.009983,11.057588,1,2,4,23,24,28,0,0,15927808,19.298200,2.893473,2343,3563
V9,2,khkw-V9-s2-32b,26ef6f0,cache,khkw,loas,16,vgg16_T4_n5,layer_09_features_30,2,16384,8,512,64,524288,16,16384,1024,32,8,4,1,khkw_split,-1,16,20,32,12,1,none,0,0,1,2,0,24,1,1,1,1,non_inclusive,lru,566672,312424,254248,4843136,4998784,0.968863,0,155648,0.000000,155648,4980736,0,0,0,0,0,0,4057408,12608,4070016,4057408,4057408,0,0.000000,0,0,0,0,0,0,0,0,0,0.000000,0.999590,0,0,0.009983,0.747292,1,1,1,9,15,16,0,0,10464640,18.466838,1.552329,2343,3563
V9,2,khkw-V9-s2-32b,26ef6f0,cache,khkw,loas,16,vgg16_T4_n5,layer_09_features_30,2,16384,8,512,64,524288,16,16384,1024,32,8,4,1,khkw_split,-1,16,20,32,12,1,next_burst,1,0,1,2,0,24,1,1,1,1,non_inclusive,lru,859584,312424,547160,4843136,4998784,0.968863,0,1152,0.000000,155648,4980736,0,0,4686592,0,0,4018816,38592,12608,8756608,8744000,9052992,308992,0.034131,4996736,0,154496,0,4686592,155648,0,0,0,0.030907,0.999590,0,0,0.009983,0.747292,1,1,1,8,15,16,0,0,15461376,17.987045,2.627364,2343,3563
V9,2,khkw-V9-s2-32b,26ef6f0,cache,khkw,loas,16,vgg16_T4_n5,layer_09_features_30,2,16384,8,512,64,524288,16,16384,1024,32,8,4,1,khkw_split,-1,16,20,32,12,1,next_burst,2,0,1,2,0,24,1,1,1,1,non_inclusive,lru,840200,312424,527776,4843136,4998784,0.968863,0,1152,0.000000,155648,4980736,0,0,4685440,0,0,3709824,38592,12608,8446464,8433856,9049664,615808,0.068048,4996736,0,154496,0,4530944,311296,0,0,0,0.030907,0.999590,0,0,0.009983,0.747292,1,1,1,9,15,16,0,0,15461376,18.402019,2.651061,2343,3563
V9,2,khkw-V9-s2-32b,26ef6f0,cache,khkw,loas,16,vgg16_T4_n5,layer_09_features_30,2,16384,8,512,64,524288,16,16384,1024,32,8,4,1,khkw_split,-1,16,20,32,12,1,next_burst,4,0,1,2,0,24,1,1,1,1,non_inclusive,lru,793664,312424,481240,4845280,4998784,0.969292,0,1152,0.000000,155648,4980736,0,0,4687680,0,0,2932816,38592,42800,7701888,7659088,9052928,1393840,0.153966,4996736,2144,152352,0,4239704,602536,0,0,0,0.030907,0.999590,0,0,0.009983,0.736998,1,1,2,12,20,24,0,0,15461376,19.481010,2.695607,2343,3563
V9,2,khkw-V9-s2-32b,26ef6f0,cache,khkw,loas,16,vgg16_T4_n5,layer_09_features_30,2,16384,8,512,64,524288,16,16384,1024,32,8,4,1,khkw_split,-1,16,20,32,12,1,none,0,0,1,2,0,24,2,1,1,1,non_inclusive,lru,566672,312424,254248,4843136,4998784,0.968863,0,155648,0.000000,155648,4980736,0,0,0,0,0,0,4057408,12608,4070016,4057408,4057408,0,0.000000,0,0,0,0,0,0,0,0,0,0.000000,0.999590,0,0,0.009983,1.494584,1,1,1,9,15,16,0,0,10464640,18.466838,1.543365,2343,3563
V9,2,khkw-V9-s2-32b,26ef6f0,cache,khkw,loas,16,vgg16_T4_n5,layer_09_features_30,2,16384,8,512,64,524288,16,16384,1024,32,8,4,1,khkw_split,-1,16,20,32,12,1,next_burst,1,0,1,2,0,24,2,1,1,1,non_inclusive,lru,859584,312424,547160,4843136,4998784,0.968863,0,1152,0.000000,155648,4980736,0,0,4686592,0,0,4018816,38592,12608,8756608,8744000,9052992,308992,0.034131,4996736,0,154496,0,4686592,155648,0,0,0,0.030907,0.999590,0,0,0.009983,1.494584,1,1,1,8,15,16,0,0,15461376,17.987045,2.624187,2343,3563
V9,2,khkw-V9-s2-32b,26ef6f0,cache,khkw,loas,16,vgg16_T4_n5,layer_09_features_30,2,16384,8,512,64,524288,16,16384,1024,32,8,4,1,khkw_split,-1,16,20,32,12,1,next_burst,2,0,1,2,0,24,2,1,1,1,non_inclusive,lru,840200,312424,527776,4843136,4998784,0.968863,0,1152,0.000000,155648,4980736,0,0,4685440,0,0,3709824,38592,12608,8446464,8433856,9049664,615808,0.068048,4996736,0,154496,0,4530944,311296,0,0,0,0.030907,0.999590,0,0,0.009983,1.494584,1,1,1,9,15,16,0,0,15461376,18.402019,2.640529,2343,3563
V9,2,khkw-V9-s2-32b,26ef6f0,cache,khkw,loas,16,vgg16_T4_n5,layer_09_features_30,2,16384,8,512,64,524288,16,16384,1024,32,8,4,1,khkw_split,-1,16,20,32,12,1,next_burst,4,0,1,2,0,24,2,1,1,1,non_inclusive,lru,793664,312424,481240,4845280,4998784,0.969292,0,1152,0.000000,155648,4980736,0,0,4687680,0,0,2932816,38592,42800,7701888,7659088,9052928,1393840,0.153966,4996736,2144,152352,0,4239704,602536,0,0,0,0.030907,0.999590,0,0,0.009983,1.473997,1,1,2,12,20,24,0,0,15461376,19.481010,2.692903,2343,3563
V9,2,khkw-V9-s2-32b,26ef6f0,cache,khkw,loas,16,vgg16_T4_n5,layer_09_features_30,2,16384,8,512,64,524288,16,16384,1024,32,8,4,1,khkw_split,-1,16,20,32,12,1,none,0,0,1,2,0,24,4,1,1,1,non_inclusive,lru,566672,312424,254248,4843136,4998784,0.968863,0,155648,0.000000,155648,4980736,0,0,0,0,0,0,4057408,12608,4070016,4057408,4057408,0,0.000000,0,0,0,0,0,0,0,0,0,0.000000,0.999590,0,0,0.009983,2.989169,1,1,1,9,15,16,0,0,10464640,18.466838,1.546993,2343,3563
V9,2,khkw-V9-s2-32b,26ef6f0,cache,khkw,loas,16,vgg16_T4_n5,layer_09_features_30,2,16384,8,512,64,524288,16,16384,1024,32,8,4,1,khkw_split,-1,16,20,32,12,1,next_burst,1,0,1,2,0,24,4,1,1,1,non_inclusive,lru,859584,312424,547160,4843136,4998784,0.968863,0,1152,0.000000,155648,4980736,0,0,4686592,0,0,4018816,38592,12608,8756608,8744000,9052992,308992,0.034131,4996736,0,154496,0,4686592,155648,0,0,0,0.030907,0.999590,0,0,0.009983,2.989169,1,1,1,8,15,16,0,0,15461376,17.987045,2.634190,2343,3563
V9,2,khkw-V9-s2-32b,26ef6f0,cache,khkw,loas,16,vgg16_T4_n5,layer_09_features_30,2,16384,8,512,64,524288,16,16384,1024,32,8,4,1,khkw_split,-1,16,20,32,12,1,next_burst,2,0,1,2,0,24,4,1,1,1,non_inclusive,lru,840200,312424,527776,4843136,4998784,0.968863,0,1152,0.000000,155648,4980736,0,0,4685440,0,0,3709824,38592,12608,8446464,8433856,9049664,615808,0.068048,4996736,0,154496,0,4530944,311296,0,0,0,0.030907,0.999590,0,0,0.009983,2.989169,1,1,1,9,15,16,0,0,15461376,18.402019,2.640329,2343,3563
V9,2,khkw-V9-s2-32b,26ef6f0,cache,khkw,loas,16,vgg16_T4_n5,layer_09_features_30,2,16384,8,512,64,524288,16,16384,1024,32,8,4,1,khkw_split,-1,16,20,32,12,1,next_burst,4,0,1,2,0,24,4,1,1,1,non_inclusive,lru,793664,312424,481240,4845280,4998784,0.969292,0,1152,0.000000,155648,4980736,0,0,4687680,0,0,2932816,38592,42800,7701888,7659088,9052928,1393840,0.153966,4996736,2144,152352,0,4239704,602536,0,0,0,0.030907,0.999590,0,0,0.009983,2.947994,1,1,2,12,20,24,0,0,15461376,19.481010,2.690990,2343,3563
V9,2,khkw-V9-s2-32b,26ef6f0,cache,khkw,loas,16,vgg16_T4_n5,layer_09_features_30,2,16384,8,512,64,524288,16,16384,1024,32,8,4,1,khkw_split,-1,16,20,32,12,1,none,0,0,1,2,0,24,8,1,1,1,non_inclusive,lru,566672,312424,254248,4843136,4998784,0.968863,0,155648,0.000000,155648,4980736,0,0,0,0,0,0,4057408,12608,4070016,4057408,4057408,0,0.000000,0,0,0,0,0,0,0,0,0,0.000000,0.999590,0,0,0.009983,5.978337,1,1,1,9,15,16,0,0,10464640,18.466838,1.544371,2343,3563
V9,2,khkw-V9-s2-32b,26ef6f0,cache,khkw,loas,16,vgg16_T4_n5,layer_09_features_30,2,16384,8,512,64,524288,16,16384,1024,32,8,4,1,khkw_split,-1,16,20,32,12,1,next_burst,1,0,1,2,0,24,8,1,1,1,non_inclusive,lru,859584,312424,547160,4843136,4998784,0.968863,0,1152,0.000000,155648,4980736,0,0,4686592,0,0,4018816,38592,12608,8756608,8744000,9052992,308992,0.034131,4996736,0,154496,0,4686592,155648,0,0,0,0.030907,0.999590,0,0,0.009983,5.978337,1,1,1,8,15,16,0,0,15461376,17.987045,2.630190,2343,3563
V9,2,khkw-V9-s2-32b,26ef6f0,cache,khkw,loas,16,vgg16_T4_n5,layer_09_features_30,2,16384,8,512,64,524288,16,16384,1024,32,8,4,1,khkw_split,-1,16,20,32,12,1,next_burst,2,0,1,2,0,24,8,1,1,1,non_inclusive,lru,840200,312424,527776,4843136,4998784,0.968863,0,1152,0.000000,155648,4980736,0,0,4685440,0,0,3709824,38592,12608,8446464,8433856,9049664,615808,0.068048,4996736,0,154496,0,4530944,311296,0,0,0,0.030907,0.999590,0,0,0.009983,5.978337,1,1,1,9,15,16,0,0,15461376,18.402019,2.648362,2343,3563
V9,2,khkw-V9-s2-32b,26ef6f0,cache,khkw,loas,16,vgg16_T4_n5,layer_09_features_30,2,16384,8,512,64,524288,16,16384,1024,32,8,4,1,khkw_split,-1,16,20,32,12,1,next_burst,4,0,1,2,0,24,8,1,1,1,non_inclusive,lru,793664,312424,481240,4845280,4998784,0.969292,0,1152,0.000000,155648,4980736,0,0,4687680,0,0,2932816,38592,42800,7701888,7659088,9052928,1393840,0.153966,4996736,2144,152352,0,4239704,602536,0,0,0,0.030907,0.999590,0,0,0.009983,5.895988,1,1,2,12,20,24,0,0,15461376,19.481010,2.689795,2343,3563
V9,2,khkw-V9-s2-64b,26ef6f0,cache,khkw,loas,16,vgg16_T4_n5,layer_09_features_30,2,16384,8,256,32,524288,16,8192,512,64,16,4,1,khkw_split,-1,16,20,32,12,1,none,0,0,1,2,0,24,1,1,1,1,non_inclusive,lru,440208,312424,127784,4920960,4998784,0.984431,0,77824,0.000000,77824,4980736,0,0,0,0,0,0,2033984,12608,2046592,2033984,2033984,0,0.000000,0,0,0,0,0,0,0,0,0,0.000000,0.999590,0,0,0.009983,0.373646,1,1,1,8,15,16,0,0,10231168,23.241668,1.499853,2343,3563
V9,2,khkw-V9-s2-64b,26ef6f0,cache,khkw,loas,16,vgg16_T4_n5,layer_09_features_30,2,16384,8,256,32,524288,16,8192,512,64,16,4,1,khkw_split,-1,16,20,32,12,1,next_burst,1,0,1,2,0,24,1,1,1,1,non_inclusive,lru,742848,312424,430424,4920960,4998784,0.984431,0,1152,0.000000,77824,4980736,0,0,4842240,0,0,1995392,38592,12608,6888832,6876224,7029568,153344,0.021814,4996736,0,76672,0,4842240,77824,0,0,0,0.015338,0.999590,0,0,0.009983,0.373646,1,1,1,8,15,16,0,0,15227904,20.499354,2.573809,2343,3563
V9,2,khkw-V9-s2-64b,26ef6f0,cache,khkw,loas,16,vgg16_T4_n5,layer_09_features_30,2,16384,8,256,32,524288,16,8192,512,64,16,4,1,khkw_split,-1,16,20,32,12,1,next_burst,2,0,1,2,0,24,1,1,1,1,non_inclusive,lru,733192,312424,420768,4920960,4998784,0.984431,0,1152,0.000000,77824,4980736,0,0,4841088,0,0,1842048,38592,12608,6734336,6721728,7028416,306688,0.043635,4996736,0,76672,0,4764416,155648,0,0,0,0.015338,0.999590,0,0,0.009983,0.373646,1,1,1,8,15,16,0,0,15227904,20.769326,2.605500,2343,3563
V9,2,khkw-V9-s2-64b,26ef6f0,cache,khkw,loas,16,vgg16_T4_n5,layer_09_features_30,2,16384,8,256,32,524288,16,8192,512,64,16,4,1,khkw_split,-1,16,20,32,12,1,next_burst,4,0,1,2,0,24,1,1,1,1,non_inclusive,lru,713880,312424,401456,4920960,4998784,0.984431,0,1152,0.000000,77824,4980736,0,0,4838784,0,0,1535360,38592,12608,6425344,6412736,7026112,613376,0.087299,4996736,0,76672,0,4608768,311296,0,0,0,0.015338,0.999590,0,0,0.009983,0.373646,1,1,1,8,15,16,0,0,15227904,21.331182,2.606561,2343,3563
V9,2,khkw-V9-s2-64b,26ef6f0,cache,khkw,loas,16,vgg16_T4_n5,layer_09_features_30,2,16384,8,256,32,524288,16,8192,512,64,16,4,1,khkw_split,-1,16,20,32,12,1,none,0,0,1,2,0,24,2,1,1,1,non_inclusive,lru,440208,312424,127784,4920960,4998784,0.984431,0,77824,0.000000,77824,4980736,0,0,0,0,0,0,2033984,12608,2046592,2033984,2033984,0,0.000000,0,0,0,0,0,0,0,0,0,0.000000,0.999590,0,0,0.009983,0.747292,1,1,1,8,15,16,0,0,10231168,23.241668,1.502643,2343,3563
V9,2,khkw-V9-s2-64b,26ef6f0,cache,khkw,loas,16,vgg16_T4_n5,layer_09_features_30,2,16384,8,256,32,524288,16,8192,512,64,16,4,1,khkw_split,-1,16,20,32,12,1,next_burst,1,0,1,2,0,24,2,1,1,1,non_inclusive,lru,742848,312424,430424,4920960,4998784,0.984431,0,1152,0.000000,77824,4980736,0,0,4842240,0,0,1995392,38592,12608,6888832,6876224,7029568,153344,0.021814,4996736,0,76672,0,4842240,77824,0,0,0,0.015338,0.999590,0,0,0.009983,0.747292,1,1,1,8,15,16,0,0,15227904,20.499354,2.573070,2343,3563
V9,2,khkw-V9-s2-64b,26ef6f0,cache,khkw,loas,16,vgg16_T4_n5,layer_09_features_30,2,16384,8,256,32,524288,16,8192,512,64,16,4,1,khkw_split,-1,16,20,32,12,1,next_burst,2,0,1,2,0,24,2,1,1,1,non_inclusive,lru,733192,312424,420768,4920960,4998784,0.984431,0,1152,0.000000,77824,4980736,0,0,4841088,0,0,1842048,38592,12608,6734336,6721728,7028416,306688,0.043635,4996736,0,76672,0,4764416,155648,0,0,0,0.015338,0.999590,0,0,0.009983,0.747292,1,1,1,8,15,16,0,0,15227904,20.769326,2.592232,2343,3563
V9,2,khkw-V9-s2-64b,26ef6f0,cache,khkw,loas,16,vgg16_T4_n5,layer_09_features_30,2,16384,8,256,32,524288,16,8192,512,64,16,4,1,khkw_split,-1,16,20,32,12,1,next_burst,4,0,1,2,0,24,2,1,1,1,non_inclusive,lru,713880,312424,401456,4920960,4998784,0.984431,0,1152,0.000000,77824,4980736,0,0,4838784,0,0,1535360,38592,12608,6425344,6412736,7026112,613376,0.087299,4996736,0,76672,0,4608768,311296,0,0,0,0.015338,0.999590,0,0,0.009983,0.747292,1,1,1,8,15,16,0,0,15227904,21.331182,2.604726,2343,3563
V9,2,khkw-V9-s2-64b,26ef6f0,cache,khkw,loas,16,vgg16_T4_n5,layer_09_features_30,2,16384,8,256,32,524288,16,8192,512,64,16,4,1,khkw_split,-1,16,20,32,12,1,none,0,0,1,2,0,24,4,1,1,1,non_inclusive,lru,440208,312424,127784,4920960,4998784,0.984431,0,77824,0.000000,77824,4980736,0,0,0,0,0,0,2033984,12608,2046592,2033984,2033984,0,0.000000,0,0,0,0,0,0,0,0,0,0.000000,0.999590,0,0,0.009983,1.494584,1,1,1,8,15,16,0,0,10231168,23.241668,1.496499,2343,3563
V9,2,khkw-V9-s2-64b,26ef6f0,cache,khkw,loas,16,vgg16_T4_n5,layer_09_features_30,2,16384,8,256,32,524288,16,8192,512,64,16,4,1,khkw_split,-1,16,20,32,12,1,next_burst,1,0,1,2,0,24,4,1,1,1,non_inclusive,lru,742848,312424,430424,4920960,4998784,0.984431,0,1152,0.000000,77824,4980736,0,0,4842240,0,0,1995392,38592,12608,6888832,6876224,7029568,153344,0.021814,4996736,0,76672,0,4842240,77824,0,0,0,0.015338,0.999590,0,0,0.009983,1.494584,1,1,1,8,15,16,0,0,15227904,20.499354,2.566560,2343,3563
V9,2,khkw-V9-s2-64b,26ef6f0,cache,khkw,loas,16,vgg16_T4_n5,layer_09_features_30,2,16384,8,256,32,524288,16,8192,512,64,16,4,1,khkw_split,-1,16,20,32,12,1,next_burst,2,0,1,2,0,24,4,1,1,1,non_inclusive,lru,733192,312424,420768,4920960,4998784,0.984431,0,1152,0.000000,77824,4980736,0,0,4841088,0,0,1842048,38592,12608,6734336,6721728,7028416,306688,0.043635,4996736,0,76672,0,4764416,155648,0,0,0,0.015338,0.999590,0,0,0.009983,1.494584,1,1,1,8,15,16,0,0,15227904,20.769326,2.594203,2343,3563
V9,2,khkw-V9-s2-64b,26ef6f0,cache,khkw,loas,16,vgg16_T4_n5,layer_09_features_30,2,16384,8,256,32,524288,16,8192,512,64,16,4,1,khkw_split,-1,16,20,32,12,1,next_burst,4,0,1,2,0,24,4,1,1,1,non_inclusive,lru,713880,312424,401456,4920960,4998784,0.984431,0,1152,0.000000,77824,4980736,0,0,4838784,0,0,1535360,38592,12608,6425344,6412736,7026112,613376,0.087299,4996736,0,76672,0,4608768,311296,0,0,0,0.015338,0.999590,0,0,0.009983,1.494584,1,1,1,8,15,16,0,0,15227904,21.331182,2.618838,2343,3563
V9,2,khkw-V9-s2-64b,26ef6f0,cache,khkw,loas,16,vgg16_T4_n5,layer_09_features_30,2,16384,8,256,32,524288,16,8192,512,64,16,4,1,khkw_split,-1,16,20,32,12,1,none,0,0,1,2,0,24,8,1,1,1,non_inclusive,lru,440208,312424,127784,4920960,4998784,0.984431,0,77824,0.000000,77824,4980736,0,0,0,0,0,0,2033984,12608,2046592,2033984,2033984,0,0.000000,0,0,0,0,0,0,0,0,0,0.000000,0.999590,0,0,0.009983,2.989169,1,1,1,8,15,16,0,0,10231168,23.241668,1.504338,2343,3563
V9,2,khkw-V9-s2-64b,26ef6f0,cache,khkw,loas,16,vgg16_T4_n5,layer_09_features_30,2,16384,8,256,32,524288,16,8192,512,64,16,4,1,khkw_split,-1,16,20,32,12,1,next_burst,1,0,1,2,0,24,8,1,1,1,non_inclusive,lru,742848,312424,430424,4920960,4998784,0.984431,0,1152,0.000000,77824,4980736,0,0,4842240,0,0,1995392,38592,12608,6888832,6876224,7029568,153344,0.021814,4996736,0,76672,0,4842240,77824,0,0,0,0.015338,0.999590,0,0,0.009983,2.989169,1,1,1,8,15,16,0,0,15227904,20.499354,2.572245,2343,3563
V9,2,khkw-V9-s2-64b,26ef6f0,cache,khkw,loas,16,vgg16_T4_n5,layer_09_features_30,2,16384,8,256,32,524288,16,8192,512,64,16,4,1,khkw_split,-1,16,20,32,12,1,next_burst,2,0,1,2,0,24,8,1,1,1,non_inclusive,lru,733192,312424,420768,4920960,4998784,0.984431,0,1152,0.000000,77824,4980736,0,0,4841088,0,0,1842048,38592,12608,6734336,6721728,7028416,306688,0.043635,4996736,0,76672,0,4764416,155648,0,0,0,0.015338,0.999590,0,0,0.009983,2.989169,1,1,1,8,15,16,0,0,15227904,20.769326,2.595026,2343,3563
V9,2,khkw-V9-s2-64b,26ef6f0,cache,khkw,loas,16,vgg16_T4_n5,layer_09_features_30,2,16384,8,256,32,524288,16,8192,512,64,16,4,1,khkw_split,-1,16,20,32,12,1,next_burst,4,0,1,2,0,24,8,1,1,1,non_inclusive,lru,713880,312424,401456,4920960,4998784,0.984431,0,1152,0.000000,77824,4980736,0,0,4838784,0,0,1535360,38592,12608,6425344,6412736,7026112,613376,0.087299,4996736,0,76672,0,4608768,311296,0,0,0,0.015338,0.999590,0,0,0.009983,2.989169,1,1,1,8,15,16,0,0,15227904,21.331182,2.610169,2343,3563
V9,3,khkw-V9-s3-16b,26ef6f0,cache,khkw,loas,16,vgg16_T4_n5,layer_09_features_30,3,16384,8,1024,128,524288,16,32768,2048,16,4,4,1,khkw_split,-1,16,20,32,12,1,none,0,0,1,2,0,24,1,1,1,1,non_inclusive,lru,820448,313776,506672,4709376,5020416,0.938045,256,311040,0.000823,310784,4972544,0,0,0,0,0,1376,8092992,14432,8108800,8094368,8094368,0,0.000000,0,0,0,0,0,0,0,0,0,0.000000,0.999592,0,0,0.008681,1.486921,1,1,1,11,15,16,0,0,10973824,13.375405,1.650303,2358,3567
V9,3,khkw-V9-s3-16b,26ef6f0,cache,khkw,loas,16,vgg16_T4_n5,layer_09_features_30,3,16384,8,1024,128,524288,16,32768,2048,16,4,4,1,khkw_split,-1,16,20,32,12,1,next_burst,1,0,1,2,0,24,1,1,1,1,non_inclusive,lru,1088288,313776,774512,4713064,5020416,0.938780,0,1152,0.000000,310784,4972544,0,0,4409032,0,0,7883480,38592,63136,12394240,12331104,13100536,769432,0.058733,5018368,3688,306200,0,4411408,297072,0,0,0,0.061726,0.999592,0,0,0.008681,1.469290,1,1,2,12,16,24,0,0,15992192,14.694816,2.765881,2358,3567
V9,3,khkw-V9-s3-16b,26ef6f0,cache,khkw,loas,16,vgg16_T4_n5,layer_09_features_30,3,16384,8,1024,128,524288,16,32768,2048,16,4,4,1,khkw_split,-1,16,20,32,12,1,next_burst,2,0,1,2,0,24,1,1,1,1,non_inclusive,lru,987760,313776,673984,4729024,5020416,0.941959,0,1152,0.000000,310784,4972544,0,0,4441368,0,0,6236064,38592,69768,10785792,10716024,13105560,2389536,0.182330,5018368,19648,290240,0,4202592,505888,0,0,0,0.061726,0.999592,0,0,0.008681,1.392994,1,2,3,15,23,24,0,0,15992192,16.190362,2.845253,2358,3567
V9,3,khkw-V9-s3-16b,26ef6f0,cache,khkw,loas,16,vgg16_T4_n5,layer_09_features_30,3,16384,8,1024,128,524288,16,32768,2048,16,4,4,1,khkw_split,-1,16,20,32,12,1,next_burst,4,0,1,2,0,24,1,1,1,1,non_inclusive,lru,827408,313776,513632,4734344,5020416,0.943018,0,1152,0.000000,310784,4972544,0,0,4452104,0,0,3667328,38592,62136,8220160,8158024,13947808,5789784,0.415104,5018368,24968,284920,0,4065736,642744,0,0,0,0.061726,0.999592,0,0,0.008681,1.367562,1,2,4,23,24,24,0,0,15992192,19.328061,2.880739,2358,3567
V9,3,khkw-V9-s3-16b,26ef6f0,cache,khkw,loas,16,vgg16_T4_n5,layer_09_features_30,3,16384,8,1024,128,524288,16,32768,2048,16,4,4,1,khkw_split,-1,16,20,32,12,1,none,0,0,1,2,0,24,2,1,1,1,non_inclusive,lru,820448,313776,506672,4709376,5020416,0.938045,256,311040,0.000823,310784,4972544,0,0,0,0,0,1376,8092992,14432,8108800,8094368,8094368,0,0.000000,0,0,0,0,0,0,0,0,0,0.000000,0.999592,0,0,0.008681,2.973841,1,1,1,11,15,16,0,0,10973824,13.375405,1.631636,2358,3567
V9,3,khkw-V9-s3-16b,26ef6f0,cache,khkw,loas,16,vgg16_T4_n5,layer_09_features_30,3,16384,8,1024,128,524288,16,32768,2048,16,4,4,1,khkw_split,-1,16,20,32,12,1,next_burst,1,0,1,2,0,24,2,1,1,1,non_inclusive,lru,1088288,313776,774512,4713064,5020416,0.938780,0,1152,0.000000,310784,4972544,0,0,4409032,0,0,7883480,38592,63136,12394240,12331104,13100536,769432,0.058733,5018368,3688,306200,0,4411408,297072,0,0,0,0.061726,0.999592,0,0,0.008681,2.938580,1,1,2,12,16,24,0,0,15992192,14.694816,2.759046,2358,3567
V9,3,khkw-V9-s3-16b,26ef6f0,cache,khkw,loas,16,vgg16_T4_n5,layer_09_features_30,3,16384,8,1024,128,524288,16,32768,2048,16,4,4,1,khkw_split,-1,16,20,32,12,1,next_burst,2,0,1,2,0,24,2,1,1,1,non_inclusive,lru,987928,313776,674152,4728952,5020416,0.941944,0,1152,0.000000,310784,4972544,0,0,4441248,0,0,6237088,38592,71552,10788480,10716928,13106896,2389968,0.182344,5018368,19576,290312,0,4202480,506000,0,0,0,0.061726,0.999592,0,0,0.008681,2.786676,1,2,3,15,23,24,0,0,15992192,16.187609,2.854242,2358,3567
V9,3,khkw-V9-s3-16b,26ef6f0,cache,khkw,loas,16,vgg16_T4_n5,layer_09_features_30,3,16384,8,1024,128,524288,16,32768,2048,16,4,4,1,khkw_split,-1,16,20,32,12,1,next_burst,4,0,1,2,0,24,2,1,1,1,non_inclusive,lru,827424,313776,513648,4734280,5020416,0.943006,0,1152,0.000000,310784,4972544,0,0,4451960,0,0,3666888,38592,62976,8220416,8157440,13946776,5789336,0.415102,5018368,24904,284984,0,4065632,642848,0,0,0,0.061726,0.999592,0,0,0.008681,2.735735,1,2,4,23,24,28,0,0,15992192,19.327687,2.883354,2358,3567
V9,3,khkw-V9-s3-16b,26ef6f0,cache,khkw,loas,16,vgg16_T4_n5,layer_09_features_30,3,16384,8,1024,128,524288,16,32768,2048,16,4,4,1,khkw_split,-1,16,20,32,12,1,none,0,0,1,2,0,24,4,1,1,1,non_inclusive,lru,820448,313776,506672,4709376,5020416,0.938045,256,311040,0.000823,310784,4972544,0,0,0,0,0,1376,8092992,14432,8108800,8094368,8094368,0,0.000000,0,0,0,0,0,0,0,0,0,0.000000,0.999592,0,0,0.008681,5.947682,1,1,1,11,15,16,0,0,10973824,13.375405,1.640734,2358,3567
V9,3,khkw-V9-s3-16b,26ef6f0,cache,khkw,loas,16,vgg16_T4_n5,layer_09_features_30,3,16384,8,1024,128,524288,16,32768,2048,16,4,4,1,khkw_split,-1,16,20,32,12,1,next_burst,1,0,1,2,0,24,4,1,1,1,non_inclusive,lru,1088288,313776,774512,4713064,5020416,0.938780,0,1152,0.000000,310784,4972544,0,0,4409032,0,0,7883480,38592,63136,12394240,12331104,13100536,769432,0.058733,5018368,3688,306200,0,4411408,297072,0,0,0,0.061726,0.999592,0,0,0.008681,5.877161,1,1,2,12,16,24,0,0,15992192,14.694816,2.782100,2358,3567
V9,3,khkw-V9-s3-16b,26ef6f0,cache,khkw,loas,16,vgg16_T4_n5,layer_09_features_30,3,16384,8,1024,128,524288,16,32768,2048,16,4,4,1,khkw_split,-1,16,20,32,12,1,next_burst,2,0,1,2,0,24,4,1,1,1,non_inclusive,lru,987928,313776,674152,4728952,5020416,0.941944,0,1152,0.000000,310784,4972544,0,0,4441248,0,0,6237088,38592,71552,10788480,10716928,13106896,2389968,0.182344,5018368,19576,290312,0,4202480,506000,0,0,0,0.061726,0.999592,0,0,0.008681,5.573352,1,2,3,15,23,24,0,0,15992192,16.187609,2.852630,2358,3567
V9,3,khkw-V9-s3-16b,26ef6f0,cache,khkw,loas,16,vgg16_T4_n5,layer_09_features_30,3,16384,8,1024,128,524288,16,32768,2048,16,4,4,1,khkw_split,-1,16,20,32,12,1,next_burst,4,0,1,2,0,24,4,1,1,1,non_inclusive,lru,827432,313776,513656,4734888,5020416,0.943127,0,1152,0.000000,310784,4972544,0,0,4453208,0,0,3666744,38592,62000,8220544,8158544,13948808,5790264,0.415108,5018368,25512,284376,0,4065712,642768,0,0,0,0.061726,0.999592,0,0,0.008681,5.459844,1,2,4,23,24,31,0,0,15992192,19.327500,2.872828,2358,3567
V9,3,khkw-V9-s3-16b,26ef6f0,cache,khkw,loas,16,vgg16_T4_n5,layer_09_features_30,3,16384,8,1024,128,524288,16,32768,2048,16,4,4,1,khkw_split,-1,16,20,32,12,1,none,0,0,1,2,0,24,8,1,1,1,non_inclusive,lru,820448,313776,506672,4709376,5020416,0.938045,256,311040,0.000823,310784,4972544,0,0,0,0,0,1376,8092992,14432,8108800,8094368,8094368,0,0.000000,0,0,0,0,0,0,0,0,0,0.000000,0.999592,0,0,0.008681,11.895365,1,1,1,11,15,16,0,0,10973824,13.375405,1.641235,2358,3567
V9,3,khkw-V9-s3-16b,26ef6f0,cache,khkw,loas,16,vgg16_T4_n5,layer_09_features_30,3,16384,8,1024,128,524288,16,32768,2048,16,4,4,1,khkw_split,-1,16,20,32,12,1,next_burst,1,0,1,2,0,24,8,1,1,1,non_inclusive,lru,1088288,313776,774512,4713064,5020416,0.938780,0,1152,0.000000,310784,4972544,0,0,4409032,0,0,7883480,38592,63136,12394240,12331104,13100536,769432,0.058733,5018368,3688,306200,0,4411408,297072,0,0,0,0.061726,0.999592,0,0,0.008681,11.754322,1,1,2,12,16,24,0,0,15992192,14.694816,2.761497,2358,3567
V9,3,khkw-V9-s3-16b,26ef6f0,cache,khkw,loas,16,vgg16_T4_n5,layer_09_features_30,3,16384,8,1024,128,524288,16,32768,2048,16,4,4,1,khkw_split,-1,16,20,32,12,1,next_burst,2,0,1,2,0,24,8,1,1,1,non_inclusive,lru,987928,313776,674152,4728952,5020416,0.941944,0,1152,0.000000,310784,4972544,0,0,4441248,0,0,6237088,38592,71552,10788480,10716928,13106896,2389968,0.182344,5018368,19576,290312,0,4202480,506000,0,0,0,0.061726,0.999592,0,0,0.008681,11.146703,1,2,3,15,23,24,0,0,15992192,16.187609,2.842827,2358,3567
V9,3,khkw-V9-s3-16b,26ef6f0,cache,khkw,loas,16,vgg16_T4_n5,layer_09_features_30,3,16384,8,1024,128,524288,16,32768,2048,16,4,4,1,khkw_split,-1,16,20,32,12,1,next_burst,4,0,1,2,0,24,8,1,1,1,non_inclusive,lru,827432,313776,513656,4734888,5020416,0.943127,0,1152,0.000000,310784,4972544,0,0,4453208,0,0,3666744,38592,62000,8220544,8158544,13948808,5790264,0.415108,5018368,25512,284376,0,4065712,642768,0,0,0,0.061726,0.999592,0,0,0.008681,10.919688,1,2,4,23,24,31,0,0,15992192,19.327500,2.886075,2358,3567
V9,3,khkw-V9-s3-32b,26ef6f0,cache,khkw,loas,16,vgg16_T4_n5,layer_09_features_30,3,16384,8,512,64,524288,16,16384,1024,32,8,4,1,khkw_split,-1,16,20,32,12,1,none,0,0,1,2,0,24,1,1,1,1,non_inclusive,lru,568024,313776,254248,4864768,5020416,0.968997,0,155648,0.000000,155648,4980736,0,0,0,0,0,0,4057408,12608,4070016,4057408,4057408,0,0.000000,0,0,0,0,0,0,0,0,0,0.000000,0.999592,0,0,0.008681,0.744072,1,1,1,9,15,16,0,0,10507904,18.499049,1.574558,2358,3567
V9,3,khkw-V9-s3-32b,26ef6f0,cache,khkw,loas,16,vgg16_T4_n5,layer_09_features_30,3,16384,8,512,64,524288,16,16384,1024,32,8,4,1,khkw_split,-1,16,20,32,12,1,next_burst,1,0,1,2,0,24,1,1,1,1,non_inclusive,lru,862288,313776,548512,4864768,5020416,0.968997,0,1152,0.000000,155648,4980736,0,0,4708224,0,0,4018816,38592,12608,8778240,8765632,9074624,308992,0.034050,5018368,0,154496,0,4708224,155648,0,0,0,0.030774,0.999592,0,0,0.008681,0.744072,1,1,1,8,15,16,0,0,15526272,18.005901,2.678966,2358,3567
V9,3,khkw-V9-s3-32b,26ef6f0,cache,khkw,loas,16,vgg16_T4_n5,layer_09_features_30,3,16384,8,512,64,524288,16,16384,1024,32,8,4,1,khkw_split,-1,16,20,32,12,1,next_burst,2,0,1,2,0,24,1,1,1,1,non_inclusive,lru,842904,313776,529128,4864768,5020416,0.968997,0,1152,0.000000,155648,4980736,0,0,4707072,0,0,3709824,38592,12608,8468096,8455488,9070784,615296,0.067833,5018368,0,154496,0,4552576,311296,0,0,0,0.030774,0.999592,0,0,0.008681,0.744072,1,1,1,9,15,16,0,0,15526272,18.419977,2.681996,2358,3567
V9,3,khkw-V9-s3-32b,26ef6f0,cache,khkw,loas,16,vgg16_T4_n5,layer_09_features_30,3,16384,8,512,64,524288,16,16384,1024,32,8,4,1,khkw_split,-1,16,20,32,12,1,next_burst,4,0,1,2,0,24,1,1,1,1,non_inclusive,lru,795016,313776,481240,4867432,5020416,0.969528,0,1152,0.000000,155648,4980736,0,0,4710224,0,0,2916640,38592,36432,7701888,7665456,9072840,1407384,0.155121,5018368,2664,151832,0,4262624,601248,0,0,0,0.030774,0.999592,0,0,0.008681,0.731337,1,1,2,12,19,24,0,0,15526272,19.529509,2.739830,2358,3567
V9,3,khkw-V9-s3-32b,26ef6f0,cache,khkw,loas,16,vgg16_T4_n5,layer_09_features_30,3,16384,8,512,64,524288,16,16384,1024,32,8,4,1,khkw_split,-1,16,20,32,12,1,none,0,0,1,2,0,24,2,1,1,1,non_inclusive,lru,568024,313776,254248,4864768,5020416,0.968997,0,155648,0.000000,155648,4980736,0,0,0,0,0,0,4057408,12608,4070016,4057408,4057408,0,0.000000,0,0,0,0,0,0,0,0,0,0.000000,0.999592,0,0,0.008681,1.488144,1,1,1,9,15,16,0,0,10507904,18.499049,1.692179,2358,3567
V9,3,khkw-V9-s3-32b,26ef6f0,cache,khkw,loas,16,vgg16_T4_n5,layer_09_features_30,3,16384,8,512,64,524288,16,16384,1024,32,8,4,1,khkw_split,-1,16,20,32,12,1,next_burst,1,0,1,2,0,24,2,1,1,1,non_inclusive,lru,862288,313776,548512,4864768,5020416,0.968997,0,1152,0.000000,155648,4980736,0,0,4708224,0,0,4018816,38592,12608,8778240,8765632,9074624,308992,0.034050,5018368,0,154496,0,4708224,155648,0,0,0,0.030774,0.999592,0,0,0.008681,1.488144,1,1,1,8,15,16,0,0,15526272,18.005901,2.665902,2358,3567
V9,3,khkw-V9-s3-32b,26ef6f0,cache,khkw,loas,16,vgg16_T4_n5,layer_09_features_30,3,16384,8,512,64,524288,16,16384,1024,32,8,4,1,khkw_split,-1,16,20,32,12,1,next_burst,2,0,1,2,0,24,2,1,1,1,non_inclusive,lru,842904,313776,529128,4864768,5020416,0.968997,0,1152,0.000000,155648,4980736,0,0,4707072,0,0,3709824,38592,12608,8468096,8455488,9070784,615296,0.067833,5018368,0,154496,0,4552576,311296,0,0,0,0.030774,0.999592,0,0,0.008681,1.488144,1,1,1,9,15,16,0,0,15526272,18.419977,2.677656,2358,3567
V9,3,khkw-V9-s3-32b,26ef6f0,cache,khkw,loas,16,vgg16_T4_n5,layer_09_features_30,3,16384,8,512,64,524288,16,16384,1024,32,8,4,1,khkw_split,-1,16,20,32,12,1,next_burst,4,0,1,2,0,24,2,1,1,1,non_inclusive,lru,795016,313776,481240,4867432,5020416,0.969528,0,1152,0.000000,155648,4980736,0,0,4710224,0,0,2916640,38592,36432,7701888,7665456,9072840,1407384,0.155121,5018368,2664,151832,0,4262624,601248,0,0,0,0.030774,0.999592,0,0,0.008681,1.462674,1,1,2,12,19,24,0,0,15526272,19.529509,2.735925,2358,3567
V9,3,khkw-V9-s3-32b,26ef6f0,cache,khkw,loas,16,vgg16_T4_n5,layer_09_features_30,3,16384,8,512,64,524288,16,16384,1024,32,8,4,1,khkw_split,-1,16,20,32,12,1,none,0,0,1,2,0,24,4,1,1,1,non_inclusive,lru,568024,313776,254248,4864768,5020416,0.968997,0,155648,0.000000,155648,4980736,0,0,0,0,0,0,4057408,12608,4070016,4057408,4057408,0,0.000000,0,0,0,0,0,0,0,0,0,0.000000,0.999592,0,0,0.008681,2.976289,1,1,1,9,15,16,0,0,10507904,18.499049,1.565728,2358,3567
V9,3,khkw-V9-s3-32b,26ef6f0,cache,khkw,loas,16,vgg16_T4_n5,layer_09_features_30,3,16384,8,512,64,524288,16,16384,1024,32,8,4,1,khkw_split,-1,16,20,32,12,1,next_burst,1,0,1,2,0,24,4,1,1,1,non_inclusive,lru,862288,313776,548512,4864768,5020416,0.968997,0,1152,0.000000,155648,4980736,0,0,4708224,0,0,4018816,38592,12608,8778240,8765632,9074624,308992,0.034050,5018368,0,154496,0,4708224,155648,0,0,0,0.030774,0.999592,0,0,0.008681,2.976289,1,1,1,8,15,16,0,0,15526272,18.005901,2.675098,2358,3567
V9,3,khkw-V9-s3-32b,26ef6f0,cache,khkw,loas,16,vgg16_T4_n5,layer_09_features_30,3,16384,8,512,64,524288,16,16384,1024,32,8,4,1,khkw_split,-1,16,20,32,12,1,next_burst,2,0,1,2,0,24,4,1,1,1,non_inclusive,lru,842904,313776,529128,4864768,5020416,0.968997,0,1152,0.000000,155648,4980736,0,0,4707072,0,0,3709824,38592,12608,8468096,8455488,9070784,615296,0.067833,5018368,0,154496,0,4552576,311296,0,0,0,0.030774,0.999592,0,0,0.008681,2.976289,1,1,1,9,15,16,0,0,15526272,18.419977,2.673845,2358,3567
V9,3,khkw-V9-s3-32b,26ef6f0,cache,khkw,loas,16,vgg16_T4_n5,layer_09_features_30,3,16384,8,512,64,524288,16,16384,1024,32,8,4,1,khkw_split,-1,16,20,32,12,1,next_burst,4,0,1,2,0,24,4,1,1,1,non_inclusive,lru,795016,313776,481240,4867432,5020416,0.969528,0,1152,0.000000,155648,4980736,0,0,4710224,0,0,2916640,38592,36432,7701888,7665456,9072840,1407384,0.155121,5018368,2664,151832,0,4262624,601248,0,0,0,0.030774,0.999592,0,0,0.008681,2.925348,1,1,2,12,19,24,0,0,15526272,19.529509,2.748609,2358,3567
V9,3,khkw-V9-s3-32b,26ef6f0,cache,khkw,loas,16,vgg16_T4_n5,layer_09_features_30,3,16384,8,512,64,524288,16,16384,1024,32,8,4,1,khkw_split,-1,16,20,32,12,1,none,0,0,1,2,0,24,8,1,1,1,non_inclusive,lru,568024,313776,254248,4864768,5020416,0.968997,0,155648,0.000000,155648,4980736,0,0,0,0,0,0,4057408,12608,4070016,4057408,4057408,0,0.000000,0,0,0,0,0,0,0,0,0,0.000000,0.999592,0,0,0.008681,5.952578,1,1,1,9,15,16,0,0,10507904,18.499049,1.569913,2358,3567
V9,3,khkw-V9-s3-32b,26ef6f0,cache,khkw,loas,16,vgg16_T4_n5,layer_09_features_30,3,16384,8,512,64,524288,16,16384,1024,32,8,4,1,khkw_split,-1,16,20,32,12,1,next_burst,1,0,1,2,0,24,8,1,1,1,non_inclusive,lru,862288,313776,548512,4864768,5020416,0.968997,0,1152,0.000000,155648,4980736,0,0,4708224,0,0,4018816,38592,12608,8778240,8765632,9074624,308992,0.034050,5018368,0,154496,0,4708224,155648,0,0,0,0.030774,0.999592,0,0,0.008681,5.952578,1,1,1,8,15,16,0,0,15526272,18.005901,2.671660,2358,3567
V9,3,khkw-V9-s3-32b,26ef6f0,cache,khkw,loas,16,vgg16_T4_n5,layer_09_features_30,3,16384,8,512,64,524288,16,16384,1024,32,8,4,1,khkw_split,-1,16,20,32,12,1,next_burst,2,0,1,2,0,24,8,1,1,1,non_inclusive,lru,842904,313776,529128,4864768,5020416,0.968997,0,1152,0.000000,155648,4980736,0,0,4707072,0,0,3709824,38592,12608,8468096,8455488,9070784,615296,0.067833,5018368,0,154496,0,4552576,311296,0,0,0,0.030774,0.999592,0,0,0.008681,5.952578,1,1,1,9,15,16,0,0,15526272,18.419977,2.694212,2358,3567
V9,3,khkw-V9-s3-32b,26ef6f0,cache,khkw,loas,16,vgg16_T4_n5,layer_09_features_30,3,16384,8,512,64,524288,16,16384,1024,32,8,4,1,khkw_split,-1,16,20,32,12,1,next_burst,4,0,1,2,0,24,8,1,1,1,non_inclusive,lru,795016,313776,481240,4867432,5020416,0.969528,0,1152,0.000000,155648,4980736,0,0,4710224,0,0,2916640,38592,36432,7701888,7665456,9072840,1407384,0.155121,5018368,2664,151832,0,4262624,601248,0,0,0,0.030774,0.999592,0,0,0.008681,5.850696,1,1,2,12,19,24,0,0,15526272,19.529509,2.734338,2358,3567
V9,3,khkw-V9-s3-64b,26ef6f0,cache,khkw,loas,16,vgg16_T4_n5,layer_09_features_30,3,16384,8,256,32,524288,16,8192,512,64,16,4,1,khkw_split,-1,16,20,32,12,1,none,0,0,1,2,0,24,1,1,1,1,non_inclusive,lru,441560,313776,127784,4942592,5020416,0.984498,0,77824,0.000000,77824,4980736,0,0,0,0,0,0,2033984,12608,2046592,2033984,2033984,0,0.000000,0,0,0,0,0,0,0,0,0,0.000000,0.999592,0,0,0.008681,0.372036,1,1,1,8,15,16,0,0,10274432,23.268484,1.497222,2358,3567
V9,3,khkw-V9-s3-64b,26ef6f0,cache,khkw,loas,16,vgg16_T4_n5,layer_09_features_30,3,16384,8,256,32,524288,16,8192,512,64,16,4,1,khkw_split,-1,16,20,32,12,1,next_burst,1,0,1,2,0,24,1,1,1,1,non_inclusive,lru,745552,313776,431776,4942592,5020416,0.984498,0,1152,0.000000,77824,4980736,0,0,4863872,0,0,1995392,38592,12608,6910464,6897856,7051200,153344,0.021747,5018368,0,76672,0,4863872,77824,0,0,0,0.015272,0.999592,0,0,0.008681,0.372036,1,1,1,8,15,16,0,0,15292800,20.512050,2.561170,2358,3567
V9,3,khkw-V9-s3-64b,26ef6f0,cache,khkw,loas,16,vgg16_T4_n5,layer_09_features_30,3,16384,8,256,32,524288,16,8192,512,64,16,4,1,khkw_split,-1,16,20,32,12,1,next_burst,2,0,1,2,0,24,1,1,1,1,non_inclusive,lru,735896,313776,422120,4942592,5020416,0.984498,0,1152,0.000000,77824,4980736,0,0,4862720,0,0,1842048,38592,12608,6755968,6743360,7050048,306688,0.043502,5018368,0,76672,0,4786048,155648,0,0,0,0.015272,0.999592,0,0,0.008681,0.372036,1,1,1,8,15,16,0,0,15292800,20.781197,2.569262,2358,3567
V9,3,khkw-V9-s3-64b,26ef6f0,cache,khkw,loas,16,vgg16_T4_n5,layer_09_features_30,3,16384,8,256,32,524288,16,8192,512,64,16,4,1,khkw_split,-1,16,20,32,12,1,next_burst,4,0,1,2,0,24,1,1,1,1,non_inclusive,lru,716584,313776,402808,4942592,5020416,0.984498,0,1152,0.000000,77824,4980736,0,0,4860416,0,0,1535360,38592,12608,6446976,6434368,7047744,613376,0.087032,5018368,0,76672,0,4630400,311296,0,0,0,0.015272,0.999592,0,0,0.008681,0.372036,1,1,1,8,15,16,0,0,15292800,21.341252,2.612790,2358,3567
V9,3,khkw-V9-s3-64b,26ef6f0,cache,khkw,loas,16,vgg16_T4_n5,layer_09_features_30,3,16384,8,256,32,524288,16,8192,512,64,16,4,1,khkw_split,-1,16,20,32,12,1,none,0,0,1,2,0,24,2,1,1,1,non_inclusive,lru,441560,313776,127784,4942592,5020416,0.984498,0,77824,0.000000,77824,4980736,0,0,0,0,0,0,2033984,12608,2046592,2033984,2033984,0,0.000000,0,0,0,0,0,0,0,0,0,0.000000,0.999592,0,0,0.008681,0.744072,1,1,1,8,15,16,0,0,10274432,23.268484,1.492891,2358,3567
V9,3,khkw-V9-s3-64b,26ef6f0,cache,khkw,loas,16,vgg16_T4_n5,layer_09_features_30,3,16384,8,256,32,524288,16,8192,512,64,16,4,1,khkw_split,-1,16,20,32,12,1,next_burst,1,0,1,2,0,24,2,1,1,1,non_inclusive,lru,745552,313776,431776,4942592,5020416,0.984498,0,1152,0.000000,77824,4980736,0,0,4863872,0,0,1995392,38592,12608,6910464,6897856,7051200,153344,0.021747,5018368,0,76672,0,4863872,77824,0,0,0,0.015272,0.999592,0,0,0.008681,0.744072,1,1,1,8,15,16,0,0,15292800,20.512050,2.583823,2358,3567
V9,3,khkw-V9-s3-64b,26ef6f0,cache,khkw,loas,16,vgg16_T4_n5,layer_09_features_30,3,16384,8,256,32,524288,16,8192,512,64,16,4,1,khkw_split,-1,16,20,32,12,1,next_burst,2,0,1,2,0,24,2,1,1,1,non_inclusive,lru,735896,313776,422120,4942592,5020416,0.984498,0,1152,0.000000,77824,4980736,0,0,4862720,0,0,1842048,38592,12608,6755968,6743360,7050048,306688,0.043502,5018368,0,76672,0,4786048,155648,0,0,0,0.015272,0.999592,0,0,0.008681,0.744072,1,1,1,8,15,16,0,0,15292800,20.781197,2.590855,2358,3567
V9,3,khkw-V9-s3-64b,26ef6f0,cache,khkw,loas,16,vgg16_T4_n5,layer_09_features_30,3,16384,8,256,32,524288,16,8192,512,64,16,4,1,khkw_split,-1,16,20,32,12,1,next_burst,4,0,1,2,0,24,2,1,1,1,non_inclusive,lru,716584,313776,402808,4942592,5020416,0.984498,0,1152,0.000000,77824,4980736,0,0,4860416,0,0,1535360,38592,12608,6446976,6434368,7047744,613376,0.087032,5018368,0,76672,0,4630400,311296,0,0,0,0.015272,0.999592,0,0,0.008681,0.744072,1,1,1,8,15,16,0,0,15292800,21.341252,2.566210,2358,3567
V9,3,khkw-V9-s3-64b,26ef6f0,cache,khkw,loas,16,vgg16_T4_n5,layer_09_features_30,3,16384,8,256,32,524288,16,8192,512,64,16,4,1,khkw_split,-1,16,20,32,12,1,none,0,0,1,2,0,24,4,1,1,1,non_inclusive,lru,441560,313776,127784,4942592,5020416,0.984498,0,77824,0.000000,77824,4980736,0,0,0,0,0,0,2033984,12608,2046592,2033984,2033984,0,0.000000,0,0,0,0,0,0,0,0,0,0.000000,0.999592,0,0,0.008681,1.488144,1,1,1,8,15,16,0,0,10274432,23.268484,1.491238,2358,3567
V9,3,khkw-V9-s3-64b,26ef6f0,cache,khkw,loas,16,vgg16_T4_n5,layer_09_features_30,3,16384,8,256,32,524288,16,8192,512,64,16,4,1,khkw_split,-1,16,20,32,12,1,next_burst,1,0,1,2,0,24,4,1,1,1,non_inclusive,lru,745552,313776,431776,4942592,5020416,0.984498,0,1152,0.000000,77824,4980736,0,0,4863872,0,0,1995392,38592,12608,6910464,6897856,7051200,153344,0.021747,5018368,0,76672,0,4863872,77824,0,0,0,0.015272,0.999592,0,0,0.008681,1.488144,1,1,1,8,15,16,0,0,15292800,20.512050,2.576749,2358,3567
V9,3,khkw-V9-s3-64b,26ef6f0,cache,khkw,loas,16,vgg16_T4_n5,layer_09_features_30,3,16384,8,256,32,524288,16,8192,512,64,16,4,1,khkw_split,-1,16,20,32,12,1,next_burst,2,0,1,2,0,24,4,1,1,1,non_inclusive,lru,735896,313776,422120,4942592,5020416,0.984498,0,1152,0.000000,77824,4980736,0,0,4862720,0,0,1842048,38592,12608,6755968,6743360,7050048,306688,0.043502,5018368,0,76672,0,4786048,155648,0,0,0,0.015272,0.999592,0,0,0.008681,1.488144,1,1,1,8,15,16,0,0,15292800,20.781197,2.565663,2358,3567
V9,3,khkw-V9-s3-64b,26ef6f0,cache,khkw,loas,16,vgg16_T4_n5,layer_09_features_30,3,16384,8,256,32,524288,16,8192,512,64,16,4,1,khkw_split,-1,16,20,32,12,1,next_burst,4,0,1,2,0,24,4,1,1,1,non_inclusive,lru,716584,313776,402808,4942592,5020416,0.984498,0,1152,0.000000,77824,4980736,0,0,4860416,0,0,1535360,38592,12608,6446976,6434368,7047744,613376,0.087032,5018368,0,76672,0,4630400,311296,0,0,0,0.015272,0.999592,0,0,0.008681,1.488144,1,1,1,8,15,16,0,0,15292800,21.341252,2.604463,2358,3567
V9,3,khkw-V9-s3-64b,26ef6f0,cache,khkw,loas,16,vgg16_T4_n5,layer_09_features_30,3,16384,8,256,32,524288,16,8192,512,64,16,4,1,khkw_split,-1,16,20,32,12,1,none,0,0,1,2,0,24,8,1,1,1,non_inclusive,lru,441560,313776,127784,4942592,5020416,0.984498,0,77824,0.000000,77824,4980736,0,0,0,0,0,0,2033984,12608,2046592,2033984,2033984,0,0.000000,0,0,0,0,0,0,0,0,0,0.000000,0.999592,0,0,0.008681,2.976289,1,1,1,8,15,16,0,0,10274432,23.268484,1.494539,2358,3567
V9,3,khkw-V9-s3-64b,26ef6f0,cache,khkw,loas,16,vgg16_T4_n5,layer_09_features_30,3,16384,8,256,32,524288,16,8192,512,64,16,4,1,khkw_split,-1,16,20,32,12,1,next_burst,1,0,1,2,0,24,8,1,1,1,non_inclusive,lru,745552,313776,431776,4942592,5020416,0.984498,0,1152,0.000000,77824,4980736,0,0,4863872,0,0,1995392,38592,12608,6910464,6897856,7051200,153344,0.021747,5018368,0,76672,0,4863872,77824,0,0,0,0.015272,0.999592,0,0,0.008681,2.976289,1,1,1,8,15,16,0,0,15292800,20.512050,2.563167,2358,3567
V9,3,khkw-V9-s3-64b,26ef6f0,cache,khkw,loas,16,vgg16_T4_n5,layer_09_features_30,3,16384,8,256,32,524288,16,8192,512,64,16,4,1,khkw_split,-1,16,20,32,12,1,next_burst,2,0,1,2,0,24,8,1,1,1,non_inclusive,lru,735896,313776,422120,4942592,5020416,0.984498,0,1152,0.000000,77824,4980736,0,0,4862720,0,0,1842048,38592,12608,6755968,6743360,7050048,306688,0.043502,5018368,0,76672,0,4786048,155648,0,0,0,0.015272,0.999592,0,0,0.008681,2.976289,1,1,1,8,15,16,0,0,15292800,20.781197,2.566996,2358,3567
V9,3,khkw-V9-s3-64b,26ef6f0,cache,khkw,loas,16,vgg16_T4_n5,layer_09_features_30,3,16384,8,256,32,524288,16,8192,512,64,16,4,1,khkw_split,-1,16,20,32,12,1,next_burst,4,0,1,2,0,24,8,1,1,1,non_inclusive,lru,716584,313776,402808,4942592,5020416,0.984498,0,1152,0.000000,77824,4980736,0,0,4860416,0,0,1535360,38592,12608,6446976,6434368,7047744,613376,0.087032,5018368,0,76672,0,4630400,311296,0,0,0,0.015272,0.999592,0,0,0.008681,2.976289,1,1,1,8,15,16,0,0,15292800,21.341252,2.620002,2358,3567
V9,4,khkw-V9-s4-16b,26ef6f0,cache,khkw,loas,16,vgg16_T4_n5,layer_09_features_30,4,16384,8,1024,128,524288,16,32768,2048,16,4,4,1,khkw_split,-1,16,20,32,12,1,none,0,0,1,2,0,24,1,1,1,1,non_inclusive,lru,809056,302864,506192,4535296,4845824,0.935918,768,310528,0.002473,309760,4956160,0,0,0,0,0,3584,8069984,27552,8101120,8073568,8073568,0,0.000000,0,0,0,0,0,0,0,0,0,0.000000,0.999577,0,0,0.011719,1.537958,1,1,1,11,15,16,0,0,10622592,13.129613,1.582192,2274,3431
V9,4,khkw-V9-s4-16b,26ef6f0,cache,khkw,loas,16,vgg16_T4_n5,layer_09_features_30,4,16384,8,1024,128,524288,16,32768,2048,16,4,4,1,khkw_split,-1,16,20,32,12,1,next_burst,1,0,1,2,0,24,1,1,1,1,non_inclusive,lru,1058608,302864,755744,4540768,4845824,0.937048,0,1152,0.000000,309760,4956160,0,0,4243280,0,0,7746896,38592,65184,12093952,12028768,12907112,878344,0.068051,4843776,5472,303904,0,4247936,286464,0,0,0,0.063844,0.999577,0,0,0.011719,1.510856,1,1,2,13,19,24,0,0,15466368,14.610099,2.656747,2274,3431
V9,4,khkw-V9-s4-16b,26ef6f0,cache,khkw,loas,16,vgg16_T4_n5,layer_09_features_30,4,16384,8,1024,128,524288,16,32768,2048,16,4,4,1,khkw_split,-1,16,20,32,12,1,next_burst,2,0,1,2,0,24,1,1,1,1,non_inclusive,lru,948392,302864,645528,4558432,4845824,0.940693,0,1152,0.000000,309760,4956160,0,0,4279792,0,0,5948544,38592,63568,10330496,10266928,12991552,2724624,0.209723,4843776,23136,286240,0,4060920,473480,0,0,0,0.063844,0.999577,0,0,0.011719,1.423372,1,2,3,16,23,24,0,0,15466368,16.307991,2.732443,2274,3431
V9,4,khkw-V9-s4-16b,26ef6f0,cache,khkw,loas,16,vgg16_T4_n5,layer_09_features_30,4,16384,8,1024,128,524288,16,32768,2048,16,4,4,1,khkw_split,-1,16,20,32,12,1,next_burst,4,0,1,2,0,24,1,1,1,1,non_inclusive,lru,810168,302864,507304,4565016,4845824,0.942052,0,1152,0.000000,309760,4956160,0,0,4293048,0,0,3721136,38592,66136,8118912,8052776,14168128,6115352,0.431627,4843776,29720,279656,0,3929912,604488,0,0,0,0.063844,0.999577,0,0,0.011719,1.390763,2,3,4,23,24,24,0,0,15466368,19.090322,2.755940,2274,3431
V9,4,khkw-V9-s4-16b,26ef6f0,cache,khkw,loas,16,vgg16_T4_n5,layer_09_features_30,4,16384,8,1024,128,524288,16,32768,2048,16,4,4,1,khkw_split,-1,16,20,32,12,1,none,0,0,1,2,0,24,2,1,1,1,non_inclusive,lru,809056,302864,506192,4535296,4845824,0.935918,768,310528,0.002473,309760,4956160,0,0,0,0,0,3584,8069984,27552,8101120,8073568,8073568,0,0.000000,0,0,0,0,0,0,0,0,0,0.000000,0.999577,0,0,0.011719,3.075915,1,1,1,11,15,16,0,0,10622592,13.129613,1.579801,2274,3431
V9,4,khkw-V9-s4-16b,26ef6f0,cache,khkw,loas,16,vgg16_T4_n5,layer_09_features_30,4,16384,8,1024,128,524288,16,32768,2048,16,4,4,1,khkw_split,-1,16,20,32,12,1,next_burst,1,0,1,2,0,24,2,1,1,1,non_inclusive,lru,1058608,302864,755744,4540768,4845824,0.937048,0,1152,0.000000,309760,4956160,0,0,4243280,0,0,7746896,38592,65184,12093952,12028768,12907112,878344,0.068051,4843776,5472,303904,0,4247936,286464,0,0,0,0.063844,0.999577,0,0,0.011719,3.021713,1,1,2,13,19,24,0,0,15466368,14.610099,2.659971,2274,3431
V9,4,khkw-V9-s4-16b,26ef6f0,cache,khkw,loas,16,vgg16_T4_n5,layer_09_features_30,4,16384,8,1024,128,524288,16,32768,2048,16,4,4,1,khkw_split,-1,16,20,32,12,1,next_burst,2,0,1,2,0,24,2,1,1,1,non_inclusive,lru,948456,302864,645592,4558520,4845824,0.940711,0,1152,0.000000,309760,4956160,0,0,4279968,0,0,5948824,38592,64136,10331520,10267384,12992192,2724808,0.209727,4843776,23224,286152,0,4060840,473560,0,0,0,0.063844,0.999577,0,0,0.011719,2.845871,1,2,3,16,23,24,0,0,15466368,16.306890,2.723139,2274,3431
V9,4,khkw-V9-s4-16b,26ef6f0,cache,khkw,loas,16,vgg16_T4_n5,layer_09_features_30,4,16384,8,1024,128,524288,16,32768,2048,16,4,4,1,khkw_split,-1,16,20,32,12,1,next_burst,4,0,1,2,0,24,2,1,1,1,non_inclusive,lru,810000,302864,507136,4565152,4845824,0.942080,0,1152,0.000000,309760,4956160,0,0,4293384,0,0,3720152,38592,64096,8116224,8052128,14166408,6114280,0.431604,4843776,29856,279520,0,3929976,604424,0,0,0,0.063844,0.999577,0,0,0.011719,2.780179,2,3,4,23,24,32,0,0,15466368,19.094281,2.770266,2274,3431
V9,4,khkw-V9-s4-16b,26ef6f0,cache,khkw,loas,16,vgg16_T4_n5,layer_09_features_30,4,16384,8,1024,128,524288,16,32768,2048,16,4,4,1,khkw_split,-1,16,20,32,12,1,none,0,0,1,2,0,24,4,1,1,1,non_inclusive,lru,809056,302864,506192,4535296,4845824,0.935918,768,310528,0.002473,309760,4956160,0,0,0,0,0,3584,8069984,27552,8101120,8073568,8073568,0,0.000000,0,0,0,0,0,0,0,0,0,0.000000,0.999577,0,0,0.011719,6.151831,1,1,1,11,15,16,0,0,10622592,13.129613,1.576482,2274,3431
V9,4,khkw-V9-s4-16b,26ef6f0,cache,khkw,loas,16,vgg16_T4_n5,layer_09_features_30,4,16384,8,1024,128,524288,16,32768,2048,16,4,4,1,khkw_split,-1,16,20,32,12,1,next_burst,1,0,1,2,0,24,4,1,1,1,non_inclusive,lru,1058608,302864,755744,4540768,4845824,0.937048,0,1152,0.000000,309760,4956160,0,0,4243280,0,0,7746896,38592,65184,12093952,12028768,12907112,878344,0.068051,4843776,5472,303904,0,4247936,286464,0,0,0,0.063844,0.999577,0,0,0.011719,6.043425,1,1,2,13,19,25,0,0,15466368,14.610099,2.669372,2274,3431
V9,4,khkw-V9-s4-16b,26ef6f0,cache,khkw,loas,16,vgg16_T4_n5,layer_09_features_30,4,16384,8,1024,128,524288,16,32768,2048,16,4,4,1,khkw_split,-1,16,20,32,12,1,next_burst,2,0,1,2,0,24,4,1,1,1,non_inclusive,lru,948416,302864,645552,4558872,4845824,0.940784,0,1152,0.000000,309760,4956160,0,0,4280616,0,0,5949192,38592,62480,10330880,10268400,12993944,2725544,0.209755,4843776,23576,285800,0,4061144,473256,0,0,0,0.063844,0.999577,0,0,0.011719,5.684769,1,2,3,16,23,24,0,0,15466368,16.307578,2.736359,2274,3431
V9,4,khkw-V9-s4-16b,26ef6f0,cache,khkw,loas,16,vgg16_T4_n5,layer_09_features_30,4,16384,8,1024,128,524288,16,32768,2048,16,4,4,1,khkw_split,-1,16,20,32,12,1,next_burst,4,0,1,2,0,24,4,1,1,1,non_inclusive,lru,810128,302864,507264,4565208,4845824,0.942091,0,1152,0.000000,309760,4956160,0,0,4293472,0,0,3720744,38592,65464,8118272,8052808,14167704,6114896,0.431608,4843776,29912,279464,0,3929904,604496,0,0,0,0.063844,0.999577,0,0,0.011719,5.559248,2,3,4,23,24,31,0,0,15466368,19.091265,2.756158,2274,3431
V9,4,khkw-V9-s4-16b,26ef6f0,cache,khkw,loas,16,vgg16_T4_n5,layer_09_features_30,4,16384,8,1024,128,524288,16,32768,2048,16,4,4,1,khkw_split,-1,16,20,32,12,1,none,0,0,1,2,0,24,8,1,1,1,non_inclusive,lru,809056,302864,506192,4535296,4845824,0.935918,768,310528,0.002473,309760,4956160,0,0,0,0,0,3584,8069984,27552,8101120,8073568,8073568,0,0.000000,0,0,0,0,0,0,0,0,0,0.000000,0.999577,0,0,0.011719,12.303661,1,1,1,11,15,16,0,0,10622592,13.129613,1.578788,2274,3431
V9,4,khkw-V9-s4-16b,26ef6f0,cache,khkw,loas,16,vgg16_T4_n5,layer_09_features_30,4,16384,8,1024,128,524288,16,32768,2048,16,4,4,1,khkw_split,-1,16,20,32,12,1,next_burst,1,0,1,2,0,24,8,1,1,1,non_inclusive,lru,1058608,302864,755744,4540768,4845824,0.937048,0,1152,0.000000,309760,4956160,0,0,4243280,0,0,7746896,38592,65184,12093952,12028768,12907112,878344,0.068051,4843776,5472,303904,0,4247936,286464,0,0,0,0.063844,0.999577,0,0,0.011719,12.086851,1,1,2,13,19,25,0,0,15466368,14.610099,2.666844,2274,3431
V9,4,khkw-V9-s4-16b,26ef6f0,cache,khkw,loas,16,vgg16_T4_n5,layer_09_features_30,4,16384,8,1024,128,524288,16,32768,2048,16,4,4,1,khkw_split,-1,16,20,32,12,1,next_burst,2,0,1,2,0,24,8,1,1,1,non_inclusive,lru,948416,302864,645552,4558872,4845824,0.940784,0,1152,0.000000,309760,4956160,0,0,4280616,0,0,5949192,38592,62480,10330880,10268400,12993944,2725544,0.209755,4843776,23576,285800,0,4061144,473256,0,0,0,0.063844,0.999577,0,0,0.011719,11.369539,1,2,3,16,23,24,0,0,15466368,16.307578,2.724991,2274,3431
V9,4,khkw-V9-s4-16b,26ef6f0,cache,khkw,loas,16,vgg16_T4_n5,layer_09_features_30,4,16384,8,1024,128,524288,16,32768,2048,16,4,4,1,khkw_split,-1,16,20,32,12,1,next_burst,4,0,1,2,0,24,8,1,1,1,non_inclusive,lru,810128,302864,507264,4565208,4845824,0.942091,0,1152,0.000000,309760,4956160,0,0,4293472,0,0,3720744,38592,65464,8118272,8052808,14167704,6114896,0.431608,4843776,29912,279464,0,3929904,604496,0,0,0,0.063844,0.999577,0,0,0.011719,11.118495,2,3,4,23,24,31,0,0,15466368,19.091265,2.819185,2274,3431
V9,4,khkw-V9-s4-32b,26ef6f0,cache,khkw,loas,16,vgg16_T4_n5,layer_09_features_30,4,16384,8,512,64,524288,16,16384,1024,32,8,4,1,khkw_split,-1,16,20,32,12,1,none,0,0,1,2,0,24,1,1,1,1,non_inclusive,lru,557112,302864,254248,4690176,4845824,0.967880,0,155648,0.000000,155648,4980736,0,0,0,0,0,0,4057408,12608,4070016,4057408,4057408,0,0.000000,0,0,0,0,0,0,0,0,0,0.000000,0.999577,0,0,0.011719,0.770881,1,1,1,9,15,16,0,0,10158720,18.234610,1.517252,2274,3431
V9,4,khkw-V9-s4-32b,26ef6f0,cache,khkw,loas,16,vgg16_T4_n5,layer_09_features_30,4,16384,8,512,64,524288,16,16384,1024,32,8,4,1,khkw_split,-1,16,20,32,12,1,next_burst,1,0,1,2,0,24,1,1,1,1,non_inclusive,lru,840464,302864,537600,4690176,4845824,0.967880,0,1152,0.000000,155648,4980736,0,0,4533632,0,0,4018816,38592,12608,8603648,8591040,8897984,306944,0.034496,4843776,0,154496,0,4533632,155648,0,0,0,0.031882,0.999577,0,0,0.011719,0.770881,1,1,1,8,15,16,0,0,15002496,17.850254,2.585265,2274,3431
V9,4,khkw-V9-s4-32b,26ef6f0,cache,khkw,loas,16,vgg16_T4_n5,layer_09_features_30,4,16384,8,512,64,524288,16,16384,1024,32,8,4,1,khkw_split,-1,16,20,32,12,1,next_burst,2,0,1,2,0,24,1,1,1,1,non_inclusive,lru,819416,302864,516552,4690848,4845824,0.968019,0,1152,0.000000,155648,4980736,0,0,4533824,0,0,3671640,38592,22824,8266880,8244056,8908400,664344,0.074575,4843776,672,153824,0,4381192,308088,0,0,0,0.031882,0.999577,0,0,0.011719,0.767552,1,1,2,11,15,24,0,0,15002496,18.308766,2.597394,2274,3431
V9,4,khkw-V9-s4-32b,26ef6f0,cache,khkw,loas,16,vgg16_T4_n5,layer_09_features_30,4,16384,8,512,64,524288,16,16384,1024,32,8,4,1,khkw_split,-1,16,20,32,12,1,next_burst,4,0,1,2,0,24,1,1,1,1,non_inclusive,lru,767080,302864,464216,4694224,4845824,0.968715,0,1152,0.000000,155648,4980736,0,0,4538272,0,0,2811512,38592,41128,7429504,7388376,8913408,1525032,0.171094,4843776,4048,150448,0,4105824,583456,0,0,0,0.031882,0.999577,0,0,0.011719,0.750832,1,2,2,13,22,24,0,0,15002496,19.557929,2.637669,2274,3431
V9,4,khkw-V9-s4-32b,26ef6f0,cache,khkw,loas,16,vgg16_T4_n5,layer_09_features_30,4,16384,8,512,64,524288,16,16384,1024,32,8,4,1,khkw_split,-1,16,20,32,12,1,none,0,0,1,2,0,24,2,1,1,1,non_inclusive,lru,557112,302864,254248,4690176,4845824,0.967880,0,155648,0.000000,155648,4980736,0,0,0,0,0,0,4057408,12608,4070016,4057408,4057408,0,0.000000,0,0,0,0,0,0,0,0,0,0.000000,0.999577,0,0,0.011719,1.541761,1,1,1,9,15,16,0,0,10158720,18.234610,1.622652,2274,3431
V9,4,khkw-V9-s4-32b,26ef6f0,cache,khkw,loas,16,vgg16_T4_n5,layer_09_features_30,4,16384,8,512,64,524288,16,16384,1024,32,8,4,1,khkw_split,-1,16,20,32,12,1,next_burst,1,0,1,2,0,24,2,1,1,1,non_inclusive,lru,840464,302864,537600,4690176,4845824,0.967880,0,1152,0.000000,155648,4980736,0,0,4533632,0,0,4018816,38592,12608,8603648,8591040,8897984,306944,0.034496,4843776,0,154496,0,4533632,155648,0,0,0,0.031882,0.999577,0,0,0.011719,1.541761,1,1,1,8,15,16,0,0,15002496,17.850254,2.566372,2274,3431
V9,4,khkw-V9-s4-32b,26ef6f0,cache,khkw,loas,16,vgg16_T4_n5,layer_09_features_30,4,16384,8,512,64,524288,16,16384,1024,32,8,4,1,khkw_split,-1,16,20,32,12,1,next_burst,2,0,1,2,0,24,2,1,1,1,non_inclusive,lru,819416,302864,516552,4690848,4845824,0.968019,0,1152,0.000000,155648,4980736,0,0,4533824,0,0,3671640,38592,22824,8266880,8244056,8908400,664344,0.074575,4843776,672,153824,0,4381192,308088,0,0,0,0.031882,0.999577,0,0,0.011719,1.535105,1,1,2,11,15,24,0,0,15002496,18.308766,2.596072,2274,3431
V9,4,khkw-V9-s4-32b,26ef6f0,cache,khkw,loas,16,vgg16_T4_n5,layer_09_features_30,4,16384,8,512,64,524288,16,16384,1024,32,8,4,1,khkw_split,-1,16,20,32,12,1,next_burst,4,0,1,2,0,24,2,1,1,1,non_inclusive,lru,767080,302864,464216,4694224,4845824,0.968715,0,1152,0.000000,155648,4980736,0,0,4538272,0,0,2811512,38592,41128,7429504,7388376,8913408,1525032,0.171094,4843776,4048,150448,0,4105824,583456,0,0,0,0.031882,0.999577,0,0,0.011719,1.501664,1,2,2,13,22,24,0,0,15002496,19.557929,2.636443,2274,3431
V9,4,khkw-V9-s4-32b,26ef6f0,cache,khkw,loas,16,vgg16_T4_n5,layer_09_features_30,4,16384,8,512,64,524288,16,16384,1024,32,8,4,1,khkw_split,-1,16,20,32,12,1,none,0,0,1,2,0,24,4,1,1,1,non_inclusive,lru,557112,302864,254248,4690176,4845824,0.967880,0,155648,0.000000,155648,4980736,0,0,0,0,0,0,4057408,12608,4070016,4057408,4057408,0,0.000000,0,0,0,0,0,0,0,0,0,0.000000,0.999577,0,0,0.011719,3.083523,1,1,1,9,15,16,0,0,10158720,18.234610,1.510517,2274,3431
V9,4,khkw-V9-s4-32b,26ef6f0,cache,khkw,loas,16,vgg16_T4_n5,layer_09_features_30,4,16384,8,512,64,524288,16,16384,1024,32,8,4,1,khkw_split,-1,16,20,32,12,1,next_burst,1,0,1,2,0,24,4,1,1,1,non_inclusive,lru,840464,302864,537600,4690176,4845824,0.967880,0,1152,0.000000,155648,4980736,0,0,4533632,0,0,4018816,38592,12608,8603648,8591040,8897984,306944,0.034496,4843776,0,154496,0,4533632,155648,0,0,0,0.031882,0.999577,0,0,0.011719,3.083523,1,1,1,8,15,16,0,0,15002496,17.850254,2.571383,2274,3431
V9,4,khkw-V9-s4-32b,26ef6f0,cache,khkw,loas,16,vgg16_T4_n5,layer_09_features_30,4,16384,8,512,64,524288,16,16384,1024,32,8,4,1,khkw_split,-1,16,20,32,12,1,next_burst,2,0,1,2,0,24,4,1,1,1,non_inclusive,lru,819416,302864,516552,4690848,4845824,0.968019,0,1152,0.000000,155648,4980736,0,0,4533824,0,0,3671640,38592,22824,8266880,8244056,8908400,664344,0.074575,4843776,672,153824,0,4381192,308088,0,0,0,0.031882,0.999577,0,0,0.011719,3.070210,1,1,2,11,15,24,0,0,15002496,18.308766,2.594555,2274,3431
V9,4,khkw-V9-s4-32b,26ef6f0,cache,khkw,loas,16,vgg16_T4_n5,layer_09_features_30,4,16384,8,512,64,524288,16,16384,1024,32,8,4,1,khkw_split,-1,16,20,32,12,1,next_burst,4,0,1,2,0,24,4,1,1,1,non_inclusive,lru,767152,302864,464288,4694288,4845824,0.968729,0,1152,0.000000,155648,4980736,0,0,4538400,0,0,2811504,38592,42160,7430656,7388496,8913424,1524928,0.171082,4843776,4112,150384,0,4105768,583512,0,0,0,0.031882,0.999577,0,0,0.011719,3.002060,1,2,2,13,22,24,0,0,15002496,19.556093,2.634849,2274,3431
V9,4,khkw-V9-s4-32b,26ef6f0,cache,khkw,loas,16,vgg16_T4_n5,layer_09_features_30,4,16384,8,512,64,524288,16,16384,1024,32,8,4,1,khkw_split,-1,16,20,32,12,1,none,0,0,1,2,0,24,8,1,1,1,non_inclusive,lru,557112,302864,254248,4690176,4845824,0.967880,0,155648,0.000000,155648,4980736,0,0,0,0,0,0,4057408,12608,4070016,4057408,4057408,0,0.000000,0,0,0,0,0,0,0,0,0,0.000000,0.999577,0,0,0.011719,6.167045,1,1,1,9,15,16,0,0,10158720,18.234610,1.516221,2274,3431
V9,4,khkw-V9-s4-32b,26ef6f0,cache,khkw,loas,16,vgg16_T4_n5,layer_09_features_30,4,16384,8,512,64,524288,16,16384,1024,32,8,4,1,khkw_split,-1,16,20,32,12,1,next_burst,1,0,1,2,0,24,8,1,1,1,non_inclusive,lru,840464,302864,537600,4690176,4845824,0.967880,0,1152,0.000000,155648,4980736,0,0,4533632,0,0,4018816,38592,12608,8603648,8591040,8897984,306944,0.034496,4843776,0,154496,0,4533632,155648,0,0,0,0.031882,0.999577,0,0,0.011719,6.167045,1,1,1,8,15,16,0,0,15002496,17.850254,2.572342,2274,3431
V9,4,khkw-V9-s4-32b,26ef6f0,cache,khkw,loas,16,vgg16_T4_n5,layer_09_features_30,4,16384,8,512,64,524288,16,16384,1024,32,8,4,1,khkw_split,-1,16,20,32,12,1,next_burst,2,0,1,2,0,24,8,1,1,1,non_inclusive,lru,819416,302864,516552,4690848,4845824,0.968019,0,1152,0.000000,155648,4980736,0,0,4533824,0,0,3671640,38592,22824,8266880,8244056,8908400,664344,0.074575,4843776,672,153824,0,4381192,308088,0,0,0,0.031882,0.999577,0,0,0.011719,6.140419,1,1,2,11,15,24,0,0,15002496,18.308766,2.605087,2274,3431
V9,4,khkw-V9-s4-32b,26ef6f0,cache,khkw,loas,16,vgg16_T4_n5,layer_09_features_30,4,16384,8,512,64,524288,16,16384,1024,32,8,4,1,khkw_split,-1,16,20,32,12,1,next_burst,4,0,1,2,0,24,8,1,1,1,non_inclusive,lru,767152,302864,464288,4694288,4845824,0.968729,0,1152,0.000000,155648,4980736,0,0,4538400,0,0,2811504,38592,42160,7430656,7388496,8913424,1524928,0.171082,4843776,4112,150384,0,4105768,583512,0,0,0,0.031882,0.999577,0,0,0.011719,6.004121,1,2,2,13,22,24,0,0,15002496,19.556093,2.649242,2274,3431
V9,4,khkw-V9-s4-64b,26ef6f0,cache,khkw,loas,16,vgg16_T4_n5,layer_09_features_30,4,16384,8,256,32,524288,16,8192,512,64,16,4,1,khkw_split,-1,16,20,32,12,1,none,0,0,1,2,0,24,1,1,1,1,non_inclusive,lru,430648,302864,127784,4768000,4845824,0.983940,0,77824,0.000000,77824,4980736,0,0,0,0,0,0,2033984,12608,2046592,2033984,2033984,0,0.000000,0,0,0,0,0,0,0,0,0,0.000000,0.999577,0,0,0.011719,0.385440,1,1,1,8,15,16,0,0,9925248,23.047240,1.451925,2274,3431
V9,4,khkw-V9-s4-64b,26ef6f0,cache,khkw,loas,16,vgg16_T4_n5,layer_09_features_30,4,16384,8,256,32,524288,16,8192,512,64,16,4,1,khkw_split,-1,16,20,32,12,1,next_burst,1,0,1,2,0,24,1,1,1,1,non_inclusive,lru,723728,302864,420864,4768000,4845824,0.983940,0,1152,0.000000,77824,4980736,0,0,4689280,0,0,1995392,38592,12608,6735872,6723264,6876608,153344,0.022299,4843776,0,76672,0,4689280,77824,0,0,0,0.015822,0.999577,0,0,0.011719,0.385440,1,1,1,8,15,16,0,0,14769024,20.406871,2.496506,2274,3431
V9,4,khkw-V9-s4-64b,26ef6f0,cache,khkw,loas,16,vgg16_T4_n5,layer_09_features_30,4,16384,8,256,32,524288,16,8192,512,64,16,4,1,khkw_split,-1,16,20,32,12,1,next_burst,2,0,1,2,0,24,1,1,1,1,non_inclusive,lru,714072,302864,411208,4768000,4845824,0.983940,0,1152,0.000000,77824,4980736,0,0,4688128,0,0,1842048,38592,12608,6581376,6568768,6875456,306688,0.044606,4843776,0,76672,0,4611456,155648,0,0,0,0.015822,0.999577,0,0,0.011719,0.385440,1,1,1,8,15,16,0,0,14769024,20.682822,2.511848,2274,3431
V9,4,khkw-V9-s4-64b,26ef6f0,cache,khkw,loas,16,vgg16_T4_n5,layer_09_features_30,4,16384,8,256,32,524288,16,8192,512,64,16,4,1,khkw_split,-1,16,20,32,12,1,next_burst,4,0,1,2,0,24,1,1,1,1,non_inclusive,lru,694760,302864,391896,4768000,4845824,0.983940,0,1152,0.000000,77824,4980736,0,0,4685824,0,0,1535360,38592,12608,6272384,6259776,6872640,612864,0.089174,4843776,0,76672,0,4455808,311296,0,0,0,0.015822,0.999577,0,0,0.011719,0.385440,1,1,1,8,15,16,0,0,14769024,21.257735,2.548373,2274,3431
V9,4,khkw-V9-s4-64b,26ef6f0,cache,khkw,loas,16,vgg16_T4_n5,layer_09_features_30,4,16384,8,256,32,524288,16,8192,512,64,16,4,1,khkw_split,-1,16,20,32,12,1,none,0,0,1,2,0,24,2,1,1,1,non_inclusive,lru,430648,302864,127784,4768000,4845824,0.983940,0,77824,0.000000,77824,4980736,0,0,0,0,0,0,2033984,12608,2046592,2033984,2033984,0,0.000000,0,0,0,0,0,0,0,0,0,0.000000,0.999577,0,0,0.011719,0.770881,1,1,1,8,15,16,0,0,9925248,23.047240,1.449144,2274,3431
V9,4,khkw-V9-s4-64b,26ef6f0,cache,khkw,loas,16,vgg16_T4_n5,layer_09_features_30,4,16384,8,256,32,524288,16,8192,512,64,16,4,1,khkw_split,-1,16,20,32,12,1,next_burst,1,0,1,2,0,24,2,1,1,1,non_inclusive,lru,723728,302864,420864,4768000,4845824,0.983940,0,1152,0.000000,77824,4980736,0,0,4689280,0,0,1995392,38592,12608,6735872,6723264,6876608,153344,0.022299,4843776,0,76672,0,4689280,77824,0,0,0,0.015822,0.999577,0,0,0.011719,0.770881,1,1,1,8,15,16,0,0,14769024,20.406871,2.490819,2274,3431
V9,4,khkw-V9-s4-64b,26ef6f0,cache,khkw,loas,16,vgg16_T4_n5,layer_09_features_30,4,16384,8,256,32,524288,16,8192,512,64,16,4,1,khkw_split,-1,16,20,32,12,1,next_burst,2,0,1,2,0,24,2,1,1,1,non_inclusive,lru,714072,302864,411208,4768000,4845824,0.983940,0,1152,0.000000,77824,4980736,0,0,4688128,0,0,1842048,38592,12608,6581376,6568768,6875456,306688,0.044606,4843776,0,76672,0,4611456,155648,0,0,0,0.015822,0.999577,0,0,0.011719,0.770881,1,1,1,8,15,16,0,0,14769024,20.682822,2.508833,2274,3431
V9,4,khkw-V9-s4-64b,26ef6f0,cache,khkw,loas,16,vgg16_T4_n5,layer_09_features_30,4,16384,8,256,32,524288,16,8192,512,64,16,4,1,khkw_split,-1,16,20,32,12,1,next_burst,4,0,1,2,0,24,2,1,1,1,non_inclusive,lru,694760,302864,391896,4768000,4845824,0.983940,0,1152,0.000000,77824,4980736,0,0,4685824,0,0,1535360,38592,12608,6272384,6259776,6872640,612864,0.089174,4843776,0,76672,0,4455808,311296,0,0,0,0.015822,0.999577,0,0,0.011719,0.770881,1,1,1,8,15,16,0,0,14769024,21.257735,2.539901,2274,3431
V9,4,khkw-V9-s4-64b,26ef6f0,cache,khkw,loas,16,vgg16_T4_n5,layer_09_features_30,4,16384,8,256,32,524288,16,8192,512,64,16,4,1,khkw_split,-1,16,20,32,12,1,none,0,0,1,2,0,24,4,1,1,1,non_inclusive,lru,430648,302864,127784,4768000,4845824,0.983940,0,77824,0.000000,77824,4980736,0,0,0,0,0,0,2033984,12608,2046592,2033984,2033984,0,0.000000,0,0,0,0,0,0,0,0,0,0.000000,0.999577,0,0,0.011719,1.541761,1,1,1,8,15,16,0,0,9925248,23.047240,1.486153,2274,3431
V9,4,khkw-V9-s4-64b,26ef6f0,cache,khkw,loas,16,vgg16_T4_n5,layer_09_features_30,4,16384,8,256,32,524288,16,8192,512,64,16,4,1,khkw_split,-1,16,20,32,12,1,next_burst,1,0,1,2,0,24,4,1,1,1,non_inclusive,lru,723728,302864,420864,4768000,4845824,0.983940,0,1152,0.000000,77824,4980736,0,0,4689280,0,0,1995392,38592,12608,6735872,6723264,6876608,153344,0.022299,4843776,0,76672,0,4689280,77824,0,0,0,0.015822,0.999577,0,0,0.011719,1.541761,1,1,1,8,15,16,0,0,14769024,20.406871,2.493827,2274,3431
V9,4,khkw-V9-s4-64b,26ef6f0,cache,khkw,loas,16,vgg16_T4_n5,layer_09_features_30,4,16384,8,256,32,524288,16,8192,512,64,16,4,1,khkw_split,-1,16,20,32,12,1,next_burst,2,0,1,2,0,24,4,1,1,1,non_inclusive,lru,714072,302864,411208,4768000,4845824,0.983940,0,1152,0.000000,77824,4980736,0,0,4688128,0,0,1842048,38592,12608,6581376,6568768,6875456,306688,0.044606,4843776,0,76672,0,4611456,155648,0,0,0,0.015822,0.999577,0,0,0.011719,1.541761,1,1,1,8,15,16,0,0,14769024,20.682822,2.505117,2274,3431
V9,4,khkw-V9-s4-64b,26ef6f0,cache,khkw,loas,16,vgg16_T4_n5,layer_09_features_30,4,16384,8,256,32,524288,16,8192,512,64,16,4,1,khkw_split,-1,16,20,32,12,1,next_burst,4,0,1,2,0,24,4,1,1,1,non_inclusive,lru,694760,302864,391896,4768000,4845824,0.983940,0,1152,0.000000,77824,4980736,0,0,4685824,0,0,1535360,38592,12608,6272384,6259776,6872640,612864,0.089174,4843776,0,76672,0,4455808,311296,0,0,0,0.015822,0.999577,0,0,0.011719,1.541761,1,1,1,8,15,16,0,0,14769024,21.257735,2.521757,2274,3431
V9,4,khkw-V9-s4-64b,26ef6f0,cache,khkw,loas,16,vgg16_T4_n5,layer_09_features_30,4,16384,8,256,32,524288,16,8192,512,64,16,4,1,khkw_split,-1,16,20,32,12,1,none,0,0,1,2,0,24,8,1,1,1,non_inclusive,lru,430648,302864,127784,4768000,4845824,0.983940,0,77824,0.000000,77824,4980736,0,0,0,0,0,0,2033984,12608,2046592,2033984,2033984,0,0.000000,0,0,0,0,0,0,0,0,0,0.000000,0.999577,0,0,0.011719,3.083523,1,1,1,8,15,16,0,0,9925248,23.047240,1.453670,2274,3431
V9,4,khkw-V9-s4-64b,26ef6f0,cache,khkw,loas,16,vgg16_T4_n5,layer_09_features_30,4,16384,8,256,32,524288,16,8192,512,64,16,4,1,khkw_split,-1,16,20,32,12,1,next_burst,1,0,1,2,0,24,8,1,1,1,non_inclusive,lru,723728,302864,420864,4768000,4845824,0.983940,0,1152,0.000000,77824,4980736,0,0,4689280,0,0,1995392,38592,12608,6735872,6723264,6876608,153344,0.022299,4843776,0,76672,0,4689280,77824,0,0,0,0.015822,0.999577,0,0,0.011719,3.083523,1,1,1,8,15,16,0,0,14769024,20.406871,2.504122,2274,3431
V9,4,khkw-V9-s4-64b,26ef6f0,cache,khkw,loas,16,vgg16_T4_n5,layer_09_features_30,4,16384,8,256,32,524288,16,8192,512,64,16,4,1,khkw_split,-1,16,20,32,12,1,next_burst,2,0,1,2,0,24,8,1,1,1,non_inclusive,lru,714072,302864,411208,4768000,4845824,0.983940,0,1152,0.000000,77824,4980736,0,0,4688128,0,0,1842048,38592,12608,6581376,6568768,6875456,306688,0.044606,4843776,0,76672,0,4611456,155648,0,0,0,0.015822,0.999577,0,0,0.011719,3.083523,1,1,1,8,15,16,0,0,14769024,20.682822,2.499727,2274,3431
V9,4,khkw-V9-s4-64b,26ef6f0,cache,khkw,loas,16,vgg16_T4_n5,layer_09_features_30,4,16384,8,256,32,524288,16,8192,512,64,16,4,1,khkw_split,-1,16,20,32,12,1,next_burst,4,0,1,2,0,24,8,1,1,1,non_inclusive,lru,694760,302864,391896,4768000,4845824,0.983940,0,1152,0.000000,77824,4980736,0,0,4685824,0,0,1535360,38592,12608,6272384,6259776,6872640,612864,0.089174,4843776,0,76672,0,4455808,311296,0,0,0,0.015822,0.999577,0,0,0.011719,3.083523,1,1,1,8,15,16,0,0,14769024,21.257735,2.516358,2274,3431
