_tag,_sample,_config,run_id,git_commit,arm,tier,arch,n_cores,workload,layer,sample_idx,l1_size_bytes,l1_assoc,l1_num_lines,l1_num_sets,l2_size_bytes,l2_assoc,l2_num_lines,l2_num_sets,line_size_bytes,cin_block,cout_block,weight_bytes,layout,cin_lo_blocks,l1_mshrs,l1_tgts_per_mshr,l2_mshrs,l2_tgts_per_mshr,l1_demand_reserve,prefetch_policy,prefetch_distance,l1_latency,l1_ii,l2_latency,l2_to_l1_latency,l2_miss_latency,l2_banks,l2_ii,dram_ii,core_accept_ii,inclusion,policy,total_cycles,tick_base_total,stretch_cycles,l1_hits,l1_accesses,l1_hit_rate,l2_hits,l2_accesses,l2_hit_rate,dram_accesses,dram_bytes,stall_l1_slot,stall_l1_line,stall_l1_port,stall_l2_slot,stall_l2_line,stall_l2_port,stall_channel,stall_barrier,stall_total,core_stall_sum,fetch_latency_sum,hidden_latency,hidden_fraction,pf_issued,pf_timely,pf_late,pf_wasted,pf_dropped_array_hit,pf_dropped_matching,pf_dropped_no_slot,pf_dropped_targets_full,pf_dropped_reserve,pf_coverage,pf_coverage_ceiling,pf_budget_exhausted,pf_pollution_evictions,padding_fraction,port_bound_threshold,l1_mshr_occ_p50,l1_mshr_occ_p95,l1_mshr_occ_max,l2_mshr_occ_p50,l2_mshr_occ_p95,l2_mshr_occ_max,max_wait_depth,hits_downgraded_to_miss,events,events_per_cycle,sim_wall_seconds,distinct_addr_per_core_tile_p50,distinct_addr_per_core_tile_max
V8,0,C2,w5-V8-s0-C2-block_pack,,cache,baseline,loas,16,vgg16_T4_n5,layer_08_features_27,0,16384,8,1024,128,1966080,16,122880,7680,16,1,16,1,block_pack,-1,16,20,20,12,1,none,0,0,1,10,0,100,1,1,1,1,non_inclusive,lru,3867478,162352,3705126,0,2597632,0.000000,2327392,2597632,0.895967,270240,4323840,0,0,0,0,0,28843070,29913252,527742,59284064,58756322,58756322,0,0.000000,0,0,0,0,0,0,0,0,0,0.000000,0.999212,0,0,0.000000,100.000000,1,1,1,8,15,16,0,0,10660896,2.756550,1.661304,1226,1875
V8,0,C2,w5-V8-s0-C2-split_cin,,cache,baseline,loas,16,vgg16_T4_n5,layer_08_features_27,0,16384,8,1024,128,1966080,16,122880,7680,16,1,16,1,split_cin,128,16,20,20,12,1,none,0,0,1,10,0,100,1,1,1,1,non_inclusive,lru,4384764,162352,4222412,186560,2597632,0.071819,2011352,2411072,0.834215,399720,6395520,0,0,0,0,0,21495658,44088668,1976314,67560640,65584326,65584326,0,0.000000,0,0,0,0,0,0,0,0,0,0.000000,0.999212,0,0,0.000000,92.818074,1,1,1,9,14,16,0,0,10417256,2.375785,1.674436,1226,1875
V8,0,C3,w5-V8-s0-C3-block_pack,,cache,baseline,loas,16,vgg16_T4_n5,layer_08_features_27,0,16384,1024,1024,1,1966080,16,122880,7680,16,1,16,1,block_pack,-1,16,20,20,12,1,none,0,0,1,10,0,100,1,1,1,1,non_inclusive,lru,3765604,162352,3603252,113536,2597632,0.043707,2213088,2484096,0.890903,271008,4336128,0,0,0,0,0,27153346,29984532,516202,57654080,57137878,57137878,0,0.000000,0,0,0,0,0,0,0,0,0,0.000000,0.999212,0,0,0.000000,95.629250,1,1,1,9,15,16,0,0,10434592,2.771027,15.281007,1226,1875
V8,0,C3,w5-V8-s0-C3-split_cin,,cache,baseline,loas,16,vgg16_T4_n5,layer_08_features_27,0,16384,1024,1024,1,1966080,16,122880,7680,16,1,16,1,split_cin,1,16,20,20,12,1,none,0,0,1,10,0,100,1,1,1,1,non_inclusive,lru,3765604,162352,3603252,113536,2597632,0.043707,2213088,2484096,0.890903,271008,4336128,0,0,0,0,0,27153346,29984532,516202,57654080,57137878,57137878,0,0.000000,0,0,0,0,0,0,0,0,0,0.000000,0.999212,0,0,0.000000,95.629250,1,1,1,9,15,16,0,0,10434592,2.771027,16.086211,1226,1875
V8,0,C4,w5-V8-s0-C4-block_pack,,cache,baseline,loas,16,vgg16_T4_n5,layer_08_features_27,0,16384,8,256,32,1966080,16,30720,1920,64,4,16,1,block_pack,-1,16,20,20,12,1,none,0,0,1,10,0,100,1,1,1,1,non_inclusive,lru,4963980,162352,4801628,1176960,2597632,0.453090,813472,1420672,0.572597,607200,38860800,0,0,0,0,0,9736448,66843614,248034,76828096,76580062,76580062,0,0.000000,0,0,0,0,0,0,0,0,0,0.000000,0.999212,0,0,0.104167,54.691042,1,1,1,13,16,16,0,0,8643936,1.741332,1.387297,1226,1875
V8,0,C4,w5-V8-s0-C4-split_cin,,cache,baseline,loas,16,vgg16_T4_n5,layer_08_features_27,0,16384,8,256,32,1966080,16,30720,1920,64,4,16,1,split_cin,32,16,20,20,12,1,none,0,0,1,10,0,100,1,1,1,1,non_inclusive,lru,5040612,162352,4878260,1185600,2597632,0.456416,795720,1412032,0.563528,616312,39443968,0,0,0,0,0,8968520,67874558,1211130,78054208,76843078,76843078,0,0.000000,0,0,0,0,0,0,0,0,0,0.000000,0.999212,0,0,0.104167,54.358431,1,1,1,13,16,16,0,0,8635768,1.713238,1.417276,1226,1875
V8,0,C5,w5-V8-s0-C5-block_pack,,cache,baseline,loas,16,vgg16_T4_n5,layer_08_features_27,0,16384,8,1024,128,1966080,16,122880,7680,16,1,16,1,block_pack,-1,16,20,20,12,1,next_burst,4,0,1,10,0,100,1,1,1,1,non_inclusive,lru,3021148,162352,2858796,670122,2597632,0.257974,1888,2048,0.921875,270240,4323840,0,0,430526,0,0,44758274,18800,535184,45742784,45207600,235956498,190748898,0.808407,2595584,670122,1925462,0,0,0,0,0,0,0.999212,0.999212,0,0,0.000000,74.202581,4,5,5,14,19,20,60,0,13367388,4.424605,2.666791,1226,1875
V8,0,C5,w5-V8-s0-C5-split_cin,,cache,baseline,loas,16,vgg16_T4_n5,layer_08_features_27,0,16384,8,1024,128,1966080,16,122880,7680,16,1,16,1,split_cin,128,16,20,20,12,1,next_burst,4,0,1,10,0,100,1,1,1,1,non_inclusive,lru,3063778,162352,2901426,1039496,2597632,0.400171,1536,2048,0.750000,399722,6395552,0,0,622008,0,0,44712888,59808,1030160,46424864,45394704,226335536,180940832,0.799436,2595584,852936,1556088,0,186560,0,0,0,0,0.927392,0.999212,0,0,0.000000,59.982938,4,5,5,16,19,20,60,0,13219718,4.314842,2.708118,1226,1875
V8,0,C6,w5-V8-s0-C6-block_pack,,cache,baseline,loas,16,vgg16_T4_n5,layer_08_features_27,0,16384,8,256,32,1966080,16,30720,1920,64,4,16,1,block_pack,-1,16,20,20,12,1,next_burst,4,0,1,10,0,100,1,1,1,1,non_inclusive,lru,3808272,162352,3645920,1505982,2597632,0.579752,1184,2048,0.578125,607200,38860800,0,0,770674,0,0,57056814,101520,407760,58336768,57929008,186464962,128535954,0.689330,2595584,329022,1089602,0,63554,1113406,0,0,0,0.546122,0.999212,0,0,0.104167,42.024813,2,4,5,17,19,20,60,0,11780612,3.093427,2.398171,1226,1875
V8,0,C6,w5-V8-s0-C6-split_cin,,cache,baseline,loas,16,vgg16_T4_n5,layer_08_features_27,0,16384,8,256,32,1966080,16,30720,1920,64,4,16,1,split_cin,32,16,20,20,12,1,next_burst,4,0,1,10,0,100,1,1,1,1,non_inclusive,lru,3840872,162352,3678520,1512378,2597632,0.582214,1104,1952,0.565574,616360,39447040,0,0,780596,0,0,57319196,99592,658984,58858368,58199384,185947982,127748598,0.687013,2595584,326778,1083302,0,76388,1109116,0,0,0,0.542833,0.999212,0,0,0.104167,41.778589,2,4,5,17,19,20,59,0,11790120,3.069647,2.407919,1226,1875
V8,1,C2,w5-V8-s1-C2-block_pack,,cache,baseline,loas,16,vgg16_T4_n5,layer_08_features_27,1,16384,8,1024,128,1966080,16,122880,7680,16,1,16,1,block_pack,-1,16,20,20,12,1,none,0,0,1,10,0,100,1,1,1,1,non_inclusive,lru,3126412,148272,2978140,0,2372352,0.000000,2227808,2372352,0.939071,144544,2312704,0,0,0,0,0,31431988,16002664,217636,47652288,47434652,47434652,0,0.000000,0,0,0,0,0,0,0,0,0,0.000000,0.999137,0,0,0.000000,100.000000,1,1,1,9,15,16,0,0,9634080,3.081513,1.431694,1125,1696
V8,1,C2,w5-V8-s1-C2-split_cin,,cache,baseline,loas,16,vgg16_T4_n5,layer_08_features_27,1,16384,8,1024,128,1966080,16,122880,7680,16,1,16,1,split_cin,128,16,20,20,12,1,none,0,0,1,10,0,100,1,1,1,1,non_inclusive,lru,3378392,148272,3230120,217856,2372352,0.091831,1890252,2154496,0.877352,264244,4227904,0,0,0,0,0,21138398,29190628,1354942,51683968,50329026,50329026,0,0.000000,0,0,0,0,0,0,0,0,0,0.000000,0.999137,0,0,0.000000,90.816877,1,1,1,9,15,16,0,0,9318068,2.758137,1.478956,1125,1696
V8,1,C3,w5-V8-s1-C3-block_pack,,cache,baseline,loas,16,vgg16_T4_n5,layer_08_features_27,1,16384,1024,1024,1,1966080,16,122880,7680,16,1,16,1,block_pack,-1,16,20,20,12,1,none,0,0,1,10,0,100,1,1,1,1,non_inclusive,lru,2983944,148272,2835672,142080,2372352,0.059890,2085728,2230272,0.935190,144544,2312704,0,0,0,0,0,29151618,15991900,229282,45372800,45143518,45143518,0,0.000000,0,0,0,0,0,0,0,0,0,0.000000,0.999137,0,0,0.000000,94.011007,1,1,1,9,15,16,0,0,9349920,3.133410,13.744652,1125,1696
V8,1,C3,w5-V8-s1-C3-split_cin,,cache,baseline,loas,16,vgg16_T4_n5,layer_08_features_27,1,16384,1024,1024,1,1966080,16,122880,7680,16,1,16,1,split_cin,1,16,20,20,12,1,none,0,0,1,10,0,100,1,1,1,1,non_inclusive,lru,2983944,148272,2835672,142080,2372352,0.059890,2085728,2230272,0.935190,144544,2312704,0,0,0,0,0,29151618,15991900,229282,45372800,45143518,45143518,0,0.000000,0,0,0,0,0,0,0,0,0,0.000000,0.999137,0,0,0.000000,94.011007,1,1,1,9,15,16,0,0,9349920,3.133410,13.761678,1125,1696
V8,1,C4,w5-V8-s1-C4-block_pack,,cache,baseline,loas,16,vgg16_T4_n5,layer_08_features_27,1,16384,8,256,32,1966080,16,30720,1920,64,4,16,1,block_pack,-1,16,20,20,12,1,none,0,0,1,10,0,100,1,1,1,1,non_inclusive,lru,4521630,148272,4373358,985856,2372352,0.415561,845664,1386496,0.609929,540832,34613248,0,0,0,0,0,10177116,59543702,254958,69975776,69720818,69720818,0,0.000000,0,0,0,0,0,0,0,0,0,0.000000,0.999137,0,0,0.222850,58.443941,1,1,1,13,16,16,0,0,8058656,1.782246,1.285850,1125,1696
V8,1,C4,w5-V8-s1-C4-split_cin,,cache,baseline,loas,16,vgg16_T4_n5,layer_08_features_27,1,16384,8,256,32,1966080,16,30720,1920,64,4,16,1,split_cin,32,16,20,20,12,1,none,0,0,1,10,0,100,1,1,1,1,non_inclusive,lru,4643782,148272,4495510,994688,2372352,0.419283,821520,1377664,0.596314,556144,35593216,0,0,0,0,0,9352538,61255508,1322162,71930208,70608046,70608046,0,0.000000,0,0,0,0,0,0,0,0,0,0.000000,0.999137,0,0,0.222850,58.071652,1,1,1,13,16,16,0,0,8056304,1.734858,1.305569,1125,1696
V8,1,C5,w5-V8-s1-C5-block_pack,,cache,baseline,loas,16,vgg16_T4_n5,layer_08_features_27,1,16384,8,1024,128,1966080,16,122880,7680,16,1,16,1,block_pack,-1,16,20,20,12,1,next_burst,4,0,1,10,0,100,1,1,1,1,non_inclusive,lru,2704634,148272,2556362,314688,2372352,0.132648,1920,2048,0.937500,144544,2312704,0,0,199504,0,0,40360088,15040,329208,40903840,40574632,212129096,171554464,0.808727,2370304,314688,2055616,0,0,0,0,0,0,0.999137,0.999137,0,0,0.000000,86.735189,4,5,5,15,19,20,60,0,12088356,4.469498,2.307136,1125,1696
V8,1,C5,w5-V8-s1-C5-split_cin,,cache,baseline,loas,16,vgg16_T4_n5,layer_08_features_27,1,16384,8,1024,128,1966080,16,122880,7680,16,1,16,1,split_cin,128,16,20,20,12,1,next_burst,4,0,1,10,0,100,1,1,1,1,non_inclusive,lru,2578704,148272,2430432,865496,2372352,0.364826,1564,1920,0.814583,264318,4229088,0,0,505456,0,0,37494422,41986,847096,38888960,38041864,187320080,149278216,0.796915,2370304,647640,1504936,0,217728,0,0,0,0,0.907359,0.999137,0,0,0.000000,63.517387,4,5,5,14,19,20,60,0,11798740,4.575453,2.418611,1125,1696
V8,1,C6,w5-V8-s1-C6-block_pack,,cache,baseline,loas,16,vgg16_T4_n5,layer_08_features_27,1,16384,8,256,32,1966080,16,30720,1920,64,4,16,1,block_pack,-1,16,20,20,12,1,next_burst,4,0,1,10,0,100,1,1,1,1,non_inclusive,lru,3438288,148272,3290016,1336130,2372352,0.563209,1216,2048,0.593750,540832,34613248,0,0,675550,0,0,51439138,97760,429856,52642304,52212448,177587088,125374640,0.705990,2370304,350274,1034174,0,57132,928724,0,0,0,0.583576,0.999137,0,0,0.222850,43.679100,2,4,5,17,19,20,58,0,10904508,3.171493,2.214811,1125,1696
V8,1,C6,w5-V8-s1-C6-split_cin,,cache,baseline,loas,16,vgg16_T4_n5,layer_08_features_27,1,16384,8,256,32,1966080,16,30720,1920,64,4,16,1,split_cin,32,16,20,20,12,1,next_burst,4,0,1,10,0,100,1,1,1,1,non_inclusive,lru,3530382,148272,3382110,1328696,2372352,0.560075,1184,1952,0.606557,556506,35616384,0,0,661908,0,0,52626958,90272,736670,54115808,53379138,179562978,126183840,0.702727,2370304,334008,1041704,0,67748,926844,0,0,0,0.579894,0.999137,0,0,0.222850,43.992460,2,4,5,18,19,20,58,0,10932306,3.096635,2.211704,1125,1696
V8,2,C2,w5-V8-s2-C2-block_pack,,cache,baseline,loas,16,vgg16_T4_n5,layer_08_features_27,2,16384,8,1024,128,1966080,16,122880,7680,16,1,16,1,block_pack,-1,16,20,20,12,1,none,0,0,1,10,0,100,1,1,1,1,non_inclusive,lru,3137974,146200,2991774,0,2339200,0.000000,2182816,2339200,0.933146,156384,2502144,0,0,0,0,0,30263630,17326112,280690,47870432,47589742,47589742,0,0.000000,0,0,0,0,0,0,0,0,0,0.000000,0.999124,0,0,0.000000,100.000000,1,1,1,9,15,16,0,0,9513312,3.031673,1.417832,1089,1666
V8,2,C2,w5-V8-s2-C2-split_cin,,cache,baseline,loas,16,vgg16_T4_n5,layer_08_features_27,2,16384,8,1024,128,1966080,16,122880,7680,16,1,16,1,split_cin,128,16,20,20,12,1,none,0,0,1,10,0,100,1,1,1,1,non_inclusive,lru,3341914,146200,3195714,267744,2339200,0.114460,1801114,2071456,0.869492,270342,4325472,0,0,0,0,0,19774872,29854276,1504324,51133472,49629148,49629148,0,0.000000,0,0,0,0,0,0,0,0,0,0.000000,0.999124,0,0,0.000000,88.554036,1,1,1,8,14,16,0,0,9091782,2.720531,1.475401,1089,1666
V8,2,C3,w5-V8-s2-C3-block_pack,,cache,baseline,loas,16,vgg16_T4_n5,layer_08_features_27,2,16384,1024,1024,1,1966080,16,122880,7680,16,1,16,1,block_pack,-1,16,20,20,12,1,none,0,0,1,10,0,100,1,1,1,1,non_inclusive,lru,2998924,146200,2852724,141568,2339200,0.060520,2040832,2197632,0.928650,156800,2508800,0,0,0,0,0,27999738,17358532,287362,45645632,45358270,45358270,0,0.000000,0,0,0,0,0,0,0,0,0,0.000000,0.999124,0,0,0.000000,93.948016,1,1,1,9,15,16,0,0,9230592,3.077968,13.571130,1089,1666
V8,2,C3,w5-V8-s2-C3-split_cin,,cache,baseline,loas,16,vgg16_T4_n5,layer_08_features_27,2,16384,1024,1024,1,1966080,16,122880,7680,16,1,16,1,split_cin,1,16,20,20,12,1,none,0,0,1,10,0,100,1,1,1,1,non_inclusive,lru,2998924,146200,2852724,141568,2339200,0.060520,2040832,2197632,0.928650,156800,2508800,0,0,0,0,0,27999738,17358532,287362,45645632,45358270,45358270,0,0.000000,0,0,0,0,0,0,0,0,0,0.000000,0.999124,0,0,0.000000,93.948016,1,1,1,9,15,16,0,0,9230592,3.077968,13.634694,1089,1666
V8,2,C4,w5-V8-s2-C4-block_pack,,cache,baseline,loas,16,vgg16_T4_n5,layer_08_features_27,2,16384,8,256,32,1966080,16,30720,1920,64,4,16,1,block_pack,-1,16,20,20,12,1,none,0,0,1,10,0,100,1,1,1,1,non_inclusive,lru,4282878,146200,4136678,971136,2339200,0.415157,862144,1368064,0.630193,505920,32378880,0,0,0,0,0,10203276,55710738,274882,66188896,65914014,65914014,0,0.000000,0,0,0,0,0,0,0,0,0,0.000000,0.999124,0,0,0.208007,58.484268,1,1,1,13,15,16,0,0,7920576,1.849358,1.260822,1089,1666
V8,2,C4,w5-V8-s2-C4-split_cin,,cache,baseline,loas,16,vgg16_T4_n5,layer_08_features_27,2,16384,8,256,32,1966080,16,30720,1920,64,4,16,1,split_cin,32,16,20,20,12,1,none,0,0,1,10,0,100,1,1,1,1,non_inclusive,lru,4413624,146200,4267424,979008,2339200,0.418523,837532,1360192,0.615745,522660,33450240,0,0,0,0,0,9520878,57576334,1183620,68280832,67097212,67097212,0,0.000000,0,0,0,0,0,0,0,0,0,0.000000,0.999124,0,0,0.208007,58.147743,1,1,1,13,15,16,0,0,7921572,1.794800,1.278697,1089,1666
V8,2,C5,w5-V8-s2-C5-block_pack,,cache,baseline,loas,16,vgg16_T4_n5,layer_08_features_27,2,16384,8,1024,128,1966080,16,122880,7680,16,1,16,1,block_pack,-1,16,20,20,12,1,next_burst,4,0,1,10,0,100,1,1,1,1,non_inclusive,lru,2670414,146200,2524214,373738,2339200,0.159772,1920,2048,0.937500,156384,2502144,0,0,239972,0,0,39762302,15040,372158,40389472,40017314,209286514,169269200,0.808792,2337152,373738,1963414,0,0,0,0,0,0,0.999124,0.999124,0,0,0.000000,84.022828,4,5,5,14,19,20,60,0,11933770,4.468884,2.316458,1089,1666
V8,2,C5,w5-V8-s2-C5-split_cin,,cache,baseline,loas,16,vgg16_T4_n5,layer_08_features_27,2,16384,8,1024,128,1966080,16,122880,7680,16,1,16,1,split_cin,128,16,20,20,12,1,next_burst,4,0,1,10,0,100,1,1,1,1,non_inclusive,lru,2480946,146200,2334746,897826,2339200,0.383818,1532,2048,0.748047,270422,4326752,0,0,520694,0,0,36032084,60514,744692,37357984,36613292,177586166,140972874,0.793828,2337152,630082,1439326,0,267744,0,0,0,0,0.884665,0.999124,0,0,0.000000,61.618246,4,5,5,14,19,20,60,0,11536252,4.649941,2.330537,1089,1666
V8,2,C6,w5-V8-s2-C6-block_pack,,cache,baseline,loas,16,vgg16_T4_n5,layer_08_features_27,2,16384,8,256,32,1966080,16,30720,1920,64,4,16,1,block_pack,-1,16,20,20,12,1,next_burst,4,0,1,10,0,100,1,1,1,1,non_inclusive,lru,3227934,146200,3081734,1339872,2339200,0.572791,1312,2048,0.640625,505920,32378880,0,0,680336,0,0,48128104,86480,414872,49309792,48894920,165915344,117020424,0.705302,2337152,368736,997280,0,56894,914242,0,0,0,0.583967,0.999124,0,0,0.208007,42.720930,2,4,5,17,19,20,60,0,10691726,3.312250,2.166952,1089,1666
V8,2,C6,w5-V8-s2-C6-split_cin,,cache,baseline,loas,16,vgg16_T4_n5,layer_08_features_27,2,16384,8,256,32,1966080,16,30720,1920,64,4,16,1,split_cin,32,16,20,20,12,1,next_burst,4,0,1,10,0,100,1,1,1,1,non_inclusive,lru,3334428,146200,3188228,1325026,2339200,0.566444,1088,1952,0.557377,522738,33455232,0,0,658062,0,0,49570988,101520,683126,51013696,50330570,169922362,119591792,0.703803,2337152,346018,1012222,0,64630,914282,0,0,0,0.580643,0.999124,0,0,0.208007,43.355592,2,4,5,18,19,20,60,0,10729094,3.217672,2.165442,1089,1666
V8,3,C2,w5-V8-s3-C2-block_pack,,cache,baseline,loas,16,vgg16_T4_n5,layer_08_features_27,3,16384,8,1024,128,1966080,16,122880,7680,16,1,16,1,block_pack,-1,16,20,20,12,1,none,0,0,1,10,0,100,1,1,1,1,non_inclusive,lru,3796264,156016,3640248,0,2496256,0.000000,2222624,2496256,0.890383,273632,4378112,0,0,0,0,0,27452714,30282622,510680,58246016,57735336,57735336,0,0.000000,0,0,0,0,0,0,0,0,0,0.000000,0.999180,0,0,0.000000,100.000000,1,1,1,9,15,16,0,0,10258784,2.702337,1.569339,1155,1786
V8,3,C2,w5-V8-s3-C2-split_cin,,cache,baseline,loas,16,vgg16_T4_n5,layer_08_features_27,3,16384,8,1024,128,1966080,16,122880,7680,16,1,16,1,split_cin,128,16,20,20,12,1,none,0,0,1,10,0,100,1,1,1,1,non_inclusive,lru,4183264,156016,4027248,185056,2496256,0.074133,1933542,2311200,0.836597,377658,6042528,0,0,0,0,0,20692596,41656168,2089252,64438016,62348764,62348764,0,0.000000,0,0,0,0,0,0,0,0,0,0.000000,0.999180,0,0,0.000000,92.586658,1,1,1,9,15,16,0,0,9992698,2.388732,1.588643,1155,1786
V8,3,C3,w5-V8-s3-C3-block_pack,,cache,baseline,loas,16,vgg16_T4_n5,layer_08_features_27,3,16384,1024,1024,1,1966080,16,122880,7680,16,1,16,1,block_pack,-1,16,20,20,12,1,none,0,0,1,10,0,100,1,1,1,1,non_inclusive,lru,3686218,156016,3530202,119840,2496256,0.048008,2102656,2376416,0.884801,273760,4380160,0,0,0,0,0,25712596,30280162,492522,56485280,55992758,55992758,0,0.000000,0,0,0,0,0,0,0,0,0,0.000000,0.999180,0,0,0.000000,95.199210,1,1,1,9,15,16,0,0,10019232,2.718025,14.718445,1155,1786
V8,3,C3,w5-V8-s3-C3-split_cin,,cache,baseline,loas,16,vgg16_T4_n5,layer_08_features_27,3,16384,1024,1024,1,1966080,16,122880,7680,16,1,16,1,split_cin,1,16,20,20,12,1,none,0,0,1,10,0,100,1,1,1,1,non_inclusive,lru,3686218,156016,3530202,119840,2496256,0.048008,2102656,2376416,0.884801,273760,4380160,0,0,0,0,0,25712596,30280162,492522,56485280,55992758,55992758,0,0.000000,0,0,0,0,0,0,0,0,0,0.000000,0.999180,0,0,0.000000,95.199210,1,1,1,9,15,16,0,0,10019232,2.718025,14.706798,1155,1786
V8,3,C4,w5-V8-s3-C4-block_pack,,cache,baseline,loas,16,vgg16_T4_n5,layer_08_features_27,3,16384,8,256,32,1966080,16,30720,1920,64,4,16,1,block_pack,-1,16,20,20,12,1,none,0,0,1,10,0,100,1,1,1,1,non_inclusive,lru,4740632,156016,4584616,1092608,2496256,0.437699,830592,1403648,0.591738,573056,36675584,0,0,0,0,0,10010844,63088910,256150,73355904,73099754,73099754,0,0.000000,0,0,0,0,0,0,0,0,0,0.000000,0.999180,0,0,0.106337,56.230130,1,1,1,13,16,16,0,0,8372992,1.766219,1.340901,1155,1786
V8,3,C4,w5-V8-s3-C4-split_cin,,cache,baseline,loas,16,vgg16_T4_n5,layer_08_features_27,3,16384,8,256,32,1966080,16,30720,1920,64,4,16,1,split_cin,32,16,20,20,12,1,none,0,0,1,10,0,100,1,1,1,1,non_inclusive,lru,4832892,156016,4676876,1101728,2496256,0.441352,810440,1394528,0.581157,584088,37381632,0,0,0,0,0,9295094,64328782,1208188,74832064,73623876,73623876,0,0.000000,0,0,0,0,0,0,0,0,0,0.000000,0.999180,0,0,0.106337,55.864783,1,1,1,13,16,16,0,0,8365784,1.731010,1.357042,1155,1786
V8,3,C5,w5-V8-s3-C5-block_pack,,cache,baseline,loas,16,vgg16_T4_n5,layer_08_features_27,3,16384,8,1024,128,1966080,16,122880,7680,16,1,16,1,block_pack,-1,16,20,20,12,1,next_burst,4,0,1,10,0,100,1,1,1,1,non_inclusive,lru,2939154,156016,2783138,670080,2496256,0.268434,1920,2048,0.937500,273632,4378112,0,0,427964,0,0,43575896,15040,513356,44532256,44018900,229722368,185703468,0.808382,2494208,670080,1824128,0,0,0,0,0,0,0.999180,0.999180,0,0,0.000000,73.156599,4,5,5,14,19,20,60,0,12876720,4.381097,2.591118,1155,1786
V8,3,C5,w5-V8-s3-C5-split_cin,,cache,baseline,loas,16,vgg16_T4_n5,layer_08_features_27,3,16384,8,1024,128,1966080,16,122880,7680,16,1,16,1,split_cin,128,16,20,20,12,1,next_burst,4,0,1,10,0,100,1,1,1,1,non_inclusive,lru,2922602,156016,2766586,988100,2496256,0.395833,1836,2048,0.896484,377692,6043072,0,0,585978,0,0,42675820,24674,980952,44267424,43286472,214920500,171634028,0.798593,2494208,803044,1506108,0,185056,0,0,0,0,0.925046,0.999180,0,0,0.000000,60.416720,4,5,5,16,19,20,60,0,12673494,4.336374,2.607911,1155,1786
V8,3,C6,w5-V8-s3-C6-block_pack,,cache,baseline,loas,16,vgg16_T4_n5,layer_08_features_27,3,16384,8,256,32,1966080,16,30720,1920,64,4,16,1,block_pack,-1,16,20,20,12,1,next_burst,4,0,1,10,0,100,1,1,1,1,non_inclusive,lru,3633478,156016,3477462,1430374,2496256,0.573008,1312,2048,0.640625,573056,36675584,0,0,735878,0,0,54366958,86480,452124,55641440,55189316,183159492,127970176,0.698682,2494208,337766,1063834,0,67594,1025014,0,0,0,0.561481,0.999180,0,0,0.106337,42.699226,2,4,5,17,19,20,60,0,11370318,3.129321,2.334981,1155,1786
V8,3,C6,w5-V8-s3-C6-split_cin,,cache,baseline,loas,16,vgg16_T4_n5,layer_08_features_27,3,16384,8,256,32,1966080,16,30720,1920,64,4,16,1,split_cin,32,16,20,20,12,1,next_burst,4,0,1,10,0,100,1,1,1,1,non_inclusive,lru,3697524,156016,3541508,1430128,2496256,0.572909,1248,1952,0.639344,584292,37394688,0,0,727702,0,0,55100924,82208,755342,56666176,55910834,183836814,127925980,0.695867,2494208,328400,1064176,0,72732,1028900,0,0,0,0.557866,0.999180,0,0,0.106337,42.709081,2,4,5,18,19,20,60,0,11394814,3.081742,2.304483,1155,1786
V8,4,C2,w5-V8-s4-C2-block_pack,,cache,baseline,loas,16,vgg16_T4_n5,layer_08_features_27,4,16384,8,1024,128,1966080,16,122880,7680,16,1,16,1,block_pack,-1,16,20,20,12,1,none,0,0,1,10,0,100,1,1,1,1,non_inclusive,lru,3869238,162512,3706726,0,2600192,0.000000,2332352,2600192,0.896992,267840,4285440,0,0,0,0,0,29120694,29652722,536248,59309664,58773416,58773416,0,0.000000,0,0,0,0,0,0,0,0,0,0.000000,0.999212,0,0,0.000000,100.000000,1,1,1,8,15,16,0,0,10668736,2.757322,1.652494,1217,1890
V8,4,C2,w5-V8-s4-C2-split_cin,,cache,baseline,loas,16,vgg16_T4_n5,layer_08_features_27,4,16384,8,1024,128,1966080,16,122880,7680,16,1,16,1,split_cin,128,16,20,20,12,1,none,0,0,1,10,0,100,1,1,1,1,non_inclusive,lru,4443356,162512,4280844,167104,2600192,0.064266,2028366,2433088,0.833659,404722,6475552,0,0,0,0,0,21670394,44644050,2181108,68495552,66314444,66314444,0,0.000000,0,0,0,0,0,0,0,0,0,0.000000,0.999212,0,0,0.000000,93.573398,1,1,1,9,15,16,0,0,10471410,2.356644,1.673936,1217,1890
V8,4,C3,w5-V8-s4-C3-block_pack,,cache,baseline,loas,16,vgg16_T4_n5,layer_08_features_27,4,16384,1024,1024,1,1966080,16,122880,7680,16,1,16,1,block_pack,-1,16,20,20,12,1,none,0,0,1,10,0,100,1,1,1,1,non_inclusive,lru,3793672,162512,3631160,82816,2600192,0.031850,2249440,2517376,0.893565,267936,4286976,0,0,0,0,0,27930104,29650334,520170,58100608,57580438,57580438,0,0.000000,0,0,0,0,0,0,0,0,0,0.000000,0.999212,0,0,0.000000,96.815004,1,1,1,8,15,16,0,0,10503200,2.768610,15.712749,1217,1890
V8,4,C3,w5-V8-s4-C3-split_cin,,cache,baseline,loas,16,vgg16_T4_n5,layer_08_features_27,4,16384,1024,1024,1,1966080,16,122880,7680,16,1,16,1,split_cin,1,16,20,20,12,1,none,0,0,1,10,0,100,1,1,1,1,non_inclusive,lru,3793672,162512,3631160,82816,2600192,0.031850,2249440,2517376,0.893565,267936,4286976,0,0,0,0,0,27930104,29650334,520170,58100608,57580438,57580438,0,0.000000,0,0,0,0,0,0,0,0,0,0.000000,0.999212,0,0,0.000000,96.815004,1,1,1,8,15,16,0,0,10503200,2.768610,15.768322,1217,1890
V8,4,C4,w5-V8-s4-C4-block_pack,,cache,baseline,loas,16,vgg16_T4_n5,layer_08_features_27,4,16384,8,256,32,1966080,16,30720,1920,64,4,16,1,block_pack,-1,16,20,20,12,1,none,0,0,1,10,0,100,1,1,1,1,non_inclusive,lru,4621036,162512,4458524,1201152,2600192,0.461947,844288,1399040,0.603477,554752,35504128,0,0,0,0,0,10003014,61075182,260236,71338432,71078196,71078196,0,0.000000,0,0,0,0,0,0,0,0,0,0.000000,0.999212,0,0,0.104818,53.805257,1,1,1,13,15,16,0,0,8553344,1.850958,1.360435,1217,1890
V8,4,C4,w5-V8-s4-C4-split_cin,,cache,baseline,loas,16,vgg16_T4_n5,layer_08_features_27,4,16384,8,256,32,1966080,16,30720,1920,64,4,16,1,split_cin,32,16,20,20,12,1,none,0,0,1,10,0,100,1,1,1,1,non_inclusive,lru,4789484,162512,4626972,1210560,2600192,0.465566,817526,1389632,0.588304,572106,36614784,0,0,0,0,0,9213210,63011884,1808506,74033600,72225094,72225094,0,0.000000,0,0,0,0,0,0,0,0,0,0.000000,0.999212,0,0,0.104818,53.443438,1,1,1,13,16,16,0,0,8551882,1.785554,1.417853,1217,1890
V8,4,C5,w5-V8-s4-C5-block_pack,,cache,baseline,loas,16,vgg16_T4_n5,layer_08_features_27,4,16384,8,1024,128,1966080,16,122880,7680,16,1,16,1,block_pack,-1,16,20,20,12,1,next_burst,4,0,1,10,0,100,1,1,1,1,non_inclusive,lru,3048798,162512,2886286,660908,2600192,0.254177,1600,2048,0.781250,267840,4285440,0,0,422538,0,0,45165980,52640,541466,46182624,45641158,238295310,192654152,0.808468,2598144,660908,1937236,0,0,0,0,0,0,0.999212,0.999212,0,0,0.000000,74.582339,4,5,5,14,19,20,60,0,13384006,4.389929,2.656210,1217,1890
V8,4,C5,w5-V8-s4-C5-split_cin,,cache,baseline,loas,16,vgg16_T4_n5,layer_08_features_27,4,16384,8,1024,128,1966080,16,122880,7680,16,1,16,1,split_cin,128,16,20,20,12,1,next_burst,4,0,1,10,0,100,1,1,1,1,non_inclusive,lru,3097328,162512,2934816,1022222,2600192,0.393133,1328,2048,0.648438,405350,6485600,0,0,610800,0,0,45278590,84904,984810,46959104,45974294,230525772,184551478,0.800568,2598144,855118,1575922,0,167104,0,0,0,0,0.934946,0.999212,0,0,0.000000,60.686672,4,5,5,16,19,20,60,0,13280350,4.287680,2.719233,1217,1890
V8,4,C6,w5-V8-s4-C6-block_pack,,cache,baseline,loas,16,vgg16_T4_n5,layer_08_features_27,4,16384,8,256,32,1966080,16,30720,1920,64,4,16,1,block_pack,-1,16,20,20,12,1,next_burst,4,0,1,10,0,100,1,1,1,1,non_inclusive,lru,3510326,162512,3347814,1548886,2600192,0.595681,1184,2048,0.578125,554752,35504128,0,0,822754,0,0,52171352,101520,471446,53567072,53095626,167109472,114013846,0.682270,2598144,347734,1049258,0,74378,1126774,0,0,0,0.537265,0.999212,0,0,0.104818,40.431860,2,4,5,17,19,20,58,0,11624100,3.311402,2.372498,1217,1890
V8,4,C6,w5-V8-s4-C6-split_cin,,cache,baseline,loas,16,vgg16_T4_n5,layer_08_features_27,4,16384,8,256,32,1966080,16,30720,1920,64,4,16,1,split_cin,32,16,20,20,12,1,next_burst,4,0,1,10,0,100,1,1,1,1,non_inclusive,lru,3597576,162512,3435064,1551596,2600192,0.596724,1088,1952,0.557377,572108,36614912,0,0,826732,0,0,53085574,101520,949246,54963072,54013826,169213362,115199536,0.680795,2598144,341036,1046644,0,85120,1125344,0,0,0,0.533684,0.999212,0,0,0.104818,40.327637,2,4,5,17,19,20,58,0,11658198,3.240570,2.398830,1217,1890
V9,0,C2,w5-V9-s0-C2-block_pack,,cache,baseline,loas,16,vgg16_T4_n5,layer_09_features_30,0,16384,8,1024,128,1966080,16,122880,7680,16,1,16,1,block_pack,-1,16,20,20,12,1,none,0,0,1,10,0,100,1,1,1,1,non_inclusive,lru,11705572,312192,11393380,0,4995072,0.000000,3731136,4995072,0.746963,1263936,20222976,0,0,0,0,0,42392098,139246536,657494,182296128,181638634,181638634,0,0.000000,0,0,0,0,0,0,0,0,0,0.000000,0.999590,0,0,0.000000,100.000000,1,1,1,12,15,16,0,0,21244352,1.814892,3.372966,2362,3575
V9,0,C2,w5-V9-s0-C2-split_cin,,cache,baseline,loas,16,vgg16_T4_n5,layer_09_features_30,0,16384,8,1024,128,1966080,16,122880,7680,16,1,16,1,split_cin,128,16,20,20,12,1,none,0,0,1,10,0,100,1,1,1,1,non_inclusive,lru,13887598,312192,13575406,35776,4995072,0.007162,3365596,4959296,0.678644,1593700,25499200,0,0,0,0,0,36399240,175478980,5330324,217208544,211878220,211878220,0,0.000000,0,0,0,0,0,0,0,0,0,0.000000,0.999590,0,0,0.000000,99.283774,1,1,1,12,15,16,0,0,21502564,1.548329,3.536384,2362,3575
V9,0,C3,w5-V9-s0-C3-block_pack,,cache,baseline,loas,16,vgg16_T4_n5,layer_09_features_30,0,16384,1024,1024,1,1966080,16,122880,7680,16,1,16,1,block_pack,-1,16,20,20,12,1,none,0,0,1,10,0,100,1,1,1,1,non_inclusive,lru,11676826,312192,11364634,29952,4995072,0.005996,3701184,4965120,0.745437,1263936,20222976,0,0,0,0,0,41938582,139243326,654284,181836192,181181908,181181908,0,0.000000,0,0,0,0,0,0,0,0,0,0.000000,0.999590,0,0,0.000000,99.400369,1,1,1,12,15,16,0,0,21184448,1.814230,31.007736,2362,3575
V9,0,C3,w5-V9-s0-C3-split_cin,,cache,baseline,loas,16,vgg16_T4_n5,layer_09_features_30,0,16384,1024,1024,1,1966080,16,122880,7680,16,1,16,1,split_cin,1,16,20,20,12,1,none,0,0,1,10,0,100,1,1,1,1,non_inclusive,lru,11676826,312192,11364634,29952,4995072,0.005996,3701184,4965120,0.745437,1263936,20222976,0,0,0,0,0,41938582,139243326,654284,181836192,181181908,181181908,0,0.000000,0,0,0,0,0,0,0,0,0,0.000000,0.999590,0,0,0.000000,99.400369,1,1,1,12,15,16,0,0,21184448,1.814230,31.725758,2362,3575
V9,0,C4,w5-V9-s0-C4-block_pack,,cache,baseline,loas,16,vgg16_T4_n5,layer_09_features_30,0,16384,8,256,32,1966080,16,30720,1920,64,4,16,1,block_pack,-1,16,20,20,12,1,none,0,0,1,10,0,100,1,1,1,1,non_inclusive,lru,6533010,312192,6220818,3361280,4995072,0.672919,828160,1633792,0.506894,805632,51560448,0,0,0,0,0,10653686,88628696,252754,99535136,99282382,99282382,0,0.000000,0,0,0,0,0,0,0,0,0,0.000000,0.999590,0,0,0.010200,32.708077,1,1,1,11,15,16,0,0,14063488,2.152681,2.231113,2362,3575
V9,0,C4,w5-V9-s0-C4-split_cin,,cache,baseline,loas,16,vgg16_T4_n5,layer_09_features_30,0,16384,8,256,32,1966080,16,30720,1920,64,4,16,1,split_cin,32,16,20,20,12,1,none,0,0,1,10,0,100,1,1,1,1,non_inclusive,lru,6514974,312192,6202782,3373568,4995072,0.675379,817744,1621504,0.504312,803760,51440640,0,0,0,0,0,10509832,88427010,309718,99246560,98936842,98936842,0,0.000000,0,0,0,0,0,0,0,0,0,0.000000,0.999590,0,0,0.010200,32.462075,1,1,1,12,15,16,0,0,14037040,2.154581,2.185180,2362,3575
V9,0,C5,w5-V9-s0-C5-block_pack,,cache,baseline,loas,16,vgg16_T4_n5,layer_09_features_30,0,16384,8,1024,128,1966080,16,122880,7680,16,1,16,1,block_pack,-1,16,20,20,12,1,next_burst,4,0,1,10,0,100,1,1,1,1,non_inclusive,lru,8520220,312192,8208028,1733742,4995072,0.347090,992,2048,0.484375,1263936,20222976,0,0,1010068,0,0,129323382,124080,872966,131330496,130457530,671732034,541274504,0.805789,4993024,1733742,3259282,0,0,0,0,0,0,0.999590,0.999590,0,0,0.000000,65.290951,4,5,5,18,19,20,60,0,27257550,3.199160,5.737825,2362,3575
V9,0,C5,w5-V9-s0-C5-split_cin,,cache,baseline,loas,16,vgg16_T4_n5,layer_09_features_30,0,16384,8,1024,128,1966080,16,122880,7680,16,1,16,1,split_cin,128,16,20,20,12,1,next_burst,4,0,1,10,0,100,1,1,1,1,non_inclusive,lru,10205184,312192,9892992,1733222,4995072,0.346986,1564,2048,0.763672,1596008,25536128,0,0,944058,0,0,155674536,57170,1614156,158289920,156675764,801717970,645042206,0.804575,4993024,1697446,3259802,0,35776,0,0,0,0,0.992428,0.999590,0,0,0.000000,65.301361,4,5,5,18,19,20,60,0,27902882,2.734187,5.585901,2362,3575
V9,0,C6,w5-V9-s0-C6-block_pack,,cache,baseline,loas,16,vgg16_T4_n5,layer_09_features_30,0,16384,8,256,32,1966080,16,30720,1920,64,4,16,1,block_pack,-1,16,20,20,12,1,next_burst,4,0,1,10,0,100,1,1,1,1,non_inclusive,lru,5256632,312192,4944440,3504398,4995072,0.701571,1184,2048,0.578125,805632,51560448,0,0,2060304,0,0,76636068,101520,315196,79113088,78797892,172973682,94175790,0.544452,4993024,143118,1488626,0,41466,3319814,0,0,0,0.326671,0.999590,0,0,0.010200,29.842893,1,2,3,17,19,20,28,0,19851818,3.776528,3.993589,2362,3575
V9,0,C6,w5-V9-s0-C6-split_cin,,cache,baseline,loas,16,vgg16_T4_n5,layer_09_features_30,0,16384,8,256,32,1966080,16,30720,1920,64,4,16,1,split_cin,32,16,20,20,12,1,next_burst,4,0,1,10,0,100,1,1,1,1,non_inclusive,lru,5239542,312192,4927350,3516030,4995072,0.703900,1088,1952,0.557377,803760,51440640,0,0,2083504,0,0,76328620,101520,326004,78839648,78513644,172368070,93854426,0.544500,4993024,142462,1477090,0,81176,3292296,0,0,0,0.324230,0.999590,0,0,0.010200,29.610024,1,2,3,17,19,20,28,0,19823220,3.783388,3.941828,2362,3575
V9,1,C2,w5-V9-s1-C2-block_pack,,cache,baseline,loas,16,vgg16_T4_n5,layer_09_features_30,1,16384,8,1024,128,1966080,16,122880,7680,16,1,16,1,block_pack,-1,16,20,20,12,1,none,0,0,1,10,0,100,1,1,1,1,non_inclusive,lru,11277806,306872,10970934,0,4909952,0.000000,3708736,4909952,0.755351,1201216,19219456,0,0,0,0,0,42528816,132349236,658940,175536992,174878052,174878052,0,0.000000,0,0,0,0,0,0,0,0,0,0.000000,0.999583,0,0,0.000000,100.000000,1,1,1,12,15,16,0,0,20841152,1.847979,3.377532,2304,3507
V9,1,C2,w5-V9-s1-C2-split_cin,,cache,baseline,loas,16,vgg16_T4_n5,layer_09_features_30,1,16384,8,1024,128,1966080,16,122880,7680,16,1,16,1,split_cin,128,16,20,20,12,1,none,0,0,1,10,0,100,1,1,1,1,non_inclusive,lru,13464744,306872,13157872,42112,4909952,0.008577,3324688,4867840,0.682990,1543152,24690432,0,0,0,0,0,36289630,169920996,4317374,210528000,206210626,206210626,0,0.000000,0,0,0,0,0,0,0,0,0,0.000000,0.999583,0,0,0.000000,99.142313,1,1,1,12,15,16,0,0,21098864,1.566971,3.443426,2304,3507
V9,1,C3,w5-V9-s1-C3-block_pack,,cache,baseline,loas,16,vgg16_T4_n5,layer_09_features_30,1,16384,1024,1024,1,1966080,16,122880,7680,16,1,16,1,block_pack,-1,16,20,20,12,1,none,0,0,1,10,0,100,1,1,1,1,non_inclusive,lru,11251838,306872,10944966,26592,4909952,0.005416,3682144,4883360,0.754019,1201216,19219456,0,0,0,0,0,42121398,132345576,654530,175121504,174466974,174466974,0,0.000000,0,0,0,0,0,0,0,0,0,0.000000,0.999583,0,0,0.000000,99.458406,1,1,1,12,15,16,0,0,20787968,1.847518,30.296788,2304,3507
V9,1,C3,w5-V9-s1-C3-split_cin,,cache,baseline,loas,16,vgg16_T4_n5,layer_09_features_30,1,16384,1024,1024,1,1966080,16,122880,7680,16,1,16,1,split_cin,1,16,20,20,12,1,none,0,0,1,10,0,100,1,1,1,1,non_inclusive,lru,11251838,306872,10944966,26592,4909952,0.005416,3682144,4883360,0.754019,1201216,19219456,0,0,0,0,0,42121398,132345576,654530,175121504,174466974,174466974,0,0.000000,0,0,0,0,0,0,0,0,0,0.000000,0.999583,0,0,0.000000,99.458406,1,1,1,12,15,16,0,0,20787968,1.847518,31.301134,2304,3507
V9,1,C4,w5-V9-s1-C4-block_pack,,cache,baseline,loas,16,vgg16_T4_n5,layer_09_features_30,1,16384,8,256,32,1966080,16,30720,1920,64,4,16,1,block_pack,-1,16,20,20,12,1,none,0,0,1,10,0,100,1,1,1,1,non_inclusive,lru,6529948,306872,6223076,3276672,4909952,0.667353,827232,1633280,0.506485,806048,51587072,0,0,0,0,0,10642036,88675164,254064,99571264,99317200,99317200,0,0.000000,0,0,0,0,0,0,0,0,0,0.000000,0.999583,0,0,0.018446,33.264684,1,1,1,11,15,16,0,0,13892640,2.127527,2.165644,2304,3507
V9,1,C4,w5-V9-s1-C4-split_cin,,cache,baseline,loas,16,vgg16_T4_n5,layer_09_features_30,1,16384,8,256,32,1966080,16,30720,1920,64,4,16,1,split_cin,32,16,20,20,12,1,none,0,0,1,10,0,100,1,1,1,1,non_inclusive,lru,6514976,306872,6208104,3288864,4909952,0.669836,816228,1621088,0.503506,804860,51511040,0,0,0,0,0,10491876,88546380,293456,99331712,99038256,99038256,0,0.000000,0,0,0,0,0,0,0,0,0,0.000000,0.999583,0,0,0.018446,33.016372,1,1,1,12,15,16,0,0,13867068,2.128491,2.194392,2304,3507
V9,1,C5,w5-V9-s1-C5-block_pack,,cache,baseline,loas,16,vgg16_T4_n5,layer_09_features_30,1,16384,8,1024,128,1966080,16,122880,7680,16,1,16,1,block_pack,-1,16,20,20,12,1,next_burst,4,0,1,10,0,100,1,1,1,1,non_inclusive,lru,8164874,306872,7858002,1709268,4909952,0.348123,1376,2048,0.671875,1201216,19219456,0,0,1010834,0,0,123873206,78960,767080,125730080,124963000,644000306,519037306,0.805958,4907904,1709268,3198636,0,0,0,0,0,0,0.999583,0.999583,0,0,0.000000,65.187684,4,5,5,18,19,20,60,0,26738594,3.274832,5.412477,2304,3507
V9,1,C5,w5-V9-s1-C5-split_cin,,cache,baseline,loas,16,vgg16_T4_n5,layer_09_features_30,1,16384,8,1024,128,1966080,16,122880,7680,16,1,16,1,split_cin,128,16,20,20,12,1,next_burst,4,0,1,10,0,100,1,1,1,1,non_inclusive,lru,9888474,306872,9581602,1700754,4909952,0.346389,1428,2048,0.697266,1543298,24692768,0,0,930436,0,0,150878590,73118,1425536,153307680,151882144,777080688,625198544,0.804548,4907904,1658642,3207150,0,42112,0,0,0,0,0.991006,0.999583,0,0,0.000000,65.361087,4,5,5,18,19,20,60,0,27376134,2.768489,5.464182,2304,3507
V9,1,C6,w5-V9-s1-C6-block_pack,,cache,baseline,loas,16,vgg16_T4_n5,layer_09_features_30,1,16384,8,256,32,1966080,16,30720,1920,64,4,16,1,block_pack,-1,16,20,20,12,1,next_burst,4,0,1,10,0,100,1,1,1,1,non_inclusive,lru,5252668,306872,4945796,3425292,4909952,0.697622,1184,2048,0.578125,806048,51587072,0,0,1996332,0,0,76713550,101520,323382,79134784,78811402,173771626,94960224,0.546466,4907904,148620,1482612,0,46854,3229818,0,0,0,0.332230,0.999583,0,0,0.018446,30.237770,2,2,4,17,19,20,28,0,19596708,3.730810,3.943631,2304,3507
V9,1,C6,w5-V9-s1-C6-split_cin,,cache,baseline,loas,16,vgg16_T4_n5,layer_09_features_30,1,16384,8,256,32,1966080,16,30720,1920,64,4,16,1,split_cin,32,16,20,20,12,1,next_burst,4,0,1,10,0,100,1,1,1,1,non_inclusive,lru,5237012,306872,4930140,3438244,4909952,0.700260,1088,1952,0.557377,804860,51511040,0,0,2021724,0,0,76456116,101520,304928,78884288,78579360,173158862,94579502,0.546201,4907904,149380,1469756,0,83230,3205538,0,0,0,0.329766,0.999583,0,0,0.018446,29.973979,2,2,4,17,19,20,28,0,19569978,3.736859,3.873853,2304,3507
V9,2,C2,w5-V9-s2-C2-block_pack,,cache,baseline,loas,16,vgg16_T4_n5,layer_09_features_30,2,16384,8,1024,128,1966080,16,122880,7680,16,1,16,1,block_pack,-1,16,20,20,12,1,none,0,0,1,10,0,100,1,1,1,1,non_inclusive,lru,11825202,312424,11512778,0,4998784,0.000000,3715168,4998784,0.743214,1283616,20537856,0,0,0,0,0,42141200,141406838,658458,184206496,183548038,183548038,0,0.000000,0,0,0,0,0,0,0,0,0,0.000000,0.999590,0,0,0.000000,100.000000,1,1,1,12,15,16,0,0,21278880,1.799452,3.470861,2343,3563
V9,2,C2,w5-V9-s2-C2-split_cin,,cache,baseline,loas,16,vgg16_T4_n5,layer_09_features_30,2,16384,8,1024,128,1966080,16,122880,7680,16,1,16,1,split_cin,128,16,20,20,12,1,none,0,0,1,10,0,100,1,1,1,1,non_inclusive,lru,13909680,312424,13597256,34656,4998784,0.006933,3358162,4964128,0.676486,1605966,25695456,0,0,0,0,0,36547378,176837808,4172958,217558144,213385186,213385186,0,0.000000,0,0,0,0,0,0,0,0,0,0.000000,0.999590,0,0,0.000000,99.306711,1,1,1,12,15,16,0,0,21531918,1.547981,3.555089,2343,3563
V9,2,C3,w5-V9-s2-C3-block_pack,,cache,baseline,loas,16,vgg16_T4_n5,layer_09_features_30,2,16384,1024,1024,1,1966080,16,122880,7680,16,1,16,1,block_pack,-1,16,20,20,12,1,none,0,0,1,10,0,100,1,1,1,1,non_inclusive,lru,11798244,312424,11485820,29184,4998784,0.005838,3685984,4969600,0.741706,1283616,20537856,0,0,0,0,0,41720162,141402284,652722,183775168,183122446,183122446,0,0.000000,0,0,0,0,0,0,0,0,0,0.000000,0.999590,0,0,0.000000,99.416178,1,1,1,12,15,16,0,0,21220512,1.798616,30.816294,2343,3563
V9,2,C3,w5-V9-s2-C3-split_cin,,cache,baseline,loas,16,vgg16_T4_n5,layer_09_features_30,2,16384,1024,1024,1,1966080,16,122880,7680,16,1,16,1,split_cin,1,16,20,20,12,1,none,0,0,1,10,0,100,1,1,1,1,non_inclusive,lru,11798244,312424,11485820,29184,4998784,0.005838,3685984,4969600,0.741706,1283616,20537856,0,0,0,0,0,41720162,141402284,652722,183775168,183122446,183122446,0,0.000000,0,0,0,0,0,0,0,0,0,0.000000,0.999590,0,0,0.000000,99.416178,1,1,1,12,15,16,0,0,21220512,1.798616,30.995684,2343,3563
V9,2,C4,w5-V9-s2-C4-block_pack,,cache,baseline,loas,16,vgg16_T4_n5,layer_09_features_30,2,16384,8,256,32,1966080,16,30720,1920,64,4,16,1,block_pack,-1,16,20,20,12,1,none,0,0,1,10,0,100,1,1,1,1,non_inclusive,lru,6538724,312424,6226300,3365632,4998784,0.673290,825376,1633152,0.505388,807776,51697664,0,0,0,0,0,10508304,88866214,248330,99622848,99374518,99374518,0,0.000000,0,0,0,0,0,0,0,0,0,0.000000,0.999590,0,0,0.009983,32.670986,1,1,1,11,15,16,0,0,14071776,2.152068,2.201285,2343,3563
V9,2,C4,w5-V9-s2-C4-split_cin,,cache,baseline,loas,16,vgg16_T4_n5,layer_09_features_30,2,16384,8,256,32,1966080,16,30720,1920,64,4,16,1,split_cin,32,16,20,20,12,1,none,0,0,1,10,0,100,1,1,1,1,non_inclusive,lru,6529250,312424,6216826,3377920,4998784,0.675748,813056,1620864,0.501619,807808,51699712,0,0,0,0,0,10345232,88870084,255948,99471264,99215316,99215316,0,0.000000,0,0,0,0,0,0,0,0,0,0.000000,0.999590,0,0,0.009983,32.425166,1,1,1,11,15,16,0,0,14047232,2.151431,2.174547,2343,3563
V9,2,C5,w5-V9-s2-C5-block_pack,,cache,baseline,loas,16,vgg16_T4_n5,layer_09_features_30,2,16384,8,1024,128,1966080,16,122880,7680,16,1,16,1,block_pack,-1,16,20,20,12,1,next_burst,4,0,1,10,0,100,1,1,1,1,non_inclusive,lru,8585598,312424,8273174,1762920,4998784,0.352670,1344,2048,0.656250,1283616,20537856,0,0,1027090,0,0,130439384,82720,823638,132372832,131549194,677348708,545799514,0.805788,4996736,1762920,3233816,0,0,0,0,0,0,0.999590,0.999590,0,0,0.000000,64.733023,4,5,5,18,19,20,60,0,27334302,3.183739,5.537731,2343,3563
V9,2,C5,w5-V9-s2-C5-split_cin,,cache,baseline,loas,16,vgg16_T4_n5,layer_09_features_30,2,16384,8,1024,128,1966080,16,122880,7680,16,1,16,1,split_cin,128,16,20,20,12,1,next_burst,4,0,1,10,0,100,1,1,1,1,non_inclusive,lru,10246692,312424,9934268,1737132,4998784,0.347511,1248,2048,0.609375,1606024,25696384,0,0,936228,0,0,156331840,93696,1588572,158950336,157361764,805303532,647941768,0.804593,4996736,1702476,3259604,0,34656,0,0,0,0,0.992657,0.999590,0,0,0.000000,65.248909,4,5,5,18,19,20,60,0,27946914,2.727408,5.607562,2343,3563
V9,2,C6,w5-V9-s2-C6-block_pack,,cache,baseline,loas,16,vgg16_T4_n5,layer_09_features_30,2,16384,8,256,32,1966080,16,30720,1920,64,4,16,1,block_pack,-1,16,20,20,12,1,next_burst,4,0,1,10,0,100,1,1,1,1,non_inclusive,lru,5257070,312424,4944646,3491420,4998784,0.698454,1184,2048,0.578125,807776,51697664,0,0,2021502,0,0,76659652,101520,333710,79116384,78782674,171121194,92338520,0.539609,4996736,125788,1505316,0,39652,3325980,0,0,0,0.326300,0.999590,0,0,0.009983,30.154614,2,2,4,17,19,20,40,0,19864454,3.778617,3.998132,2343,3563
V9,2,C6,w5-V9-s2-C6-split_cin,,cache,baseline,loas,16,vgg16_T4_n5,layer_09_features_30,2,16384,8,256,32,1966080,16,30720,1920,64,4,16,1,split_cin,32,16,20,20,12,1,next_burst,4,0,1,10,0,100,1,1,1,1,non_inclusive,lru,5250520,312424,4938096,3503094,4998784,0.700789,1088,1952,0.557377,807808,51699712,0,0,2044726,0,0,76531196,101520,334142,79011584,78677442,170803656,92126214,0.539369,4996736,125174,1493738,0,79274,3298550,0,0,0,0.323861,0.999590,0,0,0.009983,29.921077,2,2,4,17,19,20,40,0,19840174,3.778706,3.935887,2343,3563
V9,3,C2,w5-V9-s3-C2-block_pack,,cache,baseline,loas,16,vgg16_T4_n5,layer_09_features_30,3,16384,8,1024,128,1966080,16,122880,7680,16,1,16,1,block_pack,-1,16,20,20,12,1,none,0,0,1,10,0,100,1,1,1,1,non_inclusive,lru,12489824,313776,12176048,0,5020416,0.000000,3629440,5020416,0.722936,1390976,22255616,0,0,0,0,0,40978932,153212502,627382,194818816,194191434,194191434,0,0.000000,0,0,0,0,0,0,0,0,0,0.000000,0.999592,0,0,0.000000,100.000000,1,1,1,12,15,16,0,0,21472768,1.719221,3.520508,2358,3567
V9,3,C2,w5-V9-s3-C2-split_cin,,cache,baseline,loas,16,vgg16_T4_n5,layer_09_features_30,3,16384,8,1024,128,1966080,16,122880,7680,16,1,16,1,split_cin,128,16,20,20,12,1,none,0,0,1,10,0,100,1,1,1,1,non_inclusive,lru,14258226,313776,13944450,32064,5020416,0.006387,3342462,4988352,0.670053,1645890,26334240,0,0,0,0,0,36138806,181211360,5763082,223113248,217350166,217350166,0,0.000000,0,0,0,0,0,0,0,0,0,0.000000,0.999592,0,0,0.000000,99.361328,1,1,1,12,15,16,0,0,21663554,1.519372,3.566109,2358,3567
V9,3,C3,w5-V9-s3-C3-block_pack,,cache,baseline,loas,16,vgg16_T4_n5,layer_09_features_30,3,16384,1024,1024,1,1966080,16,122880,7680,16,1,16,1,block_pack,-1,16,20,20,12,1,none,0,0,1,10,0,100,1,1,1,1,non_inclusive,lru,12461318,313776,12147542,28992,5020416,0.005775,3600448,4991424,0.721327,1390976,22255616,0,0,0,0,0,40528086,153209610,625024,194362720,193737696,193737696,0,0.000000,0,0,0,0,0,0,0,0,0,0.000000,0.999592,0,0,0.000000,99.422518,1,1,1,12,15,16,0,0,21414784,1.718501,31.091871,2358,3567
V9,3,C3,w5-V9-s3-C3-split_cin,,cache,baseline,loas,16,vgg16_T4_n5,layer_09_features_30,3,16384,1024,1024,1,1966080,16,122880,7680,16,1,16,1,split_cin,1,16,20,20,12,1,none,0,0,1,10,0,100,1,1,1,1,non_inclusive,lru,12461318,313776,12147542,28992,5020416,0.005775,3600448,4991424,0.721327,1390976,22255616,0,0,0,0,0,40528086,153209610,625024,194362720,193737696,193737696,0,0.000000,0,0,0,0,0,0,0,0,0,0.000000,0.999592,0,0,0.000000,99.422518,1,1,1,12,15,16,0,0,21414784,1.718501,31.487638,2358,3567
V9,3,C4,w5-V9-s3-C4-block_pack,,cache,baseline,loas,16,vgg16_T4_n5,layer_09_features_30,3,16384,8,256,32,1966080,16,30720,1920,64,4,16,1,block_pack,-1,16,20,20,12,1,none,0,0,1,10,0,100,1,1,1,1,non_inclusive,lru,6540470,313776,6226694,3385216,5020416,0.674290,828512,1635200,0.506673,806688,51628032,0,0,0,0,0,10620202,88745052,263898,99629152,99365254,99365254,0,0.000000,0,0,0,0,0,0,0,0,0,0.000000,0.999592,0,0,0.008681,32.571006,1,1,1,11,15,16,0,0,14118048,2.158568,2.195425,2358,3567
V9,3,C4,w5-V9-s3-C4-split_cin,,cache,baseline,loas,16,vgg16_T4_n5,layer_09_features_30,3,16384,8,256,32,1966080,16,30720,1920,64,4,16,1,split_cin,32,16,20,20,12,1,none,0,0,1,10,0,100,1,1,1,1,non_inclusive,lru,6530636,313776,6216860,3397408,5020416,0.676718,816384,1623008,0.503007,806624,51623936,0,0,0,0,0,10464446,88738724,268638,99471808,99203170,99203170,0,0.000000,0,0,0,0,0,0,0,0,0,0.000000,0.999592,0,0,0.008681,32.328158,1,1,1,11,15,16,0,0,14093600,2.158075,2.158152,2358,3567
V9,3,C5,w5-V9-s3-C5-block_pack,,cache,baseline,loas,16,vgg16_T4_n5,layer_09_features_30,3,16384,8,1024,128,1966080,16,122880,7680,16,1,16,1,block_pack,-1,16,20,20,12,1,next_burst,4,0,1,10,0,100,1,1,1,1,non_inclusive,lru,9039184,313776,8725408,1777642,5020416,0.354083,1440,2048,0.703125,1390976,22255616,0,0,1006650,0,0,137733384,71440,797102,139608576,138811474,713700146,574888672,0.805504,5018368,1777642,3240726,0,0,0,0,0,0,0.999592,0.999592,0,0,0.000000,64.591739,4,5,5,18,19,20,60,0,27651872,3.059112,5.524051,2358,3567
V9,3,C5,w5-V9-s3-C5-split_cin,,cache,baseline,loas,16,vgg16_T4_n5,layer_09_features_30,3,16384,8,1024,128,1966080,16,122880,7680,16,1,16,1,split_cin,128,16,20,20,12,1,next_burst,4,0,1,10,0,100,1,1,1,1,non_inclusive,lru,10376332,313776,10062556,1783054,5020416,0.355161,1520,2048,0.742188,1649000,26384000,0,0,964288,0,0,158488166,61544,1488946,161002944,159513998,816348432,656834434,0.804601,5018368,1750990,3235314,0,32064,0,0,0,0,0.993205,0.999592,0,0,0.000000,64.483939,4,5,5,18,19,20,60,0,28135128,2.711471,5.590789,2358,3567
V9,3,C6,w5-V9-s3-C6-block_pack,,cache,baseline,loas,16,vgg16_T4_n5,layer_09_features_30,3,16384,8,256,32,1966080,16,30720,1920,64,4,16,1,block_pack,-1,16,20,20,12,1,next_burst,4,0,1,10,0,100,1,1,1,1,non_inclusive,lru,5264688,313776,4950912,3520342,5020416,0.701205,1184,2048,0.578125,806688,51628032,0,0,2063354,0,0,76771298,101520,280468,79216640,78936172,172640692,93704520,0.542772,5018368,135126,1498026,0,41250,3343966,0,0,0,0.325302,0.999592,0,0,0.008681,29.879476,1,2,4,17,19,20,36,0,19927400,3.785106,3.986400,2358,3567
V9,3,C6,w5-V9-s3-C6-split_cin,,cache,baseline,loas,16,vgg16_T4_n5,layer_09_features_30,3,16384,8,256,32,1966080,16,30720,1920,64,4,16,1,split_cin,32,16,20,20,12,1,next_burst,4,0,1,10,0,100,1,1,1,1,non_inclusive,lru,5257298,313776,4943522,3534976,5020416,0.704120,1088,1952,0.557377,806624,51623936,0,0,2092422,0,0,76617404,101520,287054,79098400,78811346,172276514,93465168,0.542530,5018368,137568,1483488,0,80938,3316374,0,0,0,0.322893,0.999592,0,0,0.008681,29.587986,1,2,4,17,19,20,36,0,19902918,3.785769,3.936799,2358,3567
V9,4,C2,w5-V9-s4-C2-block_pack,,cache,baseline,loas,16,vgg16_T4_n5,layer_09_features_30,4,16384,8,1024,128,1966080,16,122880,7680,16,1,16,1,block_pack,-1,16,20,20,12,1,none,0,0,1,10,0,100,1,1,1,1,non_inclusive,lru,10562738,302864,10259874,0,4845824,0.000000,3747072,4845824,0.773258,1098752,17580032,0,0,0,0,0,42394266,121080196,685570,164160032,163474462,163474462,0,0.000000,0,0,0,0,0,0,0,0,0,0.000000,0.999577,0,0,0.000000,100.000000,1,1,1,11,15,16,0,0,20482176,1.939097,3.277073,2274,3431
V9,4,C2,w5-V9-s4-C2-split_cin,,cache,baseline,loas,16,vgg16_T4_n5,layer_09_features_30,4,16384,8,1024,128,1966080,16,122880,7680,16,1,16,1,split_cin,128,16,20,20,12,1,none,0,0,1,10,0,100,1,1,1,1,non_inclusive,lru,13183004,302864,12880140,40160,4845824,0.008288,3307270,4805664,0.688203,1498394,23974304,0,0,0,0,0,35633302,164993642,5457344,206084288,200626944,200626944,0,0.000000,0,0,0,0,0,0,0,0,0,0.000000,0.999577,0,0,0.000000,99.171245,1,1,1,12,15,16,0,0,20801498,1.577903,3.391032,2274,3431
V9,4,C3,w5-V9-s4-C3-block_pack,,cache,baseline,loas,16,vgg16_T4_n5,layer_09_features_30,4,16384,1024,1024,1,1966080,16,122880,7680,16,1,16,1,block_pack,-1,16,20,20,12,1,none,0,0,1,10,0,100,1,1,1,1,non_inclusive,lru,10538108,302864,10235244,27840,4845824,0.005745,3719232,4817984,0.771948,1098752,17580032,0,0,0,0,0,42009696,121077028,679228,163765952,163086724,163086724,0,0.000000,0,0,0,0,0,0,0,0,0,0.000000,0.999577,0,0,0.000000,99.425485,1,1,1,11,15,16,0,0,20426496,1.938346,29.815852,2274,3431
V9,4,C3,w5-V9-s4-C3-split_cin,,cache,baseline,loas,16,vgg16_T4_n5,layer_09_features_30,4,16384,1024,1024,1,1966080,16,122880,7680,16,1,16,1,split_cin,1,16,20,20,12,1,none,0,0,1,10,0,100,1,1,1,1,non_inclusive,lru,10538108,302864,10235244,27840,4845824,0.005745,3719232,4817984,0.771948,1098752,17580032,0,0,0,0,0,42009696,121077028,679228,163765952,163086724,163086724,0,0.000000,0,0,0,0,0,0,0,0,0,0.000000,0.999577,0,0,0.000000,99.425485,1,1,1,11,15,16,0,0,20426496,1.938346,29.936918,2274,3431
V9,4,C4,w5-V9-s4-C4-block_pack,,cache,baseline,loas,16,vgg16_T4_n5,layer_09_features_30,4,16384,8,256,32,1966080,16,30720,1920,64,4,16,1,block_pack,-1,16,20,20,12,1,none,0,0,1,10,0,100,1,1,1,1,non_inclusive,lru,6521470,302864,6218606,3216256,4845824,0.663717,823808,1629568,0.505538,805760,51568640,0,0,0,0,0,10594106,88644174,261464,99499744,99238280,99238280,0,0.000000,0,0,0,0,0,0,0,0,0,0.000000,0.999577,0,0,0.011719,33.628295,1,1,1,11,15,16,0,0,13756672,2.109443,2.150175,2274,3431
V9,4,C4,w5-V9-s4-C4-split_cin,,cache,baseline,loas,16,vgg16_T4_n5,layer_09_features_30,4,16384,8,256,32,1966080,16,30720,1920,64,4,16,1,split_cin,32,16,20,20,12,1,none,0,0,1,10,0,100,1,1,1,1,non_inclusive,lru,6508454,302864,6205590,3228352,4845824,0.666213,812744,1617472,0.502478,804728,51502592,0,0,0,0,0,10439330,88535282,316876,99291488,98974612,98974612,0,0.000000,0,0,0,0,0,0,0,0,0,0.000000,0.999577,0,0,0.011719,33.378678,1,1,1,12,15,16,0,0,13731448,2.109786,2.131104,2274,3431
V9,4,C5,w5-V9-s4-C5-block_pack,,cache,baseline,loas,16,vgg16_T4_n5,layer_09_features_30,4,16384,8,1024,128,1966080,16,122880,7680,16,1,16,1,block_pack,-1,16,20,20,12,1,next_burst,4,0,1,10,0,100,1,1,1,1,non_inclusive,lru,7602714,302864,7299850,1703802,4845824,0.351602,1120,2048,0.546875,1098752,17580032,0,0,998268,0,0,114903912,109040,788428,116799648,116011220,599114488,483103268,0.806362,4843776,1703802,3139974,0,0,0,0,0,0,0.999577,0.999577,0,0,0.000000,64.839788,4,5,5,17,19,20,60,0,26173590,3.442664,5.237252,2274,3431
V9,4,C5,w5-V9-s4-C5-split_cin,,cache,baseline,loas,16,vgg16_T4_n5,layer_09_features_30,4,16384,8,1024,128,1966080,16,122880,7680,16,1,16,1,split_cin,128,16,20,20,12,1,next_burst,4,0,1,10,0,100,1,1,1,1,non_inclusive,lru,9574460,302864,9271596,1722666,4845824,0.355495,1464,2048,0.714844,1501928,24030848,0,0,942610,0,0,145991712,68492,1344770,148347584,147002814,752526576,605523762,0.804654,4843776,1682506,3121110,0,40160,0,0,0,0,0.991290,0.999577,0,0,0.000000,64.450504,4,5,5,18,19,20,60,0,26969086,2.816774,5.355755,2274,3431
V9,4,C6,w5-V9-s4-C6-block_pack,,cache,baseline,loas,16,vgg16_T4_n5,layer_09_features_30,4,16384,8,256,32,1966080,16,30720,1920,64,4,16,1,block_pack,-1,16,20,20,12,1,next_burst,4,0,1,10,0,100,1,1,1,1,non_inclusive,lru,5248732,302864,4945868,3370060,4845824,0.695457,1184,2048,0.578125,805760,51568640,0,0,1953892,0,0,76773906,101520,306618,79135936,78829318,175407836,96578518,0.550594,4843776,153804,1473716,0,46810,3169446,0,0,0,0.335860,0.999577,0,0,0.011719,30.454346,2,3,4,17,19,20,44,0,19397450,3.695645,3.890367,2274,3431
V9,4,C6,w5-V9-s4-C6-split_cin,,cache,baseline,loas,16,vgg16_T4_n5,layer_09_features_30,4,16384,8,256,32,1966080,16,30720,1920,64,4,16,1,split_cin,32,16,20,20,12,1,next_burst,4,0,1,10,0,100,1,1,1,1,non_inclusive,lru,5235570,302864,4932706,3379680,4845824,0.697442,1088,1952,0.557377,804728,51502592,0,0,1973256,0,0,76516524,101520,334044,78925344,78591300,174791718,96200418,0.550372,4843776,151328,1464192,0,83432,3144824,0,0,0,0.333384,0.999577,0,0,0.011719,30.255824,2,3,4,17,19,20,44,0,19370888,3.699862,3.872970,2274,3431
R9,0,C2,w5-R9-s0-C2-block_pack,,cache,baseline,loas,16,resnet19_T4_n5,layer_09_layer2_0_conv2,0,16384,8,1024,128,1966080,16,122880,7680,16,1,16,1,block_pack,-1,16,20,20,12,1,none,0,0,1,10,0,100,1,1,1,1,non_inclusive,lru,1573539,86384,1487155,768,1382144,0.000556,1344528,1381376,0.973325,18424,294784,0,0,0,0,0,19656524,4075020,64984,23796528,23731544,23731544,0,0.000000,0,0,0,0,0,0,0,0,0,0.000000,0.998518,0,0,0.000000,99.944434,1,1,1,4,8,8,0,0,5545592,3.524280,0.795226,737,902
R9,0,C2,w5-R9-s0-C2-split_cin,,cache,baseline,loas,16,resnet19_T4_n5,layer_09_layer2_0_conv2,0,16384,8,1024,128,1966080,16,122880,7680,16,1,16,1,split_cin,128,16,20,20,12,1,none,0,0,1,10,0,100,1,1,1,1,non_inclusive,lru,1085084,86384,998700,506688,1382144,0.366596,838608,875456,0.957910,18424,294784,0,0,0,0,0,11751738,4051474,178036,15981248,15803212,15803212,0,0.000000,0,0,0,0,0,0,0,0,0,0.000000,0.998518,0,0,0.000000,63.340433,1,1,1,5,8,8,0,0,4533752,4.178250,0.683277,737,902
R9,0,C3,w5-R9-s0-C3-block_pack,,cache,baseline,loas,16,resnet19_T4_n5,layer_09_layer2_0_conv2,0,16384,1024,1024,1,1966080,16,122880,7680,16,1,16,1,block_pack,-1,16,20,20,12,1,none,0,0,1,10,0,100,1,1,1,1,non_inclusive,lru,760948,86384,674564,849648,1382144,0.614732,495648,532496,0.930801,18424,294784,0,0,0,0,0,6594423,4050715,149934,10795072,10645138,10645138,0,0.000000,0,0,0,0,0,0,0,0,0,0.000000,0.998518,0,0,0.000000,38.526811,1,1,1,4,8,8,0,0,3847832,5.056629,3.631344,737,902
R9,0,C3,w5-R9-s0-C3-split_cin,,cache,baseline,loas,16,resnet19_T4_n5,layer_09_layer2_0_conv2,0,16384,1024,1024,1,1966080,16,122880,7680,16,1,16,1,split_cin,1,16,20,20,12,1,none,0,0,1,10,0,100,1,1,1,1,non_inclusive,lru,760948,86384,674564,849648,1382144,0.614732,495648,532496,0.930801,18424,294784,0,0,0,0,0,6594423,4050715,149934,10795072,10645138,10645138,0,0.000000,0,0,0,0,0,0,0,0,0,0.000000,0.998518,0,0,0.000000,38.526811,1,1,1,4,8,8,0,0,3847832,5.056629,3.620479,737,902
R9,0,C4,w5-R9-s0-C4-block_pack,,cache,baseline,loas,16,resnet19_T4_n5,layer_09_layer2_0_conv2,0,16384,8,256,32,1966080,16,30720,1920,64,4,16,1,block_pack,-1,16,20,20,12,1,none,0,0,1,10,0,100,1,1,1,1,non_inclusive,lru,870210,86384,783826,573872,1382144,0.415204,799056,808272,0.988598,4608,294912,0,0,0,0,0,11324390,1015125,203749,12543264,12339515,12339515,0,0.000000,0,0,0,0,0,0,0,0,0,0.000000,0.998518,0,0,0.000434,58.479580,1,1,1,4,8,8,0,0,4385568,5.039666,0.650491,737,902
R9,0,C4,w5-R9-s0-C4-split_cin,,cache,baseline,loas,16,resnet19_T4_n5,layer_09_layer2_0_conv2,0,16384,8,256,32,1966080,16,30720,1920,64,4,16,1,split_cin,32,16,20,20,12,1,none,0,0,1,10,0,100,1,1,1,1,non_inclusive,lru,834678,86384,748294,610320,1382144,0.441575,762608,771824,0.988059,4608,294912,0,0,0,0,0,10753853,1014940,205959,11974752,11768793,11768793,0,0.000000,0,0,0,0,0,0,0,0,0,0.000000,0.998518,0,0,0.000434,55.842517,1,1,1,4,8,8,0,0,4312672,5.166869,0.638126,737,902
R9,0,C5,w5-R9-s0-C5-block_pack,,cache,baseline,loas,16,resnet19_T4_n5,layer_09_layer2_0_conv2,0,16384,8,1024,128,1966080,16,122880,7680,16,1,16,1,block_pack,-1,16,20,20,12,1,next_burst,4,0,1,10,0,100,1,1,1,1,non_inclusive,lru,1409906,86384,1323522,69655,1382144,0.050396,1936,2032,0.952756,18424,294784,0,0,45507,0,0,21013650,11232,108011,21178400,21070389,110574673,89504284,0.809447,1380096,68887,1310457,0,752,0,0,0,0,0.997974,0.998518,0,0,0.000000,94.960366,4,5,5,10,17,20,47,0,6935942,4.919436,1.237447,737,902
R9,0,C5,w5-R9-s0-C5-split_cin,,cache,baseline,loas,16,resnet19_T4_n5,layer_09_layer2_0_conv2,0,16384,8,1024,128,1966080,16,122880,7680,16,1,16,1,split_cin,128,16,20,20,12,1,next_burst,4,0,1,10,0,100,1,1,1,1,non_inclusive,lru,936350,86384,849966,625212,1382144,0.452349,944,1040,0.907692,18424,294784,0,0,343254,0,0,13116920,11232,130098,13601504,13471406,54292971,40821565,0.751876,1380096,118524,755892,0,505680,0,0,0,0,0.632652,0.998518,0,0,0.000000,54.765061,3,5,5,11,18,20,47,0,5924526,6.327256,1.167795,737,902
R9,0,C6,w5-R9-s0-C6-block_pack,,cache,baseline,loas,16,resnet19_T4_n5,layer_09_layer2_0_conv2,0,16384,8,256,32,1966080,16,30720,1920,64,4,16,1,block_pack,-1,16,20,20,12,1,next_burst,4,0,1,10,0,100,1,1,1,1,non_inclusive,lru,824834,86384,738450,682641,1382144,0.493900,2032,2096,0.969466,4608,294912,0,0,281277,0,0,11462829,7488,65654,11817248,11751594,42222010,30470416,0.721671,1380096,108769,697407,0,2747,571173,0,0,0,0.583279,0.998518,0,0,0.000434,50.609994,2,4,5,16,17,20,40,0,5770942,6.996489,1.113664,737,902
R9,0,C6,w5-R9-s0-C6-split_cin,,cache,baseline,loas,16,resnet19_T4_n5,layer_09_layer2_0_conv2,0,16384,8,256,32,1966080,16,30720,1920,64,4,16,1,split_cin,32,16,20,20,12,1,next_burst,4,0,1,10,0,100,1,1,1,1,non_inclusive,lru,789782,86384,703398,712536,1382144,0.515529,1808,1872,0.965812,4608,294912,0,0,315745,0,0,10866135,7488,67048,11256416,11189368,39304917,28115549,0.715319,1380096,102216,667736,0,63883,546261,0,0,0,0.557071,0.998518,0,0,0.000434,48.447050,2,4,5,16,17,20,40,0,5698062,7.214728,1.140089,737,902
R9,1,C2,w5-R9-s1-C2-block_pack,,cache,baseline,loas,16,resnet19_T4_n5,layer_09_layer2_0_conv2,1,16384,8,1024,128,1966080,16,122880,7680,16,1,16,1,block_pack,-1,16,20,20,12,1,none,0,0,1,10,0,100,1,1,1,1,non_inclusive,lru,1253935,66910,1187025,1168,1070560,0.001091,1034848,1069392,0.967698,17272,276352,0,0,0,0,0,15103390,3827180,63878,18994448,18930570,18930570,0,0.000000,0,0,0,0,0,0,0,0,0,0.000000,0.998087,0,0,0.000000,99.890898,1,1,1,4,8,8,0,0,4297304,3.427055,0.627989,542,768
R9,1,C2,w5-R9-s1-C2-split_cin,,cache,baseline,loas,16,resnet19_T4_n5,layer_09_layer2_0_conv2,1,16384,8,1024,128,1966080,16,122880,7680,16,1,16,1,split_cin,128,16,20,20,12,1,none,0,0,1,10,0,100,1,1,1,1,non_inclusive,lru,779023,66910,712113,489392,1070560,0.457136,546624,581168,0.940561,17272,276352,0,0,0,0,0,7458667,3796497,140692,11395856,11255164,11255164,0,0.000000,0,0,0,0,0,0,0,0,0,0.000000,0.998087,0,0,0.000000,54.286355,1,1,1,5,8,8,0,0,3320856,4.262847,0.525450,542,768
R9,1,C3,w5-R9-s1-C3-block_pack,,cache,baseline,loas,16,resnet19_T4_n5,layer_09_layer2_0_conv2,1,16384,1024,1024,1,1966080,16,122880,7680,16,1,16,1,block_pack,-1,16,20,20,12,1,none,0,0,1,10,0,100,1,1,1,1,non_inclusive,lru,449844,66910,382934,852912,1070560,0.796697,183104,217648,0.841285,17272,276352,0,0,0,0,0,2252689,3798865,77438,6128992,6051554,6051554,0,0.000000,0,0,0,0,0,0,0,0,0,0.000000,0.998087,0,0,0.000000,20.330294,1,1,1,4,8,8,0,0,2593816,5.766034,1.677256,542,768
R9,1,C3,w5-R9-s1-C3-split_cin,,cache,baseline,loas,16,resnet19_T4_n5,layer_09_layer2_0_conv2,1,16384,1024,1024,1,1966080,16,122880,7680,16,1,16,1,split_cin,1,16,20,20,12,1,none,0,0,1,10,0,100,1,1,1,1,non_inclusive,lru,449844,66910,382934,852912,1070560,0.796697,183104,217648,0.841285,17272,276352,0,0,0,0,0,2252689,3798865,77438,6128992,6051554,6051554,0,0.000000,0,0,0,0,0,0,0,0,0,0.000000,0.998087,0,0,0.000000,20.330294,1,1,1,4,8,8,0,0,2593816,5.766034,1.671347,542,768
R9,1,C4,w5-R9-s1-C4-block_pack,,cache,baseline,loas,16,resnet19_T4_n5,layer_09_layer2_0_conv2,1,16384,8,256,32,1966080,16,30720,1920,64,4,16,1,block_pack,-1,16,20,20,12,1,none,0,0,1,10,0,100,1,1,1,1,non_inclusive,lru,780199,66910,713289,348928,1070560,0.325930,712416,721632,0.987229,4608,294912,0,0,0,0,0,10242841,1015839,155992,11414672,11258680,11258680,0,0.000000,0,0,0,0,0,0,0,0,0,0.000000,0.998087,0,0,0.062934,67.406965,1,1,1,4,8,8,0,0,3589120,4.600262,0.530617,542,768
R9,1,C4,w5-R9-s1-C4-split_cin,,cache,baseline,loas,16,resnet19_T4_n5,layer_09_layer2_0_conv2,1,16384,8,256,32,1966080,16,30720,1920,64,4,16,1,split_cin,32,16,20,20,12,1,none,0,0,1,10,0,100,1,1,1,1,non_inclusive,lru,718659,66910,651749,411536,1070560,0.384412,649808,659024,0.986016,4608,294912,0,0,0,0,0,9255346,1015088,159598,10430032,10270434,10270434,0,0.000000,0,0,0,0,0,0,0,0,0,0.000000,0.998087,0,0,0.062934,61.558810,1,1,1,4,8,8,0,0,3463904,4.819955,0.512780,542,768
R9,1,C5,w5-R9-s1-C5-block_pack,,cache,baseline,loas,16,resnet19_T4_n5,layer_09_layer2_0_conv2,1,16384,8,1024,128,1966080,16,122880,7680,16,1,16,1,block_pack,-1,16,20,20,12,1,next_burst,4,0,1,10,0,100,1,1,1,1,non_inclusive,lru,1095864,66910,1028954,71036,1070560,0.066354,2012,2108,0.954459,17272,276352,0,0,46804,0,0,16281537,11232,125739,16465312,16339573,85666216,69326643,0.809265,1068512,69868,997416,0,1228,0,0,0,0,0.996940,0.998087,0,0,0.000000,93.364594,4,5,5,10,17,20,47,0,5373926,4.903826,0.973278,542,768
R9,1,C5,w5-R9-s1-C5-split_cin,,cache,baseline,loas,16,resnet19_T4_n5,layer_09_layer2_0_conv2,1,16384,8,1024,128,1966080,16,122880,7680,16,1,16,1,split_cin,128,16,20,20,12,1,next_burst,4,0,1,10,0,100,1,1,1,1,non_inclusive,lru,643536,66910,576626,579265,1070560,0.541086,1008,1104,0.913043,17272,276352,0,0,353171,0,0,8721778,11232,141883,9228064,9086181,33792967,24706786,0.731122,1068512,89873,490191,0,488448,0,0,0,0,0.541832,0.998087,0,0,0.000000,45.891403,3,5,5,11,18,20,47,0,4397668,6.833601,0.891464,542,768
R9,1,C6,w5-R9-s1-C6-block_pack,,cache,baseline,loas,16,resnet19_T4_n5,layer_09_layer2_0_conv2,1,16384,8,256,32,1966080,16,30720,1920,64,4,16,1,block_pack,-1,16,20,20,12,1,next_burst,4,0,1,10,0,100,1,1,1,1,non_inclusive,lru,736885,66910,669975,445499,1070560,0.416136,2017,2081,0.969246,4608,294912,0,0,176802,0,0,10477134,7488,60224,10721648,10661424,42764981,32103557,0.750697,1068512,96571,622980,0,1357,347604,0,0,0,0.672126,0.998087,0,0,0.062934,58.386359,3,5,5,16,17,20,42,0,4662726,6.327617,0.895918,542,768
R9,1,C6,w5-R9-s1-C6-split_cin,,cache,baseline,loas,16,resnet19_T4_n5,layer_09_layer2_0_conv2,1,16384,8,256,32,1966080,16,30720,1920,64,4,16,1,split_cin,32,16,20,20,12,1,next_burst,4,0,1,10,0,100,1,1,1,1,non_inclusive,lru,676428,66910,609518,497612,1070560,0.464815,1936,2000,0.968000,4608,294912,0,0,224663,0,0,9458838,7488,63347,9754336,9690989,36971016,27280027,0.737876,1068512,86076,570948,0,90404,321084,0,0,0,0.613720,0.998087,0,0,0.062934,53.518532,3,4,5,16,17,20,42,0,4537538,6.708087,0.885464,542,768
R9,2,C2,w5-R9-s2-C2-block_pack,,cache,baseline,loas,16,resnet19_T4_n5,layer_09_layer2_0_conv2,2,16384,8,1024,128,1966080,16,122880,7680,16,1,16,1,block_pack,-1,16,20,20,12,1,none,0,0,1,10,0,100,1,1,1,1,non_inclusive,lru,1266736,68358,1198378,1568,1093728,0.001434,1059424,1092160,0.970026,16368,261888,0,0,0,0,0,15478902,3630581,66613,19176096,19109483,19109483,0,0.000000,0,0,0,0,0,0,0,0,0,0.000000,0.998128,0,0,0.000000,99.856637,1,1,1,4,8,8,0,0,4388272,3.464236,0.634769,600,738
R9,2,C2,w5-R9-s2-C2-split_cin,,cache,baseline,loas,16,resnet19_T4_n5,layer_09_layer2_0_conv2,2,16384,8,1024,128,1966080,16,122880,7680,16,1,16,1,split_cin,128,16,20,20,12,1,none,0,0,1,10,0,100,1,1,1,1,non_inclusive,lru,795341,68358,726983,483168,1093728,0.441762,577824,610560,0.946384,16368,261888,0,0,0,0,0,7888905,3598314,146557,11633776,11487219,11487219,0,0.000000,0,0,0,0,0,0,0,0,0,0.000000,0.998128,0,0,0.000000,55.823751,1,1,1,5,8,8,0,0,3425072,4.306420,0.523498,600,738
R9,2,C3,w5-R9-s2-C3-block_pack,,cache,baseline,loas,16,resnet19_T4_n5,layer_09_layer2_0_conv2,2,16384,1024,1024,1,1966080,16,122880,7680,16,1,16,1,block_pack,-1,16,20,20,12,1,none,0,0,1,10,0,100,1,1,1,1,non_inclusive,lru,435956,68358,367598,880624,1093728,0.805158,180368,213104,0.846385,16368,261888,0,0,0,0,0,2207776,3599244,76596,5883616,5807020,5807020,0,0.000000,0,0,0,0,0,0,0,0,0,0.000000,0.998128,0,0,0.000000,19.484186,1,1,1,4,8,8,0,0,2630160,6.033086,1.654559,600,738
R9,2,C3,w5-R9-s2-C3-split_cin,,cache,baseline,loas,16,resnet19_T4_n5,layer_09_layer2_0_conv2,2,16384,1024,1024,1,1966080,16,122880,7680,16,1,16,1,split_cin,1,16,20,20,12,1,none,0,0,1,10,0,100,1,1,1,1,non_inclusive,lru,435956,68358,367598,880624,1093728,0.805158,180368,213104,0.846385,16368,261888,0,0,0,0,0,2207776,3599244,76596,5883616,5807020,5807020,0,0.000000,0,0,0,0,0,0,0,0,0,0.000000,0.998128,0,0,0.000000,19.484186,1,1,1,4,8,8,0,0,2630160,6.033086,1.662507,600,738
R9,2,C4,w5-R9-s2-C4-block_pack,,cache,baseline,loas,16,resnet19_T4_n5,layer_09_layer2_0_conv2,2,16384,8,256,32,1966080,16,30720,1920,64,4,16,1,block_pack,-1,16,20,20,12,1,none,0,0,1,10,0,100,1,1,1,1,non_inclusive,lru,784258,68358,715900,368848,1093728,0.337239,715664,724880,0.987286,4608,294912,0,0,0,0,0,10283715,1014391,158342,11456448,11298106,11298106,0,0.000000,0,0,0,0,0,0,0,0,0,0.000000,0.998128,0,0,0.111979,66.276076,1,1,1,4,8,8,0,0,3641952,4.643819,0.542678,600,738
R9,2,C4,w5-R9-s2-C4-split_cin,,cache,baseline,loas,16,resnet19_T4_n5,layer_09_layer2_0_conv2,2,16384,8,256,32,1966080,16,30720,1920,64,4,16,1,split_cin,32,16,20,20,12,1,none,0,0,1,10,0,100,1,1,1,1,non_inclusive,lru,719319,68358,650961,434848,1093728,0.397583,649664,658880,0.986013,4608,294912,0,0,0,0,0,9239665,1014333,163426,10417424,10253998,10253998,0,0.000000,0,0,0,0,0,0,0,0,0,0.000000,0.998128,0,0,0.111979,60.241669,1,1,1,4,8,8,0,0,3509952,4.879549,0.518173,600,738
R9,2,C5,w5-R9-s2-C5-block_pack,,cache,baseline,loas,16,resnet19_T4_n5,layer_09_layer2_0_conv2,2,16384,8,1024,128,1966080,16,122880,7680,16,1,16,1,block_pack,-1,16,20,20,12,1,next_burst,4,0,1,10,0,100,1,1,1,1,non_inclusive,lru,1120375,68358,1052017,71132,1093728,0.065036,1968,2064,0.953488,16368,261888,0,0,47957,0,0,16644942,11232,130189,16834320,16704131,87566513,70862382,0.809241,1091680,69564,1020532,0,1584,0,0,0,0,0.996679,0.998128,0,0,0.000000,93.496372,4,5,5,8,17,20,47,0,5490166,4.900293,1.001123,600,738
R9,2,C5,w5-R9-s2-C5-split_cin,,cache,baseline,loas,16,resnet19_T4_n5,layer_09_layer2_0_conv2,2,16384,8,1024,128,1966080,16,122880,7680,16,1,16,1,split_cin,128,16,20,20,12,1,next_burst,4,0,1,10,0,100,1,1,1,1,non_inclusive,lru,666510,68358,598152,576312,1093728,0.526924,928,1024,0.906250,16368,261888,0,0,348131,0,0,9057872,11232,155245,9572480,9417235,35596948,26179713,0.735448,1091680,93144,516392,0,482144,0,0,0,0,0.557301,0.998128,0,0,0.000000,47.307557,3,5,5,9,17,20,47,0,4527014,6.792117,0.915162,600,738
R9,2,C6,w5-R9-s2-C6-block_pack,,cache,baseline,loas,16,resnet19_T4_n5,layer_09_layer2_0_conv2,2,16384,8,256,32,1966080,16,30720,1920,64,4,16,1,block_pack,-1,16,20,20,12,1,next_burst,4,0,1,10,0,100,1,1,1,1,non_inclusive,lru,740693,68358,672335,466039,1093728,0.426101,2034,2098,0.969495,4608,294912,0,0,172956,0,0,10509067,7488,69897,10759408,10689511,41812506,31122995,0.744347,1091680,97191,625591,0,1446,367452,0,0,0,0.660843,0.998128,0,0,0.111979,57.389863,3,4,5,16,18,20,40,0,4739428,6.398640,0.906559,600,738
R9,2,C6,w5-R9-s2-C6-split_cin,,cache,baseline,loas,16,resnet19_T4_n5,layer_09_layer2_0_conv2,2,16384,8,256,32,1966080,16,30720,1920,64,4,16,1,split_cin,32,16,20,20,12,1,next_burst,4,0,1,10,0,100,1,1,1,1,non_inclusive,lru,675888,68358,607530,517508,1093728,0.473160,1936,2000,0.968000,4608,294912,0,0,222982,0,0,9419437,7488,72621,9722528,9649907,36041416,26391509,0.732255,1091680,82660,574220,0,98456,336344,0,0,0,0.600588,0.998128,0,0,0.111979,52.684031,3,4,5,16,18,20,40,0,4607458,6.816896,0.901860,600,738
R9,3,C2,w5-R9-s3-C2-block_pack,,cache,baseline,loas,16,resnet19_T4_n5,layer_09_layer2_0_conv2,3,16384,8,1024,128,1966080,16,122880,7680,16,1,16,1,block_pack,-1,16,20,20,12,1,none,0,0,1,10,0,100,1,1,1,1,non_inclusive,lru,1459835,78954,1380881,576,1263264,0.000456,1226048,1262688,0.970983,18320,293120,0,0,0,0,0,17983276,4053857,59011,22096144,22037133,22037133,0,0.000000,0,0,0,0,0,0,0,0,0,0.000000,0.998379,0,0,0.000000,99.954404,1,1,1,5,8,8,0,0,5070352,3.473236,0.728596,630,844
R9,3,C2,w5-R9-s3-C2-split_cin,,cache,baseline,loas,16,resnet19_T4_n5,layer_09_layer2_0_conv2,3,16384,8,1024,128,1966080,16,122880,7680,16,1,16,1,split_cin,128,16,20,20,12,1,none,0,0,1,10,0,100,1,1,1,1,non_inclusive,lru,1001625,78954,922671,471504,1263264,0.373243,755120,791760,0.953723,18320,293120,0,0,0,0,0,10571689,4029066,164029,14764784,14600755,14600755,0,0.000000,0,0,0,0,0,0,0,0,0,0.000000,0.998379,0,0,0.000000,62.675735,1,1,1,5,8,8,0,0,4128496,4.121798,0.628315,630,844
R9,3,C3,w5-R9-s3-C3-block_pack,,cache,baseline,loas,16,resnet19_T4_n5,layer_09_layer2_0_conv2,3,16384,1024,1024,1,1966080,16,122880,7680,16,1,16,1,block_pack,-1,16,20,20,12,1,none,0,0,1,10,0,100,1,1,1,1,non_inclusive,lru,672039,78954,593085,822272,1263264,0.650911,404352,440992,0.916915,18320,293120,0,0,0,0,0,5335180,4027718,128510,9491408,9362898,9362898,0,0.000000,0,0,0,0,0,0,0,0,0,0.000000,0.998379,0,0,0.000000,34.908934,1,1,1,5,8,8,0,0,3426960,5.099347,3.341652,630,844
R9,3,C3,w5-R9-s3-C3-split_cin,,cache,baseline,loas,16,resnet19_T4_n5,layer_09_layer2_0_conv2,3,16384,1024,1024,1,1966080,16,122880,7680,16,1,16,1,split_cin,1,16,20,20,12,1,none,0,0,1,10,0,100,1,1,1,1,non_inclusive,lru,672039,78954,593085,822272,1263264,0.650911,404352,440992,0.916915,18320,293120,0,0,0,0,0,5335180,4027718,128510,9491408,9362898,9362898,0,0.000000,0,0,0,0,0,0,0,0,0,0.000000,0.998379,0,0,0.000000,34.908934,1,1,1,5,8,8,0,0,3426960,5.099347,3.064983,630,844
R9,3,C4,w5-R9-s3-C4-block_pack,,cache,baseline,loas,16,resnet19_T4_n5,layer_09_layer2_0_conv2,3,16384,8,256,32,1966080,16,30720,1920,64,4,16,1,block_pack,-1,16,20,20,12,1,none,0,0,1,10,0,100,1,1,1,1,non_inclusive,lru,847924,78954,768970,476864,1263264,0.377486,777184,786400,0.988281,4608,294912,0,0,0,0,0,11105268,1014567,185733,12305568,12119835,12119835,0,0.000000,0,0,0,0,0,0,0,0,0,0.000000,0.998379,0,0,0.006076,62.251438,1,1,1,5,8,8,0,0,4104064,4.840132,0.603057,630,844
R9,3,C4,w5-R9-s3-C4-split_cin,,cache,baseline,loas,16,resnet19_T4_n5,layer_09_layer2_0_conv2,3,16384,8,256,32,1966080,16,30720,1920,64,4,16,1,split_cin,32,16,20,20,12,1,none,0,0,1,10,0,100,1,1,1,1,non_inclusive,lru,807420,78954,728466,518368,1263264,0.410340,735680,744896,0.987628,4608,294912,0,0,0,0,0,10455420,1014405,187679,11657504,11469825,11469825,0,0.000000,0,0,0,0,0,0,0,0,0,0.000000,0.998379,0,0,0.006076,58.965980,1,1,1,5,8,8,0,0,4021056,4.980129,0.609166,630,844
R9,3,C5,w5-R9-s3-C5-block_pack,,cache,baseline,loas,16,resnet19_T4_n5,layer_09_layer2_0_conv2,3,16384,8,1024,128,1966080,16,122880,7680,16,1,16,1,block_pack,-1,16,20,20,12,1,next_burst,4,0,1,10,0,100,1,1,1,1,non_inclusive,lru,1292460,78954,1213506,64658,1263264,0.051183,1920,2032,0.944882,18320,293120,0,0,42415,0,0,19245694,13104,116931,19418144,19301213,101260568,81959355,0.809391,1261216,64082,1196574,0,560,0,0,0,0,0.997936,0.998379,0,0,0.000000,94.881672,4,5,5,12,18,20,47,0,6342343,4.907187,1.150219,630,844
R9,3,C5,w5-R9-s3-C5-split_cin,,cache,baseline,loas,16,resnet19_T4_n5,layer_09_layer2_0_conv2,3,16384,8,1024,128,1966080,16,122880,7680,16,1,16,1,split_cin,128,16,20,20,12,1,next_burst,4,0,1,10,0,100,1,1,1,1,non_inclusive,lru,850637,78954,771683,577249,1263264,0.456950,1120,1232,0.909091,18320,293120,0,0,317650,0,0,11881708,13104,136514,12348976,12212462,48967096,36754634,0.750599,1261216,105745,684783,0,470688,0,0,0,0,0.625782,0.998379,0,0,0.000000,54.304959,3,5,5,13,18,20,47,0,5401671,6.350148,1.073006,630,844
R9,3,C6,w5-R9-s3-C6-block_pack,,cache,baseline,loas,16,resnet19_T4_n5,layer_09_layer2_0_conv2,3,16384,8,256,32,1966080,16,30720,1920,64,4,16,1,block_pack,-1,16,20,20,12,1,next_burst,4,0,1,10,0,100,1,1,1,1,non_inclusive,lru,802991,78954,724037,577754,1263264,0.457350,1984,2048,0.968750,4608,294912,0,0,237891,0,0,11277232,7488,64029,11586640,11522611,43708902,32186291,0.736378,1261216,100890,683462,0,2275,474589,0,0,0,0.620893,0.998379,0,0,0.006076,54.264983,3,4,5,16,18,20,42,0,5370614,6.688262,1.039997,630,844
R9,3,C6,w5-R9-s3-C6-split_cin,,cache,baseline,loas,16,resnet19_T4_n5,layer_09_layer2_0_conv2,3,16384,8,256,32,1966080,16,30720,1920,64,4,16,1,split_cin,32,16,20,20,12,1,next_burst,4,0,1,10,0,100,1,1,1,1,non_inclusive,lru,763129,78954,684175,612617,1263264,0.484948,1808,1872,0.965812,4608,294912,0,0,273445,0,0,10601007,7488,66908,10948848,10881940,40172269,29290329,0.729118,1261216,94249,648775,0,64567,453625,0,0,0,0.588178,0.998379,0,0,0.006076,51.505228,3,4,5,16,18,20,42,0,5287602,6.928844,1.035370,630,844
R9,4,C2,w5-R9-s4-C2-block_pack,,cache,baseline,loas,16,resnet19_T4_n5,layer_09_layer2_0_conv2,4,16384,8,1024,128,1966080,16,122880,7680,16,1,16,1,block_pack,-1,16,20,20,12,1,none,0,0,1,10,0,100,1,1,1,1,non_inclusive,lru,1552997,85106,1467891,448,1361696,0.000329,1324816,1361248,0.973236,18216,291456,0,0,0,0,0,19400514,4025955,61835,23488304,23426469,23426469,0,0.000000,0,0,0,0,0,0,0,0,0,0.000000,0.998496,0,0,0.000000,99.967100,1,1,1,5,8,8,0,0,5464232,3.518508,0.778524,735,966
R9,4,C2,w5-R9-s4-C2-split_cin,,cache,baseline,loas,16,resnet19_T4_n5,layer_09_layer2_0_conv2,4,16384,8,1024,128,1966080,16,122880,7680,16,1,16,1,split_cin,128,16,20,20,12,1,none,0,0,1,10,0,100,1,1,1,1,non_inclusive,lru,1069912,85106,984806,499440,1361696,0.366778,825824,862256,0.957748,18216,291456,0,0,0,0,0,11573755,4005843,179346,15758944,15579598,15579598,0,0.000000,0,0,0,0,0,0,0,0,0,0.000000,0.998496,0,0,0.000000,63.322210,1,1,1,5,8,8,0,0,4466248,4.174407,0.669884,735,966
R9,4,C3,w5-R9-s4-C3-block_pack,,cache,baseline,loas,16,resnet19_T4_n5,layer_09_layer2_0_conv2,4,16384,1024,1024,1,1966080,16,122880,7680,16,1,16,1,block_pack,-1,16,20,20,12,1,none,0,0,1,10,0,100,1,1,1,1,non_inclusive,lru,690530,85106,605424,903072,1361696,0.663196,422192,458624,0.920562,18216,291456,0,0,0,0,0,5543644,4006304,138884,9688832,9549948,9549948,0,0.000000,0,0,0,0,0,0,0,0,0,0.000000,0.998496,0,0,0.000000,33.680352,1,1,1,5,8,8,0,0,3658984,5.298805,3.189803,735,966
R9,4,C3,w5-R9-s4-C3-split_cin,,cache,baseline,loas,16,resnet19_T4_n5,layer_09_layer2_0_conv2,4,16384,1024,1024,1,1966080,16,122880,7680,16,1,16,1,split_cin,1,16,20,20,12,1,none,0,0,1,10,0,100,1,1,1,1,non_inclusive,lru,690530,85106,605424,903072,1361696,0.663196,422192,458624,0.920562,18216,291456,0,0,0,0,0,5543644,4006304,138884,9688832,9549948,9549948,0,0.000000,0,0,0,0,0,0,0,0,0,0.000000,0.998496,0,0,0.000000,33.680352,1,1,1,5,8,8,0,0,3658984,5.298805,3.169748,735,966
R9,4,C4,w5-R9-s4-C4-block_pack,,cache,baseline,loas,16,resnet19_T4_n5,layer_09_layer2_0_conv2,4,16384,8,256,32,1966080,16,30720,1920,64,4,16,1,block_pack,-1,16,20,20,12,1,none,0,0,1,10,0,100,1,1,1,1,non_inclusive,lru,865970,85106,780864,557392,1361696,0.409337,795088,804304,0.988542,4608,294912,0,0,0,0,0,11284596,1014524,196752,12495872,12299120,12299120,0,0.000000,0,0,0,0,0,0,0,0,0,0.000000,0.998496,0,0,0.011719,59.066341,1,1,1,5,8,8,0,0,4336736,5.007952,0.642941,735,966
R9,4,C4,w5-R9-s4-C4-split_cin,,cache,baseline,loas,16,resnet19_T4_n5,layer_09_layer2_0_conv2,4,16384,8,256,32,1966080,16,30720,1920,64,4,16,1,split_cin,32,16,20,20,12,1,none,0,0,1,10,0,100,1,1,1,1,non_inclusive,lru,828038,85106,742932,595984,1361696,0.437678,756496,765712,0.987964,4608,294912,0,0,0,0,0,10678462,1014342,196156,11888960,11692804,11692804,0,0.000000,0,0,0,0,0,0,0,0,0,0.000000,0.998496,0,0,0.011719,56.232228,1,1,1,4,8,8,0,0,4259552,5.144150,0.628052,735,966
R9,4,C5,w5-R9-s4-C5-block_pack,,cache,baseline,loas,16,resnet19_T4_n5,layer_09_layer2_0_conv2,4,16384,8,1024,128,1966080,16,122880,7680,16,1,16,1,block_pack,-1,16,20,20,12,1,next_burst,4,0,1,10,0,100,1,1,1,1,non_inclusive,lru,1391407,85106,1306301,64443,1361696,0.047326,1904,2032,0.937008,18216,291456,0,0,41837,0,0,20756330,14976,89721,20902864,20813143,109207950,88394807,0.809417,1359648,63995,1295221,0,432,0,0,0,0,0.998179,0.998496,0,0,0.000000,95.267446,4,5,5,12,17,20,47,0,6834546,4.911968,1.218222,735,966
R9,4,C5,w5-R9-s4-C5-split_cin,,cache,baseline,loas,16,resnet19_T4_n5,layer_09_layer2_0_conv2,4,16384,8,1024,128,1966080,16,122880,7680,16,1,16,1,split_cin,128,16,20,20,12,1,next_burst,4,0,1,10,0,100,1,1,1,1,non_inclusive,lru,918346,85106,833240,622933,1361696,0.457468,832,960,0.866667,18216,291456,0,0,341786,0,0,12864782,14976,112344,13333888,13221544,53385551,40164007,0.752339,1359648,123493,737803,0,498352,0,0,0,0,0.632517,0.998496,0,0,0.000000,54.253152,3,5,5,13,18,20,47,0,5837242,6.356256,1.155584,735,966
R9,4,C6,w5-R9-s4-C6-block_pack,,cache,baseline,loas,16,resnet19_T4_n5,layer_09_layer2_0_conv2,4,16384,8,256,32,1966080,16,30720,1920,64,4,16,1,block_pack,-1,16,20,20,12,1,next_burst,4,0,1,10,0,100,1,1,1,1,non_inclusive,lru,821558,85106,736452,668813,1361696,0.491162,1984,2048,0.968750,4608,294912,0,0,278741,0,0,11436605,7488,62446,11785280,11722834,42702263,30979429,0.725475,1359648,111421,690835,0,2706,554686,0,0,0,0.589159,0.998496,0,0,0.011719,50.883824,3,4,5,16,17,20,43,0,5702042,6.940523,1.106300,735,966
R9,4,C6,w5-R9-s4-C6-split_cin,,cache,baseline,loas,16,resnet19_T4_n5,layer_09_layer2_0_conv2,4,16384,8,256,32,1966080,16,30720,1920,64,4,16,1,split_cin,32,16,20,20,12,1,next_burst,4,0,1,10,0,100,1,1,1,1,non_inclusive,lru,784402,85106,699296,700100,1361696,0.514138,1776,1840,0.965217,4608,294912,0,0,313353,0,0,10802425,7488,67518,11190784,11123266,39575185,28451919,0.718933,1359648,104116,659756,0,63510,532266,0,0,0,0.560971,0.998496,0,0,0.011719,48.586175,2,4,5,16,17,20,43,0,5624864,7.170895,1.108223,735,966
R16,0,C2,w5-R16-s0-C2-block_pack,,cache,baseline,loas,16,resnet19_T4_n5,layer_16_layer3_0_conv2,0,16384,8,1024,128,1966080,16,122880,7680,16,1,16,1,block_pack,-1,16,20,20,12,1,none,0,0,1,10,0,100,1,1,1,1,non_inclusive,lru,2324378,123108,2201270,0,1969728,0.000000,1904144,1969728,0.966704,65584,1049344,0,0,0,0,0,27920928,7235531,64885,35221344,35156459,35156459,0,0.000000,0,0,0,0,0,0,0,0,0,0.000000,0.999480,0,0,0.000000,100.000000,1,1,1,9,15,16,0,0,7944560,3.417929,1.141891,1842,2854
R16,0,C2,w5-R16-s0-C2-split_cin,,cache,baseline,loas,16,resnet19_T4_n5,layer_16_layer3_0_conv2,0,16384,8,1024,128,1966080,16,122880,7680,16,1,16,1,split_cin,128,16,20,20,12,1,none,0,0,1,10,0,100,1,1,1,1,non_inclusive,lru,2259876,123108,2136768,64384,1969728,0.032687,1839760,1905344,0.965579,65584,1049344,0,0,0,0,0,26865995,7233243,90074,34189312,34099238,34099238,0,0.000000,0,0,0,0,0,0,0,0,0,0.000000,0.999480,0,0,0.000000,96.731325,1,1,1,9,15,16,0,0,7815792,3.458505,1.165374,1842,2854
R16,0,C3,w5-R16-s0-C3-block_pack,,cache,baseline,loas,16,resnet19_T4_n5,layer_16_layer3_0_conv2,0,16384,1024,1024,1,1966080,16,122880,7680,16,1,16,1,block_pack,-1,16,20,20,12,1,none,0,0,1,10,0,100,1,1,1,1,non_inclusive,lru,2282606,123108,2159498,42624,1969728,0.021640,1861520,1927104,0.965968,65584,1049344,0,0,0,0,0,27248766,7234557,69669,34552992,34483323,34483323,0,0.000000,0,0,0,0,0,0,0,0,0,0.000000,0.999480,0,0,0.000000,97.836046,1,1,1,9,15,16,0,0,7859312,3.443131,11.721260,1842,2854
R16,0,C3,w5-R16-s0-C3-split_cin,,cache,baseline,loas,16,resnet19_T4_n5,layer_16_layer3_0_conv2,0,16384,1024,1024,1,1966080,16,122880,7680,16,1,16,1,split_cin,1,16,20,20,12,1,none,0,0,1,10,0,100,1,1,1,1,non_inclusive,lru,2282606,123108,2159498,42624,1969728,0.021640,1861520,1927104,0.965968,65584,1049344,0,0,0,0,0,27248766,7234557,69669,34552992,34483323,34483323,0,0.000000,0,0,0,0,0,0,0,0,0,0.000000,0.999480,0,0,0.000000,97.836046,1,1,1,9,15,16,0,0,7859312,3.443131,11.840246,1842,2854
R16,0,C4,w5-R16-s0-C4-block_pack,,cache,baseline,loas,16,resnet19_T4_n5,layer_16_layer3_0_conv2,0,16384,8,256,32,1966080,16,30720,1920,64,4,16,1,block_pack,-1,16,20,20,12,1,none,0,0,1,10,0,100,1,1,1,1,non_inclusive,lru,921660,123108,798552,1170560,1969728,0.594275,780736,799168,0.976936,18432,1179648,0,0,0,0,0,10510103,2028297,239456,12777856,12538400,12538400,0,0.000000,0,0,0,0,0,0,0,0,0,0.000000,0.999480,0,0,0.110460,40.572505,1,1,1,9,15,16,0,0,5556288,6.028566,0.830422,1842,2854
R16,0,C4,w5-R16-s0-C4-split_cin,,cache,baseline,loas,16,resnet19_T4_n5,layer_16_layer3_0_conv2,0,16384,8,256,32,1966080,16,30720,1920,64,4,16,1,split_cin,32,16,20,20,12,1,none,0,0,1,10,0,100,1,1,1,1,non_inclusive,lru,916331,123108,793223,1176528,1969728,0.597305,774768,793200,0.976762,18432,1179648,0,0,0,0,0,10426206,2028296,238090,12692592,12454502,12454502,0,0.000000,0,0,0,0,0,0,0,0,0,0.000000,0.999480,0,0,0.110460,40.269519,1,1,1,9,15,16,0,0,5544352,6.050600,0.825970,1842,2854
R16,0,C5,w5-R16-s0-C5-block_pack,,cache,baseline,loas,16,resnet19_T4_n5,layer_16_layer3_0_conv2,0,16384,8,1024,128,1966080,16,122880,7680,16,1,16,1,block_pack,-1,16,20,20,12,1,next_burst,4,0,1,10,0,100,1,1,1,1,non_inclusive,lru,2182166,123108,2059058,75807,1969728,0.038486,960,1024,0.937500,65584,1049344,0,0,47973,0,0,32823540,7520,66919,32945952,32879033,172115672,139236639,0.808971,1968704,75807,1892897,0,0,0,0,0,0,0.999480,0.999480,0,0,0.000000,96.151398,4,5,5,15,19,20,60,0,9964509,4.566339,1.776880,1842,2854
R16,0,C5,w5-R16-s0-C5-split_cin,,cache,baseline,loas,16,resnet19_T4_n5,layer_16_layer3_0_conv2,0,16384,8,1024,128,1966080,16,122880,7680,16,1,16,1,split_cin,128,16,20,20,12,1,next_burst,4,0,1,10,0,100,1,1,1,1,non_inclusive,lru,2119158,123108,1996050,177538,1969728,0.090133,720,784,0.918367,65584,1049344,0,0,83436,0,0,31768180,7520,78688,31937824,31859136,163976668,132117532,0.805709,1968704,113154,1791406,0,64144,0,0,0,0,0.966915,0.999480,0,0,0.000000,90.986674,4,5,5,15,19,20,60,0,9835778,4.641361,1.794926,1842,2854
R16,0,C6,w5-R16-s0-C6-block_pack,,cache,baseline,loas,16,resnet19_T4_n5,layer_16_layer3_0_conv2,0,16384,8,256,32,1966080,16,30720,1920,64,4,16,1,block_pack,-1,16,20,20,12,1,next_burst,4,0,1,10,0,100,1,1,1,1,non_inclusive,lru,881813,123108,758705,1263063,1969728,0.641237,960,1024,0.937500,18432,1179648,0,0,650631,0,0,11415227,7520,66926,12140304,12073378,33067816,20994438,0.634890,1968704,92503,705641,0,4638,1165922,0,0,0,0.405205,0.999480,0,0,0.110460,35.876273,2,3,5,17,19,20,45,0,7542823,8.553767,1.536151,1842,2854
R16,0,C6,w5-R16-s0-C6-split_cin,,cache,baseline,loas,16,resnet19_T4_n5,layer_16_layer3_0_conv2,0,16384,8,256,32,1966080,16,30720,1920,64,4,16,1,split_cin,32,16,20,20,12,1,next_burst,4,0,1,10,0,100,1,1,1,1,non_inclusive,lru,877221,123108,754113,1268633,1969728,0.644065,912,976,0.934426,18432,1179648,0,0,660317,0,0,11332135,7520,66860,12066832,11999972,32804959,20804987,0.634202,1968704,92105,700119,0,16828,1159652,0,0,0,0.402200,0.999480,0,0,0.110460,35.593493,2,3,5,17,19,20,45,0,7530887,8.584937,1.525675,1842,2854
R16,1,C2,w5-R16-s1-C2-block_pack,,cache,baseline,loas,16,resnet19_T4_n5,layer_16_layer3_0_conv2,1,16384,8,1024,128,1966080,16,122880,7680,16,1,16,1,block_pack,-1,16,20,20,12,1,none,0,0,1,10,0,100,1,1,1,1,non_inclusive,lru,2355338,125280,2230058,0,2004480,0.000000,1940448,2004480,0.968056,64032,1024512,0,0,0,0,0,28565820,7061636,54496,35681952,35627456,35627456,0,0.000000,0,0,0,0,0,0,0,0,0,0.000000,0.999489,0,0,0.000000,100.000000,1,1,1,9,15,16,0,0,8082016,3.431361,1.155086,1875,2873
R16,1,C2,w5-R16-s1-C2-split_cin,,cache,baseline,loas,16,resnet19_T4_n5,layer_16_layer3_0_conv2,1,16384,8,1024,128,1966080,16,122880,7680,16,1,16,1,split_cin,128,16,20,20,12,1,none,0,0,1,10,0,100,1,1,1,1,non_inclusive,lru,2290582,125280,2165302,64976,2004480,0.032415,1875472,1939504,0.966985,64032,1024512,0,0,0,0,0,27505388,7059635,80833,34645856,34565023,34565023,0,0.000000,0,0,0,0,0,0,0,0,0,0.000000,0.999489,0,0,0.000000,96.758461,1,1,1,9,15,16,0,0,7952064,3.471635,1.193968,1875,2873
R16,1,C3,w5-R16-s1-C3-block_pack,,cache,baseline,loas,16,resnet19_T4_n5,layer_16_layer3_0_conv2,1,16384,1024,1024,1,1966080,16,122880,7680,16,1,16,1,block_pack,-1,16,20,20,12,1,none,0,0,1,10,0,100,1,1,1,1,non_inclusive,lru,2311008,125280,2185728,45280,2004480,0.022589,1895168,1959200,0.967317,64032,1024512,0,0,0,0,0,27852568,7060766,59338,34972672,34913334,34913334,0,0.000000,0,0,0,0,0,0,0,0,0,0.000000,0.999489,0,0,0.000000,97.741060,1,1,1,9,15,16,0,0,7991456,3.457996,11.968684,1875,2873
R16,1,C3,w5-R16-s1-C3-split_cin,,cache,baseline,loas,16,resnet19_T4_n5,layer_16_layer3_0_conv2,1,16384,1024,1024,1,1966080,16,122880,7680,16,1,16,1,split_cin,1,16,20,20,12,1,none,0,0,1,10,0,100,1,1,1,1,non_inclusive,lru,2311008,125280,2185728,45280,2004480,0.022589,1895168,1959200,0.967317,64032,1024512,0,0,0,0,0,27852568,7060766,59338,34972672,34913334,34913334,0,0.000000,0,0,0,0,0,0,0,0,0,0.000000,0.999489,0,0,0.000000,97.741060,1,1,1,9,15,16,0,0,7991456,3.457996,13.204339,1875,2873
R16,1,C4,w5-R16-s1-C4-block_pack,,cache,baseline,loas,16,resnet19_T4_n5,layer_16_layer3_0_conv2,1,16384,8,256,32,1966080,16,30720,1920,64,4,16,1,block_pack,-1,16,20,20,12,1,none,0,0,1,10,0,100,1,1,1,1,non_inclusive,lru,921229,125280,795949,1205696,2004480,0.601501,780352,798784,0.976925,18432,1179648,0,0,0,0,0,10470432,2028475,237301,12736208,12498907,12498907,0,0.000000,0,0,0,0,0,0,0,0,0,0.000000,0.999489,0,0,0.131510,39.849936,1,1,1,9,15,16,0,0,5625024,6.106000,0.852659,1875,2873
R16,1,C4,w5-R16-s1-C4-split_cin,,cache,baseline,loas,16,resnet19_T4_n5,layer_16_layer3_0_conv2,1,16384,8,256,32,1966080,16,30720,1920,64,4,16,1,split_cin,32,16,20,20,12,1,none,0,0,1,10,0,100,1,1,1,1,non_inclusive,lru,915917,125280,790637,1211632,2004480,0.604462,774416,792848,0.976752,18432,1179648,0,0,0,0,0,10386685,2028475,236056,12651216,12415160,12415160,0,0.000000,0,0,0,0,0,0,0,0,0,0.000000,0.999489,0,0,0.131510,39.553799,1,1,1,9,15,16,0,0,5613152,6.128451,0.840309,1875,2873
R16,1,C5,w5-R16-s1-C5-block_pack,,cache,baseline,loas,16,resnet19_T4_n5,layer_16_layer3_0_conv2,1,16384,8,1024,128,1966080,16,122880,7680,16,1,16,1,block_pack,-1,16,20,20,12,1,next_burst,4,0,1,10,0,100,1,1,1,1,non_inclusive,lru,2221789,125280,2096509,66544,2004480,0.033198,960,1024,0.937500,64032,1024512,0,0,41386,0,0,33433894,7520,62368,33545168,33482800,175274164,141791364,0.808969,2003456,66544,1936912,0,0,0,0,0,0,0.999489,0.999489,0,0,0.000000,96.680236,4,5,5,15,19,20,60,0,10137714,4.562861,1.807166,1875,2873
R16,1,C5,w5-R16-s1-C5-split_cin,,cache,baseline,loas,16,resnet19_T4_n5,layer_16_layer3_0_conv2,1,16384,8,1024,128,1966080,16,122880,7680,16,1,16,1,split_cin,128,16,20,20,12,1,next_burst,4,0,1,10,0,100,1,1,1,1,non_inclusive,lru,2158180,125280,2032900,178691,2004480,0.089146,960,1024,0.937500,64032,1024512,0,0,82529,0,0,32361857,7520,75518,32527424,32451906,167003486,134551580,0.805681,2003456,113715,1824765,0,64976,0,0,0,0,0.967074,0.999489,0,0,0.000000,91.085419,4,5,5,15,19,20,60,0,10007955,4.637220,1.823481,1875,2873
R16,1,C6,w5-R16-s1-C6-block_pack,,cache,baseline,loas,16,resnet19_T4_n5,layer_16_layer3_0_conv2,1,16384,8,256,32,1966080,16,30720,1920,64,4,16,1,block_pack,-1,16,20,20,12,1,next_burst,4,0,1,10,0,100,1,1,1,1,non_inclusive,lru,881402,125280,756122,1303099,2004480,0.650093,960,1024,0.937500,18432,1179648,0,0,689227,0,0,11333987,7520,68242,12098976,12030734,32223867,20193133,0.626651,2003456,97403,700357,0,5022,1200674,0,0,0,0.397989,0.999489,0,0,0.131510,34.990671,2,3,5,17,19,20,44,0,7646142,8.674977,1.558181,1875,2873
R16,1,C6,w5-R16-s1-C6-split_cin,,cache,baseline,loas,16,resnet19_T4_n5,layer_16_layer3_0_conv2,1,16384,8,256,32,1966080,16,30720,1920,64,4,16,1,split_cin,32,16,20,20,12,1,next_burst,4,0,1,10,0,100,1,1,1,1,non_inclusive,lru,876788,125280,751508,1308107,2004480,0.652592,912,976,0.934426,18432,1179648,0,0,697812,0,0,11251707,7520,68113,12025152,11957039,31969122,20012083,0.625982,2003456,96475,695397,0,17190,1194394,0,0,0,0.395051,0.999489,0,0,0.131510,34.740831,2,3,5,17,19,20,44,0,7634270,8.707088,1.553752,1875,2873
R16,2,C2,w5-R16-s2-C2-block_pack,,cache,baseline,loas,16,resnet19_T4_n5,layer_16_layer3_0_conv2,2,16384,8,1024,128,1966080,16,122880,7680,16,1,16,1,block_pack,-1,16,20,20,12,1,none,0,0,1,10,0,100,1,1,1,1,non_inclusive,lru,2373164,126572,2246592,0,2025152,0.000000,1961712,2025152,0.968674,63440,1015040,0,0,0,0,0,28891367,6997525,57604,35946496,35888892,35888892,0,0.000000,0,0,0,0,0,0,0,0,0,0.000000,0.999494,0,0,0.000000,100.000000,1,1,1,9,15,16,0,0,8164112,3.440180,1.160571,1904,2925
R16,2,C2,w5-R16-s2-C2-split_cin,,cache,baseline,loas,16,resnet19_T4_n5,layer_16_layer3_0_conv2,2,16384,8,1024,128,1966080,16,122880,7680,16,1,16,1,split_cin,128,16,20,20,12,1,none,0,0,1,10,0,100,1,1,1,1,non_inclusive,lru,2307942,126572,2181370,65344,2025152,0.032266,1896368,1959808,0.967629,63440,1015040,0,0,0,0,0,27822813,6995433,84698,34902944,34818246,34818246,0,0.000000,0,0,0,0,0,0,0,0,0,0.000000,0.999494,0,0,0.000000,96.773378,1,1,1,9,15,16,0,0,8033424,3.480774,1.199083,1904,2925
R16,2,C3,w5-R16-s2-C3-block_pack,,cache,baseline,loas,16,resnet19_T4_n5,layer_16_layer3_0_conv2,2,16384,1024,1024,1,1966080,16,122880,7680,16,1,16,1,block_pack,-1,16,20,20,12,1,none,0,0,1,10,0,100,1,1,1,1,non_inclusive,lru,2327247,126572,2200675,47072,2025152,0.023244,1914640,1978080,0.967928,63440,1015040,0,0,0,0,0,28153489,6996645,61690,35211824,35150134,35150134,0,0.000000,0,0,0,0,0,0,0,0,0,0.000000,0.999494,0,0,0.000000,97.675631,1,1,1,9,15,16,0,0,8069968,3.467603,12.008422,1904,2925
R16,2,C3,w5-R16-s2-C3-split_cin,,cache,baseline,loas,16,resnet19_T4_n5,layer_16_layer3_0_conv2,2,16384,1024,1024,1,1966080,16,122880,7680,16,1,16,1,split_cin,1,16,20,20,12,1,none,0,0,1,10,0,100,1,1,1,1,non_inclusive,lru,2327247,126572,2200675,47072,2025152,0.023244,1914640,1978080,0.967928,63440,1015040,0,0,0,0,0,28153489,6996645,61690,35211824,35150134,35150134,0,0.000000,0,0,0,0,0,0,0,0,0,0.000000,0.999494,0,0,0.000000,97.675631,1,1,1,9,15,16,0,0,8069968,3.467603,12.126337,1904,2925
R16,2,C4,w5-R16-s2-C4-block_pack,,cache,baseline,loas,16,resnet19_T4_n5,layer_16_layer3_0_conv2,2,16384,8,256,32,1966080,16,30720,1920,64,4,16,1,block_pack,-1,16,20,20,12,1,none,0,0,1,10,0,100,1,1,1,1,non_inclusive,lru,926402,126572,799830,1221248,2025152,0.603040,785472,803904,0.977072,18432,1179648,0,0,0,0,0,10537141,2028202,232961,12798304,12565343,12565343,0,0.000000,0,0,0,0,0,0,0,0,0,0.000000,0.999494,0,0,0.139540,39.695983,1,1,1,9,15,16,0,0,5676608,6.127586,0.855671,1904,2925
R16,2,C4,w5-R16-s2-C4-split_cin,,cache,baseline,loas,16,resnet19_T4_n5,layer_16_layer3_0_conv2,2,16384,8,256,32,1966080,16,30720,1920,64,4,16,1,split_cin,32,16,20,20,12,1,none,0,0,1,10,0,100,1,1,1,1,non_inclusive,lru,921284,126572,794712,1226912,2025152,0.605837,779808,798240,0.976909,18432,1179648,0,0,0,0,0,10457419,2028202,230795,12716416,12485621,12485621,0,0.000000,0,0,0,0,0,0,0,0,0,0.000000,0.999494,0,0,0.139540,39.416301,1,1,1,9,15,16,0,0,5665280,6.149331,0.846021,1904,2925
R16,2,C5,w5-R16-s2-C5-block_pack,,cache,baseline,loas,16,resnet19_T4_n5,layer_16_layer3_0_conv2,2,16384,8,1024,128,1966080,16,122880,7680,16,1,16,1,block_pack,-1,16,20,20,12,1,next_burst,4,0,1,10,0,100,1,1,1,1,non_inclusive,lru,2241275,126572,2114703,66230,2025152,0.032704,944,1024,0.921875,63440,1015040,0,0,41145,0,0,33721610,9400,64117,33836272,33772155,176795452,143023297,0.808976,2024128,66230,1957898,0,0,0,0,0,0,0.999494,0.999494,0,0,0.000000,96.729628,4,5,5,15,19,20,60,0,10239916,4.568791,1.813649,1904,2925
R16,2,C5,w5-R16-s2-C5-split_cin,,cache,baseline,loas,16,resnet19_T4_n5,layer_16_layer3_0_conv2,2,16384,8,1024,128,1966080,16,122880,7680,16,1,16,1,split_cin,128,16,20,20,12,1,next_burst,4,0,1,10,0,100,1,1,1,1,non_inclusive,lru,2177225,126572,2050653,180344,2025152,0.089052,896,976,0.918033,63440,1015040,0,0,86631,0,0,32642677,9400,72764,32811472,32738708,168501606,135762898,0.805707,2024128,115000,1843832,0,65296,0,0,0,0,0.967252,0.999494,0,0,0.000000,91.094792,4,5,5,15,19,20,60,0,10109351,4.643228,1.881268,1904,2925
R16,2,C6,w5-R16-s2-C6-block_pack,,cache,baseline,loas,16,resnet19_T4_n5,layer_16_layer3_0_conv2,2,16384,8,256,32,1966080,16,30720,1920,64,4,16,1,block_pack,-1,16,20,20,12,1,next_burst,4,0,1,10,0,100,1,1,1,1,non_inclusive,lru,887156,126572,760584,1318151,2025152,0.650890,960,1024,0.937500,18432,1179648,0,0,702948,0,0,11387186,7520,72714,12170368,12097654,32449422,20351768,0.627184,2024128,96903,705977,0,4976,1216272,0,0,0,0.396454,0.999494,0,0,0.139540,34.911009,2,3,5,17,19,20,44,0,7718713,8.700514,1.585833,1904,2925
R16,2,C6,w5-R16-s2-C6-split_cin,,cache,baseline,loas,16,resnet19_T4_n5,layer_16_layer3_0_conv2,2,16384,8,256,32,1966080,16,30720,1920,64,4,16,1,split_cin,32,16,20,20,12,1,next_burst,4,0,1,10,0,100,1,1,1,1,non_inclusive,lru,882773,126572,756201,1322702,2025152,0.653137,912,976,0.934426,18432,1179648,0,0,710802,0,0,11309066,7520,72852,12100240,12027388,32202249,20174861,0.626505,2024128,95790,701474,0,16436,1210428,0,0,0,0.393681,0.999494,0,0,0.139540,34.686285,2,3,5,17,19,20,44,0,7707385,8.730880,1.564152,1904,2925
R16,3,C2,w5-R16-s3-C2-block_pack,,cache,baseline,loas,16,resnet19_T4_n5,layer_16_layer3_0_conv2,3,16384,8,1024,128,1966080,16,122880,7680,16,1,16,1,block_pack,-1,16,20,20,12,1,none,0,0,1,10,0,100,1,1,1,1,non_inclusive,lru,2373411,126012,2247399,0,2016192,0.000000,1949920,2016192,0.967130,66272,1060352,0,0,0,0,0,28583414,7311168,64826,35959408,35894582,35894582,0,0.000000,0,0,0,0,0,0,0,0,0,0.000000,0.999492,0,0,0.000000,100.000000,1,1,1,9,15,16,0,0,8131104,3.425915,1.163470,1914,2968
R16,3,C2,w5-R16-s3-C2-split_cin,,cache,baseline,loas,16,resnet19_T4_n5,layer_16_layer3_0_conv2,3,16384,8,1024,128,1966080,16,122880,7680,16,1,16,1,split_cin,128,16,20,20,12,1,none,0,0,1,10,0,100,1,1,1,1,non_inclusive,lru,2312804,126012,2186792,61216,2016192,0.030362,1888704,1954976,0.966101,66272,1060352,0,0,0,0,0,27591596,7309364,88736,34989696,34900960,34900960,0,0.000000,0,0,0,0,0,0,0,0,0,0.000000,0.999492,0,0,0.000000,96.963781,1,1,1,9,15,16,0,0,8008672,3.462754,1.182169,1914,2968
R16,3,C3,w5-R16-s3-C3-block_pack,,cache,baseline,loas,16,resnet19_T4_n5,layer_16_layer3_0_conv2,3,16384,1024,1024,1,1966080,16,122880,7680,16,1,16,1,block_pack,-1,16,20,20,12,1,none,0,0,1,10,0,100,1,1,1,1,non_inclusive,lru,2330418,126012,2204406,44016,2016192,0.021831,1905904,1972176,0.966397,66272,1060352,0,0,0,0,0,27891242,7310348,69930,35271520,35201590,35201590,0,0.000000,0,0,0,0,0,0,0,0,0,0.000000,0.999492,0,0,0.000000,97.816875,1,1,1,9,15,16,0,0,8043072,3.451343,12.081481,1914,2968
R16,3,C3,w5-R16-s3-C3-split_cin,,cache,baseline,loas,16,resnet19_T4_n5,layer_16_layer3_0_conv2,3,16384,1024,1024,1,1966080,16,122880,7680,16,1,16,1,split_cin,1,16,20,20,12,1,none,0,0,1,10,0,100,1,1,1,1,non_inclusive,lru,2330418,126012,2204406,44016,2016192,0.021831,1905904,1972176,0.966397,66272,1060352,0,0,0,0,0,27891242,7310348,69930,35271520,35201590,35201590,0,0.000000,0,0,0,0,0,0,0,0,0,0.000000,0.999492,0,0,0.000000,97.816875,1,1,1,9,15,16,0,0,8043072,3.451343,12.129172,1914,2968
R16,3,C4,w5-R16-s3-C4-block_pack,,cache,baseline,loas,16,resnet19_T4_n5,layer_16_layer3_0_conv2,3,16384,8,256,32,1966080,16,30720,1920,64,4,16,1,block_pack,-1,16,20,20,12,1,none,0,0,1,10,0,100,1,1,1,1,non_inclusive,lru,922003,126012,795991,1216896,2016192,0.603562,780864,799296,0.976940,18432,1179648,0,0,0,0,0,10462095,2028681,246104,12736880,12490776,12490776,0,0.000000,0,0,0,0,0,0,0,0,0,0.000000,0.999492,0,0,0.101128,39.643843,1,1,1,9,15,16,0,0,5649472,6.127390,0.848237,1914,2968
R16,3,C4,w5-R16-s3-C4-split_cin,,cache,baseline,loas,16,resnet19_T4_n5,layer_16_layer3_0_conv2,3,16384,8,256,32,1966080,16,30720,1920,64,4,16,1,split_cin,32,16,20,20,12,1,none,0,0,1,10,0,100,1,1,1,1,non_inclusive,lru,917116,126012,791104,1222320,2016192,0.606252,775440,793872,0.976782,18432,1179648,0,0,0,0,0,10386237,2028681,243770,12658688,12414918,12414918,0,0.000000,0,0,0,0,0,0,0,0,0,0.000000,0.999492,0,0,0.101128,39.374821,1,1,1,9,15,16,0,0,5638624,6.148212,0.843725,1914,2968
R16,3,C5,w5-R16-s3-C5-block_pack,,cache,baseline,loas,16,resnet19_T4_n5,layer_16_layer3_0_conv2,3,16384,8,1024,128,1966080,16,122880,7680,16,1,16,1,block_pack,-1,16,20,20,12,1,next_burst,4,0,1,10,0,100,1,1,1,1,non_inclusive,lru,2231519,126012,2105507,77436,2016192,0.038407,960,1024,0.937500,66272,1060352,0,0,48918,0,0,33572158,7520,60540,33689136,33628596,176021911,142393315,0.808952,2015168,77436,1937732,0,0,0,0,0,0,0.999492,0.999492,0,0,0.000000,96.159294,4,5,5,15,19,20,60,0,10197431,4.569726,1.826167,1914,2968
R16,3,C5,w5-R16-s3-C5-split_cin,,cache,baseline,loas,16,resnet19_T4_n5,layer_16_layer3_0_conv2,3,16384,8,1024,128,1966080,16,122880,7680,16,1,16,1,split_cin,128,16,20,20,12,1,next_burst,4,0,1,10,0,100,1,1,1,1,non_inclusive,lru,2171515,126012,2045503,171645,2016192,0.085133,960,1024,0.937500,66272,1060352,0,0,83691,0,0,32566088,7520,71773,32729072,32657299,168335227,135677928,0.805998,2015168,110429,1843523,0,61216,0,0,0,0,0.969130,0.999492,0,0,0.000000,91.486674,4,5,5,15,19,20,60,0,10075151,4.639687,1.890796,1914,2968
R16,3,C6,w5-R16-s3-C6-block_pack,,cache,baseline,loas,16,resnet19_T4_n5,layer_16_layer3_0_conv2,3,16384,8,256,32,1966080,16,30720,1920,64,4,16,1,block_pack,-1,16,20,20,12,1,next_burst,4,0,1,10,0,100,1,1,1,1,non_inclusive,lru,880812,126012,754800,1309182,2016192,0.649334,960,1024,0.937500,18432,1179648,0,0,700058,0,0,11299592,7520,70654,12077824,12007170,32673445,20666275,0.632510,2015168,92286,705986,0,6011,1210885,0,0,0,0.395931,0.999492,0,0,0.101128,35.066601,2,3,5,17,19,20,48,0,7682178,8.721700,1.585567,1914,2968
R16,3,C6,w5-R16-s3-C6-split_cin,,cache,baseline,loas,16,resnet19_T4_n5,layer_16_layer3_0_conv2,3,16384,8,256,32,1966080,16,30720,1920,64,4,16,1,split_cin,32,16,20,20,12,1,next_burst,4,0,1,10,0,100,1,1,1,1,non_inclusive,lru,876720,126012,750708,1313742,2016192,0.651596,960,1024,0.937500,18432,1179648,0,0,707753,0,0,11226374,7520,70705,12012352,11941647,32439739,20498092,0.631882,2015168,91422,701426,0,17063,1205257,0,0,0,0.393240,0.999492,0,0,0.101128,34.840432,2,3,5,17,19,20,48,0,7671330,8.750034,1.559396,1914,2968
R16,4,C2,w5-R16-s4-C2-block_pack,,cache,baseline,loas,16,resnet19_T4_n5,layer_16_layer3_0_conv2,4,16384,8,1024,128,1966080,16,122880,7680,16,1,16,1,block_pack,-1,16,20,20,12,1,none,0,0,1,10,0,100,1,1,1,1,non_inclusive,lru,2335686,123756,2211930,0,1980096,0.000000,1915456,1980096,0.967355,64640,1034240,0,0,0,0,0,28209385,7128353,54166,35391904,35337738,35337738,0,0.000000,0,0,0,0,0,0,0,0,0,0.000000,0.999483,0,0,0.000000,100.000000,1,1,1,9,15,16,0,0,7985088,3.418734,1.144479,1882,2891
R16,4,C2,w5-R16-s4-C2-split_cin,,cache,baseline,loas,16,resnet19_T4_n5,layer_16_layer3_0_conv2,4,16384,8,1024,128,1966080,16,122880,7680,16,1,16,1,split_cin,128,16,20,20,12,1,none,0,0,1,10,0,100,1,1,1,1,non_inclusive,lru,2273572,123756,2149816,62880,1980096,0.031756,1852576,1917216,0.966284,64640,1034240,0,0,0,0,0,27192676,7126675,78729,34398080,34319351,34319351,0,0.000000,0,0,0,0,0,0,0,0,0,0.000000,0.999483,0,0,0.000000,96.824396,1,1,1,9,15,16,0,0,7859328,3.456819,1.169280,1882,2891
R16,4,C3,w5-R16-s4-C3-block_pack,,cache,baseline,loas,16,resnet19_T4_n5,layer_16_layer3_0_conv2,4,16384,1024,1024,1,1966080,16,122880,7680,16,1,16,1,block_pack,-1,16,20,20,12,1,none,0,0,1,10,0,100,1,1,1,1,non_inclusive,lru,2294004,123756,2170248,42752,1980096,0.021591,1872704,1937344,0.966635,64640,1034240,0,0,0,0,0,27539621,7127490,57881,34724992,34667111,34667111,0,0.000000,0,0,0,0,0,0,0,0,0,0.000000,0.999483,0,0,0.000000,97.840913,1,1,1,9,15,16,0,0,7899584,3.443579,11.973910,1882,2891
R16,4,C3,w5-R16-s4-C3-split_cin,,cache,baseline,loas,16,resnet19_T4_n5,layer_16_layer3_0_conv2,4,16384,1024,1024,1,1966080,16,122880,7680,16,1,16,1,split_cin,1,16,20,20,12,1,none,0,0,1,10,0,100,1,1,1,1,non_inclusive,lru,2294004,123756,2170248,42752,1980096,0.021591,1872704,1937344,0.966635,64640,1034240,0,0,0,0,0,27539621,7127490,57881,34724992,34667111,34667111,0,0.000000,0,0,0,0,0,0,0,0,0,0.000000,0.999483,0,0,0.000000,97.840913,1,1,1,9,15,16,0,0,7899584,3.443579,11.990402,1882,2891
R16,4,C4,w5-R16-s4-C4-block_pack,,cache,baseline,loas,16,resnet19_T4_n5,layer_16_layer3_0_conv2,4,16384,8,256,32,1966080,16,30720,1920,64,4,16,1,block_pack,-1,16,20,20,12,1,none,0,0,1,10,0,100,1,1,1,1,non_inclusive,lru,907436,123756,783680,1195008,1980096,0.603510,766672,785088,0.976543,18416,1178624,0,0,0,0,0,10273977,2026729,239198,12539904,12300706,12300706,0,0.000000,0,0,0,0,0,0,0,0,0,0.000000,0.999483,0,0,0.122502,39.648987,1,1,1,9,15,16,0,0,5548848,6.114864,0.836977,1882,2891
R16,4,C4,w5-R16-s4-C4-split_cin,,cache,baseline,loas,16,resnet19_T4_n5,layer_16_layer3_0_conv2,4,16384,8,256,32,1966080,16,30720,1920,64,4,16,1,split_cin,32,16,20,20,12,1,none,0,0,1,10,0,100,1,1,1,1,non_inclusive,lru,902384,123756,778628,1200624,1980096,0.606346,761056,779472,0.976374,18416,1178624,0,0,0,0,0,10195230,2026729,237113,12459072,12221959,12221959,0,0.000000,0,0,0,0,0,0,0,0,0,0.000000,0.999483,0,0,0.122502,39.365364,1,1,1,9,15,16,0,0,5537616,6.136651,0.832217,1882,2891
R16,4,C5,w5-R16-s4-C5-block_pack,,cache,baseline,loas,16,resnet19_T4_n5,layer_16_layer3_0_conv2,4,16384,8,1024,128,1966080,16,122880,7680,16,1,16,1,block_pack,-1,16,20,20,12,1,next_burst,4,0,1,10,0,100,1,1,1,1,non_inclusive,lru,2200071,123756,2076315,66311,1980096,0.033489,960,1024,0.937500,64640,1034240,0,0,41043,0,0,33113793,7520,59708,33222064,33162356,173569107,140406751,0.808939,1979072,66311,1912761,0,0,0,0,0,0,0.999483,0.999483,0,0,0.000000,96.651122,4,5,5,15,19,20,60,0,10016440,4.552780,1.787751,1882,2891
R16,4,C5,w5-R16-s4-C5-split_cin,,cache,baseline,loas,16,resnet19_T4_n5,layer_16_layer3_0_conv2,4,16384,8,1024,128,1966080,16,122880,7680,16,1,16,1,split_cin,128,16,20,20,12,1,next_burst,4,0,1,10,0,100,1,1,1,1,non_inclusive,lru,2138219,123756,2014463,172371,1980096,0.087052,848,912,0.929825,64640,1034240,0,0,77993,0,0,32073327,7520,73592,32232432,32158840,165638334,133479494,0.805849,1979072,109491,1806813,0,62768,0,0,0,0,0.967783,0.999483,0,0,0.000000,91.294816,4,5,5,15,19,20,60,0,9890822,4.625729,1.809682,1882,2891
R16,4,C6,w5-R16-s4-C6-block_pack,,cache,baseline,loas,16,resnet19_T4_n5,layer_16_layer3_0_conv2,4,16384,8,256,32,1966080,16,30720,1920,64,4,16,1,block_pack,-1,16,20,20,12,1,next_burst,4,0,1,10,0,100,1,1,1,1,non_inclusive,lru,867125,123756,743369,1284328,1980096,0.648619,960,1024,0.937500,18416,1178624,0,0,678854,0,0,11133678,7520,74876,11894928,11820052,31894711,20074659,0.629404,1979072,89320,694744,0,5299,1189709,0,0,0,0.395973,0.999483,0,0,0.122502,35.138094,2,3,5,17,19,20,54,0,7545490,8.701733,1.540800,1882,2891
R16,4,C6,w5-R16-s4-C6-split_cin,,cache,baseline,loas,16,resnet19_T4_n5,layer_16_layer3_0_conv2,4,16384,8,256,32,1966080,16,30720,1920,64,4,16,1,split_cin,32,16,20,20,12,1,next_burst,4,0,1,10,0,100,1,1,1,1,non_inclusive,lru,862811,123756,739055,1289029,1980096,0.650993,912,976,0.934426,18416,1178624,0,0,686705,0,0,11056917,7520,74762,11825904,11751142,31638520,19887378,0.628581,1979072,88405,690091,0,16258,1184318,0,0,0,0.393161,0.999483,0,0,0.122502,34.900682,2,3,5,17,19,20,54,0,7534258,8.732223,1.538094,1882,2891
