_tag,_sample,_config,_banks,run_id,git_commit,arm,tier,arch,n_cores,workload,layer,sample_idx,l1_size_bytes,l1_assoc,l1_num_lines,l1_num_sets,l2_size_bytes,l2_assoc,l2_num_lines,l2_num_sets,line_size_bytes,cin_block,cout_block,weight_bytes,layout,cin_lo_blocks,l1_mshrs,l1_tgts_per_mshr,l2_mshrs,l2_tgts_per_mshr,l1_demand_reserve,prefetch_policy,prefetch_distance,l1_latency,l1_ii,l2_latency,l2_to_l1_latency,l2_miss_latency,l2_banks,l2_ii,dram_ii,core_accept_ii,inclusion,policy,total_cycles,tick_base_total,stretch_cycles,l1_hits,l1_accesses,l1_hit_rate,l2_hits,l2_accesses,l2_hit_rate,dram_accesses,dram_bytes,stall_l1_slot,stall_l1_line,stall_l1_port,stall_l2_slot,stall_l2_line,stall_l2_port,stall_channel,stall_barrier,stall_total,core_stall_sum,fetch_latency_sum,hidden_latency,hidden_fraction,pf_issued,pf_timely,pf_late,pf_wasted,pf_dropped_array_hit,pf_dropped_matching,pf_dropped_no_slot,pf_dropped_targets_full,pf_dropped_reserve,pf_coverage,pf_coverage_ceiling,pf_budget_exhausted,pf_pollution_evictions,padding_fraction,port_bound_threshold,l1_mshr_occ_p50,l1_mshr_occ_p95,l1_mshr_occ_max,l2_mshr_occ_p50,l2_mshr_occ_p95,l2_mshr_occ_max,max_wait_depth,hits_downgraded_to_miss,events,events_per_cycle,sim_wall_seconds,distinct_addr_per_core_tile_p50,distinct_addr_per_core_tile_max
R16,0,C2,1,w5d-R16-s0-C2-b1,,cache,baseline,loas,16,resnet19_T4_n5,layer_16_layer3_0_conv2,0,16384,8,1024,128,524288,16,32768,2048,16,1,16,1,split_cin,128,16,20,20,12,1,none,0,0,1,5,0,40,1,1,1,1,non_inclusive,lru,4436652,123108,4313544,64384,1969728,0.032687,430528,1905344,0.225958,1474816,23597056,0,0,0,0,0,2395180,66477084,145464,69017728,68872264,68872264,0,0.000000,0,0,0,0,0,0,0,0,0,0.000000,0.999480,0,0,0.000000,38.692530,1,1,1,13,15,16,0,0,9225024,2.079276,5.061291,1842,2854
R16,0,C2,2,w5d-R16-s0-C2-b2,,cache,baseline,loas,16,resnet19_T4_n5,layer_16_layer3_0_conv2,0,16384,8,1024,128,524288,16,32768,2048,16,1,16,1,split_cin,128,16,20,20,12,1,none,0,0,1,5,0,40,2,1,1,1,non_inclusive,lru,4420655,123108,4297547,64384,1969728,0.032687,430528,1905344,0.225958,1474816,23597056,0,0,0,0,0,2222145,66412577,127054,68761776,68634722,68634722,0,0.000000,0,0,0,0,0,0,0,0,0,0.000000,0.999480,0,0,0.000000,77.385060,1,1,1,13,15,16,0,0,9225024,2.086800,5.291175,1842,2854
R16,0,C2,4,w5d-R16-s0-C2-b4,,cache,baseline,loas,16,resnet19_T4_n5,layer_16_layer3_0_conv2,0,16384,8,1024,128,524288,16,32768,2048,16,1,16,1,split_cin,128,16,20,20,12,1,none,0,0,1,5,0,40,4,1,1,1,non_inclusive,lru,4412870,123108,4289762,64384,1969728,0.032687,430528,1905344,0.225958,1474816,23597056,0,0,0,0,0,2186692,66387660,62864,68637216,68574352,68574352,0,0.000000,0,0,0,0,0,0,0,0,0,0.000000,0.999480,0,0,0.000000,154.770121,1,1,1,13,15,16,0,0,9225024,2.090482,4.715425,1842,2854
R16,0,C2,8,w5d-R16-s0-C2-b8,,cache,baseline,loas,16,resnet19_T4_n5,layer_16_layer3_0_conv2,0,16384,8,1024,128,524288,16,32768,2048,16,1,16,1,split_cin,128,16,20,20,12,1,none,0,0,1,5,0,40,8,1,1,1,non_inclusive,lru,4407659,123108,4284551,64384,1969728,0.032687,430528,1905344,0.225958,1474816,23597056,0,0,0,0,0,2163177,66373097,17566,68553840,68536274,68536274,0,0.000000,0,0,0,0,0,0,0,0,0,0.000000,0.999480,0,0,0.000000,309.540241,1,1,1,11,15,16,0,0,9225024,2.092953,4.411364,1842,2854
R16,0,C3,1,w5d-R16-s0-C3-b1,,cache,baseline,loas,16,resnet19_T4_n5,layer_16_layer3_0_conv2,0,16384,1024,1024,1,524288,16,32768,2048,16,1,16,1,split_cin,1,16,20,20,12,1,none,0,0,1,5,0,40,1,1,1,1,non_inclusive,lru,4442904,123108,4319796,42624,1969728,0.021640,453728,1927104,0.235446,1473376,23574016,0,0,0,0,0,2565814,66415971,135975,69117760,68981785,68981785,0,0.000000,0,0,0,0,0,0,0,0,0,0.000000,0.999480,0,0,0.000000,39.134419,1,1,1,13,15,16,0,0,9267104,2.085821,39.577320,1842,2854
R16,0,C3,2,w5d-R16-s0-C3-b2,,cache,baseline,loas,16,resnet19_T4_n5,layer_16_layer3_0_conv2,0,16384,1024,1024,1,524288,16,32768,2048,16,1,16,1,split_cin,1,16,20,20,12,1,none,0,0,1,5,0,40,2,1,1,1,non_inclusive,lru,4415406,123108,4292298,42624,1969728,0.021640,453728,1927104,0.235446,1473376,23574016,0,0,0,0,0,2314929,66320089,42774,68677792,68635018,68635018,0,0.000000,0,0,0,0,0,0,0,0,0,0.000000,0.999480,0,0,0.000000,78.268837,1,1,1,12,15,16,0,0,9267104,2.098811,39.020800,1842,2854
R16,0,C3,4,w5d-R16-s0-C3-b4,,cache,baseline,loas,16,resnet19_T4_n5,layer_16_layer3_0_conv2,0,16384,1024,1024,1,524288,16,32768,2048,16,1,16,1,split_cin,1,16,20,20,12,1,none,0,0,1,5,0,40,4,1,1,1,non_inclusive,lru,4409803,123108,4286695,42624,1969728,0.021640,453728,1927104,0.235446,1473376,23574016,0,0,0,0,0,2269948,66308652,9544,68588144,68578600,68578600,0,0.000000,0,0,0,0,0,0,0,0,0,0.000000,0.999480,0,0,0.000000,156.537674,1,1,1,10,15,16,0,0,9267104,2.101478,39.815203,1842,2854
R16,0,C3,8,w5d-R16-s0-C3-b8,,cache,baseline,loas,16,resnet19_T4_n5,layer_16_layer3_0_conv2,0,16384,1024,1024,1,524288,16,32768,2048,16,1,16,1,split_cin,1,16,20,20,12,1,none,0,0,1,5,0,40,8,1,1,1,non_inclusive,lru,4409737,123108,4286629,42624,1969728,0.021640,453728,1927104,0.235446,1473376,23574016,0,0,0,0,0,2269040,66309272,8776,68587088,68578312,68578312,0,0.000000,0,0,0,0,0,0,0,0,0,0.000000,0.999480,0,0,0.000000,313.075348,1,1,1,10,15,16,0,0,9267104,2.101509,39.013353,1842,2854
R16,0,C4,1,w5d-R16-s0-C4-b1,,cache,baseline,loas,16,resnet19_T4_n5,layer_16_layer3_0_conv2,0,16384,8,256,32,524288,16,8192,512,64,4,16,1,split_cin,32,16,20,20,12,1,none,0,0,1,5,0,40,1,1,1,1,non_inclusive,lru,2305835,123108,2182727,1176528,1969728,0.597305,24640,793200,0.031064,768560,49187840,0,0,0,0,0,303224,34598496,22936,34924656,34901720,34901720,0,0.000000,0,0,0,0,0,0,0,0,0,0.000000,0.999480,0,0,0.110460,16.107808,1,1,1,10,15,16,0,0,6294480,2.729805,2.867850,1842,2854
R16,0,C4,2,w5d-R16-s0-C4-b2,,cache,baseline,loas,16,resnet19_T4_n5,layer_16_layer3_0_conv2,0,16384,8,256,32,524288,16,8192,512,64,4,16,1,split_cin,32,16,20,20,12,1,none,0,0,1,5,0,40,2,1,1,1,non_inclusive,lru,2295679,123108,2172571,1176528,1969728,0.597305,24640,793200,0.031064,768560,49187840,0,0,0,0,0,148636,34593908,19616,34762160,34742544,34742544,0,0.000000,0,0,0,0,0,0,0,0,0,0.000000,0.999480,0,0,0.110460,32.215616,1,1,1,9,15,16,0,0,6294480,2.741882,3.362616,1842,2854
R16,0,C4,4,w5d-R16-s0-C4-b4,,cache,baseline,loas,16,resnet19_T4_n5,layer_16_layer3_0_conv2,0,16384,8,256,32,524288,16,8192,512,64,4,16,1,split_cin,32,16,20,20,12,1,none,0,0,1,5,0,40,4,1,1,1,non_inclusive,lru,2293343,123108,2170235,1176528,1969728,0.597305,24640,793200,0.031064,768560,49187840,0,0,0,0,0,123680,34592400,8704,34724784,34716080,34716080,0,0.000000,0,0,0,0,0,0,0,0,0,0.000000,0.999480,0,0,0.110460,64.431231,1,1,1,9,15,16,0,0,6294480,2.744674,2.828906,1842,2854
R16,0,C4,8,w5d-R16-s0-C4-b8,,cache,baseline,loas,16,resnet19_T4_n5,layer_16_layer3_0_conv2,0,16384,8,256,32,524288,16,8192,512,64,4,16,1,split_cin,32,16,20,20,12,1,none,0,0,1,5,0,40,8,1,1,1,non_inclusive,lru,2293343,123108,2170235,1176528,1969728,0.597305,24640,793200,0.031064,768560,49187840,0,0,0,0,0,123680,34592400,8704,34724784,34716080,34716080,0,0.000000,0,0,0,0,0,0,0,0,0,0.000000,0.999480,0,0,0.110460,128.862462,1,1,1,9,15,16,0,0,6294480,2.744674,3.046460,1842,2854
R16,0,C5,1,w5d-R16-s0-C5-b1,,cache,baseline,loas,16,resnet19_T4_n5,layer_16_layer3_0_conv2,0,16384,8,1024,128,524288,16,32768,2048,16,1,16,1,split_cin,128,16,20,20,12,1,next_burst,4,0,1,5,0,40,1,1,1,1,non_inclusive,lru,3558931,123108,3435823,560607,1969728,0.284611,416,784,0.530612,1474816,23597056,0,0,226077,0,0,54648161,19320,80634,54974192,54893558,277524571,222631013,0.802203,1968704,496223,1408337,0,64144,0,0,0,0,0.966915,0.999480,0,0,0.000000,28.615545,4,5,5,17,18,20,60,0,12621187,3.546342,7.918899,1842,2854
R16,0,C5,2,w5d-R16-s0-C5-b2,,cache,baseline,loas,16,resnet19_T4_n5,layer_16_layer3_0_conv2,0,16384,8,1024,128,524288,16,32768,2048,16,1,16,1,split_cin,128,16,20,20,12,1,next_burst,4,0,1,5,0,40,2,1,1,1,non_inclusive,lru,3337223,123108,3214115,641425,1969728,0.325641,416,886,0.469526,1474816,23597056,0,0,311156,11516,0,50992909,14222,97061,51426864,51329803,260351880,209022077,0.802845,1968704,577041,1327519,0,64144,0,0,0,0,0.966915,0.999480,0,0,0.000000,53.948687,4,5,5,18,19,20,60,0,12652592,3.791353,7.656486,1842,2854
R16,0,C5,4,w5d-R16-s0-C5-b4,,cache,baseline,loas,16,resnet19_T4_n5,layer_16_layer3_0_conv2,0,16384,8,1024,128,524288,16,32768,2048,16,1,16,1,split_cin,128,16,20,20,12,1,next_burst,4,0,1,5,0,40,4,1,1,1,non_inclusive,lru,3324644,123108,3201536,667547,1969728,0.338903,416,972,0.427984,1474816,23597056,0,0,337855,19829,0,50781433,9602,76881,51225600,51148719,259507691,208358972,0.802901,1968704,603163,1301397,0,64144,0,0,0,0,0.966915,0.999480,0,0,0.000000,105.775498,4,5,5,17,19,20,60,0,12656411,3.806847,8.234608,1842,2854
R16,0,C5,8,w5d-R16-s0-C5-b8,,cache,baseline,loas,16,resnet19_T4_n5,layer_16_layer3_0_conv2,0,16384,8,1024,128,524288,16,32768,2048,16,1,16,1,split_cin,128,16,20,20,12,1,next_burst,4,0,1,5,0,40,8,1,1,1,non_inclusive,lru,3323777,123108,3200669,674562,1969728,0.342465,416,1014,0.410256,1474816,23597056,0,0,339051,29895,0,50759723,7307,75752,51211728,51135976,259444641,208308665,0.802902,1968704,610178,1294382,0,64144,0,0,0,0,0.966915,0.999480,0,0,0.000000,210.411346,4,5,5,17,19,20,60,0,12656273,3.807798,8.041520,1842,2854
R16,0,C6,1,w5d-R16-s0-C6-b1,,cache,baseline,loas,16,resnet19_T4_n5,layer_16_layer3_0_conv2,0,16384,8,256,32,524288,16,8192,512,64,4,16,1,split_cin,32,16,20,20,12,1,next_burst,4,0,1,5,0,40,1,1,1,1,non_inclusive,lru,1786857,123108,1663749,1277241,1969728,0.648435,64,976,0.065574,768560,49187840,0,0,678982,0,0,25809870,47880,84276,26621008,26536732,68392797,41856065,0.611995,1968704,100713,691511,0,25412,1151068,0,0,0,0.402200,0.999480,0,0,0.110460,14.062591,2,3,5,17,19,20,44,0,9027477,5.052154,5.244715,1842,2854
R16,0,C6,2,w5d-R16-s0-C6-b2,,cache,baseline,loas,16,resnet19_T4_n5,layer_16_layer3_0_conv2,0,16384,8,256,32,524288,16,8192,512,64,4,16,1,split_cin,32,16,20,20,12,1,next_burst,4,0,1,5,0,40,2,1,1,1,non_inclusive,lru,1748731,123108,1625623,1285978,1969728,0.652871,64,1274,0.050235,768560,49187840,0,0,691568,28274,0,25161659,33020,96471,26010992,25914521,66636589,40722068,0.611107,1968704,109450,682774,0,27985,1148495,0,0,0,0.402200,0.999480,0,0,0.110460,27.770332,2,3,5,18,19,20,44,0,9027951,5.162573,5.266633,1842,2854
R16,0,C6,4,w5d-R16-s0-C6-b4,,cache,baseline,loas,16,resnet19_T4_n5,layer_16_layer3_0_conv2,0,16384,8,256,32,524288,16,8192,512,64,4,16,1,split_cin,32,16,20,20,12,1,next_burst,4,0,1,5,0,40,4,1,1,1,non_inclusive,lru,1743807,123108,1620699,1294993,1969728,0.657448,64,1312,0.048780,768560,49187840,0,0,709034,33097,0,25048518,30834,110725,25932208,25821483,66302287,40480804,0.610549,1968704,118465,673759,0,28330,1148150,0,0,0,0.402200,0.999480,0,0,0.110460,54.808380,2,3,5,17,19,20,47,0,9027803,5.177065,5.573755,1842,2854
R16,0,C6,8,w5d-R16-s0-C6-b8,,cache,baseline,loas,16,resnet19_T4_n5,layer_16_layer3_0_conv2,0,16384,8,256,32,524288,16,8192,512,64,4,16,1,split_cin,32,16,20,20,12,1,next_burst,4,0,1,5,0,40,8,1,1,1,non_inclusive,lru,1743483,123108,1620375,1301468,1969728,0.660735,64,1312,0.048780,768560,49187840,0,0,718559,33097,0,25026779,30834,117755,25927024,25809269,66237104,40427835,0.610350,1968704,124940,667284,0,26961,1149519,0,0,0,0.402200,0.999480,0,0,0.110460,108.564837,2,3,5,17,19,20,47,0,9027454,5.177827,5.360537,1842,2854
R16,1,C2,1,w5d-R16-s1-C2-b1,,cache,baseline,loas,16,resnet19_T4_n5,layer_16_layer3_0_conv2,1,16384,8,1024,128,524288,16,32768,2048,16,1,16,1,split_cin,128,16,20,20,12,1,none,0,0,1,5,0,40,1,1,1,1,non_inclusive,lru,4551137,125280,4425857,64976,2004480,0.032415,423920,1939504,0.218571,1515584,24249344,0,0,0,0,0,2359651,68307549,147536,70814736,70667200,70667200,0,0.000000,0,0,0,0,0,0,0,0,0,0.000000,0.999489,0,0,0.000000,38.703384,1,1,1,13,15,16,0,0,9403616,2.066212,4.477071,1875,2873
R16,1,C2,2,w5d-R16-s1-C2-b2,,cache,baseline,loas,16,resnet19_T4_n5,layer_16_layer3_0_conv2,1,16384,8,1024,128,524288,16,32768,2048,16,1,16,1,split_cin,128,16,20,20,12,1,none,0,0,1,5,0,40,2,1,1,1,non_inclusive,lru,4534633,125280,4409353,64976,2004480,0.032415,423920,1939504,0.218571,1515584,24249344,0,0,0,0,0,2186837,68244863,118972,70550672,70431700,70431700,0,0.000000,0,0,0,0,0,0,0,0,0,0.000000,0.999489,0,0,0.000000,77.406769,1,1,1,13,15,16,0,0,9403616,2.073733,4.693624,1875,2873
R16,1,C2,4,w5d-R16-s1-C2-b4,,cache,baseline,loas,16,resnet19_T4_n5,layer_16_layer3_0_conv2,1,16384,8,1024,128,524288,16,32768,2048,16,1,16,1,split_cin,128,16,20,20,12,1,none,0,0,1,5,0,40,4,1,1,1,non_inclusive,lru,4527811,125280,4402531,64976,2004480,0.032415,423920,1939504,0.218571,1515584,24249344,0,0,0,0,0,2150917,68223152,67451,70441520,70374069,70374069,0,0.000000,0,0,0,0,0,0,0,0,0,0.000000,0.999489,0,0,0.000000,154.813538,1,1,1,13,15,16,0,0,9403616,2.076857,5.201076,1875,2873
R16,1,C2,8,w5d-R16-s1-C2-b8,,cache,baseline,loas,16,resnet19_T4_n5,layer_16_layer3_0_conv2,1,16384,8,1024,128,524288,16,32768,2048,16,1,16,1,split_cin,128,16,20,20,12,1,none,0,0,1,5,0,40,8,1,1,1,non_inclusive,lru,4522306,125280,4397026,64976,2004480,0.032415,423920,1939504,0.218571,1515584,24249344,0,0,0,0,0,2128167,68210263,15010,70353440,70338430,70338430,0,0.000000,0,0,0,0,0,0,0,0,0,0.000000,0.999489,0,0,0.000000,309.627075,1,1,1,11,15,16,0,0,9403616,2.079385,4.603231,1875,2873
R16,1,C3,1,w5d-R16-s1-C3-b1,,cache,baseline,loas,16,resnet19_T4_n5,layer_16_layer3_0_conv2,1,16384,1024,1024,1,524288,16,32768,2048,16,1,16,1,split_cin,1,16,20,20,12,1,none,0,0,1,5,0,40,1,1,1,1,non_inclusive,lru,4557222,125280,4431942,45280,2004480,0.022589,444272,1959200,0.226762,1514928,24238848,0,0,0,0,0,2497775,68280541,133780,70912096,70778316,70778316,0,0.000000,0,0,0,0,0,0,0,0,0,0.000000,0.999489,0,0,0.000000,39.096424,1,1,1,13,15,16,0,0,9442352,2.071953,38.087893,1875,2873
R16,1,C3,2,w5d-R16-s1-C3-b2,,cache,baseline,loas,16,resnet19_T4_n5,layer_16_layer3_0_conv2,1,16384,1024,1024,1,524288,16,32768,2048,16,1,16,1,split_cin,1,16,20,20,12,1,none,0,0,1,5,0,40,2,1,1,1,non_inclusive,lru,4531245,125280,4405965,45280,2004480,0.022589,444272,1959200,0.226762,1514928,24238848,0,0,0,0,0,2268567,68190103,37794,70496464,70458670,70458670,0,0.000000,0,0,0,0,0,0,0,0,0,0.000000,0.999489,0,0,0.000000,78.192848,1,1,1,12,15,16,0,0,9442352,2.083832,38.292346,1875,2873
R16,1,C3,4,w5d-R16-s1-C3-b4,,cache,baseline,loas,16,resnet19_T4_n5,layer_16_layer3_0_conv2,1,16384,1024,1024,1,524288,16,32768,2048,16,1,16,1,split_cin,1,16,20,20,12,1,none,0,0,1,5,0,40,4,1,1,1,non_inclusive,lru,4525905,125280,4400625,45280,2004480,0.022589,444272,1959200,0.226762,1514928,24238848,0,0,0,0,0,2222112,68179212,9700,70411024,70401324,70401324,0,0.000000,0,0,0,0,0,0,0,0,0,0.000000,0.999489,0,0,0.000000,156.385696,1,1,1,10,15,16,0,0,9442352,2.086290,37.631622,1875,2873
R16,1,C3,8,w5d-R16-s1-C3-b8,,cache,baseline,loas,16,resnet19_T4_n5,layer_16_layer3_0_conv2,1,16384,1024,1024,1,524288,16,32768,2048,16,1,16,1,split_cin,1,16,20,20,12,1,none,0,0,1,5,0,40,8,1,1,1,non_inclusive,lru,4525828,125280,4400548,45280,2004480,0.022589,444272,1959200,0.226762,1514928,24238848,0,0,0,0,0,2221600,68179344,8848,70409792,70400944,70400944,0,0.000000,0,0,0,0,0,0,0,0,0,0.000000,0.999489,0,0,0.000000,312.771392,1,1,1,10,15,16,0,0,9442352,2.086326,38.122104,1875,2873
R16,1,C4,1,w5d-R16-s1-C4-b1,,cache,baseline,loas,16,resnet19_T4_n5,layer_16_layer3_0_conv2,1,16384,8,256,32,524288,16,8192,512,64,4,16,1,split_cin,32,16,20,20,12,1,none,0,0,1,5,0,40,1,1,1,1,non_inclusive,lru,2309325,125280,2184045,1211632,2004480,0.604462,23424,792848,0.029544,769424,49243136,0,0,0,0,0,286324,34638684,20736,34945744,34925008,34925008,0,0.000000,0,0,0,0,0,0,0,0,0,0.000000,0.999489,0,0,0.131510,15.821520,1,1,1,10,15,16,0,0,6364144,2.755846,3.287958,1875,2873
R16,1,C4,2,w5d-R16-s1-C4-b2,,cache,baseline,loas,16,resnet19_T4_n5,layer_16_layer3_0_conv2,1,16384,8,256,32,524288,16,8192,512,64,4,16,1,split_cin,32,16,20,20,12,1,none,0,0,1,5,0,40,2,1,1,1,non_inclusive,lru,2299681,125280,2174401,1211632,2004480,0.604462,23424,792848,0.029544,769424,49243136,0,0,0,0,0,136120,34633156,22164,34791440,34769276,34769276,0,0.000000,0,0,0,0,0,0,0,0,0,0.000000,0.999489,0,0,0.131510,31.643040,1,1,1,9,15,16,0,0,6364144,2.767403,2.747130,1875,2873
R16,1,C4,4,w5d-R16-s1-C4-b4,,cache,baseline,loas,16,resnet19_T4_n5,layer_16_layer3_0_conv2,1,16384,8,256,32,524288,16,8192,512,64,4,16,1,split_cin,32,16,20,20,12,1,none,0,0,1,5,0,40,4,1,1,1,non_inclusive,lru,2297565,125280,2172285,1211632,2004480,0.604462,23424,792848,0.029544,769424,49243136,0,0,0,0,0,117600,34631280,8704,34757584,34748880,34748880,0,0.000000,0,0,0,0,0,0,0,0,0,0.000000,0.999489,0,0,0.131510,63.286079,1,1,1,9,15,16,0,0,6364144,2.769952,2.600398,1875,2873
R16,1,C4,8,w5d-R16-s1-C4-b8,,cache,baseline,loas,16,resnet19_T4_n5,layer_16_layer3_0_conv2,1,16384,8,256,32,524288,16,8192,512,64,4,16,1,split_cin,32,16,20,20,12,1,none,0,0,1,5,0,40,8,1,1,1,non_inclusive,lru,2297565,125280,2172285,1211632,2004480,0.604462,23424,792848,0.029544,769424,49243136,0,0,0,0,0,117600,34631280,8704,34757584,34748880,34748880,0,0.000000,0,0,0,0,0,0,0,0,0,0.000000,0.999489,0,0,0.131510,126.572158,1,1,1,9,15,16,0,0,6364144,2.769952,2.931032,1875,2873
R16,1,C5,1,w5d-R16-s1-C5-b1,,cache,baseline,loas,16,resnet19_T4_n5,layer_16_layer3_0_conv2,1,16384,8,1024,128,524288,16,32768,2048,16,1,16,1,split_cin,128,16,20,20,12,1,next_burst,4,0,1,5,0,40,1,1,1,1,non_inclusive,lru,3639835,125280,3514555,557557,2004480,0.278155,256,1024,0.250000,1515584,24249344,0,0,222000,0,0,55885849,40320,85735,56233904,56148169,283940388,227792219,0.802254,2003456,492581,1445899,0,64976,0,0,0,0,0.967074,0.999489,0,0,0.000000,28.873783,4,5,5,17,18,20,60,0,12880945,3.538882,7.316060,1875,2873
R16,1,C5,2,w5d-R16-s1-C5-b2,,cache,baseline,loas,16,resnet19_T4_n5,layer_16_layer3_0_conv2,1,16384,8,1024,128,524288,16,32768,2048,16,1,16,1,split_cin,128,16,20,20,12,1,next_burst,4,0,1,5,0,40,2,1,1,1,non_inclusive,lru,3428451,125280,3303171,640324,2004480,0.319446,256,1280,0.200000,1515584,24249344,0,0,310387,25687,0,52394582,27536,93568,52851760,52758192,267671403,214913211,0.802899,2003456,575348,1363132,0,64976,0,0,0,0,0.967074,0.999489,0,0,0.000000,54.444285,4,5,5,18,19,20,60,0,12906268,3.764460,8.127394,1875,2873
R16,1,C5,4,w5d-R16-s1-C5-b4,,cache,baseline,loas,16,resnet19_T4_n5,layer_16_layer3_0_conv2,1,16384,8,1024,128,524288,16,32768,2048,16,1,16,1,split_cin,128,16,20,20,12,1,next_burst,4,0,1,5,0,40,4,1,1,1,non_inclusive,lru,3416958,125280,3291678,660080,2004480,0.329302,256,1464,0.174863,1515584,24249344,0,0,334682,50373,0,52191611,17332,73874,52667872,52593998,266912509,214318511,0.802954,2003456,595104,1343376,0,64976,0,0,0,0,0.967074,0.999489,0,0,0.000000,107.311622,4,5,5,17,19,20,60,0,12909479,3.778062,8.046491,1875,2873
R16,1,C5,8,w5d-R16-s1-C5-b8,,cache,baseline,loas,16,resnet19_T4_n5,layer_16_layer3_0_conv2,1,16384,8,1024,128,524288,16,32768,2048,16,1,16,1,split_cin,128,16,20,20,12,1,next_burst,4,0,1,5,0,40,8,1,1,1,non_inclusive,lru,3415685,125280,3290405,680675,2004480,0.339577,256,1498,0.170895,1515584,24249344,0,0,343553,58466,0,52152028,15498,77959,52647504,52569545,266793725,214224180,0.802958,2003456,615699,1322781,0,64976,0,0,0,0,0.967074,0.999489,0,0,0.000000,211.335409,4,5,5,17,19,20,60,0,12909551,3.779491,7.889741,1875,2873
R16,1,C6,1,w5d-R16-s1-C6-b1,,cache,baseline,loas,16,resnet19_T4_n5,layer_16_layer3_0_conv2,1,16384,8,256,32,524288,16,8192,512,64,4,16,1,split_cin,32,16,20,20,12,1,next_burst,4,0,1,5,0,40,1,1,1,1,non_inclusive,lru,1785371,125280,1660091,1313119,2004480,0.655092,64,976,0.065574,769424,49243136,0,0,708286,0,0,25725171,47880,81143,26562480,26481337,66791348,40310011,0.603521,2003456,101487,690385,0,24626,1186958,0,0,0,0.395051,0.999489,0,0,0.131510,13.796316,2,3,5,17,19,20,42,0,9132469,5.115166,5.013597,1875,2873
R16,1,C6,2,w5d-R16-s1-C6-b2,,cache,baseline,loas,16,resnet19_T4_n5,layer_16_layer3_0_conv2,1,16384,8,256,32,524288,16,8192,512,64,4,16,1,split_cin,32,16,20,20,12,1,next_burst,4,0,1,5,0,40,2,1,1,1,non_inclusive,lru,1749899,125280,1624619,1325977,2004480,0.661507,64,1210,0.052893,769424,49243136,0,0,730557,22130,0,25108426,36076,97739,25994928,25897189,65221812,39324623,0.602937,2003456,114345,677527,0,29111,1182473,0,0,0,0.395051,0.999489,0,0,0.131510,27.079462,2,3,5,18,19,20,44,0,9132888,5.219094,5.124537,1875,2873
R16,1,C6,4,w5d-R16-s1-C6-b4,,cache,baseline,loas,16,resnet19_T4_n5,layer_16_layer3_0_conv2,1,16384,8,256,32,524288,16,8192,512,64,4,16,1,split_cin,32,16,20,20,12,1,next_burst,4,0,1,5,0,40,4,1,1,1,non_inclusive,lru,1745784,125280,1620504,1334634,2004480,0.665826,64,1292,0.049536,769424,49243136,0,0,745866,31105,0,25009866,31782,110469,25929088,25818619,64926421,39107802,0.602340,2003456,123002,668870,0,27635,1183949,0,0,0,0.395051,0.999489,0,0,0.131510,53.467912,2,3,5,17,19,20,44,0,9132762,5.231324,5.799173,1875,2873
R16,1,C6,8,w5d-R16-s1-C6-b8,,cache,baseline,loas,16,resnet19_T4_n5,layer_16_layer3_0_conv2,1,16384,8,256,32,524288,16,8192,512,64,4,16,1,split_cin,32,16,20,20,12,1,next_burst,4,0,1,5,0,40,8,1,1,1,non_inclusive,lru,1746092,125280,1620812,1337126,2004480,0.667069,64,1292,0.049536,769424,49243136,0,0,749595,31105,0,24989230,31782,132304,25934016,25801712,64826919,39025207,0.601991,2003456,125494,666378,0,26833,1184751,0,0,0,0.395051,0.999489,0,0,0.131510,106.537995,2,3,5,17,19,20,44,0,9132430,5.230211,5.578031,1875,2873
R16,2,C2,1,w5d-R16-s2-C2-b1,,cache,baseline,loas,16,resnet19_T4_n5,layer_16_layer3_0_conv2,2,16384,8,1024,128,524288,16,32768,2048,16,1,16,1,split_cin,128,16,20,20,12,1,none,0,0,1,5,0,40,1,1,1,1,non_inclusive,lru,4609290,126572,4482718,65344,2025152,0.032266,423952,1959808,0.216323,1535856,24573696,0,0,0,0,0,2354648,69220542,149322,71724512,71575190,71575190,0,0.000000,0,0,0,0,0,0,0,0,0,0.000000,0.999494,0,0,0.000000,38.709351,1,1,1,13,15,16,0,0,9505840,2.062322,4.927175,1904,2925
R16,2,C2,2,w5d-R16-s2-C2-b2,,cache,baseline,loas,16,resnet19_T4_n5,layer_16_layer3_0_conv2,2,16384,8,1024,128,524288,16,32768,2048,16,1,16,1,split_cin,128,16,20,20,12,1,none,0,0,1,5,0,40,2,1,1,1,non_inclusive,lru,4592162,126572,4465590,65344,2025152,0.032266,423952,1959808,0.216323,1535856,24573696,0,0,0,0,0,2183587,69155524,111353,71450464,71339111,71339111,0,0.000000,0,0,0,0,0,0,0,0,0,0.000000,0.999494,0,0,0.000000,77.418702,1,1,1,13,15,16,0,0,9505840,2.070014,5.239352,1904,2925
R16,2,C2,4,w5d-R16-s2-C2-b4,,cache,baseline,loas,16,resnet19_T4_n5,layer_16_layer3_0_conv2,2,16384,8,1024,128,524288,16,32768,2048,16,1,16,1,split_cin,128,16,20,20,12,1,none,0,0,1,5,0,40,4,1,1,1,non_inclusive,lru,4585827,126572,4459255,65344,2025152,0.032266,423952,1959808,0.216323,1535856,24573696,0,0,0,0,0,2147417,69136059,65628,71349104,71283476,71283476,0,0.000000,0,0,0,0,0,0,0,0,0,0.000000,0.999494,0,0,0.000000,154.837405,1,1,1,13,15,16,0,0,9505840,2.072874,4.882801,1904,2925
R16,2,C2,8,w5d-R16-s2-C2-b8,,cache,baseline,loas,16,resnet19_T4_n5,layer_16_layer3_0_conv2,2,16384,8,1024,128,524288,16,32768,2048,16,1,16,1,split_cin,128,16,20,20,12,1,none,0,0,1,5,0,40,8,1,1,1,non_inclusive,lru,4580827,126572,4454255,65344,2025152,0.032266,423952,1959808,0.216323,1535856,24573696,0,0,0,0,0,2127155,69122673,19276,71269104,71249828,71249828,0,0.000000,0,0,0,0,0,0,0,0,0,0.000000,0.999494,0,0,0.000000,309.674810,1,1,1,11,15,16,0,0,9505840,2.075136,4.594102,1904,2925
R16,2,C3,1,w5d-R16-s2-C3-b1,,cache,baseline,loas,16,resnet19_T4_n5,layer_16_layer3_0_conv2,2,16384,1024,1024,1,524288,16,32768,2048,16,1,16,1,split_cin,1,16,20,20,12,1,none,0,0,1,5,0,40,1,1,1,1,non_inclusive,lru,4614374,126572,4487802,47072,2025152,0.023244,443040,1978080,0.223975,1535040,24560640,0,0,0,0,0,2485025,69185945,134886,71805856,71670970,71670970,0,0.000000,0,0,0,0,0,0,0,0,0,0.000000,0.999494,0,0,0.000000,39.070253,1,1,1,13,15,16,0,0,9541568,2.067793,34.640171,1904,2925
R16,2,C3,2,w5d-R16-s2-C3-b2,,cache,baseline,loas,16,resnet19_T4_n5,layer_16_layer3_0_conv2,2,16384,1024,1024,1,524288,16,32768,2048,16,1,16,1,split_cin,1,16,20,20,12,1,none,0,0,1,5,0,40,2,1,1,1,non_inclusive,lru,4588470,126572,4461898,47072,2025152,0.023244,443040,1978080,0.223975,1535040,24560640,0,0,0,0,0,2260397,69094186,36809,71391392,71354583,71354583,0,0.000000,0,0,0,0,0,0,0,0,0,0.000000,0.999494,0,0,0.000000,78.140505,1,1,1,12,15,16,0,0,9541568,2.079466,34.938670,1904,2925
R16,2,C3,4,w5d-R16-s2-C3-b4,,cache,baseline,loas,16,resnet19_T4_n5,layer_16_layer3_0_conv2,2,16384,1024,1024,1,524288,16,32768,2048,16,1,16,1,split_cin,1,16,20,20,12,1,none,0,0,1,5,0,40,4,1,1,1,non_inclusive,lru,4583371,126572,4456799,47072,2025152,0.023244,443040,1978080,0.223975,1535040,24560640,0,0,0,0,0,2215768,69084328,9712,71309808,71300096,71300096,0,0.000000,0,0,0,0,0,0,0,0,0,0.000000,0.999494,0,0,0.000000,156.281010,1,1,1,10,15,16,0,0,9541568,2.081780,35.382640,1904,2925
R16,2,C3,8,w5d-R16-s2-C3-b8,,cache,baseline,loas,16,resnet19_T4_n5,layer_16_layer3_0_conv2,2,16384,1024,1024,1,524288,16,32768,2048,16,1,16,1,split_cin,1,16,20,20,12,1,none,0,0,1,5,0,40,8,1,1,1,non_inclusive,lru,4583293,126572,4456721,47072,2025152,0.023244,443040,1978080,0.223975,1535040,24560640,0,0,0,0,0,2215344,69084424,8792,71308560,71299768,71299768,0,0.000000,0,0,0,0,0,0,0,0,0,0.000000,0.999494,0,0,0.000000,312.562020,1,1,1,10,15,16,0,0,9541568,2.081815,34.916760,1904,2925
R16,2,C4,1,w5d-R16-s2-C4-b1,,cache,baseline,loas,16,resnet19_T4_n5,layer_16_layer3_0_conv2,2,16384,8,256,32,524288,16,8192,512,64,4,16,1,split_cin,32,16,20,20,12,1,none,0,0,1,5,0,40,1,1,1,1,non_inclusive,lru,2326502,126572,2199930,1226912,2025152,0.605837,23552,798240,0.029505,774688,49580032,0,0,0,0,0,306200,34873560,20144,35199904,35179760,35179760,0,0.000000,0,0,0,0,0,0,0,0,0,0.000000,0.999494,0,0,0.139540,15.766520,1,1,1,10,15,16,0,0,6421536,2.760168,3.121311,1904,2925
R16,2,C4,2,w5d-R16-s2-C4-b2,,cache,baseline,loas,16,resnet19_T4_n5,layer_16_layer3_0_conv2,2,16384,8,256,32,524288,16,8192,512,64,4,16,1,split_cin,32,16,20,20,12,1,none,0,0,1,5,0,40,2,1,1,1,non_inclusive,lru,2315934,126572,2189362,1226912,2025152,0.605837,23552,798240,0.029505,774688,49580032,0,0,0,0,0,141344,34870080,19392,35030816,35011424,35011424,0,0.000000,0,0,0,0,0,0,0,0,0,0.000000,0.999494,0,0,0.139540,31.533040,1,1,1,9,15,16,0,0,6421536,2.772763,3.178120,1904,2925
R16,2,C4,4,w5d-R16-s2-C4-b4,,cache,baseline,loas,16,resnet19_T4_n5,layer_16_layer3_0_conv2,2,16384,8,256,32,524288,16,8192,512,64,4,16,1,split_cin,32,16,20,20,12,1,none,0,0,1,5,0,40,4,1,1,1,non_inclusive,lru,2313702,126572,2187130,1226912,2025152,0.605837,23552,798240,0.029505,774688,49580032,0,0,0,0,0,118240,34868160,8704,34995104,34986400,34986400,0,0.000000,0,0,0,0,0,0,0,0,0,0.000000,0.999494,0,0,0.139540,63.066081,1,1,1,9,15,16,0,0,6421536,2.775438,3.239082,1904,2925
R16,2,C4,8,w5d-R16-s2-C4-b8,,cache,baseline,loas,16,resnet19_T4_n5,layer_16_layer3_0_conv2,2,16384,8,256,32,524288,16,8192,512,64,4,16,1,split_cin,32,16,20,20,12,1,none,0,0,1,5,0,40,8,1,1,1,non_inclusive,lru,2313702,126572,2187130,1226912,2025152,0.605837,23552,798240,0.029505,774688,49580032,0,0,0,0,0,118240,34868160,8704,34995104,34986400,34986400,0,0.000000,0,0,0,0,0,0,0,0,0,0.000000,0.999494,0,0,0.139540,126.132162,1,1,1,9,15,16,0,0,6421536,2.775438,3.077179,1904,2925
R16,2,C5,1,w5d-R16-s2-C5-b1,,cache,baseline,loas,16,resnet19_T4_n5,layer_16_layer3_0_conv2,2,16384,8,1024,128,524288,16,32768,2048,16,1,16,1,split_cin,128,16,20,20,12,1,next_burst,4,0,1,5,0,40,1,1,1,1,non_inclusive,lru,3678250,126572,3551678,552424,2025152,0.272781,112,976,0.114754,1535856,24573696,0,0,219511,0,0,56478048,45360,84953,56827872,56742919,287072177,230329258,0.802339,2024128,487080,1471752,0,65296,0,0,0,0,0.967252,0.999494,0,0,0.000000,29.088740,4,5,5,17,18,20,60,0,13015750,3.538571,7.233805,1904,2925
R16,2,C5,2,w5d-R16-s2-C5-b2,,cache,baseline,loas,16,resnet19_T4_n5,layer_16_layer3_0_conv2,2,16384,8,1024,128,524288,16,32768,2048,16,1,16,1,split_cin,128,16,20,20,12,1,next_burst,4,0,1,5,0,40,2,1,1,1,non_inclusive,lru,3472725,126572,3346153,645718,2025152,0.318849,112,1262,0.088748,1535856,24573696,0,0,313777,28956,0,53076566,31056,89117,53539472,53450355,271273058,217822703,0.802965,2024128,580374,1378458,0,65296,0,0,0,0,0.967252,0.999494,0,0,0.000000,54.492068,4,5,5,18,19,20,60,0,13047941,3.757263,8.043976,1904,2925
R16,2,C5,4,w5d-R16-s2-C5-b4,,cache,baseline,loas,16,resnet19_T4_n5,layer_16_layer3_0_conv2,2,16384,8,1024,128,524288,16,32768,2048,16,1,16,1,split_cin,128,16,20,20,12,1,next_burst,4,0,1,5,0,40,4,1,1,1,non_inclusive,lru,3462585,126572,3336013,677870,2025152,0.334725,112,1433,0.078158,1535856,24573696,0,0,340259,51475,0,52885801,21692,78005,53377232,53299227,270561393,217262166,0.803005,2024128,612526,1346306,0,65296,0,0,0,0,0.967252,0.999494,0,0,0.000000,106.443921,4,5,5,17,19,20,60,0,13052429,3.769562,7.893921,1904,2925
R16,2,C5,8,w5d-R16-s2-C5-b8,,cache,baseline,loas,16,resnet19_T4_n5,layer_16_layer3_0_conv2,2,16384,8,1024,128,524288,16,32768,2048,16,1,16,1,split_cin,128,16,20,20,12,1,next_burst,4,0,1,5,0,40,8,1,1,1,non_inclusive,lru,3462024,126572,3335452,681869,2025152,0.336700,112,1484,0.075472,1535856,24573696,0,0,339682,65080,0,52864560,18907,80027,53368256,53288229,270491503,217203274,0.802995,2024128,616525,1342307,0,65296,0,0,0,0,0.967252,0.999494,0,0,0.000000,212.255949,4,5,5,17,19,20,60,0,13051621,3.769939,8.314515,1904,2925
R16,2,C6,1,w5d-R16-s2-C6-b1,,cache,baseline,loas,16,resnet19_T4_n5,layer_16_layer3_0_conv2,2,16384,8,256,32,524288,16,8192,512,64,4,16,1,split_cin,32,16,20,20,12,1,next_burst,4,0,1,5,0,40,1,1,1,1,non_inclusive,lru,1799288,126572,1672716,1328648,2025152,0.656073,64,976,0.065574,774688,49580032,0,0,724668,0,0,25903723,47880,88209,26764480,26676271,66977996,40301725,0.601716,2024128,101736,695528,0,23640,1203224,0,0,0,0.393681,0.999494,0,0,0.139540,13.757071,2,3,5,17,19,20,42,0,9216598,5.122358,5.557384,1904,2925
R16,2,C6,2,w5d-R16-s2-C6-b2,,cache,baseline,loas,16,resnet19_T4_n5,layer_16_layer3_0_conv2,2,16384,8,256,32,524288,16,8192,512,64,4,16,1,split_cin,32,16,20,20,12,1,next_burst,4,0,1,5,0,40,2,1,1,1,non_inclusive,lru,1762388,126572,1635816,1338920,2025152,0.661145,64,1233,0.051906,774688,49580032,0,0,739692,24375,0,25276195,35163,98655,26174080,26075425,65336844,39261419,0.600908,2024128,112008,685256,0,26906,1199958,0,0,0,0.393681,0.999494,0,0,0.139540,27.108365,2,3,5,18,19,20,44,0,9216566,5.229590,5.615724,1904,2925
R16,2,C6,4,w5d-R16-s2-C6-b4,,cache,baseline,loas,16,resnet19_T4_n5,layer_16_layer3_0_conv2,2,16384,8,256,32,524288,16,8192,512,64,4,16,1,split_cin,32,16,20,20,12,1,next_burst,4,0,1,5,0,40,4,1,1,1,non_inclusive,lru,1757172,126572,1630600,1345752,2025152,0.664519,64,1292,0.049536,774688,49580032,0,0,753178,30805,0,25165541,31859,109241,26090624,25981383,64980090,38998707,0.600164,2024128,118840,678424,0,26781,1200083,0,0,0,0.393681,0.999494,0,0,0.139540,53.676959,2,3,5,17,19,20,43,0,9216548,5.245103,5.816380,1904,2925
R16,2,C6,8,w5d-R16-s2-C6-b8,,cache,baseline,loas,16,resnet19_T4_n5,layer_16_layer3_0_conv2,2,16384,8,256,32,524288,16,8192,512,64,4,16,1,split_cin,32,16,20,20,12,1,next_burst,4,0,1,5,0,40,8,1,1,1,non_inclusive,lru,1757547,126572,1630975,1351004,2025152,0.667112,64,1292,0.049536,774688,49580032,0,0,760759,30805,0,25142469,31859,130732,26096624,25965892,64896523,38930631,0.599888,2024128,124092,673172,0,25873,1200991,0,0,0,0.393681,0.999494,0,0,0.139540,106.524034,2,3,5,17,19,20,42,0,9216092,5.243724,5.518356,1904,2925
R16,3,C2,1,w5d-R16-s3-C2-b1,,cache,baseline,loas,16,resnet19_T4_n5,layer_16_layer3_0_conv2,3,16384,8,1024,128,524288,16,32768,2048,16,1,16,1,split_cin,128,16,20,20,12,1,none,0,0,1,5,0,40,1,1,1,1,non_inclusive,lru,4615344,126012,4489332,61216,2016192,0.030362,416864,1954976,0.213232,1538112,24609792,0,0,0,0,0,2371574,69322934,135828,71830336,71694508,71694508,0,0.000000,0,0,0,0,0,0,0,0,0,0.000000,0.999492,0,0,0.000000,38.785512,1,1,1,13,15,16,0,0,9480512,2.054129,5.090643,1914,2968
R16,3,C2,2,w5d-R16-s3-C2-b2,,cache,baseline,loas,16,resnet19_T4_n5,layer_16_layer3_0_conv2,3,16384,8,1024,128,524288,16,32768,2048,16,1,16,1,split_cin,128,16,20,20,12,1,none,0,0,1,5,0,40,2,1,1,1,non_inclusive,lru,4596111,126012,4470099,61216,2016192,0.030362,416864,1954976,0.213232,1538112,24609792,0,0,0,0,0,2151990,69255354,115264,71522608,71407344,71407344,0,0.000000,0,0,0,0,0,0,0,0,0,0.000000,0.999492,0,0,0.000000,77.571025,1,1,1,13,15,16,0,0,9480512,2.062725,4.939494,1914,2968
R16,3,C2,4,w5d-R16-s3-C2-b4,,cache,baseline,loas,16,resnet19_T4_n5,layer_16_layer3_0_conv2,3,16384,8,1024,128,524288,16,32768,2048,16,1,16,1,split_cin,128,16,20,20,12,1,none,0,0,1,5,0,40,4,1,1,1,non_inclusive,lru,4589452,126012,4463440,61216,2016192,0.030362,416864,1954976,0.213232,1538112,24609792,0,0,0,0,0,2115932,69236677,63455,71416064,71352609,71352609,0,0.000000,0,0,0,0,0,0,0,0,0,0.000000,0.999492,0,0,0.000000,155.142050,1,1,1,13,15,16,0,0,9480512,2.065718,5.065315,1914,2968
R16,3,C2,8,w5d-R16-s3-C2-b8,,cache,baseline,loas,16,resnet19_T4_n5,layer_16_layer3_0_conv2,3,16384,8,1024,128,524288,16,32768,2048,16,1,16,1,split_cin,128,16,20,20,12,1,none,0,0,1,5,0,40,8,1,1,1,non_inclusive,lru,4584447,126012,4458435,61216,2016192,0.030362,416864,1954976,0.213232,1538112,24609792,0,0,0,0,0,2093777,69223311,18896,71335984,71317088,71317088,0,0.000000,0,0,0,0,0,0,0,0,0,0.000000,0.999492,0,0,0.000000,310.284100,1,1,1,11,15,16,0,0,9480512,2.067973,5.613338,1914,2968
R16,3,C3,1,w5d-R16-s3-C3-b1,,cache,baseline,loas,16,resnet19_T4_n5,layer_16_layer3_0_conv2,3,16384,1024,1024,1,524288,16,32768,2048,16,1,16,1,split_cin,1,16,20,20,12,1,none,0,0,1,5,0,40,1,1,1,1,non_inclusive,lru,4617132,126012,4491120,44016,2016192,0.021831,436544,1972176,0.221351,1535632,24570112,0,0,0,0,0,2523106,69213992,121846,71858944,71737098,71737098,0,0.000000,0,0,0,0,0,0,0,0,0,0.000000,0.999492,0,0,0.000000,39.126750,1,1,1,13,15,16,0,0,9512432,2.060247,31.854398,1914,2968
R16,3,C3,2,w5d-R16-s3-C3-b2,,cache,baseline,loas,16,resnet19_T4_n5,layer_16_layer3_0_conv2,3,16384,1024,1024,1,524288,16,32768,2048,16,1,16,1,split_cin,1,16,20,20,12,1,none,0,0,1,5,0,40,2,1,1,1,non_inclusive,lru,4587920,126012,4461908,44016,2016192,0.021831,436544,1972176,0.221351,1535632,24570112,0,0,0,0,0,2236165,69120922,34465,71391552,71357087,71357087,0,0.000000,0,0,0,0,0,0,0,0,0,0.000000,0.999492,0,0,0.000000,78.253500,1,1,1,12,15,16,0,0,9512432,2.073365,31.269571,1914,2968
R16,3,C3,4,w5d-R16-s3-C3-b4,,cache,baseline,loas,16,resnet19_T4_n5,layer_16_layer3_0_conv2,3,16384,1024,1024,1,524288,16,32768,2048,16,1,16,1,split_cin,1,16,20,20,12,1,none,0,0,1,5,0,40,4,1,1,1,non_inclusive,lru,4582428,126012,4456416,44016,2016192,0.021831,436544,1972176,0.221351,1535632,24570112,0,0,0,0,0,2183504,69110680,9496,71303680,71294184,71294184,0,0.000000,0,0,0,0,0,0,0,0,0,0.000000,0.999492,0,0,0.000000,156.506999,1,1,1,10,15,16,0,0,9512432,2.075850,31.736076,1914,2968
R16,3,C3,8,w5d-R16-s3-C3-b8,,cache,baseline,loas,16,resnet19_T4_n5,layer_16_layer3_0_conv2,3,16384,1024,1024,1,524288,16,32768,2048,16,1,16,1,split_cin,1,16,20,20,12,1,none,0,0,1,5,0,40,8,1,1,1,non_inclusive,lru,4582368,126012,4456356,44016,2016192,0.021831,436544,1972176,0.221351,1535632,24570112,0,0,0,0,0,2182960,69110968,8792,71302720,71293928,71293928,0,0.000000,0,0,0,0,0,0,0,0,0,0.000000,0.999492,0,0,0.000000,313.013999,1,1,1,10,15,16,0,0,9512432,2.075877,31.569929,1914,2968
R16,3,C4,1,w5d-R16-s3-C4-b1,,cache,baseline,loas,16,resnet19_T4_n5,layer_16_layer3_0_conv2,3,16384,8,256,32,524288,16,8192,512,64,4,16,1,split_cin,32,16,20,20,12,1,none,0,0,1,5,0,40,1,1,1,1,non_inclusive,lru,2309241,126012,2183229,1222320,2016192,0.606252,25344,793872,0.031925,768528,49185792,0,0,0,0,0,314652,34597596,20440,34932688,34912248,34912248,0,0.000000,0,0,0,0,0,0,0,0,0,0.000000,0.999492,0,0,0.101128,15.749929,1,1,1,10,15,16,0,0,6388720,2.766589,2.566294,1914,2968
R16,3,C4,2,w5d-R16-s3-C4-b2,,cache,baseline,loas,16,resnet19_T4_n5,layer_16_layer3_0_conv2,3,16384,8,256,32,524288,16,8192,512,64,4,16,1,split_cin,32,16,20,20,12,1,none,0,0,1,5,0,40,2,1,1,1,non_inclusive,lru,2298385,126012,2172373,1222320,2016192,0.606252,25344,793872,0.031925,768528,49185792,0,0,0,0,0,150364,34592512,16116,34758992,34742876,34742876,0,0.000000,0,0,0,0,0,0,0,0,0,0.000000,0.999492,0,0,0.101128,31.499857,1,1,1,9,15,16,0,0,6388720,2.779656,2.483472,1914,2968
R16,3,C4,4,w5d-R16-s3-C4-b4,,cache,baseline,loas,16,resnet19_T4_n5,layer_16_layer3_0_conv2,3,16384,8,256,32,524288,16,8192,512,64,4,16,1,split_cin,32,16,20,20,12,1,none,0,0,1,5,0,40,4,1,1,1,non_inclusive,lru,2296397,126012,2170385,1222320,2016192,0.606252,25344,793872,0.031925,768528,49185792,0,0,0,0,0,126952,34591440,8792,34727184,34718392,34718392,0,0.000000,0,0,0,0,0,0,0,0,0,0.000000,0.999492,0,0,0.101128,62.999714,1,1,1,9,15,16,0,0,6388720,2.782063,3.162864,1914,2968
R16,3,C4,8,w5d-R16-s3-C4-b8,,cache,baseline,loas,16,resnet19_T4_n5,layer_16_layer3_0_conv2,3,16384,8,256,32,524288,16,8192,512,64,4,16,1,split_cin,32,16,20,20,12,1,none,0,0,1,5,0,40,8,1,1,1,non_inclusive,lru,2296377,126012,2170365,1222320,2016192,0.606252,25344,793872,0.031925,768528,49185792,0,0,0,0,0,126720,34591440,8704,34726864,34718160,34718160,0,0.000000,0,0,0,0,0,0,0,0,0,0.000000,0.999492,0,0,0.101128,125.999429,1,1,1,9,15,16,0,0,6388720,2.782087,2.507982,1914,2968
R16,3,C5,1,w5d-R16-s3-C5-b1,,cache,baseline,loas,16,resnet19_T4_n5,layer_16_layer3_0_conv2,3,16384,8,1024,128,524288,16,32768,2048,16,1,16,1,split_cin,128,16,20,20,12,1,next_burst,4,0,1,5,0,40,1,1,1,1,non_inclusive,lru,3684353,126012,3558341,542463,2016192,0.269053,304,1024,0.296875,1538112,24609792,0,0,212685,0,0,56589762,37800,94233,56934480,56840247,288116452,231276205,0.802718,2015168,481247,1472705,0,61216,0,0,0,0,0.969130,0.999492,0,0,0.000000,29.237870,4,5,5,17,18,20,60,0,12983659,3.524000,7.818505,1914,2968
R16,3,C5,2,w5d-R16-s3-C5-b2,,cache,baseline,loas,16,resnet19_T4_n5,layer_16_layer3_0_conv2,3,16384,8,1024,128,524288,16,32768,2048,16,1,16,1,split_cin,128,16,20,20,12,1,next_burst,4,0,1,5,0,40,2,1,1,1,non_inclusive,lru,3479720,126012,3353708,625763,2016192,0.310369,304,1218,0.249589,1538112,24609792,0,0,295377,18782,0,53205321,28150,112722,53660352,53547630,272277980,218730350,0.803335,2015168,564547,1389405,0,61216,0,0,0,0,0.969130,0.999492,0,0,0.000000,55.170500,4,5,5,18,19,20,60,0,13016025,3.740538,8.236559,1914,2968
R16,3,C5,4,w5d-R16-s3-C5-b4,,cache,baseline,loas,16,resnet19_T4_n5,layer_16_layer3_0_conv2,3,16384,8,1024,128,524288,16,32768,2048,16,1,16,1,split_cin,128,16,20,20,12,1,next_burst,4,0,1,5,0,40,4,1,1,1,non_inclusive,lru,3468020,126012,3342008,654809,2016192,0.324775,304,1388,0.219020,1538112,24609792,0,0,324140,40455,0,52996680,18932,92945,53473152,53380207,271503535,218123328,0.803390,2015168,593593,1360359,0,61216,0,0,0,0,0.969130,0.999492,0,0,0.000000,108.035981,4,5,5,17,19,20,60,0,13020353,3.754405,8.245615,1914,2968
R16,3,C5,8,w5d-R16-s3-C5-b8,,cache,baseline,loas,16,resnet19_T4_n5,layer_16_layer3_0_conv2,3,16384,8,1024,128,524288,16,32768,2048,16,1,16,1,split_cin,128,16,20,20,12,1,next_burst,4,0,1,5,0,40,8,1,1,1,non_inclusive,lru,3466922,126012,3340910,654493,2016192,0.324618,304,1451,0.209511,1538112,24609792,0,0,323949,53409,0,52967448,15503,95275,53455584,53360309,271409067,218048758,0.803395,2015168,593277,1360675,0,61216,0,0,0,0,0.969130,0.999492,0,0,0.000000,216.122115,4,5,5,17,19,20,60,0,13020271,3.755571,8.118362,1914,2968
R16,3,C6,1,w5d-R16-s3-C6-b1,,cache,baseline,loas,16,resnet19_T4_n5,layer_16_layer3_0_conv2,3,16384,8,256,32,524288,16,8192,512,64,4,16,1,split_cin,32,16,20,20,12,1,next_burst,4,0,1,5,0,40,1,1,1,1,non_inclusive,lru,1785327,126012,1659315,1326552,2016192,0.657949,0,1024,0.000000,768528,49185792,0,0,732255,0,0,25677655,53760,86394,26550064,26463670,67577358,41113688,0.608394,2015168,104232,688616,0,27810,1194510,0,0,0,0.393240,0.999492,0,0,0.101128,13.682030,2,3,5,17,19,20,51,0,9168685,5.135577,5.802594,1914,2968
R16,3,C6,2,w5d-R16-s3-C6-b2,,cache,baseline,loas,16,resnet19_T4_n5,layer_16_layer3_0_conv2,3,16384,8,256,32,524288,16,8192,512,64,4,16,1,split_cin,32,16,20,20,12,1,next_burst,4,0,1,5,0,40,2,1,1,1,non_inclusive,lru,1748549,126012,1622537,1331514,2016192,0.660410,0,1330,0.000000,768528,49185792,0,0,737045,29026,0,25051258,38468,105819,25961616,25855797,65804315,39948518,0.607081,2015168,109194,683654,0,30163,1192157,0,0,0,0.393240,0.999492,0,0,0.101128,27.167175,2,3,5,18,19,20,53,0,9168698,5.243604,5.219124,1914,2968
R16,3,C6,4,w5d-R16-s3-C6-b4,,cache,baseline,loas,16,resnet19_T4_n5,layer_16_layer3_0_conv2,3,16384,8,256,32,524288,16,8192,512,64,4,16,1,split_cin,32,16,20,20,12,1,next_burst,4,0,1,5,0,40,4,1,1,1,non_inclusive,lru,1743093,126012,1617081,1341420,2016192,0.665324,0,1364,0.000000,768528,49185792,0,0,755322,33517,0,24938126,36530,110825,25874320,25763495,65497842,39734347,0.606651,2015168,119100,673748,0,30201,1192119,0,0,0,0.393240,0.999492,0,0,0.101128,53.548234,2,3,5,17,19,20,51,0,9168766,5.260056,5.531362,1914,2968
R16,3,C6,8,w5d-R16-s3-C6-b8,,cache,baseline,loas,16,resnet19_T4_n5,layer_16_layer3_0_conv2,3,16384,8,256,32,524288,16,8192,512,64,4,16,1,split_cin,32,16,20,20,12,1,next_burst,4,0,1,5,0,40,8,1,1,1,non_inclusive,lru,1743086,126012,1617074,1347997,2016192,0.668586,0,1364,0.000000,768528,49185792,0,0,765114,33517,0,24911477,36530,127570,25874208,25746638,65400721,39654083,0.606325,2015168,125677,667171,0,28142,1194178,0,0,0,0.393240,0.999492,0,0,0.101128,106.052598,2,3,5,17,19,20,49,0,9168235,5.259772,5.728309,1914,2968
R16,4,C2,1,w5d-R16-s4-C2-b1,,cache,baseline,loas,16,resnet19_T4_n5,layer_16_layer3_0_conv2,4,16384,8,1024,128,524288,16,32768,2048,16,1,16,1,split_cin,128,16,20,20,12,1,none,0,0,1,5,0,40,1,1,1,1,non_inclusive,lru,4504700,123756,4380944,62880,1980096,0.031756,415984,1917216,0.216973,1501232,24019712,0,0,0,0,0,2297114,67658936,140078,70096128,69956050,69956050,0,0.000000,0,0,0,0,0,0,0,0,0,0.000000,0.999483,0,0,0.000000,38.729759,1,1,1,13,15,16,0,0,9295920,2.063605,4.709521,1882,2891
R16,4,C2,2,w5d-R16-s4-C2-b2,,cache,baseline,loas,16,resnet19_T4_n5,layer_16_layer3_0_conv2,4,16384,8,1024,128,524288,16,32768,2048,16,1,16,1,split_cin,128,16,20,20,12,1,none,0,0,1,5,0,40,2,1,1,1,non_inclusive,lru,4490749,123756,4366993,62880,1980096,0.031756,415984,1917216,0.216973,1501232,24019712,0,0,0,0,0,2149125,67599231,124556,69872912,69748356,69748356,0,0.000000,0,0,0,0,0,0,0,0,0,0.000000,0.999483,0,0,0.000000,77.459517,1,1,1,13,15,16,0,0,9295920,2.070015,4.693991,1882,2891
R16,4,C2,4,w5d-R16-s4-C2-b4,,cache,baseline,loas,16,resnet19_T4_n5,layer_16_layer3_0_conv2,4,16384,8,1024,128,524288,16,32768,2048,16,1,16,1,split_cin,128,16,20,20,12,1,none,0,0,1,5,0,40,4,1,1,1,non_inclusive,lru,4482309,123756,4358553,62880,1980096,0.031756,415984,1917216,0.216973,1501232,24019712,0,0,0,0,0,2105628,67575429,56815,69737872,69681057,69681057,0,0.000000,0,0,0,0,0,0,0,0,0,0.000000,0.999483,0,0,0.000000,154.919034,1,1,1,13,15,16,0,0,9295920,2.073913,4.941215,1882,2891
R16,4,C2,8,w5d-R16-s4-C2-b8,,cache,baseline,loas,16,resnet19_T4_n5,layer_16_layer3_0_conv2,4,16384,8,1024,128,524288,16,32768,2048,16,1,16,1,split_cin,128,16,20,20,12,1,none,0,0,1,5,0,40,8,1,1,1,non_inclusive,lru,4477941,123756,4354185,62880,1980096,0.031756,415984,1917216,0.216973,1501232,24019712,0,0,0,0,0,2086599,67566360,15025,69667984,69652959,69652959,0,0.000000,0,0,0,0,0,0,0,0,0,0.000000,0.999483,0,0,0.000000,309.838068,1,1,1,12,15,16,0,0,9295920,2.075936,4.302811,1882,2891
R16,4,C3,1,w5d-R16-s4-C3-b1,,cache,baseline,loas,16,resnet19_T4_n5,layer_16_layer3_0_conv2,4,16384,1024,1024,1,524288,16,32768,2048,16,1,16,1,split_cin,1,16,20,20,12,1,none,0,0,1,5,0,40,1,1,1,1,non_inclusive,lru,4511479,123756,4387723,42752,1980096,0.021591,437072,1937344,0.225604,1500272,24004352,0,0,0,0,0,2452856,67618779,132957,70204592,70071635,70071635,0,0.000000,0,0,0,0,0,0,0,0,0,0.000000,0.999483,0,0,0.000000,39.136365,1,1,1,13,15,16,0,0,9335216,2.069214,21.271065,1882,2891
R16,4,C3,2,w5d-R16-s4-C3-b2,,cache,baseline,loas,16,resnet19_T4_n5,layer_16_layer3_0_conv2,4,16384,1024,1024,1,524288,16,32768,2048,16,1,16,1,split_cin,1,16,20,20,12,1,none,0,0,1,5,0,40,2,1,1,1,non_inclusive,lru,4486385,123756,4362629,42752,1980096,0.021591,437072,1937344,0.225604,1500272,24004352,0,0,0,0,0,2232200,67530944,39944,69803088,69763144,69763144,0,0.000000,0,0,0,0,0,0,0,0,0,0.000000,0.999483,0,0,0.000000,78.272730,1,1,1,12,15,16,0,0,9335216,2.080788,21.755194,1882,2891
R16,4,C3,4,w5d-R16-s4-C3-b4,,cache,baseline,loas,16,resnet19_T4_n5,layer_16_layer3_0_conv2,4,16384,1024,1024,1,524288,16,32768,2048,16,1,16,1,split_cin,1,16,20,20,12,1,none,0,0,1,5,0,40,4,1,1,1,non_inclusive,lru,4480891,123756,4357135,42752,1980096,0.021591,437072,1937344,0.225604,1500272,24004352,0,0,0,0,0,2185808,67519848,9528,69715184,69705656,69705656,0,0.000000,0,0,0,0,0,0,0,0,0,0.000000,0.999483,0,0,0.000000,156.545460,1,1,1,10,15,16,0,0,9335216,2.083339,20.769938,1882,2891
R16,4,C3,8,w5d-R16-s4-C3-b8,,cache,baseline,loas,16,resnet19_T4_n5,layer_16_layer3_0_conv2,4,16384,1024,1024,1,524288,16,32768,2048,16,1,16,1,split_cin,1,16,20,20,12,1,none,0,0,1,5,0,40,8,1,1,1,non_inclusive,lru,4480829,123756,4357073,42752,1980096,0.021591,437072,1937344,0.225604,1500272,24004352,0,0,0,0,0,2185496,67519888,8808,69714192,69705384,69705384,0,0.000000,0,0,0,0,0,0,0,0,0,0.000000,0.999483,0,0,0.000000,313.090921,1,1,1,10,15,16,0,0,9335216,2.083368,20.713912,1882,2891
R16,4,C4,1,w5d-R16-s4-C4-b1,,cache,baseline,loas,16,resnet19_T4_n5,layer_16_layer3_0_conv2,4,16384,8,256,32,524288,16,8192,512,64,4,16,1,split_cin,32,16,20,20,12,1,none,0,0,1,5,0,40,1,1,1,1,non_inclusive,lru,2267381,123756,2143625,1200624,1980096,0.606346,24320,779472,0.031201,755152,48329728,0,0,0,0,0,277320,33998660,23044,34299024,34275980,34275980,0,0.000000,0,0,0,0,0,0,0,0,0,0.000000,0.999483,0,0,0.122502,15.746146,1,1,1,10,15,16,0,0,6274352,2.767224,2.785745,1882,2891
R16,4,C4,2,w5d-R16-s4-C4-b2,,cache,baseline,loas,16,resnet19_T4_n5,layer_16_layer3_0_conv2,4,16384,8,256,32,524288,16,8192,512,64,4,16,1,split_cin,32,16,20,20,12,1,none,0,0,1,5,0,40,2,1,1,1,non_inclusive,lru,2258377,123756,2134621,1200624,1980096,0.606346,24320,779472,0.031201,755152,48329728,0,0,0,0,0,141684,33991668,21608,34154960,34133352,34133352,0,0.000000,0,0,0,0,0,0,0,0,0,0.000000,0.999483,0,0,0.122502,31.492291,1,1,1,10,15,16,0,0,6274352,2.778257,2.924460,1882,2891
R16,4,C4,4,w5d-R16-s4-C4-b4,,cache,baseline,loas,16,resnet19_T4_n5,layer_16_layer3_0_conv2,4,16384,8,256,32,524288,16,8192,512,64,4,16,1,split_cin,32,16,20,20,12,1,none,0,0,1,5,0,40,4,1,1,1,non_inclusive,lru,2256229,123756,2132473,1200624,1980096,0.606346,24320,779472,0.031201,755152,48329728,0,0,0,0,0,122488,33989040,9064,34120592,34111528,34111528,0,0.000000,0,0,0,0,0,0,0,0,0,0.000000,0.999483,0,0,0.122502,62.984583,1,1,1,9,15,16,0,0,6274352,2.780902,3.078387,1882,2891
R16,4,C4,8,w5d-R16-s4-C4-b8,,cache,baseline,loas,16,resnet19_T4_n5,layer_16_layer3_0_conv2,4,16384,8,256,32,524288,16,8192,512,64,4,16,1,split_cin,32,16,20,20,12,1,none,0,0,1,5,0,40,8,1,1,1,non_inclusive,lru,2256181,123756,2132425,1200624,1980096,0.606346,24320,779472,0.031201,755152,48329728,0,0,0,0,0,122080,33989040,8704,34119824,34111120,34111120,0,0.000000,0,0,0,0,0,0,0,0,0,0.000000,0.999483,0,0,0.122502,125.969165,1,1,1,9,15,16,0,0,6274352,2.780961,3.031415,1882,2891
R16,4,C5,1,w5d-R16-s4-C5-b1,,cache,baseline,loas,16,resnet19_T4_n5,layer_16_layer3_0_conv2,4,16384,8,1024,128,524288,16,32768,2048,16,1,16,1,split_cin,128,16,20,20,12,1,next_burst,4,0,1,5,0,40,1,1,1,1,non_inclusive,lru,3609303,123756,3485547,526529,1980096,0.265911,64,912,0.070175,1501232,24019712,0,0,207940,0,0,55428591,44520,88725,55769776,55681051,282072312,226391261,0.802600,1979072,463649,1452655,0,62768,0,0,0,0,0.967783,0.999483,0,0,0.000000,29.363566,4,5,5,17,18,20,60,0,12729027,3.526727,7.291962,1882,2891
R16,4,C5,2,w5d-R16-s4-C5-b2,,cache,baseline,loas,16,resnet19_T4_n5,layer_16_layer3_0_conv2,4,16384,8,1024,128,524288,16,32768,2048,16,1,16,1,split_cin,128,16,20,20,12,1,next_burst,4,0,1,5,0,40,2,1,1,1,non_inclusive,lru,3395173,123756,3271417,618531,1980096,0.312374,64,1206,0.053068,1501232,24019712,0,0,301510,28216,0,51889074,29820,95076,52343696,52248620,265477236,213228616,0.803190,1979072,555651,1360653,0,62768,0,0,0,0,0.967783,0.999483,0,0,0.000000,55.010060,4,5,5,18,19,20,60,0,12762238,3.758936,7.297955,1882,2891
R16,4,C5,4,w5d-R16-s4-C5-b4,,cache,baseline,loas,16,resnet19_T4_n5,layer_16_layer3_0_conv2,4,16384,8,1024,128,524288,16,32768,2048,16,1,16,1,split_cin,128,16,20,20,12,1,next_burst,4,0,1,5,0,40,4,1,1,1,non_inclusive,lru,3384237,123756,3260481,644198,1980096,0.325337,64,1357,0.047163,1501232,24019712,0,0,323586,48991,0,51693010,21437,81696,52168720,52087024,264737542,212650518,0.803250,1979072,581318,1334986,0,62768,0,0,0,0,0.967783,0.999483,0,0,0.000000,107.946120,4,5,5,17,19,20,60,0,12764390,3.771719,7.171417,1882,2891
R16,4,C5,8,w5d-R16-s4-C5-b8,,cache,baseline,loas,16,resnet19_T4_n5,layer_16_layer3_0_conv2,4,16384,8,1024,128,524288,16,32768,2048,16,1,16,1,split_cin,128,16,20,20,12,1,next_burst,4,0,1,5,0,40,8,1,1,1,non_inclusive,lru,3383425,123756,3259669,656432,1980096,0.331515,64,1423,0.044975,1501232,24019712,0,0,329164,66913,0,51656752,17909,84990,52155728,52070738,264645785,212575047,0.803244,1979072,593552,1322752,0,62768,0,0,0,0,0.967783,0.999483,0,0,0.000000,213.915123,4,5,5,17,19,20,60,0,12764710,3.772718,7.121023,1882,2891
R16,4,C6,1,w5d-R16-s4-C6-b1,,cache,baseline,loas,16,resnet19_T4_n5,layer_16_layer3_0_conv2,4,16384,8,256,32,524288,16,8192,512,64,4,16,1,split_cin,32,16,20,20,12,1,next_burst,4,0,1,5,0,40,1,1,1,1,non_inclusive,lru,1752015,123756,1628259,1301606,1980096,0.657345,64,976,0.065574,755152,48329728,0,0,711006,0,0,25213240,47880,81042,26053168,25972126,65703114,39730988,0.604705,1979072,100982,677514,0,25521,1175055,0,0,0,0.393161,0.999483,0,0,0.122502,13.706204,2,3,5,17,19,20,52,0,9004509,5.139516,5.310827,1882,2891
R16,4,C6,2,w5d-R16-s4-C6-b2,,cache,baseline,loas,16,resnet19_T4_n5,layer_16_layer3_0_conv2,4,16384,8,256,32,524288,16,8192,512,64,4,16,1,split_cin,32,16,20,20,12,1,next_burst,4,0,1,5,0,40,2,1,1,1,non_inclusive,lru,1716864,123756,1593108,1308282,1980096,0.660716,64,1269,0.050433,755152,48329728,0,0,720094,27843,0,24606338,33475,103002,25490752,25387750,64018641,38630891,0.603432,1979072,107658,670838,0,28030,1172546,0,0,0,0.393161,0.999483,0,0,0.122502,27.142684,2,3,5,18,19,20,54,0,9004708,5.244858,5.238428,1882,2891
R16,4,C6,4,w5d-R16-s4-C6-b4,,cache,baseline,loas,16,resnet19_T4_n5,layer_16_layer3_0_conv2,4,16384,8,256,32,524288,16,8192,512,64,4,16,1,split_cin,32,16,20,20,12,1,next_burst,4,0,1,5,0,40,4,1,1,1,non_inclusive,lru,1712930,123756,1589174,1311757,1980096,0.662471,64,1281,0.049961,755152,48329728,0,0,726837,29251,0,24528722,32771,110227,25427808,25317581,63754240,38436659,0.602888,1979072,111133,667363,0,27108,1173468,0,0,0,0.393161,0.999483,0,0,0.122502,54.004574,2,3,5,17,19,20,54,0,9004833,5.256977,5.386129,1882,2891
R16,4,C6,8,w5d-R16-s4-C6-b8,,cache,baseline,loas,16,resnet19_T4_n5,layer_16_layer3_0_conv2,4,16384,8,256,32,524288,16,8192,512,64,4,16,1,split_cin,32,16,20,20,12,1,next_burst,4,0,1,5,0,40,8,1,1,1,non_inclusive,lru,1712806,123756,1589050,1320172,1980096,0.666721,64,1281,0.049961,755152,48329728,0,0,739854,29251,0,24500083,32771,123865,25425824,25301959,63649735,38347776,0.602481,1979072,119548,658948,0,26270,1174306,0,0,0,0.393161,0.999483,0,0,0.122502,106.649213,2,3,5,17,19,20,54,0,9004469,5.257145,4.828782,1882,2891
R9,0,C2,1,w5d-R9-s0-C2-b1,,cache,baseline,loas,16,resnet19_T4_n5,layer_09_layer2_0_conv2,0,16384,8,1024,128,524288,16,32768,2048,16,1,16,1,split_cin,128,16,20,20,12,1,none,0,0,1,5,0,40,1,1,1,1,non_inclusive,lru,920800,86384,834416,506688,1382144,0.366596,838608,875456,0.957910,18424,294784,0,0,0,0,0,11493866,1706731,152107,13352704,13200597,13200597,0,0.000000,0,0,0,0,0,0,0,0,0,0.000000,0.998518,0,0,0.000000,25.336173,1,1,1,5,7,8,0,0,4533752,4.923710,2.429874,737,902
R9,0,C2,2,w5d-R9-s0-C2-b2,,cache,baseline,loas,16,resnet19_T4_n5,layer_09_layer2_0_conv2,0,16384,8,1024,128,524288,16,32768,2048,16,1,16,1,split_cin,128,16,20,20,12,1,none,0,0,1,5,0,40,2,1,1,1,non_inclusive,lru,593688,86384,507304,506688,1382144,0.366596,838625,875456,0.957929,18424,294784,0,0,0,0,0,6188564,1643494,286854,8118912,7832058,7832058,0,0.000000,0,0,0,0,0,0,0,0,0,0.000000,0.998518,0,0,0.000000,50.672347,1,1,1,5,7,8,0,0,4533752,7.636590,2.274974,737,902
R9,0,C2,4,w5d-R9-s0-C2-b4,,cache,baseline,loas,16,resnet19_T4_n5,layer_09_layer2_0_conv2,0,16384,8,1024,128,524288,16,32768,2048,16,1,16,1,split_cin,128,16,20,20,12,1,none,0,0,1,5,0,40,4,1,1,1,non_inclusive,lru,493281,86384,406897,506688,1382144,0.366596,838608,875456,0.957910,18424,294784,0,0,0,0,0,4655272,1641245,215883,6512400,6296517,6296517,0,0.000000,0,0,0,0,0,0,0,0,0,0.000000,0.998518,0,0,0.000000,101.344693,1,1,1,5,7,8,0,0,4533752,9.191013,2.240879,737,902
R9,0,C2,8,w5d-R9-s0-C2-b8,,cache,baseline,loas,16,resnet19_T4_n5,layer_09_layer2_0_conv2,0,16384,8,1024,128,524288,16,32768,2048,16,1,16,1,split_cin,128,16,20,20,12,1,none,0,0,1,5,0,40,8,1,1,1,non_inclusive,lru,470328,86384,383944,506688,1382144,0.366596,838608,875456,0.957910,18424,294784,0,0,0,0,0,4369272,1644584,131296,6145152,6013856,6013856,0,0.000000,0,0,0,0,0,0,0,0,0,0.000000,0.998518,0,0,0.000000,202.689387,1,1,1,5,8,8,0,0,4533752,9.639554,2.251800,737,902
R9,0,C3,1,w5d-R9-s0-C3-b1,,cache,baseline,loas,16,resnet19_T4_n5,layer_09_layer2_0_conv2,0,16384,1024,1024,1,524288,16,32768,2048,16,1,16,1,split_cin,1,16,20,20,12,1,none,0,0,1,5,0,40,1,1,1,1,non_inclusive,lru,596066,86384,509682,849648,1382144,0.614732,495648,532496,0.930801,18424,294784,0,0,0,0,0,6343088,1679898,133974,8156960,8022986,8022986,0,0.000000,0,0,0,0,0,0,0,0,0,0.000000,0.998518,0,0,0.000000,15.410724,1,1,1,5,7,8,0,0,3847832,6.455379,11.777380,737,902
R9,0,C3,2,w5d-R9-s0-C3-b2,,cache,baseline,loas,16,resnet19_T4_n5,layer_09_layer2_0_conv2,0,16384,1024,1024,1,524288,16,32768,2048,16,1,16,1,split_cin,1,16,20,20,12,1,none,0,0,1,5,0,40,2,1,1,1,non_inclusive,lru,385325,86384,298941,849648,1382144,0.614732,495648,532496,0.930801,18424,294784,0,0,0,0,0,3010426,1648971,125707,4785104,4659397,4659397,0,0.000000,0,0,0,0,0,0,0,0,0,0.000000,0.998518,0,0,0.000000,30.821448,1,1,1,4,8,8,0,0,3847832,9.985939,11.236328,737,902
R9,0,C3,4,w5d-R9-s0-C3-b4,,cache,baseline,loas,16,resnet19_T4_n5,layer_09_layer2_0_conv2,0,16384,1024,1024,1,524288,16,32768,2048,16,1,16,1,split_cin,1,16,20,20,12,1,none,0,0,1,5,0,40,4,1,1,1,non_inclusive,lru,345572,86384,259188,849648,1382144,0.614732,495648,532496,0.930801,18424,294784,0,0,0,0,0,2487088,1654616,7352,4149056,4141704,4141704,0,0.000000,0,0,0,0,0,0,0,0,0,0.000000,0.998518,0,0,0.000000,61.642897,1,1,1,4,8,8,0,0,3847832,11.134675,11.534290,737,902
R9,0,C3,8,w5d-R9-s0-C3-b8,,cache,baseline,loas,16,resnet19_T4_n5,layer_09_layer2_0_conv2,0,16384,1024,1024,1,524288,16,32768,2048,16,1,16,1,split_cin,1,16,20,20,12,1,none,0,0,1,5,0,40,8,1,1,1,non_inclusive,lru,345432,86384,259048,849648,1382144,0.614732,495648,532496,0.930801,18424,294784,0,0,0,0,0,2485232,1655352,6232,4146816,4140584,4140584,0,0.000000,0,0,0,0,0,0,0,0,0,0.000000,0.998518,0,0,0.000000,123.285794,1,1,1,4,8,8,0,0,3847832,11.139188,11.531305,737,902
R9,0,C4,1,w5d-R9-s0-C4-b1,,cache,baseline,loas,16,resnet19_T4_n5,layer_09_layer2_0_conv2,0,16384,8,256,32,524288,16,8192,512,64,4,16,1,split_cin,32,16,20,20,12,1,none,0,0,1,5,0,40,1,1,1,1,non_inclusive,lru,788641,86384,702257,610320,1382144,0.441575,762608,771824,0.988059,4608,294912,0,0,0,0,0,10664569,424242,149349,11238160,11088811,11088811,0,0.000000,0,0,0,0,0,0,0,0,0,0.000000,0.998518,0,0,0.000434,22.337007,1,1,1,5,8,8,0,0,4312672,5.468486,1.782153,737,902
R9,0,C4,2,w5d-R9-s0-C4-b2,,cache,baseline,loas,16,resnet19_T4_n5,layer_09_layer2_0_conv2,0,16384,8,256,32,524288,16,8192,512,64,4,16,1,split_cin,32,16,20,20,12,1,none,0,0,1,5,0,40,2,1,1,1,non_inclusive,lru,453259,86384,366875,610320,1382144,0.441575,762608,771824,0.988059,4608,294912,0,0,0,0,0,5202693,412432,256923,5872048,5615125,5615125,0,0.000000,0,0,0,0,0,0,0,0,0,0.000000,0.998518,0,0,0.000434,44.674014,1,1,1,5,7,8,0,0,4312672,9.514807,2.231432,737,902
R9,0,C4,4,w5d-R9-s0-C4-b4,,cache,baseline,loas,16,resnet19_T4_n5,layer_09_layer2_0_conv2,0,16384,8,256,32,524288,16,8192,512,64,4,16,1,split_cin,32,16,20,20,12,1,none,0,0,1,5,0,40,4,1,1,1,non_inclusive,lru,375629,86384,289245,610320,1382144,0.441575,762608,771824,0.988059,4608,294912,0,0,0,0,0,4024348,412724,192896,4629968,4437072,4437072,0,0.000000,0,0,0,0,0,0,0,0,0,0.000000,0.998518,0,0,0.000434,89.348027,1,1,1,5,8,8,0,0,4312672,11.481201,2.169613,737,902
R9,0,C4,8,w5d-R9-s0-C4-b8,,cache,baseline,loas,16,resnet19_T4_n5,layer_09_layer2_0_conv2,0,16384,8,256,32,524288,16,8192,512,64,4,16,1,split_cin,32,16,20,20,12,1,none,0,0,1,5,0,40,8,1,1,1,non_inclusive,lru,352718,86384,266334,610320,1382144,0.441575,762608,771824,0.988059,4608,294912,0,0,0,0,0,3831029,413752,18611,4263392,4244781,4244781,0,0.000000,0,0,0,0,0,0,0,0,0,0.000000,0.998518,0,0,0.000434,178.696055,1,1,1,5,8,8,0,0,4312672,12.226969,1.903248,737,902
R9,0,C5,1,w5d-R9-s0-C5-b1,,cache,baseline,loas,16,resnet19_T4_n5,layer_09_layer2_0_conv2,0,16384,8,1024,128,524288,16,32768,2048,16,1,16,1,split_cin,128,16,20,20,12,1,next_burst,4,0,1,5,0,40,1,1,1,1,non_inclusive,lru,880842,86384,794458,621596,1382144,0.449733,944,1040,0.907692,18424,294784,0,0,340177,0,0,12282949,4992,85258,12713376,12628118,51355504,38727386,0.754104,1380096,114908,759508,0,505680,0,0,0,0,0.632652,0.998518,0,0,0.000000,22.010673,3,5,5,8,20,20,0,0,5913848,6.713858,3.752947,737,902
R9,0,C5,2,w5d-R9-s0-C5-b2,,cache,baseline,loas,16,resnet19_T4_n5,layer_09_layer2_0_conv2,0,16384,8,1024,128,524288,16,32768,2048,16,1,16,1,split_cin,128,16,20,20,12,1,next_burst,4,0,1,5,0,40,2,1,1,1,non_inclusive,lru,509451,86384,423067,894126,1382144,0.646912,944,1040,0.907692,18424,294784,0,0,574872,0,0,6045886,5004,145358,6771120,6625762,28251600,21625838,0.765473,1380096,387438,486978,0,505680,0,0,0,0,0.632652,0.998518,0,0,0.000000,28.247013,2,4,5,10,17,20,49,0,5923072,11.626382,3.850863,737,902
R9,0,C5,4,w5d-R9-s0-C5-b4,,cache,baseline,loas,16,resnet19_T4_n5,layer_09_layer2_0_conv2,0,16384,8,1024,128,524288,16,32768,2048,16,1,16,1,split_cin,128,16,20,20,12,1,next_burst,4,0,1,5,0,40,4,1,1,1,non_inclusive,lru,327456,86384,241072,1075427,1382144,0.778086,944,1058,0.892250,18424,294784,0,0,823912,1748,0,2888177,4188,141175,3859200,3718025,17226499,13508474,0.784168,1380096,568739,305677,0,505680,0,0,0,0,0.632652,0.998518,0,0,0.000000,35.506228,2,4,5,11,17,20,43,0,5923522,18.089520,4.101162,737,902
R9,0,C5,8,w5d-R9-s0-C5-b8,,cache,baseline,loas,16,resnet19_T4_n5,layer_09_layer2_0_conv2,0,16384,8,1024,128,524288,16,32768,2048,16,1,16,1,split_cin,128,16,20,20,12,1,next_burst,4,0,1,5,0,40,8,1,1,1,non_inclusive,lru,256820,86384,170436,1212072,1382144,0.876951,944,1058,0.892250,18424,294784,0,0,1060366,1748,0,1561418,4188,101304,2729024,2627720,13043941,10416221,0.798549,1380096,705384,169032,0,505680,0,0,0,0,0.632652,0.998518,0,0,0.000000,39.375810,2,4,5,11,17,20,43,0,5923609,23.065217,4.193578,737,902
R9,0,C6,1,w5d-R9-s0-C6-b1,,cache,baseline,loas,16,resnet19_T4_n5,layer_09_layer2_0_conv2,0,16384,8,256,32,524288,16,8192,512,64,4,16,1,split_cin,32,16,20,20,12,1,next_burst,4,0,1,5,0,40,1,1,1,1,non_inclusive,lru,773386,86384,687002,713376,1382144,0.516137,1808,1872,0.965812,4608,294912,0,0,317089,0,0,10620503,3328,53160,10994080,10940920,38432694,27491774,0.715323,1380096,103056,666896,0,63329,546815,0,0,0,0.557071,0.998518,0,0,0.000434,19.354510,2,4,5,19,20,20,0,0,5692768,7.360837,3.174029,737,902
R9,0,C6,2,w5d-R9-s0-C6-b2,,cache,baseline,loas,16,resnet19_T4_n5,layer_09_layer2_0_conv2,0,16384,8,256,32,524288,16,8192,512,64,4,16,1,split_cin,32,16,20,20,12,1,next_burst,4,0,1,5,0,40,2,1,1,1,non_inclusive,lru,415018,86384,328634,948469,1382144,0.686230,1808,1872,0.965812,4608,294912,0,0,582102,0,0,4583938,3328,90824,5260192,5169368,19780345,14610977,0.738661,1380096,338149,431803,0,100670,509474,0,0,0,0.557071,0.998518,0,0,0.000434,25.101581,2,4,5,14,17,20,39,0,5698080,13.729718,3.421392,737,902
R9,0,C6,4,w5d-R9-s0-C6-b4,,cache,baseline,loas,16,resnet19_T4_n5,layer_09_layer2_0_conv2,0,16384,8,256,32,524288,16,8192,512,64,4,16,1,split_cin,32,16,20,20,12,1,next_burst,4,0,1,5,0,40,4,1,1,1,non_inclusive,lru,238913,86384,152529,1119815,1382144,0.810201,1808,1888,0.957627,4608,294912,0,0,881138,1536,0,1468307,2560,88971,2442512,2353541,10760506,8406965,0.781280,1380096,509495,260457,0,107253,502891,0,0,0,0.557071,0.998518,0,0,0.000434,30.367776,2,3,5,15,17,20,39,0,5698166,23.850381,3.904624,737,902
R9,0,C6,8,w5d-R9-s0-C6-b8,,cache,baseline,loas,16,resnet19_T4_n5,layer_09_layer2_0_conv2,0,16384,8,256,32,524288,16,8192,512,64,4,16,1,split_cin,32,16,20,20,12,1,next_burst,4,0,1,5,0,40,8,1,1,1,non_inclusive,lru,188912,86384,102528,1345159,1382144,0.973241,1808,1888,0.957627,4608,294912,0,0,1311684,1536,0,296690,2560,30026,1642496,1612470,8348911,6736441,0.806865,1380096,734839,35113,0,77263,532881,0,0,0,0.557071,0.998518,0,0,0.000434,8.562928,2,3,5,15,17,20,39,0,5698162,30.163049,3.454653,737,902
R9,1,C2,1,w5d-R9-s1-C2-b1,,cache,baseline,loas,16,resnet19_T4_n5,layer_09_layer2_0_conv2,1,16384,8,1024,128,524288,16,32768,2048,16,1,16,1,split_cin,128,16,20,20,12,1,none,0,0,1,5,0,40,1,1,1,1,non_inclusive,lru,624534,66910,557624,489392,1070560,0.457136,546624,581168,0.940561,17272,276352,0,0,0,0,0,7186135,1600172,137725,8924032,8786307,8786307,0,0.000000,0,0,0,0,0,0,0,0,0,0.000000,0.998087,0,0,0.000000,21.714542,1,1,1,5,7,8,0,0,3320856,5.317334,1.560485,542,768
R9,1,C2,2,w5d-R9-s1-C2-b2,,cache,baseline,loas,16,resnet19_T4_n5,layer_09_layer2_0_conv2,1,16384,8,1024,128,524288,16,32768,2048,16,1,16,1,split_cin,128,16,20,20,12,1,none,0,0,1,5,0,40,2,1,1,1,non_inclusive,lru,422113,66910,355203,489392,1070560,0.457136,546629,581168,0.940570,17272,276352,0,0,0,0,0,3921687,1539649,223960,5685296,5461336,5461336,0,0.000000,0,0,0,0,0,0,0,0,0,0.000000,0.998087,0,0,0.000000,43.429084,1,1,1,5,7,8,0,0,3320856,7.867220,2.122475,542,768
R9,1,C2,4,w5d-R9-s1-C2-b4,,cache,baseline,loas,16,resnet19_T4_n5,layer_09_layer2_0_conv2,1,16384,8,1024,128,524288,16,32768,2048,16,1,16,1,split_cin,128,16,20,20,12,1,none,0,0,1,5,0,40,4,1,1,1,non_inclusive,lru,363565,66910,296655,489392,1070560,0.457136,546624,581168,0.940561,17272,276352,0,0,0,0,0,3055474,1537925,155129,4748528,4593399,4593399,0,0.000000,0,0,0,0,0,0,0,0,0,0.000000,0.998087,0,0,0.000000,86.858168,1,1,1,5,7,8,0,0,3320856,9.134147,2.077069,542,768
R9,1,C2,8,w5d-R9-s1-C2-b8,,cache,baseline,loas,16,resnet19_T4_n5,layer_09_layer2_0_conv2,1,16384,8,1024,128,524288,16,32768,2048,16,1,16,1,split_cin,128,16,20,20,12,1,none,0,0,1,5,0,40,8,1,1,1,non_inclusive,lru,348148,66910,281238,489392,1070560,0.457136,546624,581168,0.940561,17272,276352,0,0,0,0,0,2868704,1540869,92283,4501856,4409573,4409573,0,0.000000,0,0,0,0,0,0,0,0,0,0.000000,0.998087,0,0,0.000000,173.716335,1,1,1,5,8,8,0,0,3320856,9.538633,1.729635,542,768
R9,1,C3,1,w5d-R9-s1-C3-b1,,cache,baseline,loas,16,resnet19_T4_n5,layer_09_layer2_0_conv2,1,16384,1024,1024,1,524288,16,32768,2048,16,1,16,1,split_cin,1,16,20,20,12,1,none,0,0,1,5,0,40,1,1,1,1,non_inclusive,lru,294176,66910,227266,852912,1070560,0.796697,183104,217648,0.841285,17272,276352,0,0,0,0,0,1985757,1565150,87397,3638304,3550907,3550907,0,0.000000,0,0,0,0,0,0,0,0,0,0.000000,0.998087,0,0,0.000000,8.132118,1,1,1,5,8,8,0,0,2593816,8.817225,4.780547,542,768
R9,1,C3,2,w5d-R9-s1-C3-b2,,cache,baseline,loas,16,resnet19_T4_n5,layer_09_layer2_0_conv2,1,16384,1024,1024,1,524288,16,32768,2048,16,1,16,1,split_cin,1,16,20,20,12,1,none,0,0,1,5,0,40,2,1,1,1,non_inclusive,lru,232573,66910,165663,852912,1070560,0.796697,183104,217648,0.841285,17272,276352,0,0,0,0,0,1048045,1548511,56100,2652656,2596556,2596556,0,0.000000,0,0,0,0,0,0,0,0,0,0.000000,0.998087,0,0,0.000000,16.264236,1,1,1,4,8,8,0,0,2593816,11.152696,5.118052,542,768
R9,1,C3,4,w5d-R9-s1-C3-b4,,cache,baseline,loas,16,resnet19_T4_n5,layer_09_layer2_0_conv2,1,16384,1024,1024,1,524288,16,32768,2048,16,1,16,1,split_cin,1,16,20,20,12,1,none,0,0,1,5,0,40,4,1,1,1,non_inclusive,lru,221964,66910,155054,852912,1070560,0.796697,183104,217648,0.841285,17272,276352,0,0,0,0,0,922832,1552600,7480,2482912,2475432,2475432,0,0.000000,0,0,0,0,0,0,0,0,0,0.000000,0.998087,0,0,0.000000,32.528471,1,1,1,4,8,8,0,0,2593816,11.685751,5.485468,542,768
R9,1,C3,8,w5d-R9-s1-C3-b8,,cache,baseline,loas,16,resnet19_T4_n5,layer_09_layer2_0_conv2,1,16384,1024,1024,1,524288,16,32768,2048,16,1,16,1,split_cin,1,16,20,20,12,1,none,0,0,1,5,0,40,8,1,1,1,non_inclusive,lru,221834,66910,154924,852912,1070560,0.796697,183104,217648,0.841285,17272,276352,0,0,0,0,0,921184,1553208,6440,2480832,2474392,2474392,0,0.000000,0,0,0,0,0,0,0,0,0,0.000000,0.998087,0,0,0.000000,65.056942,1,1,1,4,8,8,0,0,2593816,11.692599,5.108624,542,768
R9,1,C4,1,w5d-R9-s1-C4-b1,,cache,baseline,loas,16,resnet19_T4_n5,layer_09_layer2_0_conv2,1,16384,8,256,32,524288,16,8192,512,64,4,16,1,split_cin,32,16,20,20,12,1,none,0,0,1,5,0,40,1,1,1,1,non_inclusive,lru,673869,66910,606959,411536,1070560,0.384412,649808,659024,0.986016,4608,294912,0,0,0,0,0,9165343,427496,120553,9713392,9592839,9592839,0,0.000000,0,0,0,0,0,0,0,0,0,0.000000,0.998087,0,0,0.062934,24.623524,1,1,1,5,7,8,0,0,3463904,5.140323,1.539560,542,768
R9,1,C4,2,w5d-R9-s1-C4-b2,,cache,baseline,loas,16,resnet19_T4_n5,layer_09_layer2_0_conv2,1,16384,8,256,32,524288,16,8192,512,64,4,16,1,split_cin,32,16,20,20,12,1,none,0,0,1,5,0,40,2,1,1,1,non_inclusive,lru,396241,66910,329331,411536,1070560,0.384412,649809,659024,0.986017,4608,294912,0,0,0,0,0,4643571,412634,215139,5271344,5056205,5056205,0,0.000000,0,0,0,0,0,0,0,0,0,0.000000,0.998087,0,0,0.062934,49.247048,1,1,1,5,7,8,0,0,3463904,8.741912,1.473590,542,768
R9,1,C4,4,w5d-R9-s1-C4-b4,,cache,baseline,loas,16,resnet19_T4_n5,layer_09_layer2_0_conv2,1,16384,8,256,32,524288,16,8192,512,64,4,16,1,split_cin,32,16,20,20,12,1,none,0,0,1,5,0,40,4,1,1,1,non_inclusive,lru,321042,66910,254132,411536,1070560,0.384412,649808,659024,0.986016,4608,294912,0,0,0,0,0,3483115,412329,172716,4068160,3895444,3895444,0,0.000000,0,0,0,0,0,0,0,0,0,0.000000,0.998087,0,0,0.062934,98.494097,1,1,1,5,8,8,0,0,3463904,10.789566,1.442834,542,768
R9,1,C4,8,w5d-R9-s1-C4-b8,,cache,baseline,loas,16,resnet19_T4_n5,layer_09_layer2_0_conv2,1,16384,8,256,32,524288,16,8192,512,64,4,16,1,split_cin,32,16,20,20,12,1,none,0,0,1,5,0,40,8,1,1,1,non_inclusive,lru,298610,66910,231700,411536,1070560,0.384412,649808,659024,0.986016,4608,294912,0,0,0,0,0,3273178,413330,22740,3709248,3686508,3686508,0,0.000000,0,0,0,0,0,0,0,0,0,0.000000,0.998087,0,0,0.062934,196.988193,1,1,1,5,8,8,0,0,3463904,11.600094,1.678971,542,768
R9,1,C5,1,w5d-R9-s1-C5-b1,,cache,baseline,loas,16,resnet19_T4_n5,layer_09_layer2_0_conv2,1,16384,8,1024,128,524288,16,32768,2048,16,1,16,1,split_cin,128,16,20,20,12,1,next_burst,4,0,1,5,0,40,1,1,1,1,non_inclusive,lru,587772,66910,520862,578804,1070560,0.540655,1008,1104,0.913043,17272,276352,0,0,353788,0,0,7886546,4992,90514,8335840,8245326,30916751,22671425,0.733306,1068512,89412,490652,0,488448,0,0,0,0,0.541832,0.998087,0,0,0.000000,18.373786,3,5,5,7,20,20,0,0,4389368,7.467807,2.757323,542,768
R9,1,C5,2,w5d-R9-s1-C5-b2,,cache,baseline,loas,16,resnet19_T4_n5,layer_09_layer2_0_conv2,1,16384,8,1024,128,524288,16,32768,2048,16,1,16,1,split_cin,128,16,20,20,12,1,next_burst,4,0,1,5,0,40,2,1,1,1,non_inclusive,lru,348542,66910,281632,749565,1070560,0.700162,1008,1104,0.913043,17272,276352,0,0,529727,0,0,3839626,4992,133815,4508160,4374345,17334633,12960288,0.747653,1068512,260173,319891,0,488448,0,0,0,0,0.541832,0.998087,0,0,0.000000,23.987072,2,4,5,9,16,20,47,0,4396697,12.614540,2.961019,542,768
R9,1,C5,4,w5d-R9-s1-C5-b4,,cache,baseline,loas,16,resnet19_T4_n5,layer_09_layer2_0_conv2,1,16384,8,1024,128,524288,16,32768,2048,16,1,16,1,split_cin,128,16,20,20,12,1,next_burst,4,0,1,5,0,40,4,1,1,1,non_inclusive,lru,238133,66910,171223,872138,1070560,0.814656,1008,1120,0.900000,17272,276352,0,0,707649,1568,0,1907362,4264,120773,2741616,2620843,11198641,8577798,0.765968,1068512,382746,197318,0,488448,0,0,0,0,0.541832,0.998087,0,0,0.000000,29.655059,2,4,5,10,17,20,44,0,4397024,18.464572,2.794075,542,768
R9,1,C5,8,w5d-R9-s1-C5-b8,,cache,baseline,loas,16,resnet19_T4_n5,layer_09_layer2_0_conv2,1,16384,8,1024,128,524288,16,32768,2048,16,1,16,1,split_cin,128,16,20,20,12,1,next_burst,4,0,1,5,0,40,8,1,1,1,non_inclusive,lru,201713,66910,134803,967662,1070560,0.903884,1008,1128,0.893617,17272,276352,0,0,876211,2440,0,1200820,3800,75625,2158896,2083271,9284416,7201145,0.775616,1068512,478270,101794,0,488448,0,0,0,0,0.541832,0.998087,0,0,0.000000,30.757136,2,4,5,10,17,20,45,0,4397265,21.799611,2.875677,542,768
R9,1,C6,1,w5d-R9-s1-C6-b1,,cache,baseline,loas,16,resnet19_T4_n5,layer_09_layer2_0_conv2,1,16384,8,256,32,524288,16,8192,512,64,4,16,1,split_cin,32,16,20,20,12,1,next_burst,4,0,1,5,0,40,1,1,1,1,non_inclusive,lru,660648,66910,593738,496860,1070560,0.464112,1936,2000,0.968000,4608,294912,0,0,223513,0,0,9228296,3328,46719,9501856,9455137,36099336,26644199,0.738080,1068512,85324,571700,0,90034,321454,0,0,0,0.613720,0.998087,0,0,0.062934,21.435510,3,4,5,13,20,20,39,0,4532820,6.861173,2.860855,542,768
R9,1,C6,2,w5d-R9-s1-C6-b2,,cache,baseline,loas,16,resnet19_T4_n5,layer_09_layer2_0_conv2,1,16384,8,256,32,524288,16,8192,512,64,4,16,1,split_cin,32,16,20,20,12,1,next_burst,4,0,1,5,0,40,2,1,1,1,non_inclusive,lru,362958,66910,296048,706681,1070560,0.660104,1936,2000,0.968000,4608,294912,0,0,423293,0,0,4234752,3328,77443,4738816,4661373,18973192,14311819,0.754318,1068512,295145,361879,0,118937,292551,0,0,0,0.613720,0.998087,0,0,0.062934,27.191675,2,4,5,13,17,20,43,0,4537409,12.501196,2.792240,542,768
R9,1,C6,4,w5d-R9-s1-C6-b4,,cache,baseline,loas,16,resnet19_T4_n5,layer_09_layer2_0_conv2,1,16384,8,256,32,524288,16,8192,512,64,4,16,1,split_cin,32,16,20,20,12,1,next_burst,4,0,1,5,0,40,4,1,1,1,non_inclusive,lru,212250,66910,145340,839584,1070560,0.784247,1936,2016,0.960317,4608,294912,0,0,634078,1544,0,1596599,2560,92707,2327488,2234781,10443048,8208267,0.786003,1068512,428048,228976,0,121238,290250,0,0,0,0.613720,0.998087,0,0,0.062934,34.520401,2,4,5,15,17,20,41,0,4537458,21.377894,2.987857,542,768
R9,1,C6,8,w5d-R9-s1-C6-b8,,cache,baseline,loas,16,resnet19_T4_n5,layer_09_layer2_0_conv2,1,16384,8,256,32,524288,16,8192,512,64,4,16,1,split_cin,32,16,20,20,12,1,next_burst,4,0,1,5,0,40,8,1,1,1,non_inclusive,lru,154891,66910,87981,1009153,1070560,0.942640,1936,2016,0.960317,4608,294912,0,0,953516,1536,0,409177,2560,42955,1409744,1366789,7409279,6042490,0.815530,1068512,597617,59407,0,99310,312178,0,0,0,0.613720,0.998087,0,0,0.062934,18.355104,2,3,5,15,17,20,42,0,4537500,29.294794,2.766780,542,768
R9,2,C2,1,w5d-R9-s2-C2-b1,,cache,baseline,loas,16,resnet19_T4_n5,layer_09_layer2_0_conv2,2,16384,8,1024,128,524288,16,32768,2048,16,1,16,1,split_cin,128,16,20,20,12,1,none,0,0,1,5,0,40,1,1,1,1,non_inclusive,lru,648395,68358,580037,483168,1093728,0.441762,577824,610560,0.946384,16368,261888,0,0,0,0,0,7613972,1526994,141674,9282640,9140966,9140966,0,0.000000,0,0,0,0,0,0,0,0,0,0.000000,0.998128,0,0,0.000000,22.329501,1,1,1,4,7,8,0,0,3425072,5.282385,1.638488,600,738
R9,2,C2,2,w5d-R9-s2-C2-b2,,cache,baseline,loas,16,resnet19_T4_n5,layer_09_layer2_0_conv2,2,16384,8,1024,128,524288,16,32768,2048,16,1,16,1,split_cin,128,16,20,20,12,1,none,0,0,1,5,0,40,2,1,1,1,non_inclusive,lru,434753,68358,366395,483168,1093728,0.441762,577830,610560,0.946393,16368,261888,0,0,0,0,0,4164699,1458660,241009,5864368,5623359,5623359,0,0.000000,0,0,0,0,0,0,0,0,0,0.000000,0.998128,0,0,0.000000,44.659001,1,1,1,4,7,8,0,0,3425072,7.878202,1.911387,600,738
R9,2,C2,4,w5d-R9-s2-C2-b4,,cache,baseline,loas,16,resnet19_T4_n5,layer_09_layer2_0_conv2,2,16384,8,1024,128,524288,16,32768,2048,16,1,16,1,split_cin,128,16,20,20,12,1,none,0,0,1,5,0,40,4,1,1,1,non_inclusive,lru,371273,68358,302915,483168,1093728,0.441762,577824,610560,0.946384,16368,261888,0,0,0,0,0,3231813,1456189,160686,4848688,4688002,4688002,0,0.000000,0,0,0,0,0,0,0,0,0,0.000000,0.998128,0,0,0.000000,89.318002,1,1,1,5,7,8,0,0,3425072,9.225212,1.775358,600,738
R9,2,C2,8,w5d-R9-s2-C2-b8,,cache,baseline,loas,16,resnet19_T4_n5,layer_09_layer2_0_conv2,2,16384,8,1024,128,524288,16,32768,2048,16,1,16,1,split_cin,128,16,20,20,12,1,none,0,0,1,5,0,40,8,1,1,1,non_inclusive,lru,355036,68358,286678,483168,1093728,0.441762,577824,610560,0.946384,16368,261888,0,0,0,0,0,3031943,1459442,97511,4588896,4491385,4491385,0,0.000000,0,0,0,0,0,0,0,0,0,0.000000,0.998128,0,0,0.000000,178.636005,1,1,1,5,7,8,0,0,3425072,9.647112,1.689629,600,738
R9,2,C3,1,w5d-R9-s2-C3-b1,,cache,baseline,loas,16,resnet19_T4_n5,layer_09_layer2_0_conv2,2,16384,1024,1024,1,524288,16,32768,2048,16,1,16,1,split_cin,1,16,20,20,12,1,none,0,0,1,5,0,40,1,1,1,1,non_inclusive,lru,285986,68358,217628,880624,1093728,0.805158,180368,213104,0.846385,16368,261888,0,0,0,0,0,1910125,1484678,89293,3484096,3394803,3394803,0,0.000000,0,0,0,0,0,0,0,0,0,0.000000,0.998128,0,0,0.000000,7.793674,1,1,1,5,7,8,0,0,2630160,9.196814,4.942778,600,738
R9,2,C3,2,w5d-R9-s2-C3-b2,,cache,baseline,loas,16,resnet19_T4_n5,layer_09_layer2_0_conv2,2,16384,1024,1024,1,524288,16,32768,2048,16,1,16,1,split_cin,1,16,20,20,12,1,none,0,0,1,5,0,40,2,1,1,1,non_inclusive,lru,227585,68358,159227,880624,1093728,0.805158,180368,213104,0.846385,16368,261888,0,0,0,0,0,1028188,1466984,54508,2549680,2495172,2495172,0,0.000000,0,0,0,0,0,0,0,0,0,0.000000,0.998128,0,0,0.000000,15.587349,1,1,1,4,8,8,0,0,2630160,11.556825,5.316590,600,738
R9,2,C3,4,w5d-R9-s2-C3-b4,,cache,baseline,loas,16,resnet19_T4_n5,layer_09_layer2_0_conv2,2,16384,1024,1024,1,524288,16,32768,2048,16,1,16,1,split_cin,1,16,20,20,12,1,none,0,0,1,5,0,40,4,1,1,1,non_inclusive,lru,217474,68358,149116,880624,1093728,0.805158,180368,213104,0.846385,16368,261888,0,0,0,0,0,909296,1471112,7496,2387904,2380408,2380408,0,0.000000,0,0,0,0,0,0,0,0,0,0.000000,0.998128,0,0,0.000000,31.174698,1,1,1,4,8,8,0,0,2630160,12.094135,4.820944,600,738
R9,2,C3,8,w5d-R9-s2-C3-b8,,cache,baseline,loas,16,resnet19_T4_n5,layer_09_layer2_0_conv2,2,16384,1024,1024,1,524288,16,32768,2048,16,1,16,1,split_cin,1,16,20,20,12,1,none,0,0,1,5,0,40,8,1,1,1,non_inclusive,lru,217344,68358,148986,880624,1093728,0.805158,180368,213104,0.846385,16368,261888,0,0,0,0,0,907600,1471768,6456,2385824,2379368,2379368,0,0.000000,0,0,0,0,0,0,0,0,0,0.000000,0.998128,0,0,0.000000,62.349396,1,1,1,4,8,8,0,0,2630160,12.101369,5.114302,600,738
R9,2,C4,1,w5d-R9-s2-C4-b1,,cache,baseline,loas,16,resnet19_T4_n5,layer_09_layer2_0_conv2,2,16384,8,256,32,524288,16,8192,512,64,4,16,1,split_cin,32,16,20,20,12,1,none,0,0,1,5,0,40,1,1,1,1,non_inclusive,lru,674851,68358,606493,434848,1093728,0.397583,649664,658880,0.986013,4608,294912,0,0,0,0,0,9159549,424469,121918,9705936,9584018,9584018,0,0.000000,0,0,0,0,0,0,0,0,0,0.000000,0.998128,0,0,0.111979,24.096668,1,1,1,5,7,8,0,0,3509952,5.201077,1.704570,600,738
R9,2,C4,2,w5d-R9-s2-C4-b2,,cache,baseline,loas,16,resnet19_T4_n5,layer_09_layer2_0_conv2,2,16384,8,256,32,524288,16,8192,512,64,4,16,1,split_cin,32,16,20,20,12,1,none,0,0,1,5,0,40,2,1,1,1,non_inclusive,lru,400708,68358,332350,434848,1093728,0.397583,649665,658880,0.986014,4608,294912,0,0,0,0,0,4686110,412420,221118,5319648,5098530,5098530,0,0.000000,0,0,0,0,0,0,0,0,0,0.000000,0.998128,0,0,0.111979,48.193335,1,1,1,5,8,8,0,0,3509952,8.759376,1.359226,600,738
R9,2,C4,4,w5d-R9-s2-C4-b4,,cache,baseline,loas,16,resnet19_T4_n5,layer_09_layer2_0_conv2,2,16384,8,256,32,524288,16,8192,512,64,4,16,1,split_cin,32,16,20,20,12,1,none,0,0,1,5,0,40,4,1,1,1,non_inclusive,lru,322866,68358,254508,434848,1093728,0.397583,649664,658880,0.986013,4608,294912,0,0,0,0,0,3486833,412015,175328,4074176,3898848,3898848,0,0.000000,0,0,0,0,0,0,0,0,0,0.000000,0.998128,0,0,0.111979,96.386670,1,1,1,5,8,8,0,0,3509952,10.871235,1.840800,600,738
R9,2,C4,8,w5d-R9-s2-C4-b8,,cache,baseline,loas,16,resnet19_T4_n5,layer_09_layer2_0_conv2,2,16384,8,256,32,524288,16,8192,512,64,4,16,1,split_cin,32,16,20,20,12,1,none,0,0,1,5,0,40,8,1,1,1,non_inclusive,lru,299902,68358,231544,434848,1093728,0.397583,649664,658880,0.986013,4608,294912,0,0,0,0,0,3271685,413792,21275,3706752,3685477,3685477,0,0.000000,0,0,0,0,0,0,0,0,0,0.000000,0.998128,0,0,0.111979,192.773340,1,1,1,5,8,8,0,0,3509952,11.703663,1.833770,600,738
R9,2,C5,1,w5d-R9-s2-C5-b1,,cache,baseline,loas,16,resnet19_T4_n5,layer_09_layer2_0_conv2,2,16384,8,1024,128,524288,16,32768,2048,16,1,16,1,split_cin,128,16,20,20,12,1,next_burst,4,0,1,5,0,40,1,1,1,1,non_inclusive,lru,615057,68358,546699,573996,1093728,0.524807,928,1024,0.906250,16368,261888,0,0,346337,0,0,8303744,4992,94159,8749232,8655073,32921154,24266081,0.737097,1091680,90828,518708,0,482144,0,0,0,0,0.557301,0.998128,0,0,0.000000,19.007724,3,5,5,6,20,20,0,0,4516752,7.343632,2.935898,600,738
R9,2,C5,2,w5d-R9-s2-C5-b2,,cache,baseline,loas,16,resnet19_T4_n5,layer_09_layer2_0_conv2,2,16384,8,1024,128,524288,16,32768,2048,16,1,16,1,split_cin,128,16,20,20,12,1,next_burst,4,0,1,5,0,40,2,1,1,1,non_inclusive,lru,362429,68358,294071,752769,1093728,0.688260,928,1024,0.906250,16368,261888,0,0,523644,0,0,4036039,4992,142509,4707184,4564675,18327319,13762644,0.750936,1091680,269601,339935,0,482144,0,0,0,0,0.557301,0.998128,0,0,0.000000,24.939217,2,4,5,7,16,20,48,0,4526288,12.488758,3.158424,600,738
R9,2,C5,4,w5d-R9-s2-C5-b4,,cache,baseline,loas,16,resnet19_T4_n5,layer_09_layer2_0_conv2,2,16384,8,1024,128,524288,16,32768,2048,16,1,16,1,split_cin,128,16,20,20,12,1,next_burst,4,0,1,5,0,40,4,1,1,1,non_inclusive,lru,245977,68358,177619,884054,1093728,0.808294,928,1032,0.899225,16368,261888,0,0,712504,744,0,1999925,4640,126139,2843952,2717813,11760850,9043037,0.768910,1091680,400886,208650,0,482144,0,0,0,0,0.557301,0.998128,0,0,0.000000,30.672928,2,4,5,8,17,20,43,0,4526543,18.402302,2.793201,600,738
R9,2,C5,8,w5d-R9-s2-C5-b8,,cache,baseline,loas,16,resnet19_T4_n5,layer_09_layer2_0_conv2,2,16384,8,1024,128,524288,16,32768,2048,16,1,16,1,split_cin,128,16,20,20,12,1,next_burst,4,0,1,5,0,40,8,1,1,1,non_inclusive,lru,207028,68358,138670,984221,1093728,0.899877,928,1040,0.892308,16368,261888,0,0,886470,1568,0,1248559,4264,79907,2220768,2140861,9740289,7599428,0.780206,1091680,501053,108483,0,482144,0,0,0,0,0.557301,0.998128,0,0,0.000000,32.039264,2,4,5,9,17,20,44,0,4526650,21.864917,2.829682,600,738
R9,2,C6,1,w5d-R9-s2-C6-b1,,cache,baseline,loas,16,resnet19_T4_n5,layer_09_layer2_0_conv2,2,16384,8,256,32,524288,16,8192,512,64,4,16,1,split_cin,32,16,20,20,12,1,next_burst,4,0,1,5,0,40,1,1,1,1,non_inclusive,lru,660131,68358,591773,518039,1093728,0.473645,1936,2000,0.968000,4608,294912,0,0,223681,0,0,9187511,3328,55896,9470416,9414520,35177090,25762570,0.732368,1091680,83191,573689,0,98147,336653,0,0,0,0.600588,0.998128,0,0,0.111979,21.054193,3,4,5,19,20,20,0,0,4601632,6.970786,2.886166,600,738
R9,2,C6,2,w5d-R9-s2-C6-b2,,cache,baseline,loas,16,resnet19_T4_n5,layer_09_layer2_0_conv2,2,16384,8,256,32,524288,16,8192,512,64,4,16,1,split_cin,32,16,20,20,12,1,next_burst,4,0,1,5,0,40,2,1,1,1,non_inclusive,lru,367574,68358,299216,729928,1093728,0.667376,1936,2000,0.968000,4608,294912,0,0,437506,0,0,4263967,3328,84703,4789504,4704801,18836333,14131532,0.750227,1091680,295080,361800,0,128358,306442,0,0,0,0.600588,0.998128,0,0,0.111979,26.609907,2,4,5,14,17,20,37,0,4607326,12.534418,2.967898,600,738
R9,2,C6,4,w5d-R9-s2-C6-b4,,cache,baseline,loas,16,resnet19_T4_n5,layer_09_layer2_0_conv2,2,16384,8,256,32,524288,16,8192,512,64,4,16,1,split_cin,32,16,20,20,12,1,next_burst,4,0,1,5,0,40,4,1,1,1,non_inclusive,lru,212384,68358,144026,861194,1093728,0.787393,1936,2008,0.964143,4608,294912,0,0,652832,720,0,1553226,2976,96710,2306464,2209754,10265356,8055602,0.784737,1091680,426346,230534,0,127194,307606,0,0,0,0.600588,0.998128,0,0,0.111979,34.017087,2,4,5,15,17,20,40,0,4607404,21.693743,2.888480,600,738
R9,2,C6,8,w5d-R9-s2-C6-b8,,cache,baseline,loas,16,resnet19_T4_n5,layer_09_layer2_0_conv2,2,16384,8,256,32,524288,16,8192,512,64,4,16,1,split_cin,32,16,20,20,12,1,next_burst,4,0,1,5,0,40,8,1,1,1,non_inclusive,lru,156242,68358,87884,1035023,1093728,0.946326,1936,2008,0.964143,4608,294912,0,0,982196,720,0,382274,2976,40026,1408192,1368166,7335700,5967534,0.813492,1091680,600175,56705,0,106001,328799,0,0,0,0.600588,0.998128,0,0,0.111979,17.175751,2,3,5,15,17,20,41,0,4607379,29.488735,2.921443,600,738
R9,3,C2,1,w5d-R9-s3-C2-b1,,cache,baseline,loas,16,resnet19_T4_n5,layer_09_layer2_0_conv2,3,16384,8,1024,128,524288,16,32768,2048,16,1,16,1,split_cin,128,16,20,20,12,1,none,0,0,1,5,0,40,1,1,1,1,non_inclusive,lru,838897,78954,759943,471504,1263264,0.373243,755120,791760,0.953723,18320,293120,0,0,0,0,0,10313556,1697352,150228,12161136,12010908,12010908,0,0.000000,0,0,0,0,0,0,0,0,0,0.000000,0.998379,0,0,0.000000,25.070294,1,1,1,5,7,8,0,0,4128496,4.921338,2.092228,630,844
R9,3,C2,2,w5d-R9-s3-C2-b2,,cache,baseline,loas,16,resnet19_T4_n5,layer_09_layer2_0_conv2,3,16384,8,1024,128,524288,16,32768,2048,16,1,16,1,split_cin,128,16,20,20,12,1,none,0,0,1,5,0,40,2,1,1,1,non_inclusive,lru,550985,78954,472031,471504,1263264,0.373243,755138,791760,0.953746,18320,293120,0,0,0,0,0,5644464,1634223,275857,7554544,7278687,7278687,0,0.000000,0,0,0,0,0,0,0,0,0,0.000000,0.998379,0,0,0.000000,50.140588,1,1,1,5,7,8,0,0,4128496,7.492937,2.329327,630,844
R9,3,C2,4,w5d-R9-s3-C2-b4,,cache,baseline,loas,16,resnet19_T4_n5,layer_09_layer2_0_conv2,3,16384,8,1024,128,524288,16,32768,2048,16,1,16,1,split_cin,128,16,20,20,12,1,none,0,0,1,5,0,40,4,1,1,1,non_inclusive,lru,456810,78954,377856,471504,1263264,0.373243,755121,791760,0.953725,18320,293120,0,0,0,0,0,4213879,1631624,202241,6047744,5845503,5845503,0,0.000000,0,0,0,0,0,0,0,0,0,0.000000,0.998379,0,0,0.000000,100.281176,1,1,1,5,8,8,0,0,4128496,9.037666,2.277450,630,844
R9,3,C2,8,w5d-R9-s3-C2-b8,,cache,baseline,loas,16,resnet19_T4_n5,layer_09_layer2_0_conv2,3,16384,8,1024,128,524288,16,32768,2048,16,1,16,1,split_cin,128,16,20,20,12,1,none,0,0,1,5,0,40,8,1,1,1,non_inclusive,lru,434816,78954,355862,471504,1263264,0.373243,755121,791760,0.953725,18320,293120,0,0,0,0,0,3940307,1634939,120594,5695840,5575246,5575246,0,0.000000,0,0,0,0,0,0,0,0,0,0.000000,0.998379,0,0,0.000000,200.562353,1,1,1,5,8,8,0,0,4128496,9.494812,2.044895,630,844
R9,3,C3,1,w5d-R9-s3-C3-b1,,cache,baseline,loas,16,resnet19_T4_n5,layer_09_layer2_0_conv2,3,16384,1024,1024,1,524288,16,32768,2048,16,1,16,1,split_cin,1,16,20,20,12,1,none,0,0,1,5,0,40,1,1,1,1,non_inclusive,lru,507586,78954,428632,822272,1263264,0.650911,404352,440992,0.916915,18320,293120,0,0,0,0,0,5067349,1666783,126028,6860160,6734132,6734132,0,0.000000,0,0,0,0,0,0,0,0,0,0.000000,0.998379,0,0,0.000000,13.963574,1,1,1,5,8,8,0,0,3426960,6.751486,9.583587,630,844
R9,3,C3,2,w5d-R9-s3-C3-b2,,cache,baseline,loas,16,resnet19_T4_n5,layer_09_layer2_0_conv2,3,16384,1024,1024,1,524288,16,32768,2048,16,1,16,1,split_cin,1,16,20,20,12,1,none,0,0,1,5,0,40,2,1,1,1,non_inclusive,lru,340375,78954,261421,822272,1263264,0.650911,404352,440992,0.916915,18320,293120,0,0,0,0,0,2438964,1639616,106204,4184784,4078580,4078580,0,0.000000,0,0,0,0,0,0,0,0,0,0.000000,0.998379,0,0,0.000000,27.927147,1,1,1,4,8,8,0,0,3426960,10.068189,9.401930,630,844
R9,3,C3,4,w5d-R9-s3-C3-b4,,cache,baseline,loas,16,resnet19_T4_n5,layer_09_layer2_0_conv2,3,16384,1024,1024,1,524288,16,32768,2048,16,1,16,1,split_cin,1,16,20,20,12,1,none,0,0,1,5,0,40,4,1,1,1,non_inclusive,lru,309032,78954,230078,822272,1263264,0.650911,404352,440992,0.916915,18320,293120,0,0,0,0,0,2030408,1645496,7392,3683296,3675904,3675904,0,0.000000,0,0,0,0,0,0,0,0,0,0.000000,0.998379,0,0,0.000000,55.854295,1,1,1,4,8,8,0,0,3426960,11.089337,9.671592,630,844
R9,3,C3,8,w5d-R9-s3-C3-b8,,cache,baseline,loas,16,resnet19_T4_n5,layer_09_layer2_0_conv2,3,16384,1024,1024,1,524288,16,32768,2048,16,1,16,1,split_cin,1,16,20,20,12,1,none,0,0,1,5,0,40,8,1,1,1,non_inclusive,lru,308894,78954,229940,822272,1263264,0.650911,404352,440992,0.916915,18320,293120,0,0,0,0,0,2028568,1646232,6288,3681088,3674800,3674800,0,0.000000,0,0,0,0,0,0,0,0,0,0.000000,0.998379,0,0,0.000000,111.708590,1,1,1,4,8,8,0,0,3426960,11.094291,9.438765,630,844
R9,3,C4,1,w5d-R9-s3-C4-b1,,cache,baseline,loas,16,resnet19_T4_n5,layer_09_layer2_0_conv2,3,16384,8,256,32,524288,16,8192,512,64,4,16,1,split_cin,32,16,20,20,12,1,none,0,0,1,5,0,40,1,1,1,1,non_inclusive,lru,761753,78954,682799,518368,1263264,0.410340,735680,744896,0.987628,4608,294912,0,0,0,0,0,10365522,422754,138556,10926832,10788276,10788276,0,0.000000,0,0,0,0,0,0,0,0,0,0.000000,0.998379,0,0,0.006076,23.586392,1,1,1,5,8,8,0,0,4021056,5.278687,1.981783,630,844
R9,3,C4,2,w5d-R9-s3-C4-b2,,cache,baseline,loas,16,resnet19_T4_n5,layer_09_layer2_0_conv2,3,16384,8,256,32,524288,16,8192,512,64,4,16,1,split_cin,32,16,20,20,12,1,none,0,0,1,5,0,40,2,1,1,1,non_inclusive,lru,440745,78954,361791,518368,1263264,0.410340,735680,744896,0.987628,4608,294912,0,0,0,0,0,5131135,413019,246550,5790704,5544154,5544154,0,0.000000,0,0,0,0,0,0,0,0,0,0.000000,0.998379,0,0,0.006076,47.172784,1,1,1,5,8,8,0,0,4021056,9.123316,2.031605,630,844
R9,3,C4,4,w5d-R9-s3-C4-b4,,cache,baseline,loas,16,resnet19_T4_n5,layer_09_layer2_0_conv2,3,16384,8,256,32,524288,16,8192,512,64,4,16,1,split_cin,32,16,20,20,12,1,none,0,0,1,5,0,40,4,1,1,1,non_inclusive,lru,360873,78954,281919,518368,1263264,0.410340,735680,744896,0.987628,4608,294912,0,0,0,0,0,3910951,413200,188601,4512752,4324151,4324151,0,0.000000,0,0,0,0,0,0,0,0,0,0.000000,0.998379,0,0,0.006076,94.345568,1,1,1,5,8,8,0,0,4021056,11.142579,1.950336,630,844
R9,3,C4,8,w5d-R9-s3-C4-b8,,cache,baseline,loas,16,resnet19_T4_n5,layer_09_layer2_0_conv2,3,16384,8,256,32,524288,16,8192,512,64,4,16,1,split_cin,32,16,20,20,12,1,none,0,0,1,5,0,40,8,1,1,1,non_inclusive,lru,336915,78954,257961,518368,1263264,0.410340,735680,744896,0.987628,4608,294912,0,0,0,0,0,3696839,413951,18634,4129424,4110790,4110790,0,0.000000,0,0,0,0,0,0,0,0,0,0.000000,0.998379,0,0,0.006076,188.691137,1,1,1,5,8,8,0,0,4021056,11.934927,1.910018,630,844
R9,3,C5,1,w5d-R9-s3-C5-b1,,cache,baseline,loas,16,resnet19_T4_n5,layer_09_layer2_0_conv2,3,16384,8,1024,128,524288,16,32768,2048,16,1,16,1,split_cin,128,16,20,20,12,1,next_burst,4,0,1,5,0,40,1,1,1,1,non_inclusive,lru,796654,78954,717700,574440,1263264,0.454727,1120,1232,0.909091,18320,293120,0,0,315330,0,0,11082863,5824,81231,11485248,11404017,46048359,34644342,0.752347,1261216,102936,687592,0,470688,0,0,0,0,0.625782,0.998379,0,0,0.000000,21.810928,3,5,5,9,20,20,45,0,5390604,6.766556,3.495365,630,844
R9,3,C5,2,w5d-R9-s3-C5-b2,,cache,baseline,loas,16,resnet19_T4_n5,layer_09_layer2_0_conv2,3,16384,8,1024,128,524288,16,32768,2048,16,1,16,1,split_cin,128,16,20,20,12,1,next_burst,4,0,1,5,0,40,2,1,1,1,non_inclusive,lru,468318,78954,389364,820592,1263264,0.649581,1120,1232,0.909091,18320,293120,0,0,529668,0,0,5556828,5824,139552,6231872,6092320,25833534,19741214,0.764170,1261216,349088,441440,0,470688,0,0,0,0,0.625782,0.998379,0,0,0.000000,28.033539,2,4,5,11,17,20,45,0,5399897,11.530407,3.200686,630,844
R9,3,C5,4,w5d-R9-s3-C5-b4,,cache,baseline,loas,16,resnet19_T4_n5,layer_09_layer2_0_conv2,3,16384,8,1024,128,524288,16,32768,2048,16,1,16,1,split_cin,128,16,20,20,12,1,next_burst,4,0,1,5,0,40,4,1,1,1,non_inclusive,lru,301243,78954,222289,979723,1263264,0.775549,1120,1248,0.897436,18320,293120,0,0,752891,1568,0,2659587,5096,139530,3558672,3419142,15745775,12326633,0.782853,1261216,508219,282309,0,470688,0,0,0,0,0.625782,0.998379,0,0,0.000000,35.912177,2,4,5,11,17,20,45,0,5400582,17.927660,3.649643,630,844
R9,3,C5,8,w5d-R9-s3-C5-b8,,cache,baseline,loas,16,resnet19_T4_n5,layer_09_layer2_0_conv2,3,16384,8,1024,128,524288,16,32768,2048,16,1,16,1,split_cin,128,16,20,20,12,1,next_burst,4,0,1,5,0,40,8,1,1,1,non_inclusive,lru,234641,78954,155687,1117261,1263264,0.884424,1120,1248,0.897436,18320,293120,0,0,988543,1568,0,1403978,5096,93855,2493040,2399185,11866326,9467141,0.797816,1261216,645757,144771,0,470688,0,0,0,0,0.625782,0.998379,0,0,0.000000,36.984320,2,4,5,12,17,20,43,0,5400782,23.017214,3.529090,630,844
R9,3,C6,1,w5d-R9-s3-C6-b1,,cache,baseline,loas,16,resnet19_T4_n5,layer_09_layer2_0_conv2,3,16384,8,256,32,524288,16,8192,512,64,4,16,1,split_cin,32,16,20,20,12,1,next_burst,4,0,1,5,0,40,1,1,1,1,non_inclusive,lru,746665,78954,667711,613296,1263264,0.485485,1808,1872,0.965812,4608,294912,0,0,274646,0,0,10352820,3328,54630,10685424,10630794,39305621,28674827,0.729535,1261216,94928,648096,0,64284,453908,0,0,0,0.588178,0.998379,0,0,0.006076,20.580591,3,4,5,19,20,20,0,0,5282272,7.074487,3.115597,630,844
R9,3,C6,2,w5d-R9-s3-C6-b2,,cache,baseline,loas,16,resnet19_T4_n5,layer_09_layer2_0_conv2,3,16384,8,256,32,524288,16,8192,512,64,4,16,1,split_cin,32,16,20,20,12,1,next_burst,4,0,1,5,0,40,2,1,1,1,non_inclusive,lru,402796,78954,323842,848740,1263264,0.671863,1808,1872,0.965812,4608,294912,0,0,510836,0,0,4580034,3328,89322,5183520,5094198,20289496,15195298,0.748924,1261216,330372,412652,0,102106,416086,0,0,0,0.588178,0.998379,0,0,0.006076,26.250982,2,4,5,14,17,20,41,0,5287242,13.126352,3.048569,630,844
R9,3,C6,4,w5d-R9-s3-C6-b4,,cache,baseline,loas,16,resnet19_T4_n5,layer_09_layer2_0_conv2,3,16384,8,256,32,524288,16,8192,512,64,4,16,1,split_cin,32,16,20,20,12,1,next_burst,4,0,1,5,0,40,4,1,1,1,non_inclusive,lru,233859,78954,154905,1002665,1263264,0.793710,1808,1880,0.961702,4608,294912,0,0,770576,720,0,1612619,2976,93637,2480528,2386891,11092411,8705520,0.784818,1261216,484297,258727,0,101980,416212,0,0,0,0.588178,0.998379,0,0,0.006076,33.006434,2,4,5,15,17,20,43,0,5287555,22.610013,2.889008,630,844
R9,3,C6,8,w5d-R9-s3-C6-b8,,cache,baseline,loas,16,resnet19_T4_n5,layer_09_layer2_0_conv2,3,16384,8,256,32,524288,16,8192,512,64,4,16,1,split_cin,32,16,20,20,12,1,next_burst,4,0,1,5,0,40,8,1,1,1,non_inclusive,lru,175647,78954,96693,1209278,1263264,0.957265,1808,1888,0.957627,4608,294912,0,0,1162952,1536,0,344859,2560,37229,1549136,1511907,8076637,6564730,0.812805,1261216,690910,52114,0,78880,439312,0,0,0,0.588178,0.998379,0,0,0.006076,13.675305,2,3,5,15,17,20,42,0,5287637,30.103771,3.032150,630,844
R9,4,C2,1,w5d-R9-s4-C2-b1,,cache,baseline,loas,16,resnet19_T4_n5,layer_09_layer2_0_conv2,4,16384,8,1024,128,524288,16,32768,2048,16,1,16,1,split_cin,128,16,20,20,12,1,none,0,0,1,5,0,40,1,1,1,1,non_inclusive,lru,907226,85106,822120,499440,1361696,0.366778,825827,862256,0.957752,18216,291456,0,0,0,0,0,11326560,1680757,148651,13155968,13007317,13007317,0,0.000000,0,0,0,0,0,0,0,0,0,0.000000,0.998496,0,0,0.000000,25.328884,1,1,1,5,7,8,0,0,4466248,4.922972,2.023937,735,966
R9,4,C2,2,w5d-R9-s4-C2-b2,,cache,baseline,loas,16,resnet19_T4_n5,layer_09_layer2_0_conv2,4,16384,8,1024,128,524288,16,32768,2048,16,1,16,1,split_cin,128,16,20,20,12,1,none,0,0,1,5,0,40,2,1,1,1,non_inclusive,lru,581293,85106,496187,499440,1361696,0.366778,825842,862256,0.957769,18216,291456,0,0,0,0,0,6025136,1627265,288639,7941040,7652401,7652401,0,0.000000,0,0,0,0,0,0,0,0,0,0.000000,0.998496,0,0,0.000000,50.657768,1,1,1,5,7,8,0,0,4466248,7.683299,1.919979,735,966
R9,4,C2,4,w5d-R9-s4-C2-b4,,cache,baseline,loas,16,resnet19_T4_n5,layer_09_layer2_0_conv2,4,16384,8,1024,128,524288,16,32768,2048,16,1,16,1,split_cin,128,16,20,20,12,1,none,0,0,1,5,0,40,4,1,1,1,non_inclusive,lru,486871,85106,401765,499440,1361696,0.366778,825824,862256,0.957748,18216,291456,0,0,0,0,0,4584811,1624943,220534,6430288,6209754,6209754,0,0.000000,0,0,0,0,0,0,0,0,0,0.000000,0.998496,0,0,0.000000,101.315536,1,1,1,5,8,8,0,0,4466248,9.173370,2.336264,735,966
R9,4,C2,8,w5d-R9-s4-C2-b8,,cache,baseline,loas,16,resnet19_T4_n5,layer_09_layer2_0_conv2,4,16384,8,1024,128,524288,16,32768,2048,16,1,16,1,split_cin,128,16,20,20,12,1,none,0,0,1,5,0,40,8,1,1,1,non_inclusive,lru,463457,85106,378351,499440,1361696,0.366778,825824,862256,0.957748,18216,291456,0,0,0,0,0,4298926,1627765,128973,6055664,5926691,5926691,0,0.000000,0,0,0,0,0,0,0,0,0,0.000000,0.998496,0,0,0.000000,202.631072,1,1,1,5,8,8,0,0,4466248,9.636812,2.249503,735,966
R9,4,C3,1,w5d-R9-s4-C3-b1,,cache,baseline,loas,16,resnet19_T4_n5,layer_09_layer2_0_conv2,4,16384,1024,1024,1,524288,16,32768,2048,16,1,16,1,split_cin,1,16,20,20,12,1,none,0,0,1,5,0,40,1,1,1,1,non_inclusive,lru,525847,85106,440741,903072,1361696,0.663196,422192,458624,0.920562,18216,291456,0,0,0,0,0,5274073,1656293,123538,7053904,6930366,6930366,0,0.000000,0,0,0,0,0,0,0,0,0,0.000000,0.998496,0,0,0.000000,13.472141,1,1,1,5,8,8,0,0,3658984,6.958267,9.856625,735,966
R9,4,C3,2,w5d-R9-s4-C3-b2,,cache,baseline,loas,16,resnet19_T4_n5,layer_09_layer2_0_conv2,4,16384,1024,1024,1,524288,16,32768,2048,16,1,16,1,split_cin,1,16,20,20,12,1,none,0,0,1,5,0,40,2,1,1,1,non_inclusive,lru,352896,85106,267790,903072,1361696,0.663196,422194,458624,0.920567,18216,291456,0,0,0,0,0,2541512,1632377,112799,4286688,4173889,4173889,0,0.000000,0,0,0,0,0,0,0,0,0,0.000000,0.998496,0,0,0.000000,26.944281,1,1,1,4,8,8,0,0,3658984,10.368448,9.578570,735,966
R9,4,C3,4,w5d-R9-s4-C3-b4,,cache,baseline,loas,16,resnet19_T4_n5,layer_09_layer2_0_conv2,4,16384,1024,1024,1,524288,16,32768,2048,16,1,16,1,split_cin,1,16,20,20,12,1,none,0,0,1,5,0,40,4,1,1,1,non_inclusive,lru,320105,85106,234999,903072,1361696,0.663196,422192,458624,0.920562,18216,291456,0,0,0,0,0,2119280,1635912,6840,3762032,3755192,3755192,0,0.000000,0,0,0,0,0,0,0,0,0,0.000000,0.998496,0,0,0.000000,53.888562,1,1,1,4,8,8,0,0,3658984,11.430574,9.396885,735,966
R9,4,C3,8,w5d-R9-s4-C3-b8,,cache,baseline,loas,16,resnet19_T4_n5,layer_09_layer2_0_conv2,4,16384,1024,1024,1,524288,16,32768,2048,16,1,16,1,split_cin,1,16,20,20,12,1,none,0,0,1,5,0,40,8,1,1,1,non_inclusive,lru,319939,85106,234833,903072,1361696,0.663196,422192,458624,0.920562,18216,291456,0,0,0,0,0,2117472,1636392,5512,3759376,3753864,3753864,0,0.000000,0,0,0,0,0,0,0,0,0,0.000000,0.998496,0,0,0.000000,107.777125,1,1,1,4,8,8,0,0,3658984,11.436505,10.416771,735,966
R9,4,C4,1,w5d-R9-s4-C4-b1,,cache,baseline,loas,16,resnet19_T4_n5,layer_09_layer2_0_conv2,4,16384,8,256,32,524288,16,8192,512,64,4,16,1,split_cin,32,16,20,20,12,1,none,0,0,1,5,0,40,1,1,1,1,non_inclusive,lru,782341,85106,697235,595984,1361696,0.437678,756496,765712,0.987964,4608,294912,0,0,0,0,0,10590377,423393,144038,11157808,11013770,11013770,0,0.000000,0,0,0,0,0,0,0,0,0,0.000000,0.998496,0,0,0.011719,22.492891,1,1,1,5,8,8,0,0,4259552,5.444623,1.710576,735,966
R9,4,C4,2,w5d-R9-s4-C4-b2,,cache,baseline,loas,16,resnet19_T4_n5,layer_09_layer2_0_conv2,4,16384,8,256,32,524288,16,8192,512,64,4,16,1,split_cin,32,16,20,20,12,1,none,0,0,1,5,0,40,2,1,1,1,non_inclusive,lru,451954,85106,366848,595984,1361696,0.437678,756496,765712,0.987964,4608,294912,0,0,0,0,0,5213279,413062,245275,5871616,5626341,5626341,0,0.000000,0,0,0,0,0,0,0,0,0,0.000000,0.998496,0,0,0.011719,44.985782,1,1,1,5,8,8,0,0,4259552,9.424747,1.944465,735,966
R9,4,C4,4,w5d-R9-s4-C4-b4,,cache,baseline,loas,16,resnet19_T4_n5,layer_09_layer2_0_conv2,4,16384,8,256,32,524288,16,8192,512,64,4,16,1,split_cin,32,16,20,20,12,1,none,0,0,1,5,0,40,4,1,1,1,non_inclusive,lru,372875,85106,287769,595984,1361696,0.437678,756496,765712,0.987964,4608,294912,0,0,0,0,0,4002369,412674,191309,4606352,4415043,4415043,0,0.000000,0,0,0,0,0,0,0,0,0,0.000000,0.998496,0,0,0.011719,89.971565,1,1,1,5,8,8,0,0,4259552,11.423539,2.200953,735,966
R9,4,C4,8,w5d-R9-s4-C4-b8,,cache,baseline,loas,16,resnet19_T4_n5,layer_09_layer2_0_conv2,4,16384,8,256,32,524288,16,8192,512,64,4,16,1,split_cin,32,16,20,20,12,1,none,0,0,1,5,0,40,8,1,1,1,non_inclusive,lru,349536,85106,264430,595984,1361696,0.437678,756496,765712,0.987964,4608,294912,0,0,0,0,0,3800744,413746,18438,4232928,4214490,4214490,0,0.000000,0,0,0,0,0,0,0,0,0,0.000000,0.998496,0,0,0.011719,179.943130,1,1,1,5,8,8,0,0,4259552,12.186304,1.890142,735,966
R9,4,C5,1,w5d-R9-s4-C5-b1,,cache,baseline,loas,16,resnet19_T4_n5,layer_09_layer2_0_conv2,4,16384,8,1024,128,524288,16,32768,2048,16,1,16,1,split_cin,128,16,20,20,12,1,next_burst,4,0,1,5,0,40,1,1,1,1,non_inclusive,lru,865232,85106,780126,618954,1361696,0.454546,832,960,0.866667,18216,291456,0,0,337684,0,0,12062414,6656,77310,12484064,12406754,50243465,37836711,0.753067,1359648,119514,741782,0,498352,0,0,0,0,0.632517,0.998496,0,0,0.000000,21.818144,3,5,5,8,20,20,0,0,5825896,6.733334,3.443972,735,966
R9,4,C5,2,w5d-R9-s4-C5-b2,,cache,baseline,loas,16,resnet19_T4_n5,layer_09_layer2_0_conv2,4,16384,8,1024,128,524288,16,32768,2048,16,1,16,1,split_cin,128,16,20,20,12,1,next_burst,4,0,1,5,0,40,2,1,1,1,non_inclusive,lru,493432,85106,408326,883151,1361696,0.648567,832,960,0.866667,18216,291456,0,0,567748,0,0,5818883,6684,141949,6535264,6393315,27292426,20899111,0.765748,1359648,383711,477585,0,498352,0,0,0,0,0.632517,0.998496,0,0,0.000000,28.114645,2,4,5,11,17,20,47,0,5835462,11.826274,3.740680,735,966
R9,4,C5,4,w5d-R9-s4-C5-b4,,cache,baseline,loas,16,resnet19_T4_n5,layer_09_layer2_0_conv2,4,16384,8,1024,128,524288,16,32768,2048,16,1,16,1,split_cin,128,16,20,20,12,1,next_burst,4,0,1,5,0,40,4,1,1,1,non_inclusive,lru,316148,85106,231042,1056203,1361696,0.775653,832,976,0.852459,18216,291456,0,0,807397,1592,0,2740582,5956,143193,3698720,3555527,16621904,13066377,0.786094,1359648,556763,304533,0,498352,0,0,0,0,0.632517,0.998496,0,0,0.000000,35.895589,2,4,5,12,17,20,46,0,5836375,18.460895,3.665515,735,966
R9,4,C5,8,w5d-R9-s4-C5-b8,,cache,baseline,loas,16,resnet19_T4_n5,layer_09_layer2_0_conv2,4,16384,8,1024,128,524288,16,32768,2048,16,1,16,1,split_cin,128,16,20,20,12,1,next_burst,4,0,1,5,0,40,8,1,1,1,non_inclusive,lru,246901,85106,161795,1208762,1361696,0.887689,832,988,0.842105,18216,291456,0,0,1071910,2800,0,1418177,5312,92569,2590768,2498199,12639729,10141530,0.802353,1359648,709322,151974,0,498352,0,0,0,0,0.632517,0.998496,0,0,0.000000,35.939652,2,4,5,12,17,20,46,0,5836558,23.639264,3.713186,735,966
R9,4,C6,1,w5d-R9-s4-C6-b1,,cache,baseline,loas,16,resnet19_T4_n5,layer_09_layer2_0_conv2,4,16384,8,256,32,524288,16,8192,512,64,4,16,1,split_cin,32,16,20,20,12,1,next_burst,4,0,1,5,0,40,1,1,1,1,non_inclusive,lru,766920,85106,681814,701054,1361696,0.514839,1776,1840,0.965217,4608,294912,0,0,314469,0,0,10539466,3328,53809,10911072,10857263,38611557,27754294,0.718808,1359648,105070,658802,0,63203,532573,0,0,0,0.560971,0.998496,0,0,0.011719,19.406446,2,4,5,19,20,20,0,0,5619200,7.326970,3.002579,735,966
R9,4,C6,2,w5d-R9-s4-C6-b2,,cache,baseline,loas,16,resnet19_T4_n5,layer_09_layer2_0_conv2,4,16384,8,256,32,524288,16,8192,512,64,4,16,1,split_cin,32,16,20,20,12,1,next_burst,4,0,1,5,0,40,2,1,1,1,non_inclusive,lru,416007,85106,330901,929147,1361696,0.682345,1776,1840,0.965217,4608,294912,0,0,569748,0,0,4638091,3328,85297,5296464,5211167,19994841,14783674,0.739374,1359648,333163,430709,0,100728,495048,0,0,0,0.560971,0.998496,0,0,0.011719,25.412368,2,4,5,14,17,20,42,0,5624780,13.520878,3.629922,735,966
R9,4,C6,4,w5d-R9-s4-C6-b4,,cache,baseline,loas,16,resnet19_T4_n5,layer_09_layer2_0_conv2,4,16384,8,256,32,524288,16,8192,512,64,4,16,1,split_cin,32,16,20,20,12,1,next_burst,4,0,1,5,0,40,4,1,1,1,non_inclusive,lru,237854,85106,152748,1096857,1361696,0.805508,1776,1848,0.961039,4608,294912,0,0,860128,720,0,1487537,2976,94655,2446016,2351361,10773218,8421857,0.781740,1359648,500873,262999,0,99275,496501,0,0,0,0.560971,0.998496,0,0,0.011719,31.118723,2,4,5,15,17,20,41,0,5624935,23.648688,3.488823,735,966
R9,4,C6,8,w5d-R9-s4-C6-b8,,cache,baseline,loas,16,resnet19_T4_n5,layer_09_layer2_0_conv2,4,16384,8,256,32,524288,16,8192,512,64,4,16,1,split_cin,32,16,20,20,12,1,next_burst,4,0,1,5,0,40,8,1,1,1,non_inclusive,lru,186764,85106,101658,1319284,1361696,0.968854,1776,1856,0.956897,4608,294912,0,0,1282547,1536,0,311404,2560,30529,1628576,1598047,8306004,6707957,0.807603,1359648,723300,40572,0,75115,520661,0,0,0,0.560971,0.998496,0,0,0.011719,9.966865,2,3,5,15,17,20,43,0,5624939,30.117897,3.454495,735,966
V8,0,C2,1,w5d-V8-s0-C2-b1,,cache,baseline,loas,16,vgg16_T4_n5,layer_08_features_27,0,16384,8,1024,128,524288,16,32768,2048,16,1,16,1,split_cin,128,16,20,20,12,1,none,0,0,1,5,0,40,1,1,1,1,non_inclusive,lru,6853950,162352,6691598,186560,2597632,0.071819,37920,2411072,0.015727,2373152,37970432,0,0,0,0,0,205698,106820884,41034,107067616,107026582,107026582,0,0.000000,0,0,0,0,0,0,0,0,0,0.000000,0.999212,0,0,0.000000,37.127230,1,1,1,13,15,16,0,0,12390688,1.807817,6.422848,1226,1875
V8,0,C2,2,w5d-V8-s0-C2-b2,,cache,baseline,loas,16,vgg16_T4_n5,layer_08_features_27,0,16384,8,1024,128,524288,16,32768,2048,16,1,16,1,split_cin,128,16,20,20,12,1,none,0,0,1,5,0,40,2,1,1,1,non_inclusive,lru,6853268,162352,6690916,186560,2597632,0.071819,37920,2411072,0.015727,2373152,37970432,0,0,0,0,0,202040,106819660,35004,107056704,107021700,107021700,0,0.000000,0,0,0,0,0,0,0,0,0,0.000000,0.999212,0,0,0.000000,74.254459,1,1,1,13,15,16,0,0,12390688,1.807997,6.450839,1226,1875
V8,0,C2,4,w5d-V8-s0-C2-b4,,cache,baseline,loas,16,vgg16_T4_n5,layer_08_features_27,0,16384,8,1024,128,524288,16,32768,2048,16,1,16,1,split_cin,128,16,20,20,12,1,none,0,0,1,5,0,40,4,1,1,1,non_inclusive,lru,6851844,162352,6689492,186560,2597632,0.071819,37920,2411072,0.015727,2373152,37970432,0,0,0,0,0,195538,106813652,24730,107033920,107009190,107009190,0,0.000000,0,0,0,0,0,0,0,0,0,0.000000,0.999212,0,0,0.000000,148.508919,1,1,1,11,15,16,0,0,12390688,1.808373,6.529237,1226,1875
V8,0,C2,8,w5d-V8-s0-C2-b8,,cache,baseline,loas,16,vgg16_T4_n5,layer_08_features_27,0,16384,8,1024,128,524288,16,32768,2048,16,1,16,1,split_cin,128,16,20,20,12,1,none,0,0,1,5,0,40,8,1,1,1,non_inclusive,lru,6850832,162352,6688480,186560,2597632,0.071819,37920,2411072,0.015727,2373152,37970432,0,0,0,0,0,190638,106808620,18470,107017728,106999258,106999258,0,0.000000,0,0,0,0,0,0,0,0,0,0.000000,0.999212,0,0,0.000000,297.017838,1,1,1,10,15,16,0,0,12390688,1.808640,6.446328,1226,1875
V8,0,C3,1,w5d-V8-s0-C3-b1,,cache,baseline,loas,16,vgg16_T4_n5,layer_08_features_27,0,16384,1024,1024,1,524288,16,32768,2048,16,1,16,1,split_cin,1,16,20,20,12,1,none,0,0,1,5,0,40,1,1,1,1,non_inclusive,lru,6795972,162352,6633620,113536,2597632,0.043707,145216,2484096,0.058458,2338880,37422080,0,0,0,0,0,774338,105292150,73480,106139968,106066488,106066488,0,0.000000,0,0,0,0,0,0,0,0,0,0.000000,0.999212,0,0,0.000000,38.251700,1,1,1,13,15,16,0,0,12502464,1.839687,51.674973,1226,1875
V8,0,C3,2,w5d-V8-s0-C3-b2,,cache,baseline,loas,16,vgg16_T4_n5,layer_08_features_27,0,16384,1024,1024,1,524288,16,32768,2048,16,1,16,1,split_cin,1,16,20,20,12,1,none,0,0,1,5,0,40,2,1,1,1,non_inclusive,lru,6795972,162352,6633620,113536,2597632,0.043707,145216,2484096,0.058458,2338880,37422080,0,0,0,0,0,774338,105292150,73480,106139968,106066488,106066488,0,0.000000,0,0,0,0,0,0,0,0,0,0.000000,0.999212,0,0,0.000000,76.503400,1,1,1,13,15,16,0,0,12502464,1.839687,51.454350,1226,1875
V8,0,C3,4,w5d-V8-s0-C3-b4,,cache,baseline,loas,16,vgg16_T4_n5,layer_08_features_27,0,16384,1024,1024,1,524288,16,32768,2048,16,1,16,1,split_cin,1,16,20,20,12,1,none,0,0,1,5,0,40,4,1,1,1,non_inclusive,lru,6789294,162352,6626942,113536,2597632,0.043707,145216,2484096,0.058458,2338880,37422080,0,0,0,0,0,740760,105268660,23700,106033120,106009420,106009420,0,0.000000,0,0,0,0,0,0,0,0,0,0.000000,0.999212,0,0,0.000000,153.006800,1,1,1,11,15,16,0,0,12502464,1.841497,50.932781,1226,1875
V8,0,C3,8,w5d-V8-s0-C3-b8,,cache,baseline,loas,16,vgg16_T4_n5,layer_08_features_27,0,16384,1024,1024,1,524288,16,32768,2048,16,1,16,1,split_cin,1,16,20,20,12,1,none,0,0,1,5,0,40,8,1,1,1,non_inclusive,lru,6787854,162352,6625502,113536,2597632,0.043707,145216,2484096,0.058458,2338880,37422080,0,0,0,0,0,726488,105264960,18632,106010080,105991448,105991448,0,0.000000,0,0,0,0,0,0,0,0,0,0.000000,0.999212,0,0,0.000000,306.013600,1,1,1,10,15,16,0,0,12502464,1.841888,52.194108,1226,1875
V8,0,C4,1,w5d-V8-s0-C4-b1,,cache,baseline,loas,16,vgg16_T4_n5,layer_08_features_27,0,16384,8,256,32,524288,16,8192,512,64,4,16,1,split_cin,32,16,20,20,12,1,none,0,0,1,5,0,40,1,1,1,1,non_inclusive,lru,4135612,162352,3973260,1185600,2597632,0.456416,0,1412032,0.000000,1412032,90370048,0,0,0,0,0,0,63556800,17408,63574208,63556800,63556800,0,0.000000,0,0,0,0,0,0,0,0,0,0.000000,0.999212,0,0,0.104167,21.743372,1,1,1,10,15,16,0,0,9431488,2.280554,5.172134,1226,1875
V8,0,C4,2,w5d-V8-s0-C4-b2,,cache,baseline,loas,16,vgg16_T4_n5,layer_08_features_27,0,16384,8,256,32,524288,16,8192,512,64,4,16,1,split_cin,32,16,20,20,12,1,none,0,0,1,5,0,40,2,1,1,1,non_inclusive,lru,4135612,162352,3973260,1185600,2597632,0.456416,0,1412032,0.000000,1412032,90370048,0,0,0,0,0,0,63556800,17408,63574208,63556800,63556800,0,0.000000,0,0,0,0,0,0,0,0,0,0.000000,0.999212,0,0,0.104167,43.486745,1,1,1,10,15,16,0,0,9431488,2.280554,4.976355,1226,1875
V8,0,C4,4,w5d-V8-s0-C4-b4,,cache,baseline,loas,16,vgg16_T4_n5,layer_08_features_27,0,16384,8,256,32,524288,16,8192,512,64,4,16,1,split_cin,32,16,20,20,12,1,none,0,0,1,5,0,40,4,1,1,1,non_inclusive,lru,4135612,162352,3973260,1185600,2597632,0.456416,0,1412032,0.000000,1412032,90370048,0,0,0,0,0,0,63556800,17408,63574208,63556800,63556800,0,0.000000,0,0,0,0,0,0,0,0,0,0.000000,0.999212,0,0,0.104167,86.973490,1,1,1,10,15,16,0,0,9431488,2.280554,4.947076,1226,1875
V8,0,C4,8,w5d-V8-s0-C4-b8,,cache,baseline,loas,16,vgg16_T4_n5,layer_08_features_27,0,16384,8,256,32,524288,16,8192,512,64,4,16,1,split_cin,32,16,20,20,12,1,none,0,0,1,5,0,40,8,1,1,1,non_inclusive,lru,4135612,162352,3973260,1185600,2597632,0.456416,0,1412032,0.000000,1412032,90370048,0,0,0,0,0,0,63556800,17408,63574208,63556800,63556800,0,0.000000,0,0,0,0,0,0,0,0,0,0.000000,0.999212,0,0,0.104167,173.946979,1,1,1,10,15,16,0,0,9431488,2.280554,5.348575,1226,1875
V8,0,C5,1,w5d-V8-s0-C5-b1,,cache,baseline,loas,16,vgg16_T4_n5,layer_08_features_27,0,16384,8,1024,128,524288,16,32768,2048,16,1,16,1,split_cin,128,16,20,20,12,1,next_burst,4,0,1,5,0,40,1,1,1,1,non_inclusive,lru,5400942,162352,5238590,465728,2597632,0.179289,0,2048,0.000000,2373152,37970432,0,0,160534,0,0,83454516,107520,96918,83819488,83722570,407966512,324243942,0.794781,2595584,279168,2129856,0,186560,0,0,0,0,0.927392,0.999212,0,0,0.000000,32.828422,4,5,5,17,19,20,60,0,17356550,3.213615,10.348489,1226,1875
V8,0,C5,2,w5d-V8-s0-C5-b2,,cache,baseline,loas,16,vgg16_T4_n5,layer_08_features_27,0,16384,8,1024,128,524288,16,32768,2048,16,1,16,1,split_cin,128,16,20,20,12,1,next_burst,4,0,1,5,0,40,2,1,1,1,non_inclusive,lru,5348622,162352,5186270,456390,2597632,0.175695,0,2804,0.000000,2373152,37970432,0,0,150524,73012,0,82587630,69732,101470,82982368,82880898,404025946,321145048,0.794862,2595584,269830,2139194,0,186560,0,0,0,0,0.927392,0.999212,0,0,0.000000,65.944429,4,5,5,18,19,20,60,0,17356522,3.245046,11.146714,1226,1875
V8,0,C5,4,w5d-V8-s0-C5-b4,,cache,baseline,loas,16,vgg16_T4_n5,layer_08_features_27,0,16384,8,1024,128,524288,16,32768,2048,16,1,16,1,split_cin,128,16,20,20,12,1,next_burst,4,0,1,5,0,40,4,1,1,1,non_inclusive,lru,5345460,162352,5183108,478138,2597632,0.184067,0,3210,0.000000,2373152,37970432,0,0,157260,132712,0,82491188,47044,103572,82931776,82828204,403896414,321068210,0.794927,2595584,291578,2117446,0,186560,0,0,0,0,0.927392,0.999212,0,0,0.000000,130.549300,4,5,5,17,19,20,60,0,17356588,3.246977,10.511304,1226,1875
V8,0,C5,8,w5d-V8-s0-C5-b8,,cache,baseline,loas,16,vgg16_T4_n5,layer_08_features_27,0,16384,8,1024,128,524288,16,32768,2048,16,1,16,1,split_cin,128,16,20,20,12,1,next_burst,4,0,1,5,0,40,8,1,1,1,non_inclusive,lru,5344960,162352,5182608,538386,2597632,0.207260,0,3294,0.000000,2373152,37970432,0,0,170468,161418,0,82439756,42500,109634,82923776,82814142,403749036,320934894,0.794887,2595584,351826,2057198,0,186560,0,0,0,0,0.927392,0.999212,0,0,0.000000,253.676702,4,5,5,17,19,20,60,0,17356614,3.247286,11.116955,1226,1875
V8,0,C6,1,w5d-V8-s0-C6-b1,,cache,baseline,loas,16,vgg16_T4_n5,layer_08_features_27,0,16384,8,256,32,524288,16,8192,512,64,4,16,1,split_cin,32,16,20,20,12,1,next_burst,4,0,1,5,0,40,1,1,1,1,non_inclusive,lru,3259118,162352,3096766,1400110,2597632,0.538995,0,1952,0.000000,1412032,90370048,0,0,647652,0,0,48698732,102480,101440,49550304,49448864,161870604,112421740,0.694516,2595584,214510,1195570,0,20346,1165158,0,0,0,0.542833,0.999212,0,0,0.104167,18.440210,2,4,5,17,19,20,56,0,13434388,4.122093,7.206283,1226,1875
V8,0,C6,2,w5d-V8-s0-C6-b2,,cache,baseline,loas,16,vgg16_T4_n5,layer_08_features_27,0,16384,8,256,32,524288,16,8192,512,64,4,16,1,split_cin,32,16,20,20,12,1,next_burst,4,0,1,5,0,40,2,1,1,1,non_inclusive,lru,3187844,162352,3025492,1394866,2597632,0.536976,0,2490,0.000000,1412032,90370048,0,0,635076,50882,0,47535276,75596,113090,48409920,48296830,157701940,109405110,0.693746,2595584,209266,1200814,0,19858,1165646,0,0,0,0.542833,0.999212,0,0,0.104167,37.041921,2,4,5,18,19,20,58,0,13434714,4.214357,8.492480,1226,1875
V8,0,C6,4,w5d-V8-s0-C6-b4,,cache,baseline,loas,16,vgg16_T4_n5,layer_08_features_27,0,16384,8,256,32,524288,16,8192,512,64,4,16,1,split_cin,32,16,20,20,12,1,next_burst,4,0,1,5,0,40,4,1,1,1,non_inclusive,lru,3186416,162352,3024064,1397324,2597632,0.537922,0,2546,0.000000,1412032,90370048,0,0,629754,57716,0,47488676,72444,138482,48387072,48248590,157157672,108909082,0.692992,2595584,211724,1198356,0,20340,1165164,0,0,0,0.542833,0.999212,0,0,0.104167,73.932443,2,4,5,17,19,20,60,0,13434316,4.216121,8.700283,1226,1875
V8,0,C6,8,w5d-V8-s0-C6-b8,,cache,baseline,loas,16,vgg16_T4_n5,layer_08_features_27,0,16384,8,256,32,524288,16,8192,512,64,4,16,1,split_cin,32,16,20,20,12,1,next_burst,4,0,1,5,0,40,8,1,1,1,non_inclusive,lru,3185886,162352,3023534,1412328,2597632,0.543698,0,2546,0.000000,1412032,90370048,0,0,644240,57636,0,47449058,72444,155214,48378592,48223378,156773916,108550538,0.692402,2595584,226728,1183352,0,19292,1166212,0,0,0,0.542833,0.999212,0,0,0.104167,146.016557,2,4,5,16,19,20,59,0,13433808,4.216663,8.015359,1226,1875
V8,1,C2,1,w5d-V8-s1-C2-b1,,cache,baseline,loas,16,vgg16_T4_n5,layer_08_features_27,1,16384,8,1024,128,524288,16,32768,2048,16,1,16,1,split_cin,128,16,20,20,12,1,none,0,0,1,5,0,40,1,1,1,1,non_inclusive,lru,6088048,148272,5939776,217856,2372352,0.091831,50240,2154496,0.023319,2104256,33668096,0,0,0,0,0,269278,94722430,46756,95038464,94991708,94991708,0,0.000000,0,0,0,0,0,0,0,0,0,0.000000,0.999137,0,0,0.000000,36.326751,1,1,1,13,15,16,0,0,11158080,1.832784,5.750369,1125,1696
V8,1,C2,2,w5d-V8-s1-C2-b2,,cache,baseline,loas,16,vgg16_T4_n5,layer_08_features_27,1,16384,8,1024,128,524288,16,32768,2048,16,1,16,1,split_cin,128,16,20,20,12,1,none,0,0,1,5,0,40,2,1,1,1,non_inclusive,lru,6087080,148272,5938808,217856,2372352,0.091831,50240,2154496,0.023319,2104256,33668096,0,0,0,0,0,265278,94719892,37806,95022976,94985170,94985170,0,0.000000,0,0,0,0,0,0,0,0,0,0.000000,0.999137,0,0,0.000000,72.653502,1,1,1,13,15,16,0,0,11158080,1.833076,6.138449,1125,1696
V8,1,C2,4,w5d-V8-s1-C2-b4,,cache,baseline,loas,16,vgg16_T4_n5,layer_08_features_27,1,16384,8,1024,128,524288,16,32768,2048,16,1,16,1,split_cin,128,16,20,20,12,1,none,0,0,1,5,0,40,4,1,1,1,non_inclusive,lru,6086126,148272,5937854,217856,2372352,0.091831,50240,2154496,0.023319,2104256,33668096,0,0,0,0,0,260682,94717344,29686,95007712,94978026,94978026,0,0.000000,0,0,0,0,0,0,0,0,0,0.000000,0.999137,0,0,0.000000,145.307003,1,1,1,12,15,16,0,0,11158080,1.833363,6.001143,1125,1696
V8,1,C2,8,w5d-V8-s1-C2-b8,,cache,baseline,loas,16,vgg16_T4_n5,layer_08_features_27,1,16384,8,1024,128,524288,16,32768,2048,16,1,16,1,split_cin,128,16,20,20,12,1,none,0,0,1,5,0,40,8,1,1,1,non_inclusive,lru,6084788,148272,5936516,217856,2372352,0.091831,50240,2154496,0.023319,2104256,33668096,0,0,0,0,0,254836,94710530,20938,94986304,94965366,94965366,0,0.000000,0,0,0,0,0,0,0,0,0,0.000000,0.999137,0,0,0.000000,290.614007,1,1,1,10,15,16,0,0,11158080,1.833766,5.774731,1125,1696
V8,1,C3,1,w5d-V8-s1-C3-b1,,cache,baseline,loas,16,vgg16_T4_n5,layer_08_features_27,1,16384,1024,1024,1,524288,16,32768,2048,16,1,16,1,split_cin,1,16,20,20,12,1,none,0,0,1,5,0,40,1,1,1,1,non_inclusive,lru,6005574,148272,5857302,142080,2372352,0.059890,170368,2230272,0.076389,2059904,32958464,0,0,0,0,0,903806,92739002,76072,93718880,93642808,93642808,0,0.000000,0,0,0,0,0,0,0,0,0,0.000000,0.999137,0,0,0.000000,37.604403,1,1,1,13,15,16,0,0,11265280,1.875804,46.224743,1125,1696
V8,1,C3,2,w5d-V8-s1-C3-b2,,cache,baseline,loas,16,vgg16_T4_n5,layer_08_features_27,1,16384,1024,1024,1,524288,16,32768,2048,16,1,16,1,split_cin,1,16,20,20,12,1,none,0,0,1,5,0,40,2,1,1,1,non_inclusive,lru,6005574,148272,5857302,142080,2372352,0.059890,170368,2230272,0.076389,2059904,32958464,0,0,0,0,0,903806,92739002,76072,93718880,93642808,93642808,0,0.000000,0,0,0,0,0,0,0,0,0,0.000000,0.999137,0,0,0.000000,75.208805,1,1,1,13,15,16,0,0,11265280,1.875804,46.823375,1125,1696
V8,1,C3,4,w5d-V8-s1-C3-b4,,cache,baseline,loas,16,vgg16_T4_n5,layer_08_features_27,1,16384,1024,1024,1,524288,16,32768,2048,16,1,16,1,split_cin,1,16,20,20,12,1,none,0,0,1,5,0,40,4,1,1,1,non_inclusive,lru,5998350,148272,5850078,142080,2372352,0.059890,170368,2230272,0.076389,2059904,32958464,0,0,0,0,0,865180,92713768,24348,93603296,93578948,93578948,0,0.000000,0,0,0,0,0,0,0,0,0,0.000000,0.999137,0,0,0.000000,150.417611,1,1,1,12,15,16,0,0,11265280,1.878063,46.602747,1125,1696
V8,1,C3,8,w5d-V8-s1-C3-b8,,cache,baseline,loas,16,vgg16_T4_n5,layer_08_features_27,1,16384,1024,1024,1,524288,16,32768,2048,16,1,16,1,split_cin,1,16,20,20,12,1,none,0,0,1,5,0,40,8,1,1,1,non_inclusive,lru,5997014,148272,5848742,142080,2372352,0.059890,170368,2230272,0.076389,2059904,32958464,0,0,0,0,0,852496,92710848,18576,93581920,93563344,93563344,0,0.000000,0,0,0,0,0,0,0,0,0,0.000000,0.999137,0,0,0.000000,300.835222,1,1,1,10,15,16,0,0,11265280,1.878482,46.595107,1125,1696
V8,1,C4,1,w5d-V8-s1-C4-b1,,cache,baseline,loas,16,vgg16_T4_n5,layer_08_features_27,1,16384,8,256,32,524288,16,8192,512,64,4,16,1,split_cin,32,16,20,20,12,1,none,0,0,1,5,0,40,1,1,1,1,non_inclusive,lru,4024872,148272,3876600,994688,2372352,0.419283,0,1377664,0.000000,1377664,88170496,0,0,0,0,0,0,62010240,17408,62027648,62010240,62010240,0,0.000000,0,0,0,0,0,0,0,0,0,0.000000,0.999137,0,0,0.222850,23.228661,1,1,1,10,15,16,0,0,8877824,2.205741,4.671294,1125,1696
V8,1,C4,2,w5d-V8-s1-C4-b2,,cache,baseline,loas,16,vgg16_T4_n5,layer_08_features_27,1,16384,8,256,32,524288,16,8192,512,64,4,16,1,split_cin,32,16,20,20,12,1,none,0,0,1,5,0,40,2,1,1,1,non_inclusive,lru,4024872,148272,3876600,994688,2372352,0.419283,0,1377664,0.000000,1377664,88170496,0,0,0,0,0,0,62010240,17408,62027648,62010240,62010240,0,0.000000,0,0,0,0,0,0,0,0,0,0.000000,0.999137,0,0,0.222850,46.457322,1,1,1,10,15,16,0,0,8877824,2.205741,4.256716,1125,1696
V8,1,C4,4,w5d-V8-s1-C4-b4,,cache,baseline,loas,16,vgg16_T4_n5,layer_08_features_27,1,16384,8,256,32,524288,16,8192,512,64,4,16,1,split_cin,32,16,20,20,12,1,none,0,0,1,5,0,40,4,1,1,1,non_inclusive,lru,4024872,148272,3876600,994688,2372352,0.419283,0,1377664,0.000000,1377664,88170496,0,0,0,0,0,0,62010240,17408,62027648,62010240,62010240,0,0.000000,0,0,0,0,0,0,0,0,0,0.000000,0.999137,0,0,0.222850,92.914643,1,1,1,10,15,16,0,0,8877824,2.205741,4.212223,1125,1696
V8,1,C4,8,w5d-V8-s1-C4-b8,,cache,baseline,loas,16,vgg16_T4_n5,layer_08_features_27,1,16384,8,256,32,524288,16,8192,512,64,4,16,1,split_cin,32,16,20,20,12,1,none,0,0,1,5,0,40,8,1,1,1,non_inclusive,lru,4024872,148272,3876600,994688,2372352,0.419283,0,1377664,0.000000,1377664,88170496,0,0,0,0,0,0,62010240,17408,62027648,62010240,62010240,0,0.000000,0,0,0,0,0,0,0,0,0,0.000000,0.999137,0,0,0.222850,185.829287,1,1,1,10,15,16,0,0,8877824,2.205741,4.236284,1125,1696
V8,1,C5,1,w5d-V8-s1-C5-b1,,cache,baseline,loas,16,vgg16_T4_n5,layer_08_features_27,1,16384,8,1024,128,524288,16,32768,2048,16,1,16,1,split_cin,128,16,20,20,12,1,next_burst,4,0,1,5,0,40,1,1,1,1,non_inclusive,lru,4794656,148272,4646384,504230,2372352,0.212544,0,1920,0.000000,2104256,33668096,0,0,185560,0,0,73926506,100800,131326,74344192,74212866,356917378,282704512,0.792073,2370304,286374,1866202,0,217728,0,0,0,0,0.907359,0.999137,0,0,0.000000,31.498226,4,5,5,17,19,20,60,0,15629710,3.259819,10.131387,1125,1696
V8,1,C5,2,w5d-V8-s1-C5-b2,,cache,baseline,loas,16,vgg16_T4_n5,layer_08_features_27,1,16384,8,1024,128,524288,16,32768,2048,16,1,16,1,split_cin,128,16,20,20,12,1,next_burst,4,0,1,5,0,40,2,1,1,1,non_inclusive,lru,4743918,148272,4595646,477952,2372352,0.201468,0,2452,0.000000,2104256,33668096,0,0,176686,54248,0,73093472,74256,133722,73532384,73398662,353194668,279796006,0.792186,2370304,260096,1892480,0,217728,0,0,0,0,0.907359,0.999137,0,0,0.000000,63.882594,4,5,5,18,19,20,60,0,15629654,3.294672,9.980194,1125,1696
V8,1,C5,4,w5d-V8-s1-C5-b4,,cache,baseline,loas,16,vgg16_T4_n5,layer_08_features_27,1,16384,8,1024,128,524288,16,32768,2048,16,1,16,1,split_cin,128,16,20,20,12,1,next_burst,4,0,1,5,0,40,4,1,1,1,non_inclusive,lru,4740288,148272,4592016,504160,2372352,0.212515,0,2780,0.000000,2104256,33668096,0,0,182824,91666,0,73002388,56398,141028,73474304,73333276,352919322,279586046,0.792210,2370304,286304,1866272,0,217728,0,0,0,0,0.907359,0.999137,0,0,0.000000,125.997626,4,5,5,17,19,20,60,0,15629756,3.297217,9.638695,1125,1696
V8,1,C5,8,w5d-V8-s1-C5-b8,,cache,baseline,loas,16,vgg16_T4_n5,layer_08_features_27,1,16384,8,1024,128,524288,16,32768,2048,16,1,16,1,split_cin,128,16,20,20,12,1,next_burst,4,0,1,5,0,40,8,1,1,1,non_inclusive,lru,4739766,148272,4591494,544360,2372352,0.229460,0,2964,0.000000,2104256,33668096,0,0,181676,119362,0,72973454,46278,145182,73465952,73320770,352899014,279578244,0.792233,2370304,326504,1826072,0,217728,0,0,0,0,0.907359,0.999137,0,0,0.000000,246.572785,4,5,5,17,19,20,60,0,15629942,3.297619,10.486394,1125,1696
V8,1,C6,1,w5d-V8-s1-C6-b1,,cache,baseline,loas,16,vgg16_T4_n5,layer_08_features_27,1,16384,8,256,32,524288,16,8192,512,64,4,16,1,split_cin,32,16,20,20,12,1,next_burst,4,0,1,5,0,40,1,1,1,1,non_inclusive,lru,3178192,148272,3029920,1194858,2372352,0.503660,0,1952,0.000000,1377664,88170496,0,0,511698,0,0,47761016,102480,105574,48480768,48375194,164465920,116090726,0.705865,2370304,200170,1175542,0,18598,975994,0,0,0,0.579894,0.999137,0,0,0.222850,19.853614,2,4,5,17,19,20,59,0,12622022,3.971447,7.734420,1125,1696
V8,1,C6,2,w5d-V8-s1-C6-b2,,cache,baseline,loas,16,vgg16_T4_n5,layer_08_features_27,1,16384,8,256,32,524288,16,8192,512,64,4,16,1,split_cin,32,16,20,20,12,1,next_burst,4,0,1,5,0,40,2,1,1,1,non_inclusive,lru,3109950,148272,2961678,1199058,2372352,0.505430,0,2424,0.000000,1377664,88170496,0,0,510746,44728,0,46636554,78920,117948,47388896,47270948,160313612,113042664,0.705135,2370304,204370,1171342,0,18524,976068,0,0,0,0.579894,0.999137,0,0,0.222850,39.565596,2,4,5,18,19,20,58,0,12622250,4.058667,7.763913,1125,1696
V8,1,C6,4,w5d-V8-s1-C6-b4,,cache,baseline,loas,16,vgg16_T4_n5,layer_08_features_27,1,16384,8,256,32,524288,16,8192,512,64,4,16,1,split_cin,32,16,20,20,12,1,next_burst,4,0,1,5,0,40,4,1,1,1,non_inclusive,lru,3107454,148272,2959182,1191632,2372352,0.502300,0,2802,0.000000,1377664,88170496,0,0,494754,89340,0,46583968,58460,122438,47348960,47226522,159986684,112760162,0.704810,2370304,196944,1178768,0,18064,976528,0,0,0,0.579894,0.999137,0,0,0.222850,79.632028,2,4,5,17,19,20,60,0,12622098,4.061878,7.907743,1125,1696
V8,1,C6,8,w5d-V8-s1-C6-b8,,cache,baseline,loas,16,vgg16_T4_n5,layer_08_features_27,1,16384,8,256,32,524288,16,8192,512,64,4,16,1,split_cin,32,16,20,20,12,1,next_burst,4,0,1,5,0,40,8,1,1,1,non_inclusive,lru,3107708,148272,2959436,1210578,2372352,0.510286,0,2802,0.000000,1377664,88170496,0,0,509556,89340,0,46541846,58460,153822,47353024,47199202,159555890,112356688,0.704184,2370304,215890,1159822,0,17868,976724,0,0,0,0.579894,0.999137,0,0,0.222850,156.708482,2,4,5,16,19,20,60,0,12621742,4.061431,7.793656,1125,1696
V8,2,C2,1,w5d-V8-s2-C2-b1,,cache,baseline,loas,16,vgg16_T4_n5,layer_08_features_27,2,16384,8,1024,128,524288,16,32768,2048,16,1,16,1,split_cin,128,16,20,20,12,1,none,0,0,1,5,0,40,1,1,1,1,non_inclusive,lru,5849694,146200,5703494,267744,2339200,0.114460,51168,2071456,0.024701,2020288,32324608,0,0,0,0,0,272690,90942312,42950,91257952,91215002,91215002,0,0.000000,0,0,0,0,0,0,0,0,0,0.000000,0.999124,0,0,0.000000,35.421614,1,1,1,14,15,16,0,0,10841728,1.853384,5.661159,1089,1666
V8,2,C2,2,w5d-V8-s2-C2-b2,,cache,baseline,loas,16,vgg16_T4_n5,layer_08_features_27,2,16384,8,1024,128,524288,16,32768,2048,16,1,16,1,split_cin,128,16,20,20,12,1,none,0,0,1,5,0,40,2,1,1,1,non_inclusive,lru,5849154,146200,5702954,267744,2339200,0.114460,51168,2071456,0.024701,2020288,32324608,0,0,0,0,0,269836,90941480,37996,91249312,91211316,91211316,0,0.000000,0,0,0,0,0,0,0,0,0,0.000000,0.999124,0,0,0.000000,70.843228,1,1,1,13,15,16,0,0,10841728,1.853555,5.304788,1089,1666
V8,2,C2,4,w5d-V8-s2-C2-b4,,cache,baseline,loas,16,vgg16_T4_n5,layer_08_features_27,2,16384,8,1024,128,524288,16,32768,2048,16,1,16,1,split_cin,128,16,20,20,12,1,none,0,0,1,5,0,40,4,1,1,1,non_inclusive,lru,5848336,146200,5702136,267744,2339200,0.114460,51168,2071456,0.024701,2020288,32324608,0,0,0,0,0,266282,90939152,30790,91236224,91205434,91205434,0,0.000000,0,0,0,0,0,0,0,0,0,0.000000,0.999124,0,0,0.000000,141.686457,1,1,1,13,15,16,0,0,10841728,1.853814,5.730675,1089,1666
V8,2,C2,8,w5d-V8-s2-C2-b8,,cache,baseline,loas,16,vgg16_T4_n5,layer_08_features_27,2,16384,8,1024,128,524288,16,32768,2048,16,1,16,1,split_cin,128,16,20,20,12,1,none,0,0,1,5,0,40,8,1,1,1,non_inclusive,lru,5846762,146200,5700562,267744,2339200,0.114460,51168,2071456,0.024701,2020288,32324608,0,0,0,0,0,259216,90931432,20392,91211040,91190648,91190648,0,0.000000,0,0,0,0,0,0,0,0,0,0.000000,0.999124,0,0,0.000000,283.372914,1,1,1,10,15,16,0,0,10841728,1.854313,5.617445,1089,1666
V8,2,C3,1,w5d-V8-s2-C3-b1,,cache,baseline,loas,16,vgg16_T4_n5,layer_08_features_27,2,16384,1024,1024,1,524288,16,32768,2048,16,1,16,1,split_cin,1,16,20,20,12,1,none,0,0,1,5,0,40,1,1,1,1,non_inclusive,lru,5864482,146200,5718282,141568,2339200,0.060520,190176,2197632,0.086537,2007456,32119296,0,0,0,0,0,1021160,90390040,83360,91494560,91411200,91411200,0,0.000000,0,0,0,0,0,0,0,0,0,0.000000,0.999124,0,0,0.000000,37.579207,1,1,1,13,15,16,0,0,11081248,1.889553,45.839515,1089,1666
V8,2,C3,2,w5d-V8-s2-C3-b2,,cache,baseline,loas,16,vgg16_T4_n5,layer_08_features_27,2,16384,1024,1024,1,524288,16,32768,2048,16,1,16,1,split_cin,1,16,20,20,12,1,none,0,0,1,5,0,40,2,1,1,1,non_inclusive,lru,5864482,146200,5718282,141568,2339200,0.060520,190176,2197632,0.086537,2007456,32119296,0,0,0,0,0,1021160,90390040,83360,91494560,91411200,91411200,0,0.000000,0,0,0,0,0,0,0,0,0,0.000000,0.999124,0,0,0.000000,75.158413,1,1,1,13,15,16,0,0,11081248,1.889553,44.225176,1089,1666
V8,2,C3,4,w5d-V8-s2-C3-b4,,cache,baseline,loas,16,vgg16_T4_n5,layer_08_features_27,2,16384,1024,1024,1,524288,16,32768,2048,16,1,16,1,split_cin,1,16,20,20,12,1,none,0,0,1,5,0,40,4,1,1,1,non_inclusive,lru,5855504,146200,5709304,141568,2339200,0.060520,190176,2197632,0.086537,2007456,32119296,0,0,0,0,0,970880,90355084,24948,91350912,91325964,91325964,0,0.000000,0,0,0,0,0,0,0,0,0,0.000000,0.999124,0,0,0.000000,150.316826,1,1,1,11,15,16,0,0,11081248,1.892450,44.938577,1089,1666
V8,2,C3,8,w5d-V8-s2-C3-b8,,cache,baseline,loas,16,vgg16_T4_n5,layer_08_features_27,2,16384,1024,1024,1,524288,16,32768,2048,16,1,16,1,split_cin,1,16,20,20,12,1,none,0,0,1,5,0,40,8,1,1,1,non_inclusive,lru,5853630,146200,5707430,141568,2339200,0.060520,190176,2197632,0.086537,2007456,32119296,0,0,0,0,0,951416,90350880,18632,91320928,91302296,91302296,0,0.000000,0,0,0,0,0,0,0,0,0,0.000000,0.999124,0,0,0.000000,300.633653,1,1,1,10,15,16,0,0,11081248,1.893056,47.185807,1089,1666
V8,2,C4,1,w5d-V8-s2-C4-b1,,cache,baseline,loas,16,vgg16_T4_n5,layer_08_features_27,2,16384,8,256,32,524288,16,8192,512,64,4,16,1,split_cin,32,16,20,20,12,1,none,0,0,1,5,0,40,1,1,1,1,non_inclusive,lru,3973660,146200,3827460,979008,2339200,0.418523,0,1360192,0.000000,1360192,87052288,0,0,0,0,0,0,61224000,17408,61241408,61224000,61224000,0,0.000000,0,0,0,0,0,0,0,0,0,0.000000,0.999124,0,0,0.208007,23.259097,1,1,1,10,15,16,0,0,8759104,2.204291,4.379770,1089,1666
V8,2,C4,2,w5d-V8-s2-C4-b2,,cache,baseline,loas,16,vgg16_T4_n5,layer_08_features_27,2,16384,8,256,32,524288,16,8192,512,64,4,16,1,split_cin,32,16,20,20,12,1,none,0,0,1,5,0,40,2,1,1,1,non_inclusive,lru,3973660,146200,3827460,979008,2339200,0.418523,0,1360192,0.000000,1360192,87052288,0,0,0,0,0,0,61224000,17408,61241408,61224000,61224000,0,0.000000,0,0,0,0,0,0,0,0,0,0.000000,0.999124,0,0,0.208007,46.518194,1,1,1,10,15,16,0,0,8759104,2.204291,4.556480,1089,1666
V8,2,C4,4,w5d-V8-s2-C4-b4,,cache,baseline,loas,16,vgg16_T4_n5,layer_08_features_27,2,16384,8,256,32,524288,16,8192,512,64,4,16,1,split_cin,32,16,20,20,12,1,none,0,0,1,5,0,40,4,1,1,1,non_inclusive,lru,3973660,146200,3827460,979008,2339200,0.418523,0,1360192,0.000000,1360192,87052288,0,0,0,0,0,0,61224000,17408,61241408,61224000,61224000,0,0.000000,0,0,0,0,0,0,0,0,0,0.000000,0.999124,0,0,0.208007,93.036389,1,1,1,10,15,16,0,0,8759104,2.204291,4.384777,1089,1666
V8,2,C4,8,w5d-V8-s2-C4-b8,,cache,baseline,loas,16,vgg16_T4_n5,layer_08_features_27,2,16384,8,256,32,524288,16,8192,512,64,4,16,1,split_cin,32,16,20,20,12,1,none,0,0,1,5,0,40,8,1,1,1,non_inclusive,lru,3973660,146200,3827460,979008,2339200,0.418523,0,1360192,0.000000,1360192,87052288,0,0,0,0,0,0,61224000,17408,61241408,61224000,61224000,0,0.000000,0,0,0,0,0,0,0,0,0,0.000000,0.999124,0,0,0.208007,186.072777,1,1,1,10,15,16,0,0,8759104,2.204291,4.651096,1089,1666
V8,2,C5,1,w5d-V8-s2-C5-b1,,cache,baseline,loas,16,vgg16_T4_n5,layer_08_features_27,2,16384,8,1024,128,524288,16,32768,2048,16,1,16,1,split_cin,128,16,20,20,12,1,next_burst,4,0,1,5,0,40,1,1,1,1,non_inclusive,lru,4615958,146200,4469758,538202,2339200,0.230080,0,2048,0.000000,2020288,32324608,0,0,194698,0,0,71113294,107520,102664,71518176,71415512,336940588,265525076,0.788047,2337152,270458,1798950,0,267744,0,0,0,0,0.884665,0.999124,0,0,0.000000,30.796819,4,5,5,17,19,20,60,0,15194812,3.291800,9.676700,1089,1666
V8,2,C5,2,w5d-V8-s2-C5-b2,,cache,baseline,loas,16,vgg16_T4_n5,layer_08_features_27,2,16384,8,1024,128,524288,16,32768,2048,16,1,16,1,split_cin,128,16,20,20,12,1,next_burst,4,0,1,5,0,40,2,1,1,1,non_inclusive,lru,4556212,146200,4410012,534004,2339200,0.228285,0,2580,0.000000,2020288,32324608,0,0,192844,55134,0,70125528,80888,107846,70562240,70454394,332547160,262092766,0.788137,2337152,266260,1803148,0,267744,0,0,0,0,0.884665,0.999124,0,0,0.000000,61.737209,4,5,5,18,19,20,60,0,15195036,3.335015,9.396198,1089,1666
V8,2,C5,4,w5d-V8-s2-C5-b4,,cache,baseline,loas,16,vgg16_T4_n5,layer_08_features_27,2,16384,8,1024,128,524288,16,32768,2048,16,1,16,1,split_cin,128,16,20,20,12,1,next_burst,4,0,1,5,0,40,4,1,1,1,non_inclusive,lru,4551880,146200,4405680,551626,2339200,0.235818,0,3080,0.000000,2020288,32324608,0,0,194792,114570,0,70019354,54298,109914,70492928,70383014,332254604,261871590,0.788165,2337152,283882,1785526,0,267744,0,0,0,0,0.884665,0.999124,0,0,0.000000,122.269083,4,5,5,17,19,20,60,0,15195052,3.338193,9.819629,1089,1666
V8,2,C5,8,w5d-V8-s2-C5-b8,,cache,baseline,loas,16,vgg16_T4_n5,layer_08_features_27,2,16384,8,1024,128,524288,16,32768,2048,16,1,16,1,split_cin,128,16,20,20,12,1,next_burst,4,0,1,5,0,40,8,1,1,1,non_inclusive,lru,4551082,146200,4404882,573832,2339200,0.245311,0,3234,0.000000,2020288,32324608,0,0,196054,146484,0,69973808,45728,118086,70480160,70362074,332077240,261715166,0.788115,2337152,306088,1763320,0,267744,0,0,0,0,0.884665,0.999124,0,0,0.000000,241.500410,4,5,5,17,19,20,60,0,15195342,3.338842,9.809869,1089,1666
V8,2,C6,1,w5d-V8-s2-C6-b1,,cache,baseline,loas,16,vgg16_T4_n5,layer_08_features_27,2,16384,8,256,32,524288,16,8192,512,64,4,16,1,split_cin,32,16,20,20,12,1,next_burst,4,0,1,5,0,40,1,1,1,1,non_inclusive,lru,3126682,146200,2980482,1183116,2339200,0.505778,0,1952,0.000000,1360192,87052288,0,0,498388,0,0,46989536,102480,99356,47689760,47590404,162426712,114836308,0.707004,2337152,204108,1154132,0,15740,963172,0,0,0,0.580643,0.999124,0,0,0.208007,19.768878,3,4,5,17,19,20,59,0,12452472,3.982647,7.013910,1089,1666
V8,2,C6,2,w5d-V8-s2-C6-b2,,cache,baseline,loas,16,vgg16_T4_n5,layer_08_features_27,2,16384,8,256,32,524288,16,8192,512,64,4,16,1,split_cin,32,16,20,20,12,1,next_burst,4,0,1,5,0,40,2,1,1,1,non_inclusive,lru,3070192,146200,2923992,1181862,2339200,0.505242,0,2554,0.000000,1360192,87052288,0,0,494190,56954,0,46055056,72164,107556,46785920,46678364,158980992,112302628,0.706390,2337152,202854,1155386,0,15834,963078,0,0,0,0.580643,0.999124,0,0,0.208007,39.580643,2,4,5,18,19,20,60,0,12452444,4.055917,7.457789,1089,1666
V8,2,C6,4,w5d-V8-s2-C6-b4,,cache,baseline,loas,16,vgg16_T4_n5,layer_08_features_27,2,16384,8,256,32,524288,16,8192,512,64,4,16,1,split_cin,32,16,20,20,12,1,next_burst,4,0,1,5,0,40,4,1,1,1,non_inclusive,lru,3068276,146200,2922076,1186734,2339200,0.507325,0,2690,0.000000,1360192,87052288,0,0,487658,75756,0,46008180,64540,119130,46755264,46636134,158659894,112023760,0.706062,2337152,207726,1150514,0,15208,963704,0,0,0,0.580643,0.999124,0,0,0.208007,78.828044,3,4,5,17,19,20,60,0,12452406,4.058437,7.987817,1089,1666
V8,2,C6,8,w5d-V8-s2-C6-b8,,cache,baseline,loas,16,vgg16_T4_n5,layer_08_features_27,2,16384,8,256,32,524288,16,8192,512,64,4,16,1,split_cin,32,16,20,20,12,1,next_burst,4,0,1,5,0,40,8,1,1,1,non_inclusive,lru,3068462,146200,2922262,1199394,2339200,0.512737,0,2690,0.000000,1360192,87052288,0,0,500048,75756,0,45973138,64540,144758,46758240,46613482,158322176,111708694,0.705578,2337152,220386,1137854,0,15040,963872,0,0,0,0.580643,0.999124,0,0,0.208007,155.924213,3,4,5,16,19,20,60,0,12451926,4.058035,7.652563,1089,1666
V8,3,C2,1,w5d-V8-s3-C2-b1,,cache,baseline,loas,16,vgg16_T4_n5,layer_08_features_27,3,16384,8,1024,128,524288,16,32768,2048,16,1,16,1,split_cin,128,16,20,20,12,1,none,0,0,1,5,0,40,1,1,1,1,non_inclusive,lru,6567300,156016,6411284,185056,2496256,0.074133,37696,2311200,0.016310,2273504,36376064,0,0,0,0,0,205268,102337022,40302,102582592,102542290,102542290,0,0.000000,0,0,0,0,0,0,0,0,0,0.000000,0.999180,0,0,0.000000,37.034663,1,1,1,13,15,16,0,0,11888544,1.810264,6.355752,1155,1786
V8,3,C2,2,w5d-V8-s3-C2-b2,,cache,baseline,loas,16,vgg16_T4_n5,layer_08_features_27,3,16384,8,1024,128,524288,16,32768,2048,16,1,16,1,split_cin,128,16,20,20,12,1,none,0,0,1,5,0,40,2,1,1,1,non_inclusive,lru,6566654,156016,6410638,185056,2496256,0.074133,37696,2311200,0.016310,2273504,36376064,0,0,0,0,0,201388,102335078,35790,102572256,102536466,102536466,0,0.000000,0,0,0,0,0,0,0,0,0,0.000000,0.999180,0,0,0.000000,74.069326,1,1,1,13,15,16,0,0,11888544,1.810442,6.489883,1155,1786
V8,3,C2,4,w5d-V8-s3-C2-b4,,cache,baseline,loas,16,vgg16_T4_n5,layer_08_features_27,3,16384,8,1024,128,524288,16,32768,2048,16,1,16,1,split_cin,128,16,20,20,12,1,none,0,0,1,5,0,40,4,1,1,1,non_inclusive,lru,6565754,156016,6409738,185056,2496256,0.074133,37696,2311200,0.016310,2273504,36376064,0,0,0,0,0,197098,102332406,28352,102557856,102529504,102529504,0,0.000000,0,0,0,0,0,0,0,0,0,0.000000,0.999180,0,0,0.000000,148.138652,1,1,1,12,15,16,0,0,11888544,1.810690,7.198687,1155,1786
V8,3,C2,8,w5d-V8-s3-C2-b8,,cache,baseline,loas,16,vgg16_T4_n5,layer_08_features_27,3,16384,8,1024,128,524288,16,32768,2048,16,1,16,1,split_cin,128,16,20,20,12,1,none,0,0,1,5,0,40,8,1,1,1,non_inclusive,lru,6564492,156016,6408476,185056,2496256,0.074133,37696,2311200,0.016310,2273504,36376064,0,0,0,0,0,191422,102325828,20414,102537664,102517250,102517250,0,0.000000,0,0,0,0,0,0,0,0,0,0.000000,0.999180,0,0,0.000000,296.277305,1,1,1,10,15,16,0,0,11888544,1.811038,6.750672,1155,1786
V8,3,C3,1,w5d-V8-s3-C3-b1,,cache,baseline,loas,16,vgg16_T4_n5,layer_08_features_27,3,16384,1024,1024,1,524288,16,32768,2048,16,1,16,1,split_cin,1,16,20,20,12,1,none,0,0,1,5,0,40,1,1,1,1,non_inclusive,lru,6502246,156016,6346230,119840,2496256,0.048008,138688,2376416,0.058360,2237728,35803648,0,0,0,0,0,738110,100738442,65176,101541728,101476552,101476552,0,0.000000,0,0,0,0,0,0,0,0,0,0.000000,0.999180,0,0,0.000000,38.079684,1,1,1,13,15,16,0,0,11983200,1.842932,49.012788,1155,1786
V8,3,C3,2,w5d-V8-s3-C3-b2,,cache,baseline,loas,16,vgg16_T4_n5,layer_08_features_27,3,16384,1024,1024,1,524288,16,32768,2048,16,1,16,1,split_cin,1,16,20,20,12,1,none,0,0,1,5,0,40,2,1,1,1,non_inclusive,lru,6502246,156016,6346230,119840,2496256,0.048008,138688,2376416,0.058360,2237728,35803648,0,0,0,0,0,738110,100738442,65176,101541728,101476552,101476552,0,0.000000,0,0,0,0,0,0,0,0,0,0.000000,0.999180,0,0,0.000000,76.159368,1,1,1,13,15,16,0,0,11983200,1.842932,49.585396,1155,1786
V8,3,C3,4,w5d-V8-s3-C3-b4,,cache,baseline,loas,16,vgg16_T4_n5,layer_08_features_27,3,16384,1024,1024,1,524288,16,32768,2048,16,1,16,1,split_cin,1,16,20,20,12,1,none,0,0,1,5,0,40,4,1,1,1,non_inclusive,lru,6496076,156016,6340060,119840,2496256,0.048008,138688,2376416,0.058360,2237728,35803648,0,0,0,0,0,703860,100716096,23052,101443008,101419956,101419956,0,0.000000,0,0,0,0,0,0,0,0,0,0.000000,0.999180,0,0,0.000000,152.318737,1,1,1,11,15,16,0,0,11983200,1.844683,49.061448,1155,1786
V8,3,C3,8,w5d-V8-s3-C3-b8,,cache,baseline,loas,16,vgg16_T4_n5,layer_08_features_27,3,16384,1024,1024,1,524288,16,32768,2048,16,1,16,1,split_cin,1,16,20,20,12,1,none,0,0,1,5,0,40,8,1,1,1,non_inclusive,lru,6495032,156016,6339016,119840,2496256,0.048008,138688,2376416,0.058360,2237728,35803648,0,0,0,0,0,694200,100713176,18928,101426304,101407376,101407376,0,0.000000,0,0,0,0,0,0,0,0,0,0.000000,0.999180,0,0,0.000000,304.637473,1,1,1,10,15,16,0,0,11983200,1.844979,49.155400,1155,1786
V8,3,C4,1,w5d-V8-s3-C4-b1,,cache,baseline,loas,16,vgg16_T4_n5,layer_08_features_27,3,16384,8,256,32,524288,16,8192,512,64,4,16,1,split_cin,32,16,20,20,12,1,none,0,0,1,5,0,40,1,1,1,1,non_inclusive,lru,4080046,156016,3924030,1101728,2496256,0.441352,0,1394528,0.000000,1394528,89249792,0,0,0,0,0,0,62769120,17408,62786528,62769120,62769120,0,0.000000,0,0,0,0,0,0,0,0,0,0.000000,0.999180,0,0,0.106337,22.345913,1,1,1,10,15,16,0,0,9176224,2.249049,4.213909,1155,1786
V8,3,C4,2,w5d-V8-s3-C4-b2,,cache,baseline,loas,16,vgg16_T4_n5,layer_08_features_27,3,16384,8,256,32,524288,16,8192,512,64,4,16,1,split_cin,32,16,20,20,12,1,none,0,0,1,5,0,40,2,1,1,1,non_inclusive,lru,4080046,156016,3924030,1101728,2496256,0.441352,0,1394528,0.000000,1394528,89249792,0,0,0,0,0,0,62769120,17408,62786528,62769120,62769120,0,0.000000,0,0,0,0,0,0,0,0,0,0.000000,0.999180,0,0,0.106337,44.691826,1,1,1,10,15,16,0,0,9176224,2.249049,4.600953,1155,1786
V8,3,C4,4,w5d-V8-s3-C4-b4,,cache,baseline,loas,16,vgg16_T4_n5,layer_08_features_27,3,16384,8,256,32,524288,16,8192,512,64,4,16,1,split_cin,32,16,20,20,12,1,none,0,0,1,5,0,40,4,1,1,1,non_inclusive,lru,4080046,156016,3924030,1101728,2496256,0.441352,0,1394528,0.000000,1394528,89249792,0,0,0,0,0,0,62769120,17408,62786528,62769120,62769120,0,0.000000,0,0,0,0,0,0,0,0,0,0.000000,0.999180,0,0,0.106337,89.383653,1,1,1,10,15,16,0,0,9176224,2.249049,4.806302,1155,1786
V8,3,C4,8,w5d-V8-s3-C4-b8,,cache,baseline,loas,16,vgg16_T4_n5,layer_08_features_27,3,16384,8,256,32,524288,16,8192,512,64,4,16,1,split_cin,32,16,20,20,12,1,none,0,0,1,5,0,40,8,1,1,1,non_inclusive,lru,4080046,156016,3924030,1101728,2496256,0.441352,0,1394528,0.000000,1394528,89249792,0,0,0,0,0,0,62769120,17408,62786528,62769120,62769120,0,0.000000,0,0,0,0,0,0,0,0,0,0.000000,0.999180,0,0,0.106337,178.767306,1,1,1,10,15,16,0,0,9176224,2.249049,4.704380,1155,1786
V8,3,C5,1,w5d-V8-s3-C5-b1,,cache,baseline,loas,16,vgg16_T4_n5,layer_08_features_27,3,16384,8,1024,128,524288,16,32768,2048,16,1,16,1,split_cin,128,16,20,20,12,1,next_burst,4,0,1,5,0,40,1,1,1,1,non_inclusive,lru,5171294,156016,5015278,459304,2496256,0.183997,0,2048,0.000000,2273504,36376064,0,0,157468,0,0,79864758,107520,116750,80246496,80129746,389502330,309372584,0.794277,2494208,274248,2034904,0,185056,0,0,0,0,0.925046,0.999180,0,0,0.000000,32.640114,4,5,5,17,19,20,60,0,16653050,3.220287,9.701964,1155,1786
V8,3,C5,2,w5d-V8-s3-C5-b2,,cache,baseline,loas,16,vgg16_T4_n5,layer_08_features_27,3,16384,8,1024,128,524288,16,32768,2048,16,1,16,1,split_cin,128,16,20,20,12,1,next_burst,4,0,1,5,0,40,2,1,1,1,non_inclusive,lru,5124204,156016,4968188,442388,2496256,0.177221,0,2762,0.000000,2273504,36376064,0,0,144206,68950,0,79088662,71796,119442,79493056,79373614,385999136,306625522,0.794368,2494208,257332,2051820,0,185056,0,0,0,0,0.925046,0.999180,0,0,0.000000,65.822352,4,5,5,18,19,20,60,0,16653186,3.249907,10.364819,1155,1786
V8,3,C5,4,w5d-V8-s3-C5-b4,,cache,baseline,loas,16,vgg16_T4_n5,layer_08_features_27,3,16384,8,1024,128,524288,16,32768,2048,16,1,16,1,split_cin,128,16,20,20,12,1,next_burst,4,0,1,5,0,40,4,1,1,1,non_inclusive,lru,5121114,156016,4965098,478362,2496256,0.191632,0,3158,0.000000,2273504,36376064,0,0,156236,127002,0,78988924,49864,121590,79443616,79322026,385762870,306440844,0.794376,2494208,293306,2015846,0,185056,0,0,0,0,0.925046,0.999180,0,0,0.000000,129.338914,4,5,5,17,19,20,60,0,16653212,3.251873,10.233714,1155,1786
V8,3,C5,8,w5d-V8-s3-C5-b8,,cache,baseline,loas,16,vgg16_T4_n5,layer_08_features_27,3,16384,8,1024,128,524288,16,32768,2048,16,1,16,1,split_cin,128,16,20,20,12,1,next_burst,4,0,1,5,0,40,8,1,1,1,non_inclusive,lru,5120626,156016,4964610,513978,2496256,0.205900,0,3230,0.000000,2273504,36376064,0,0,161116,148226,0,78953082,46012,127372,79435808,79308436,385822458,306514022,0.794443,2494208,328922,1980230,0,185056,0,0,0,0,0.925046,0.999180,0,0,0.000000,254.112142,4,5,5,17,19,20,60,0,16653392,3.252218,10.564924,1155,1786
V8,3,C6,1,w5d-V8-s3-C6-b1,,cache,baseline,loas,16,vgg16_T4_n5,layer_08_features_27,3,16384,8,256,32,524288,16,8192,512,64,4,16,1,split_cin,32,16,20,20,12,1,next_burst,4,0,1,5,0,40,1,1,1,1,non_inclusive,lru,3225970,156016,3069954,1306602,2496256,0.523425,0,1952,0.000000,1394528,89249792,0,0,590428,0,0,48324118,102480,104286,49121312,49017026,164867950,115850924,0.702689,2494208,204874,1187702,0,20914,1080718,0,0,0,0.557866,0.999180,0,0,0.106337,19.063013,2,4,5,17,19,20,58,0,13060450,4.048534,8.179441,1155,1786
V8,3,C6,2,w5d-V8-s3-C6-b2,,cache,baseline,loas,16,vgg16_T4_n5,layer_08_features_27,3,16384,8,256,32,524288,16,8192,512,64,4,16,1,split_cin,32,16,20,20,12,1,next_burst,4,0,1,5,0,40,2,1,1,1,non_inclusive,lru,3149106,156016,2993090,1311232,2496256,0.525279,0,2538,0.000000,1394528,89249792,0,0,587008,55552,0,47057292,73140,118496,47891488,47772992,160179394,112406402,0.701753,2494208,209504,1183072,0,20770,1080862,0,0,0,0.557866,0.999180,0,0,0.106337,37.977643,2,4,5,18,19,20,58,0,13060214,4.147277,8.070878,1155,1786
V8,3,C6,4,w5d-V8-s3-C6-b4,,cache,baseline,loas,16,vgg16_T4_n5,layer_08_features_27,3,16384,8,256,32,524288,16,8192,512,64,4,16,1,split_cin,32,16,20,20,12,1,next_burst,4,0,1,5,0,40,4,1,1,1,non_inclusive,lru,3146946,156016,2990930,1304898,2496256,0.522742,0,2750,0.000000,1394528,89249792,0,0,571112,84376,0,47010554,61466,129420,47856928,47727508,159786262,112058754,0.701304,2494208,203170,1189406,0,20226,1081406,0,0,0,0.557866,0.999180,0,0,0.106337,76.361271,2,4,5,17,19,20,58,0,13060382,4.150177,8.333959,1155,1786
V8,3,C6,8,w5d-V8-s3-C6-b8,,cache,baseline,loas,16,vgg16_T4_n5,layer_08_features_27,3,16384,8,256,32,524288,16,8192,512,64,4,16,1,split_cin,32,16,20,20,12,1,next_burst,4,0,1,5,0,40,8,1,1,1,non_inclusive,lru,3146962,156016,2990946,1321720,2496256,0.529481,0,2750,0.000000,1394528,89249792,0,0,583450,84376,0,46973832,61466,154060,47857184,47703124,159386106,111682982,0.700707,2494208,219992,1172584,0,19144,1082488,0,0,0,0.557866,0.999180,0,0,0.106337,150.566096,2,4,5,17,19,20,58,0,13059874,4.149994,7.955164,1155,1786
V8,4,C2,1,w5d-V8-s4-C2-b1,,cache,baseline,loas,16,vgg16_T4_n5,layer_08_features_27,4,16384,8,1024,128,524288,16,32768,2048,16,1,16,1,split_cin,128,16,20,20,12,1,none,0,0,1,5,0,40,1,1,1,1,non_inclusive,lru,6931178,162512,6768666,167104,2600192,0.064266,31840,2433088,0.013086,2401248,38419968,0,0,0,0,0,175112,108085284,40308,108300704,108260396,108260396,0,0.000000,0,0,0,0,0,0,0,0,0,0.000000,0.999212,0,0,0.000000,37.429359,1,1,1,13,15,16,0,0,12467936,1.798819,6.328091,1217,1890
V8,4,C2,2,w5d-V8-s4-C2-b2,,cache,baseline,loas,16,vgg16_T4_n5,layer_08_features_27,4,16384,8,1024,128,524288,16,32768,2048,16,1,16,1,split_cin,128,16,20,20,12,1,none,0,0,1,5,0,40,2,1,1,1,non_inclusive,lru,6930474,162512,6767962,167104,2600192,0.064266,31840,2433088,0.013086,2401248,38419968,0,0,0,0,0,171238,108083692,34510,108289440,108254930,108254930,0,0.000000,0,0,0,0,0,0,0,0,0,0.000000,0.999212,0,0,0.000000,74.858718,1,1,1,13,15,16,0,0,12467936,1.799002,6.698722,1217,1890
V8,4,C2,4,w5d-V8-s4-C2-b4,,cache,baseline,loas,16,vgg16_T4_n5,layer_08_features_27,4,16384,8,1024,128,524288,16,32768,2048,16,1,16,1,split_cin,128,16,20,20,12,1,none,0,0,1,5,0,40,4,1,1,1,non_inclusive,lru,6929286,162512,6766774,167104,2600192,0.064266,31840,2433088,0.013086,2401248,38419968,0,0,0,0,0,166420,108078774,25238,108270432,108245194,108245194,0,0.000000,0,0,0,0,0,0,0,0,0,0.000000,0.999212,0,0,0.000000,149.717436,1,1,1,11,15,16,0,0,12467936,1.799310,6.730753,1217,1890
V8,4,C2,8,w5d-V8-s4-C2-b8,,cache,baseline,loas,16,vgg16_T4_n5,layer_08_features_27,4,16384,8,1024,128,524288,16,32768,2048,16,1,16,1,split_cin,128,16,20,20,12,1,none,0,0,1,5,0,40,8,1,1,1,non_inclusive,lru,6928076,162512,6765564,167104,2600192,0.064266,31840,2433088,0.013086,2401248,38419968,0,0,0,0,0,160032,108072848,18192,108251072,108232880,108232880,0,0.000000,0,0,0,0,0,0,0,0,0,0.000000,0.999212,0,0,0.000000,299.434873,1,1,1,10,15,16,0,0,12467936,1.799625,6.531370,1217,1890
V8,4,C3,1,w5d-V8-s4-C3-b1,,cache,baseline,loas,16,vgg16_T4_n5,layer_08_features_27,4,16384,1024,1024,1,524288,16,32768,2048,16,1,16,1,split_cin,1,16,20,20,12,1,none,0,0,1,5,0,40,1,1,1,1,non_inclusive,lru,6908696,162512,6746184,82816,2600192,0.031850,137440,2517376,0.054597,2379936,38078976,0,0,0,0,0,727792,107139052,74148,107940992,107866844,107866844,0,0.000000,0,0,0,0,0,0,0,0,0,0.000000,0.999212,0,0,0.000000,38.726002,1,1,1,13,15,16,0,0,12615200,1.825989,52.127672,1217,1890
V8,4,C3,2,w5d-V8-s4-C3-b2,,cache,baseline,loas,16,vgg16_T4_n5,layer_08_features_27,4,16384,1024,1024,1,524288,16,32768,2048,16,1,16,1,split_cin,1,16,20,20,12,1,none,0,0,1,5,0,40,2,1,1,1,non_inclusive,lru,6908696,162512,6746184,82816,2600192,0.031850,137440,2517376,0.054597,2379936,38078976,0,0,0,0,0,727792,107139052,74148,107940992,107866844,107866844,0,0.000000,0,0,0,0,0,0,0,0,0,0.000000,0.999212,0,0,0.000000,77.452004,1,1,1,13,15,16,0,0,12615200,1.825989,53.155986,1217,1890
V8,4,C3,4,w5d-V8-s4-C3-b4,,cache,baseline,loas,16,vgg16_T4_n5,layer_08_features_27,4,16384,1024,1024,1,524288,16,32768,2048,16,1,16,1,split_cin,1,16,20,20,12,1,none,0,0,1,5,0,40,4,1,1,1,non_inclusive,lru,6902256,162512,6739744,82816,2600192,0.031850,137440,2517376,0.054597,2379936,38078976,0,0,0,0,0,698220,107115728,24004,107837952,107813948,107813948,0,0.000000,0,0,0,0,0,0,0,0,0,0.000000,0.999212,0,0,0.000000,154.904007,1,1,1,11,15,16,0,0,12615200,1.827692,52.855011,1217,1890
V8,4,C3,8,w5d-V8-s4-C3-b8,,cache,baseline,loas,16,vgg16_T4_n5,layer_08_features_27,4,16384,1024,1024,1,524288,16,32768,2048,16,1,16,1,split_cin,1,16,20,20,12,1,none,0,0,1,5,0,40,8,1,1,1,non_inclusive,lru,6901054,162512,6738542,82816,2600192,0.031850,137440,2517376,0.054597,2379936,38078976,0,0,0,0,0,687608,107112480,18632,107818720,107800088,107800088,0,0.000000,0,0,0,0,0,0,0,0,0,0.000000,0.999212,0,0,0.000000,309.808014,1,1,1,10,15,16,0,0,12615200,1.828011,52.667627,1217,1890
V8,4,C4,1,w5d-V8-s4-C4-b1,,cache,baseline,loas,16,vgg16_T4_n5,layer_08_features_27,4,16384,8,256,32,524288,16,8192,512,64,4,16,1,split_cin,32,16,20,20,12,1,none,0,0,1,5,0,40,1,1,1,1,non_inclusive,lru,4072772,162512,3910260,1210560,2600192,0.465566,0,1389632,0.000000,1389632,88936448,0,0,0,0,0,0,62548800,17408,62566208,62548800,62548800,0,0.000000,0,0,0,0,0,0,0,0,0,0.000000,0.999212,0,0,0.104818,21.377375,1,1,1,10,15,16,0,0,9369408,2.300499,4.649069,1217,1890
V8,4,C4,2,w5d-V8-s4-C4-b2,,cache,baseline,loas,16,vgg16_T4_n5,layer_08_features_27,4,16384,8,256,32,524288,16,8192,512,64,4,16,1,split_cin,32,16,20,20,12,1,none,0,0,1,5,0,40,2,1,1,1,non_inclusive,lru,4072772,162512,3910260,1210560,2600192,0.465566,0,1389632,0.000000,1389632,88936448,0,0,0,0,0,0,62548800,17408,62566208,62548800,62548800,0,0.000000,0,0,0,0,0,0,0,0,0,0.000000,0.999212,0,0,0.104818,42.754750,1,1,1,10,15,16,0,0,9369408,2.300499,4.532311,1217,1890
V8,4,C4,4,w5d-V8-s4-C4-b4,,cache,baseline,loas,16,vgg16_T4_n5,layer_08_features_27,4,16384,8,256,32,524288,16,8192,512,64,4,16,1,split_cin,32,16,20,20,12,1,none,0,0,1,5,0,40,4,1,1,1,non_inclusive,lru,4072772,162512,3910260,1210560,2600192,0.465566,0,1389632,0.000000,1389632,88936448,0,0,0,0,0,0,62548800,17408,62566208,62548800,62548800,0,0.000000,0,0,0,0,0,0,0,0,0,0.000000,0.999212,0,0,0.104818,85.509501,1,1,1,10,15,16,0,0,9369408,2.300499,4.518277,1217,1890
V8,4,C4,8,w5d-V8-s4-C4-b8,,cache,baseline,loas,16,vgg16_T4_n5,layer_08_features_27,4,16384,8,256,32,524288,16,8192,512,64,4,16,1,split_cin,32,16,20,20,12,1,none,0,0,1,5,0,40,8,1,1,1,non_inclusive,lru,4072772,162512,3910260,1210560,2600192,0.465566,0,1389632,0.000000,1389632,88936448,0,0,0,0,0,0,62548800,17408,62566208,62548800,62548800,0,0.000000,0,0,0,0,0,0,0,0,0,0.000000,0.999212,0,0,0.104818,171.019002,1,1,1,10,15,16,0,0,9369408,2.300499,4.672800,1217,1890
V8,4,C5,1,w5d-V8-s4-C5-b1,,cache,baseline,loas,16,vgg16_T4_n5,layer_08_features_27,4,16384,8,1024,128,524288,16,32768,2048,16,1,16,1,split_cin,128,16,20,20,12,1,next_burst,4,0,1,5,0,40,1,1,1,1,non_inclusive,lru,5455002,162512,5292490,441656,2600192,0.169855,0,2048,0.000000,2401248,38419968,0,0,157740,0,0,84303958,107520,112670,84681888,84569218,414724666,330155448,0.796083,2598144,274552,2156488,0,167104,0,0,0,0,0.934946,0.999212,0,0,0.000000,33.205794,4,5,5,18,19,20,60,0,17464102,3.201484,10.971640,1217,1890
V8,4,C5,2,w5d-V8-s4-C5-b2,,cache,baseline,loas,16,vgg16_T4_n5,layer_08_features_27,4,16384,8,1024,128,524288,16,32768,2048,16,1,16,1,split_cin,128,16,20,20,12,1,next_burst,4,0,1,5,0,40,2,1,1,1,non_inclusive,lru,5411770,162512,5249258,412558,2600192,0.158664,0,2680,0.000000,2401248,38419968,0,0,143726,62252,0,83592230,75972,115996,83990176,83874180,411501466,327627286,0.796175,2598144,245454,2185586,0,167104,0,0,0,0,0.934946,0.999212,0,0,0.000000,67.306845,4,5,5,18,19,20,60,0,17464110,3.227061,10.659644,1217,1890
V8,4,C5,4,w5d-V8-s4-C5-b4,,cache,baseline,loas,16,vgg16_T4_n5,layer_08_features_27,4,16384,8,1024,128,524288,16,32768,2048,16,1,16,1,split_cin,128,16,20,20,12,1,next_burst,4,0,1,5,0,40,4,1,1,1,non_inclusive,lru,5408542,162512,5246030,483584,2600192,0.185980,0,3108,0.000000,2401248,38419968,0,0,168410,115878,0,83484354,52748,117138,83938528,83821390,411250076,327428686,0.796179,2598144,316480,2114560,0,167104,0,0,0,0,0.934946,0.999212,0,0,0.000000,130.243182,4,5,5,17,19,20,60,0,17464228,3.229008,11.684129,1217,1890
V8,4,C5,8,w5d-V8-s4-C5-b8,,cache,baseline,loas,16,vgg16_T4_n5,layer_08_features_27,4,16384,8,1024,128,524288,16,32768,2048,16,1,16,1,split_cin,128,16,20,20,12,1,next_burst,4,0,1,5,0,40,8,1,1,1,non_inclusive,lru,5408048,162512,5245536,520902,2600192,0.200332,0,3248,0.000000,2401248,38419968,0,0,170720,146398,0,83444268,44950,124288,83930624,83806336,411146210,327339874,0.796164,2598144,353798,2077242,0,167104,0,0,0,0,0.934946,0.999212,0,0,0.000000,255.893719,4,5,5,17,19,20,60,0,17464258,3.229309,11.169067,1217,1890
V8,4,C6,1,w5d-V8-s4-C6-b1,,cache,baseline,loas,16,vgg16_T4_n5,layer_08_features_27,4,16384,8,256,32,524288,16,8192,512,64,4,16,1,split_cin,32,16,20,20,12,1,next_burst,4,0,1,5,0,40,1,1,1,1,non_inclusive,lru,3208082,162512,3045570,1408480,2600192,0.541683,0,1952,0.000000,1389632,88936448,0,0,644794,0,0,47875678,102480,108216,48731168,48622952,154500002,105877050,0.685288,2598144,197920,1189760,0,22838,1187626,0,0,0,0.533684,0.999212,0,0,0.104818,18.332677,2,4,5,17,19,20,57,0,13353472,4.162447,8.383841,1217,1890
V8,4,C6,2,w5d-V8-s4-C6-b2,,cache,baseline,loas,16,vgg16_T4_n5,layer_08_features_27,4,16384,8,256,32,524288,16,8192,512,64,4,16,1,split_cin,32,16,20,20,12,1,next_burst,4,0,1,5,0,40,2,1,1,1,non_inclusive,lru,3137774,162512,2975262,1409148,2600192,0.541940,0,2506,0.000000,1389632,88936448,0,0,642960,52636,0,46718844,74830,116970,47606240,47489270,150516658,103027388,0.684492,2598144,198588,1189092,0,22900,1187564,0,0,0,0.533684,0.999212,0,0,0.104818,36.644802,2,4,5,18,19,20,57,0,13353394,4.255690,8.675177,1217,1890
V8,4,C6,4,w5d-V8-s4-C6-b4,,cache,baseline,loas,16,vgg16_T4_n5,layer_08_features_27,4,16384,8,256,32,524288,16,8192,512,64,4,16,1,split_cin,32,16,20,20,12,1,next_burst,4,0,1,5,0,40,4,1,1,1,non_inclusive,lru,3136164,162512,2973652,1407560,2600192,0.541329,0,2824,0.000000,1389632,88936448,0,0,630110,91794,0,46651612,57214,149750,47580480,47430730,150019036,102588306,0.683835,2598144,197000,1190680,0,22000,1188464,0,0,0,0.533684,0.999212,0,0,0.104818,73.387319,2,4,5,17,19,20,57,0,13353140,4.257794,8.316145,1217,1890
V8,4,C6,8,w5d-V8-s4-C6-b8,,cache,baseline,loas,16,vgg16_T4_n5,layer_08_features_27,4,16384,8,256,32,524288,16,8192,512,64,4,16,1,split_cin,32,16,20,20,12,1,next_burst,4,0,1,5,0,40,8,1,1,1,non_inclusive,lru,3135750,162512,2973238,1420694,2600192,0.546380,0,2856,0.000000,1389632,88936448,0,0,646688,95874,0,46603804,55470,172020,47573856,47401836,149746128,102344292,0.683452,2598144,210134,1177546,0,21246,1189218,0,0,0,0.533684,0.999212,0,0,0.104818,145.158265,2,4,5,17,19,20,58,0,13352818,4.258253,8.376003,1217,1890
V9,0,C2,1,w5d-V9-s0-C2-b1,,cache,baseline,loas,16,vgg16_T4_n5,layer_09_features_30,0,16384,8,1024,128,524288,16,32768,2048,16,1,16,1,split_cin,128,16,20,20,12,1,none,0,0,1,5,0,40,1,1,1,1,non_inclusive,lru,14256348,312192,13944156,35776,4995072,0.007162,2688,4959296,0.000542,4956608,79305728,0,0,0,0,0,17784,223067640,23120,223108544,223085424,223085424,0,0.000000,0,0,0,0,0,0,0,0,0,0.000000,0.999590,0,0,0.000000,39.713510,1,1,1,10,15,16,0,0,24865472,1.744168,13.218708,2362,3575
V9,0,C2,2,w5d-V9-s0-C2-b2,,cache,baseline,loas,16,vgg16_T4_n5,layer_09_features_30,0,16384,8,1024,128,524288,16,32768,2048,16,1,16,1,split_cin,128,16,20,20,12,1,none,0,0,1,5,0,40,2,1,1,1,non_inclusive,lru,14255732,312192,13943540,35776,4995072,0.007162,2688,4959296,0.000542,4956608,79305728,0,0,0,0,0,15008,223064704,18976,223098688,223079712,223079712,0,0.000000,0,0,0,0,0,0,0,0,0,0.000000,0.999590,0,0,0.000000,79.427019,1,1,1,10,15,16,0,0,24865472,1.744244,13.515806,2362,3575
V9,0,C2,4,w5d-V9-s0-C2-b4,,cache,baseline,loas,16,vgg16_T4_n5,layer_09_features_30,0,16384,8,1024,128,524288,16,32768,2048,16,1,16,1,split_cin,128,16,20,20,12,1,none,0,0,1,5,0,40,4,1,1,1,non_inclusive,lru,14255572,312192,13943380,35776,4995072,0.007162,2688,4959296,0.000542,4956608,79305728,0,0,0,0,0,14224,223063712,18192,223096128,223077936,223077936,0,0.000000,0,0,0,0,0,0,0,0,0,0.000000,0.999590,0,0,0.000000,158.854039,1,1,1,10,15,16,0,0,24865472,1.744263,13.384005,2362,3575
V9,0,C2,8,w5d-V9-s0-C2-b8,,cache,baseline,loas,16,vgg16_T4_n5,layer_09_features_30,0,16384,8,1024,128,524288,16,32768,2048,16,1,16,1,split_cin,128,16,20,20,12,1,none,0,0,1,5,0,40,8,1,1,1,non_inclusive,lru,14255412,312192,13943220,35776,4995072,0.007162,2688,4959296,0.000542,4956608,79305728,0,0,0,0,0,13440,223062720,17408,223093568,223076160,223076160,0,0.000000,0,0,0,0,0,0,0,0,0,0.000000,0.999590,0,0,0.000000,317.708077,1,1,1,10,15,16,0,0,24865472,1.744283,13.874844,2362,3575
V9,0,C3,1,w5d-V9-s0-C3-b1,,cache,baseline,loas,16,vgg16_T4_n5,layer_09_features_30,0,16384,1024,1024,1,524288,16,32768,2048,16,1,16,1,split_cin,1,16,20,20,12,1,none,0,0,1,5,0,40,1,1,1,1,non_inclusive,lru,14278512,312192,13966320,29952,4995072,0.005996,0,4965120,0.000000,4965120,79441920,0,0,0,0,0,0,223445760,17408,223463168,223445760,223445760,0,0.000000,0,0,0,0,0,0,0,0,0,0.000000,0.999590,0,0,0.000000,39.760148,1,1,1,10,15,16,0,0,24885632,1.742873,105.419499,2362,3575
V9,0,C3,2,w5d-V9-s0-C3-b2,,cache,baseline,loas,16,vgg16_T4_n5,layer_09_features_30,0,16384,1024,1024,1,524288,16,32768,2048,16,1,16,1,split_cin,1,16,20,20,12,1,none,0,0,1,5,0,40,2,1,1,1,non_inclusive,lru,14278512,312192,13966320,29952,4995072,0.005996,0,4965120,0.000000,4965120,79441920,0,0,0,0,0,0,223445760,17408,223463168,223445760,223445760,0,0.000000,0,0,0,0,0,0,0,0,0,0.000000,0.999590,0,0,0.000000,79.520295,1,1,1,10,15,16,0,0,24885632,1.742873,103.758844,2362,3575
V9,0,C3,4,w5d-V9-s0-C3-b4,,cache,baseline,loas,16,vgg16_T4_n5,layer_09_features_30,0,16384,1024,1024,1,524288,16,32768,2048,16,1,16,1,split_cin,1,16,20,20,12,1,none,0,0,1,5,0,40,4,1,1,1,non_inclusive,lru,14278512,312192,13966320,29952,4995072,0.005996,0,4965120,0.000000,4965120,79441920,0,0,0,0,0,0,223445760,17408,223463168,223445760,223445760,0,0.000000,0,0,0,0,0,0,0,0,0,0.000000,0.999590,0,0,0.000000,159.040590,1,1,1,10,15,16,0,0,24885632,1.742873,104.258905,2362,3575
V9,0,C3,8,w5d-V9-s0-C3-b8,,cache,baseline,loas,16,vgg16_T4_n5,layer_09_features_30,0,16384,1024,1024,1,524288,16,32768,2048,16,1,16,1,split_cin,1,16,20,20,12,1,none,0,0,1,5,0,40,8,1,1,1,non_inclusive,lru,14278512,312192,13966320,29952,4995072,0.005996,0,4965120,0.000000,4965120,79441920,0,0,0,0,0,0,223445760,17408,223463168,223445760,223445760,0,0.000000,0,0,0,0,0,0,0,0,0,0.000000,0.999590,0,0,0.000000,318.081181,1,1,1,10,15,16,0,0,24885632,1.742873,106.061411,2362,3575
V9,0,C4,1,w5d-V9-s0-C4-b1,,cache,baseline,loas,16,vgg16_T4_n5,layer_09_features_30,0,16384,8,256,32,524288,16,8192,512,64,4,16,1,split_cin,32,16,20,20,12,1,none,0,0,1,5,0,40,1,1,1,1,non_inclusive,lru,4874592,312192,4562400,3373568,4995072,0.675379,0,1621504,0.000000,1621504,103776256,0,0,0,0,0,0,72983040,17408,73000448,72983040,72983040,0,0.000000,0,0,0,0,0,0,0,0,0,0.000000,0.999590,0,0,0.010200,12.984830,1,1,1,9,15,16,0,0,14854784,3.047390,7.558264,2362,3575
V9,0,C4,2,w5d-V9-s0-C4-b2,,cache,baseline,loas,16,vgg16_T4_n5,layer_09_features_30,0,16384,8,256,32,524288,16,8192,512,64,4,16,1,split_cin,32,16,20,20,12,1,none,0,0,1,5,0,40,2,1,1,1,non_inclusive,lru,4874592,312192,4562400,3373568,4995072,0.675379,0,1621504,0.000000,1621504,103776256,0,0,0,0,0,0,72983040,17408,73000448,72983040,72983040,0,0.000000,0,0,0,0,0,0,0,0,0,0.000000,0.999590,0,0,0.010200,25.969660,1,1,1,9,15,16,0,0,14854784,3.047390,6.896168,2362,3575
V9,0,C4,4,w5d-V9-s0-C4-b4,,cache,baseline,loas,16,vgg16_T4_n5,layer_09_features_30,0,16384,8,256,32,524288,16,8192,512,64,4,16,1,split_cin,32,16,20,20,12,1,none,0,0,1,5,0,40,4,1,1,1,non_inclusive,lru,4874592,312192,4562400,3373568,4995072,0.675379,0,1621504,0.000000,1621504,103776256,0,0,0,0,0,0,72983040,17408,73000448,72983040,72983040,0,0.000000,0,0,0,0,0,0,0,0,0,0.000000,0.999590,0,0,0.010200,51.939319,1,1,1,9,15,16,0,0,14854784,3.047390,7.263315,2362,3575
V9,0,C4,8,w5d-V9-s0-C4-b8,,cache,baseline,loas,16,vgg16_T4_n5,layer_09_features_30,0,16384,8,256,32,524288,16,8192,512,64,4,16,1,split_cin,32,16,20,20,12,1,none,0,0,1,5,0,40,8,1,1,1,non_inclusive,lru,4874592,312192,4562400,3373568,4995072,0.675379,0,1621504,0.000000,1621504,103776256,0,0,0,0,0,0,72983040,17408,73000448,72983040,72983040,0,0.000000,0,0,0,0,0,0,0,0,0,0.000000,0.999590,0,0,0.010200,103.878639,1,1,1,9,15,16,0,0,14854784,3.047390,7.266689,2362,3575
V9,0,C5,1,w5d-V9-s0-C5-b1,,cache,baseline,loas,16,vgg16_T4_n5,layer_09_features_30,0,16384,8,1024,128,524288,16,32768,2048,16,1,16,1,split_cin,128,16,20,20,12,1,next_burst,4,0,1,5,0,40,1,1,1,1,non_inclusive,lru,11167850,312192,10855658,166768,4995072,0.033387,0,2048,0.000000,4956608,79305728,0,0,34076,0,0,173489896,107520,61084,173692576,173631492,885617504,711986012,0.803943,4993024,130992,4826256,0,35776,0,0,0,0,0.992428,0.999590,0,0,0.000000,38.664540,4,5,5,18,19,20,60,0,34810504,3.117028,20.602467,2362,3575
V9,0,C5,2,w5d-V9-s0-C5-b2,,cache,baseline,loas,16,vgg16_T4_n5,layer_09_features_30,0,16384,8,1024,128,524288,16,32768,2048,16,1,16,1,split_cin,128,16,20,20,12,1,next_burst,4,0,1,5,0,40,2,1,1,1,non_inclusive,lru,11158824,312192,10846632,156936,4995072,0.031418,0,2780,0.000000,4956608,79305728,0,0,42828,71248,0,173285540,70920,77624,173548160,173470536,884923724,711453188,0.803971,4993024,121160,4836088,0,35776,0,0,0,0,0.992428,0.999590,0,0,0.000000,77.486547,4,5,5,18,19,20,60,0,34810720,3.119569,20.461825,2362,3575
V9,0,C5,4,w5d-V9-s0-C5-b4,,cache,baseline,loas,16,vgg16_T4_n5,layer_09_features_30,0,16384,8,1024,128,524288,16,32768,2048,16,1,16,1,split_cin,128,16,20,20,12,1,next_burst,4,0,1,5,0,40,4,1,1,1,non_inclusive,lru,11158468,312192,10846276,357986,4995072,0.071668,0,3268,0.000000,4956608,79305728,0,0,70080,148230,0,173186818,43592,93744,173542464,173448720,884884018,711435298,0.803987,4993024,322210,4635038,0,35776,0,0,0,0,0.992428,0.999590,0,0,0.000000,148.533146,4,5,5,17,19,20,60,0,34810804,3.119676,20.751345,2362,3575
V9,0,C5,8,w5d-V9-s0-C5-b8,,cache,baseline,loas,16,vgg16_T4_n5,layer_09_features_30,0,16384,8,1024,128,524288,16,32768,2048,16,1,16,1,split_cin,128,16,20,20,12,1,next_burst,4,0,1,5,0,40,8,1,1,1,non_inclusive,lru,11157714,312192,10845522,424560,4995072,0.084996,0,3268,0.000000,4956608,79305728,0,0,89122,166530,0,173123778,43958,107012,173530400,173423388,884793742,711370354,0.803996,4993024,388784,4568464,0,35776,0,0,0,0,0.992428,0.999590,0,0,0.000000,292.801353,4,5,5,15,19,20,60,0,34810586,3.119867,21.700039,2362,3575
V9,0,C6,1,w5d-V9-s0-C6-b1,,cache,baseline,loas,16,vgg16_T4_n5,layer_09_features_30,0,16384,8,256,32,524288,16,8192,512,64,4,16,1,split_cin,32,16,20,20,12,1,next_burst,4,0,1,5,0,40,1,1,1,1,non_inclusive,lru,3702172,312192,3389980,3530918,4995072,0.706880,0,1952,0.000000,1621504,103776256,0,0,2112608,0,0,51803276,102480,223364,54241728,54018364,120896162,66877798,0.553184,4993024,157350,1462202,0,78388,3295084,0,0,0,0.324230,0.999590,0,0,0.010200,11.724788,1,2,3,17,19,20,25,0,21459376,5.796429,12.907298,2362,3575
V9,0,C6,2,w5d-V9-s0-C6-b2,,cache,baseline,loas,16,vgg16_T4_n5,layer_09_features_30,0,16384,8,256,32,524288,16,8192,512,64,4,16,1,split_cin,32,16,20,20,12,1,next_burst,4,0,1,5,0,40,2,1,1,1,non_inclusive,lru,3671584,312192,3359392,3524682,4995072,0.705632,0,2536,0.000000,1621504,103776256,0,0,2099140,55088,0,51246222,72948,278922,53752320,53473398,119627626,66154228,0.553001,4993024,151114,1468438,0,80636,3292836,0,0,0,0.324230,0.999590,0,0,0.010200,23.549450,1,2,3,17,19,20,28,0,21459578,5.844774,13.231434,2362,3575
V9,0,C6,4,w5d-V9-s0-C6-b4,,cache,baseline,loas,16,vgg16_T4_n5,layer_09_features_30,0,16384,8,256,32,524288,16,8192,512,64,4,16,1,split_cin,32,16,20,20,12,1,next_burst,4,0,1,5,0,40,4,1,1,1,non_inclusive,lru,3668882,312192,3356690,3524842,4995072,0.705664,0,2536,0.000000,1621504,103776256,0,0,2099570,54896,0,51185446,72948,296228,53709088,53412860,119427078,66014218,0.552758,4993024,151274,1468278,0,82338,3291134,0,0,0,0.324230,0.999590,0,0,0.010200,47.093776,1,2,3,17,19,20,28,0,21458716,5.848843,13.007529,2362,3575
V9,0,C6,8,w5d-V9-s0-C6-b8,,cache,baseline,loas,16,vgg16_T4_n5,layer_09_features_30,0,16384,8,256,32,524288,16,8192,512,64,4,16,1,split_cin,32,16,20,20,12,1,next_burst,4,0,1,5,0,40,8,1,1,1,non_inclusive,lru,3669302,312192,3357110,3522454,4995072,0.705186,0,2536,0.000000,1621504,103776256,0,0,2094614,54896,0,51164992,72948,328358,53715808,53387450,119359136,65971686,0.552716,4993024,148886,1470666,0,78038,3295434,0,0,0,0.324230,0.999590,0,0,0.010200,94.340534,2,2,3,17,19,20,28,0,21457272,5.847780,13.618346,2362,3575
V9,1,C2,1,w5d-V9-s1-C2-b1,,cache,baseline,loas,16,vgg16_T4_n5,layer_09_features_30,1,16384,8,1024,128,524288,16,32768,2048,16,1,16,1,split_cin,128,16,20,20,12,1,none,0,0,1,5,0,40,1,1,1,1,non_inclusive,lru,13991028,306872,13684156,42112,4909952,0.008577,4032,4867840,0.000828,4863808,77820928,0,0,0,0,0,27260,218894986,26298,218948544,218922246,218922246,0,0.000000,0,0,0,0,0,0,0,0,0,0.000000,0.999583,0,0,0.000000,39.656925,1,1,1,12,15,16,0,0,24419520,1.745370,13.219261,2304,3507
V9,1,C2,2,w5d-V9-s1-C2-b2,,cache,baseline,loas,16,vgg16_T4_n5,layer_09_features_30,1,16384,8,1024,128,524288,16,32768,2048,16,1,16,1,split_cin,128,16,20,20,12,1,none,0,0,1,5,0,40,2,1,1,1,non_inclusive,lru,13989752,306872,13682880,42112,4909952,0.008577,4032,4867840,0.000828,4863808,77820928,0,0,0,0,0,21336,218888208,18584,218928128,218909544,218909544,0,0.000000,0,0,0,0,0,0,0,0,0,0.000000,0.999583,0,0,0.000000,79.313851,1,1,1,10,15,16,0,0,24419520,1.745529,13.223903,2304,3507
V9,1,C2,4,w5d-V9-s1-C2-b4,,cache,baseline,loas,16,vgg16_T4_n5,layer_09_features_30,1,16384,8,1024,128,524288,16,32768,2048,16,1,16,1,split_cin,128,16,20,20,12,1,none,0,0,1,5,0,40,4,1,1,1,non_inclusive,lru,13989512,306872,13682640,42112,4909952,0.008577,4032,4867840,0.000828,4863808,77820928,0,0,0,0,0,20160,218886720,17408,218924288,218906880,218906880,0,0.000000,0,0,0,0,0,0,0,0,0,0.000000,0.999583,0,0,0.000000,158.627701,1,1,1,10,15,16,0,0,24419520,1.745559,13.437462,2304,3507
V9,1,C2,8,w5d-V9-s1-C2-b8,,cache,baseline,loas,16,vgg16_T4_n5,layer_09_features_30,1,16384,8,1024,128,524288,16,32768,2048,16,1,16,1,split_cin,128,16,20,20,12,1,none,0,0,1,5,0,40,8,1,1,1,non_inclusive,lru,13989512,306872,13682640,42112,4909952,0.008577,4032,4867840,0.000828,4863808,77820928,0,0,0,0,0,20160,218886720,17408,218924288,218906880,218906880,0,0.000000,0,0,0,0,0,0,0,0,0,0.000000,0.999583,0,0,0.000000,317.255403,1,1,1,10,15,16,0,0,24419520,1.745559,13.271838,2304,3507
V9,1,C3,1,w5d-V9-s1-C3-b1,,cache,baseline,loas,16,vgg16_T4_n5,layer_09_features_30,1,16384,1024,1024,1,524288,16,32768,2048,16,1,16,1,split_cin,1,16,20,20,12,1,none,0,0,1,5,0,40,1,1,1,1,non_inclusive,lru,14043002,306872,13736130,26592,4909952,0.005416,128,4883360,0.000026,4883232,78131712,0,0,0,0,0,1032,219761296,17800,219780128,219762328,219762328,0,0.000000,0,0,0,0,0,0,0,0,0,0.000000,0.999583,0,0,0.000000,39.783362,1,1,1,10,15,16,0,0,24469984,1.742504,103.649705,2304,3507
V9,1,C3,2,w5d-V9-s1-C3-b2,,cache,baseline,loas,16,vgg16_T4_n5,layer_09_features_30,1,16384,1024,1024,1,524288,16,32768,2048,16,1,16,1,split_cin,1,16,20,20,12,1,none,0,0,1,5,0,40,2,1,1,1,non_inclusive,lru,14043002,306872,13736130,26592,4909952,0.005416,128,4883360,0.000026,4883232,78131712,0,0,0,0,0,1032,219761296,17800,219780128,219762328,219762328,0,0.000000,0,0,0,0,0,0,0,0,0,0.000000,0.999583,0,0,0.000000,79.566725,1,1,1,10,15,16,0,0,24469984,1.742504,101.407577,2304,3507
V9,1,C3,4,w5d-V9-s1-C3-b4,,cache,baseline,loas,16,vgg16_T4_n5,layer_09_features_30,1,16384,1024,1024,1,524288,16,32768,2048,16,1,16,1,split_cin,1,16,20,20,12,1,none,0,0,1,5,0,40,4,1,1,1,non_inclusive,lru,14042930,306872,13736058,26592,4909952,0.005416,128,4883360,0.000026,4883232,78131712,0,0,0,0,0,688,219760832,17456,219778976,219761520,219761520,0,0.000000,0,0,0,0,0,0,0,0,0,0.000000,0.999583,0,0,0.000000,159.133450,1,1,1,10,15,16,0,0,24469984,1.742513,102.470585,2304,3507
V9,1,C3,8,w5d-V9-s1-C3-b8,,cache,baseline,loas,16,vgg16_T4_n5,layer_09_features_30,1,16384,1024,1024,1,524288,16,32768,2048,16,1,16,1,split_cin,1,16,20,20,12,1,none,0,0,1,5,0,40,8,1,1,1,non_inclusive,lru,14042922,306872,13736050,26592,4909952,0.005416,128,4883360,0.000026,4883232,78131712,0,0,0,0,0,640,219760800,17408,219778848,219761440,219761440,0,0.000000,0,0,0,0,0,0,0,0,0,0.000000,0.999583,0,0,0.000000,318.266900,1,1,1,10,15,16,0,0,24469984,1.742514,104.409465,2304,3507
V9,1,C4,1,w5d-V9-s1-C4-b1,,cache,baseline,loas,16,vgg16_T4_n5,layer_09_features_30,1,16384,8,256,32,524288,16,8192,512,64,4,16,1,split_cin,32,16,20,20,12,1,none,0,0,1,5,0,40,1,1,1,1,non_inclusive,lru,4868102,306872,4561230,3288864,4909952,0.669836,0,1621088,0.000000,1621088,103749632,0,0,0,0,0,0,72964320,17408,72981728,72964320,72964320,0,0.000000,0,0,0,0,0,0,0,0,0,0.000000,0.999583,0,0,0.018446,13.206549,1,1,1,9,15,16,0,0,14683296,3.016226,7.418646,2304,3507
V9,1,C4,2,w5d-V9-s1-C4-b2,,cache,baseline,loas,16,vgg16_T4_n5,layer_09_features_30,1,16384,8,256,32,524288,16,8192,512,64,4,16,1,split_cin,32,16,20,20,12,1,none,0,0,1,5,0,40,2,1,1,1,non_inclusive,lru,4868102,306872,4561230,3288864,4909952,0.669836,0,1621088,0.000000,1621088,103749632,0,0,0,0,0,0,72964320,17408,72981728,72964320,72964320,0,0.000000,0,0,0,0,0,0,0,0,0,0.000000,0.999583,0,0,0.018446,26.413097,1,1,1,9,15,16,0,0,14683296,3.016226,6.891542,2304,3507
V9,1,C4,4,w5d-V9-s1-C4-b4,,cache,baseline,loas,16,vgg16_T4_n5,layer_09_features_30,1,16384,8,256,32,524288,16,8192,512,64,4,16,1,split_cin,32,16,20,20,12,1,none,0,0,1,5,0,40,4,1,1,1,non_inclusive,lru,4868102,306872,4561230,3288864,4909952,0.669836,0,1621088,0.000000,1621088,103749632,0,0,0,0,0,0,72964320,17408,72981728,72964320,72964320,0,0.000000,0,0,0,0,0,0,0,0,0,0.000000,0.999583,0,0,0.018446,52.826195,1,1,1,9,15,16,0,0,14683296,3.016226,7.089031,2304,3507
V9,1,C4,8,w5d-V9-s1-C4-b8,,cache,baseline,loas,16,vgg16_T4_n5,layer_09_features_30,1,16384,8,256,32,524288,16,8192,512,64,4,16,1,split_cin,32,16,20,20,12,1,none,0,0,1,5,0,40,8,1,1,1,non_inclusive,lru,4868102,306872,4561230,3288864,4909952,0.669836,0,1621088,0.000000,1621088,103749632,0,0,0,0,0,0,72964320,17408,72981728,72964320,72964320,0,0.000000,0,0,0,0,0,0,0,0,0,0.000000,0.999583,0,0,0.018446,105.652389,1,1,1,9,15,16,0,0,14683296,3.016226,6.931898,2304,3507
V9,1,C5,1,w5d-V9-s1-C5-b1,,cache,baseline,loas,16,vgg16_T4_n5,layer_09_features_30,1,16384,8,1024,128,524288,16,32768,2048,16,1,16,1,split_cin,128,16,20,20,12,1,next_burst,4,0,1,5,0,40,1,1,1,1,non_inclusive,lru,10963754,306872,10656882,240734,4909952,0.049030,0,2048,0.000000,4863808,77820928,0,0,54884,0,0,170277928,107520,71828,170512160,170440332,868227338,697787006,0.803692,4907904,198622,4667170,0,42112,0,0,0,0,0.991006,0.999583,0,0,0.000000,38.038808,4,5,5,18,19,20,60,0,34186266,3.118117,20.313293,2304,3507
V9,1,C5,2,w5d-V9-s1-C5-b2,,cache,baseline,loas,16,vgg16_T4_n5,layer_09_features_30,1,16384,8,1024,128,524288,16,32768,2048,16,1,16,1,split_cin,128,16,20,20,12,1,next_burst,4,0,1,5,0,40,2,1,1,1,non_inclusive,lru,10950268,306872,10643396,221718,4909952,0.045157,0,2780,0.000000,4863808,77820928,0,0,53958,70960,0,170024864,70920,75682,170296384,170220702,867216442,696995740,0.803716,4907904,179606,4686186,0,42112,0,0,0,0,0.991006,0.999583,0,0,0.000000,76.387451,4,5,5,18,19,20,60,0,34186422,3.121971,20.286751,2304,3507
V9,1,C5,4,w5d-V9-s1-C5-b4,,cache,baseline,loas,16,vgg16_T4_n5,layer_09_features_30,1,16384,8,1024,128,524288,16,32768,2048,16,1,16,1,split_cin,128,16,20,20,12,1,next_burst,4,0,1,5,0,40,4,1,1,1,non_inclusive,lru,10949412,306872,10642540,356936,4909952,0.072696,0,3268,0.000000,4863808,77820928,0,0,80826,148230,0,169916614,43592,93426,170282688,170189262,867156628,696967366,0.803739,4907904,314824,4550968,0,42112,0,0,0,0,0.991006,0.999583,0,0,0.000000,148.368571,4,5,5,17,19,20,60,0,34186272,3.122202,20.383708,2304,3507
V9,1,C5,8,w5d-V9-s1-C5-b8,,cache,baseline,loas,16,vgg16_T4_n5,layer_09_features_30,1,16384,8,1024,128,524288,16,32768,2048,16,1,16,1,split_cin,128,16,20,20,12,1,next_burst,4,0,1,5,0,40,8,1,1,1,non_inclusive,lru,10948750,306872,10641878,485306,4909952,0.098841,0,3268,0.000000,4863808,77820928,0,0,91046,166530,0,169876458,43958,94104,170272096,170177992,867065120,696887128,0.803731,4907904,443194,4422598,0,42112,0,0,0,0,0.991006,0.999583,0,0,0.000000,288.370787,4,5,5,16,19,20,60,0,34186070,3.122372,21.669198,2304,3507
V9,1,C6,1,w5d-V9-s1-C6-b1,,cache,baseline,loas,16,vgg16_T4_n5,layer_09_features_30,1,16384,8,256,32,524288,16,8192,512,64,4,16,1,split_cin,32,16,20,20,12,1,next_burst,4,0,1,5,0,40,1,1,1,1,non_inclusive,lru,3702984,306872,3396112,3460420,4909952,0.704777,0,1952,0.000000,1621088,103749632,0,0,2064450,0,0,51958366,102480,214544,54339840,54125296,122107990,67982694,0.556742,4907904,171556,1447580,0,77100,3211668,0,0,0,0.329766,0.999583,0,0,0.018446,11.808930,2,2,4,17,19,20,25,0,21204188,5.726243,13.078256,2304,3507
V9,1,C6,2,w5d-V9-s1-C6-b2,,cache,baseline,loas,16,vgg16_T4_n5,layer_09_features_30,1,16384,8,256,32,524288,16,8192,512,64,4,16,1,split_cin,32,16,20,20,12,1,next_burst,4,0,1,5,0,40,2,1,1,1,non_inclusive,lru,3668670,306872,3361798,3448416,4909952,0.702332,0,2440,0.000000,1621088,103749632,0,0,2039840,45970,0,51365948,78324,260734,53790816,53530082,120656796,67126714,0.556344,4907904,159552,1459584,0,78104,3210664,0,0,0,0.329766,0.999583,0,0,0.018446,23.813447,2,2,4,17,19,20,27,0,21203380,5.779582,13.067267,2304,3507
V9,1,C6,4,w5d-V9-s1-C6-b4,,cache,baseline,loas,16,vgg16_T4_n5,layer_09_features_30,1,16384,8,256,32,524288,16,8192,512,64,4,16,1,split_cin,32,16,20,20,12,1,next_burst,4,0,1,5,0,40,4,1,1,1,non_inclusive,lru,3667538,306872,3360666,3444504,4909952,0.701535,0,2440,0.000000,1621088,103749632,0,0,2031950,45872,0,51316522,78324,300036,53772704,53472668,120427746,66955078,0.555977,4907904,155640,1463496,0,79912,3208856,0,0,0,0.329766,0.999583,0,0,0.018446,47.754373,2,2,4,17,19,20,28,0,21202392,5.781097,13.294873,2304,3507
V9,1,C6,8,w5d-V9-s1-C6-b8,,cache,baseline,loas,16,vgg16_T4_n5,layer_09_features_30,1,16384,8,256,32,524288,16,8192,512,64,4,16,1,split_cin,32,16,20,20,12,1,next_burst,4,0,1,5,0,40,8,1,1,1,non_inclusive,lru,3667232,306872,3360360,3451942,4909952,0.703050,0,2440,0.000000,1621088,103749632,0,0,2045964,45872,0,51275952,78324,321696,53767808,53446112,120363182,66917070,0.555960,4907904,163078,1456058,0,74316,3214452,0,0,0,0.329766,0.999583,0,0,0.018446,95.023984,2,2,4,17,19,20,28,0,21201096,5.781226,13.458495,2304,3507
V9,2,C2,1,w5d-V9-s2-C2-b1,,cache,baseline,loas,16,vgg16_T4_n5,layer_09_features_30,2,16384,8,1024,128,524288,16,32768,2048,16,1,16,1,split_cin,128,16,20,20,12,1,none,0,0,1,5,0,40,1,1,1,1,non_inclusive,lru,14270626,312424,13958202,34656,4998784,0.006933,2432,4964128,0.000490,4961696,79387136,0,0,0,0,0,15728,223295816,21736,223333280,223311544,223311544,0,0.000000,0,0,0,0,0,0,0,0,0,0.000000,0.999590,0,0,0.000000,39.722685,1,1,1,10,15,16,0,0,24887648,1.743977,12.677487,2343,3563
V9,2,C2,2,w5d-V9-s2-C2-b2,,cache,baseline,loas,16,vgg16_T4_n5,layer_09_features_30,2,16384,8,1024,128,524288,16,32768,2048,16,1,16,1,split_cin,128,16,20,20,12,1,none,0,0,1,5,0,40,2,1,1,1,non_inclusive,lru,14270170,312424,13957746,34656,4998784,0.006933,2432,4964128,0.000490,4961696,79387136,0,0,0,0,0,13576,223293384,19024,223325984,223306960,223306960,0,0.000000,0,0,0,0,0,0,0,0,0,0.000000,0.999590,0,0,0.000000,79.445369,1,1,1,10,15,16,0,0,24887648,1.744033,13.489653,2343,3563
V9,2,C2,4,w5d-V9-s2-C2-b4,,cache,baseline,loas,16,vgg16_T4_n5,layer_09_features_30,2,16384,8,1024,128,524288,16,32768,2048,16,1,16,1,split_cin,128,16,20,20,12,1,none,0,0,1,5,0,40,4,1,1,1,non_inclusive,lru,14269874,312424,13957450,34656,4998784,0.006933,2432,4964128,0.000490,4961696,79387136,0,0,0,0,0,12160,223291680,17408,223321248,223303840,223303840,0,0.000000,0,0,0,0,0,0,0,0,0,0.000000,0.999590,0,0,0.000000,158.890738,1,1,1,10,15,16,0,0,24887648,1.744069,12.984994,2343,3563
V9,2,C2,8,w5d-V9-s2-C2-b8,,cache,baseline,loas,16,vgg16_T4_n5,layer_09_features_30,2,16384,8,1024,128,524288,16,32768,2048,16,1,16,1,split_cin,128,16,20,20,12,1,none,0,0,1,5,0,40,8,1,1,1,non_inclusive,lru,14269874,312424,13957450,34656,4998784,0.006933,2432,4964128,0.000490,4961696,79387136,0,0,0,0,0,12160,223291680,17408,223321248,223303840,223303840,0,0.000000,0,0,0,0,0,0,0,0,0,0.000000,0.999590,0,0,0.000000,317.781476,1,1,1,10,15,16,0,0,24887648,1.744069,13.056448,2343,3563
V9,2,C3,1,w5d-V9-s2-C3-b1,,cache,baseline,loas,16,vgg16_T4_n5,layer_09_features_30,2,16384,1024,1024,1,524288,16,32768,2048,16,1,16,1,split_cin,1,16,20,20,12,1,none,0,0,1,5,0,40,1,1,1,1,non_inclusive,lru,14291344,312424,13978920,29184,4998784,0.005838,0,4969600,0.000000,4969600,79513600,0,0,0,0,0,0,223647360,17408,223664768,223647360,223647360,0,0.000000,0,0,0,0,0,0,0,0,0,0.000000,0.999590,0,0,0.000000,39.766471,1,1,1,10,15,16,0,0,24906496,1.742768,97.059174,2343,3563
V9,2,C3,2,w5d-V9-s2-C3-b2,,cache,baseline,loas,16,vgg16_T4_n5,layer_09_features_30,2,16384,1024,1024,1,524288,16,32768,2048,16,1,16,1,split_cin,1,16,20,20,12,1,none,0,0,1,5,0,40,2,1,1,1,non_inclusive,lru,14291344,312424,13978920,29184,4998784,0.005838,0,4969600,0.000000,4969600,79513600,0,0,0,0,0,0,223647360,17408,223664768,223647360,223647360,0,0.000000,0,0,0,0,0,0,0,0,0,0.000000,0.999590,0,0,0.000000,79.532942,1,1,1,10,15,16,0,0,24906496,1.742768,97.135193,2343,3563
V9,2,C3,4,w5d-V9-s2-C3-b4,,cache,baseline,loas,16,vgg16_T4_n5,layer_09_features_30,2,16384,1024,1024,1,524288,16,32768,2048,16,1,16,1,split_cin,1,16,20,20,12,1,none,0,0,1,5,0,40,4,1,1,1,non_inclusive,lru,14291344,312424,13978920,29184,4998784,0.005838,0,4969600,0.000000,4969600,79513600,0,0,0,0,0,0,223647360,17408,223664768,223647360,223647360,0,0.000000,0,0,0,0,0,0,0,0,0,0.000000,0.999590,0,0,0.000000,159.065885,1,1,1,10,15,16,0,0,24906496,1.742768,97.697419,2343,3563
V9,2,C3,8,w5d-V9-s2-C3-b8,,cache,baseline,loas,16,vgg16_T4_n5,layer_09_features_30,2,16384,1024,1024,1,524288,16,32768,2048,16,1,16,1,split_cin,1,16,20,20,12,1,none,0,0,1,5,0,40,8,1,1,1,non_inclusive,lru,14291344,312424,13978920,29184,4998784,0.005838,0,4969600,0.000000,4969600,79513600,0,0,0,0,0,0,223647360,17408,223664768,223647360,223647360,0,0.000000,0,0,0,0,0,0,0,0,0,0.000000,0.999590,0,0,0.000000,318.131770,1,1,1,10,15,16,0,0,24906496,1.742768,96.612744,2343,3563
V9,2,C4,1,w5d-V9-s2-C4-b1,,cache,baseline,loas,16,vgg16_T4_n5,layer_09_features_30,2,16384,8,256,32,524288,16,8192,512,64,4,16,1,split_cin,32,16,20,20,12,1,none,0,0,1,5,0,40,1,1,1,1,non_inclusive,lru,4873024,312424,4560600,3377920,4998784,0.675748,0,1620864,0.000000,1620864,103735296,0,0,0,0,0,0,72954240,17408,72971648,72954240,72954240,0,0.000000,0,0,0,0,0,0,0,0,0,0.000000,0.999590,0,0,0.009983,12.970066,1,1,1,9,15,16,0,0,14860288,3.049500,7.251303,2343,3563
V9,2,C4,2,w5d-V9-s2-C4-b2,,cache,baseline,loas,16,vgg16_T4_n5,layer_09_features_30,2,16384,8,256,32,524288,16,8192,512,64,4,16,1,split_cin,32,16,20,20,12,1,none,0,0,1,5,0,40,2,1,1,1,non_inclusive,lru,4873024,312424,4560600,3377920,4998784,0.675748,0,1620864,0.000000,1620864,103735296,0,0,0,0,0,0,72954240,17408,72971648,72954240,72954240,0,0.000000,0,0,0,0,0,0,0,0,0,0.000000,0.999590,0,0,0.009983,25.940133,1,1,1,9,15,16,0,0,14860288,3.049500,7.300691,2343,3563
V9,2,C4,4,w5d-V9-s2-C4-b4,,cache,baseline,loas,16,vgg16_T4_n5,layer_09_features_30,2,16384,8,256,32,524288,16,8192,512,64,4,16,1,split_cin,32,16,20,20,12,1,none,0,0,1,5,0,40,4,1,1,1,non_inclusive,lru,4873024,312424,4560600,3377920,4998784,0.675748,0,1620864,0.000000,1620864,103735296,0,0,0,0,0,0,72954240,17408,72971648,72954240,72954240,0,0.000000,0,0,0,0,0,0,0,0,0,0.000000,0.999590,0,0,0.009983,51.880265,1,1,1,9,15,16,0,0,14860288,3.049500,7.343499,2343,3563
V9,2,C4,8,w5d-V9-s2-C4-b8,,cache,baseline,loas,16,vgg16_T4_n5,layer_09_features_30,2,16384,8,256,32,524288,16,8192,512,64,4,16,1,split_cin,32,16,20,20,12,1,none,0,0,1,5,0,40,8,1,1,1,non_inclusive,lru,4873024,312424,4560600,3377920,4998784,0.675748,0,1620864,0.000000,1620864,103735296,0,0,0,0,0,0,72954240,17408,72971648,72954240,72954240,0,0.000000,0,0,0,0,0,0,0,0,0,0.000000,0.999590,0,0,0.009983,103.760531,1,1,1,9,15,16,0,0,14860288,3.049500,8.180167,2343,3563
V9,2,C5,1,w5d-V9-s2-C5-b1,,cache,baseline,loas,16,vgg16_T4_n5,layer_09_features_30,2,16384,8,1024,128,524288,16,32768,2048,16,1,16,1,split_cin,128,16,20,20,12,1,next_burst,4,0,1,5,0,40,1,1,1,1,non_inclusive,lru,11178276,312424,10865852,136500,4998784,0.027307,0,2048,0.000000,4961696,79387136,0,0,37336,0,0,173641506,107520,69318,173855680,173786362,886431204,712644842,0.803948,4996736,101844,4860236,0,34656,0,0,0,0,0.992657,0.999590,0,0,0.000000,38.907734,4,5,5,18,19,20,60,0,34841050,3.116854,19.941570,2343,3563
V9,2,C5,2,w5d-V9-s2-C5-b2,,cache,baseline,loas,16,vgg16_T4_n5,layer_09_features_30,2,16384,8,1024,128,524288,16,32768,2048,16,1,16,1,split_cin,128,16,20,20,12,1,next_burst,4,0,1,5,0,40,2,1,1,1,non_inclusive,lru,11169718,312424,10857294,184090,4998784,0.036827,0,2780,0.000000,4961696,79387136,0,0,32346,70924,0,173470490,70920,74072,173718752,173644680,885776794,712132114,0.803963,4996736,149434,4812646,0,34656,0,0,0,0,0.992657,0.999590,0,0,0.000000,77.053843,4,5,5,18,19,20,60,0,34841040,3.119241,20.199188,2343,3563
V9,2,C5,4,w5d-V9-s2-C5-b4,,cache,baseline,loas,16,vgg16_T4_n5,layer_09_features_30,2,16384,8,1024,128,524288,16,32768,2048,16,1,16,1,split_cin,128,16,20,20,12,1,next_burst,4,0,1,5,0,40,4,1,1,1,non_inclusive,lru,11169516,312424,10857092,353100,4998784,0.070637,0,3268,0.000000,4961696,79387136,0,0,65090,148230,0,173357812,43592,100796,173715520,173614724,885758110,712143386,0.803993,4996736,318444,4643636,0,34656,0,0,0,0,0.992657,0.999590,0,0,0.000000,148.698051,4,5,5,17,19,20,60,0,34841022,3.119296,22.039990,2343,3563
V9,2,C5,8,w5d-V9-s2-C5-b8,,cache,baseline,loas,16,vgg16_T4_n5,layer_09_features_30,2,16384,8,1024,128,524288,16,32768,2048,16,1,16,1,split_cin,128,16,20,20,12,1,next_burst,4,0,1,5,0,40,8,1,1,1,non_inclusive,lru,11168618,312424,10856194,389810,4998784,0.077981,0,3268,0.000000,4961696,79387136,0,0,73316,166530,0,173309168,43958,108180,173701152,173592972,885658046,712065074,0.803995,4996736,355154,4606926,0,34656,0,0,0,0,0.992657,0.999590,0,0,0.000000,295.046091,4,5,5,15,19,20,60,0,34840872,3.119533,21.797322,2343,3563
V9,2,C6,1,w5d-V9-s2-C6-b1,,cache,baseline,loas,16,vgg16_T4_n5,layer_09_features_30,2,16384,8,256,32,524288,16,8192,512,64,4,16,1,split_cin,32,16,20,20,12,1,next_burst,4,0,1,5,0,40,1,1,1,1,non_inclusive,lru,3700152,312424,3387728,3512796,4998784,0.702730,0,1952,0.000000,1620864,103735296,0,0,2064454,0,0,51813538,102480,225224,54205696,53980472,119859624,65879152,0.549636,4996736,134876,1484036,0,70498,3307326,0,0,0,0.323861,0.999590,0,0,0.009983,11.890796,2,2,4,17,19,20,35,0,21467638,5.801826,13.128921,2343,3563
V9,2,C6,2,w5d-V9-s2-C6-b2,,cache,baseline,loas,16,vgg16_T4_n5,layer_09_features_30,2,16384,8,256,32,524288,16,8192,512,64,4,16,1,split_cin,32,16,20,20,12,1,next_burst,4,0,1,5,0,40,2,1,1,1,non_inclusive,lru,3669440,312424,3357016,3507126,4998784,0.701596,0,2464,0.000000,1620864,103735296,0,0,2052062,48200,0,51270608,76980,266454,53714304,53447850,118620022,65172172,0.549420,4996736,129206,1489706,0,71568,3306256,0,0,0,0.323861,0.999590,0,0,0.009983,23.872334,2,2,4,17,19,20,30,0,21467716,5.850407,12.737997,2343,3563
V9,2,C6,4,w5d-V9-s2-C6-b4,,cache,baseline,loas,16,vgg16_T4_n5,layer_09_features_30,2,16384,8,256,32,524288,16,8192,512,64,4,16,1,split_cin,32,16,20,20,12,1,next_burst,4,0,1,5,0,40,4,1,1,1,non_inclusive,lru,3668512,312424,3356088,3508560,4998784,0.701883,0,2464,0.000000,1620864,103735296,0,0,2054558,48128,0,51205260,76980,314530,53699456,53384926,118444854,65059928,0.549285,4996736,130640,1488272,0,74266,3303558,0,0,0,0.323861,0.999590,0,0,0.009983,47.698768,2,2,4,17,19,20,30,0,21466772,5.851629,13.042358,2343,3563
V9,2,C6,8,w5d-V9-s2-C6-b8,,cache,baseline,loas,16,vgg16_T4_n5,layer_09_features_30,2,16384,8,256,32,524288,16,8192,512,64,4,16,1,split_cin,32,16,20,20,12,1,next_burst,4,0,1,5,0,40,8,1,1,1,non_inclusive,lru,3667878,312424,3355454,3510650,4998784,0.702301,0,2464,0.000000,1620864,103735296,0,0,2057606,48128,0,51177618,76980,328980,53689312,53360332,118384780,65024448,0.549264,4996736,132730,1486182,0,71338,3306486,0,0,0,0.323861,0.999590,0,0,0.009983,95.263744,2,2,4,17,19,20,30,0,21465486,5.852290,13.186657,2343,3563
V9,3,C2,1,w5d-V9-s3-C2-b1,,cache,baseline,loas,16,vgg16_T4_n5,layer_09_features_30,3,16384,8,1024,128,524288,16,32768,2048,16,1,16,1,split_cin,128,16,20,20,12,1,none,0,0,1,5,0,40,1,1,1,1,non_inclusive,lru,14342892,313776,14029116,32064,5020416,0.006387,1280,4988352,0.000257,4987072,79793152,0,0,0,0,0,9552,224437480,20872,224467904,224447032,224447032,0,0.000000,0,0,0,0,0,0,0,0,0,0.000000,0.999592,0,0,0.000000,39.744531,1,1,1,10,15,16,0,0,25004736,1.743354,13.507234,2358,3567
V9,3,C2,2,w5d-V9-s3-C2-b2,,cache,baseline,loas,16,vgg16_T4_n5,layer_09_features_30,3,16384,8,1024,128,524288,16,32768,2048,16,1,16,1,split_cin,128,16,20,20,12,1,none,0,0,1,5,0,40,2,1,1,1,non_inclusive,lru,14342316,313776,14028540,32064,5020416,0.006387,1280,4988352,0.000257,4987072,79793152,0,0,0,0,0,6792,224434096,17800,224458688,224440888,224440888,0,0.000000,0,0,0,0,0,0,0,0,0,0.000000,0.999592,0,0,0.000000,79.489062,1,1,1,10,15,16,0,0,25004736,1.743424,13.510854,2358,3567
V9,3,C2,4,w5d-V9-s3-C2-b4,,cache,baseline,loas,16,vgg16_T4_n5,layer_09_features_30,3,16384,8,1024,128,524288,16,32768,2048,16,1,16,1,split_cin,128,16,20,20,12,1,none,0,0,1,5,0,40,4,1,1,1,non_inclusive,lru,14342236,313776,14028460,32064,5020416,0.006387,1280,4988352,0.000257,4987072,79793152,0,0,0,0,0,6400,224433600,17408,224457408,224440000,224440000,0,0.000000,0,0,0,0,0,0,0,0,0,0.000000,0.999592,0,0,0.000000,158.978125,1,1,1,10,15,16,0,0,25004736,1.743434,12.406670,2358,3567
V9,3,C2,8,w5d-V9-s3-C2-b8,,cache,baseline,loas,16,vgg16_T4_n5,layer_09_features_30,3,16384,8,1024,128,524288,16,32768,2048,16,1,16,1,split_cin,128,16,20,20,12,1,none,0,0,1,5,0,40,8,1,1,1,non_inclusive,lru,14342236,313776,14028460,32064,5020416,0.006387,1280,4988352,0.000257,4987072,79793152,0,0,0,0,0,6400,224433600,17408,224457408,224440000,224440000,0,0.000000,0,0,0,0,0,0,0,0,0,0.000000,0.999592,0,0,0.000000,317.956249,1,1,1,10,15,16,0,0,25004736,1.743434,12.737504,2358,3567
V9,3,C3,1,w5d-V9-s3-C3-b1,,cache,baseline,loas,16,vgg16_T4_n5,layer_09_features_30,3,16384,1024,1024,1,524288,16,32768,2048,16,1,16,1,split_cin,1,16,20,20,12,1,none,0,0,1,5,0,40,1,1,1,1,non_inclusive,lru,14352612,313776,14038836,28992,5020416,0.005775,736,4991424,0.000147,4990688,79851008,0,0,0,0,0,5486,224598542,19396,224623424,224604028,224604028,0,0.000000,0,0,0,0,0,0,0,0,0,0.000000,0.999592,0,0,0.000000,39.769007,1,1,1,10,15,16,0,0,25014496,1.742853,91.742606,2358,3567
V9,3,C3,2,w5d-V9-s3-C3-b2,,cache,baseline,loas,16,vgg16_T4_n5,layer_09_features_30,3,16384,1024,1024,1,524288,16,32768,2048,16,1,16,1,split_cin,1,16,20,20,12,1,none,0,0,1,5,0,40,2,1,1,1,non_inclusive,lru,14352612,313776,14038836,28992,5020416,0.005775,736,4991424,0.000147,4990688,79851008,0,0,0,0,0,5486,224598542,19396,224623424,224604028,224604028,0,0.000000,0,0,0,0,0,0,0,0,0,0.000000,0.999592,0,0,0.000000,79.538014,1,1,1,10,15,16,0,0,25014496,1.742853,90.241457,2358,3567
V9,3,C3,4,w5d-V9-s3-C3-b4,,cache,baseline,loas,16,vgg16_T4_n5,layer_09_features_30,3,16384,1024,1024,1,524288,16,32768,2048,16,1,16,1,split_cin,1,16,20,20,12,1,none,0,0,1,5,0,40,4,1,1,1,non_inclusive,lru,14352282,313776,14038506,28992,5020416,0.005775,736,4991424,0.000147,4990688,79851008,0,0,0,0,0,3928,224596448,17768,224618144,224600376,224600376,0,0.000000,0,0,0,0,0,0,0,0,0,0.000000,0.999592,0,0,0.000000,159.076029,1,1,1,10,15,16,0,0,25014496,1.742893,90.352231,2358,3567
V9,3,C3,8,w5d-V9-s3-C3-b8,,cache,baseline,loas,16,vgg16_T4_n5,layer_09_features_30,3,16384,1024,1024,1,524288,16,32768,2048,16,1,16,1,split_cin,1,16,20,20,12,1,none,0,0,1,5,0,40,8,1,1,1,non_inclusive,lru,14352236,313776,14038460,28992,5020416,0.005775,736,4991424,0.000147,4990688,79851008,0,0,0,0,0,3680,224596320,17408,224617408,224600000,224600000,0,0.000000,0,0,0,0,0,0,0,0,0,0.000000,0.999592,0,0,0.000000,318.152058,1,1,1,10,15,16,0,0,25014496,1.742899,89.529497,2358,3567
V9,3,C4,1,w5d-V9-s3-C4-b1,,cache,baseline,loas,16,vgg16_T4_n5,layer_09_features_30,3,16384,8,256,32,524288,16,8192,512,64,4,16,1,split_cin,32,16,20,20,12,1,none,0,0,1,5,0,40,1,1,1,1,non_inclusive,lru,4880406,313776,4566630,3397408,5020416,0.676718,0,1623008,0.000000,1623008,103872512,0,0,0,0,0,0,73050720,17408,73068128,73050720,73050720,0,0.000000,0,0,0,0,0,0,0,0,0,0.000000,0.999592,0,0,0.008681,12.931263,1,1,1,9,15,16,0,0,14909984,3.055070,7.308121,2358,3567
V9,3,C4,2,w5d-V9-s3-C4-b2,,cache,baseline,loas,16,vgg16_T4_n5,layer_09_features_30,3,16384,8,256,32,524288,16,8192,512,64,4,16,1,split_cin,32,16,20,20,12,1,none,0,0,1,5,0,40,2,1,1,1,non_inclusive,lru,4880406,313776,4566630,3397408,5020416,0.676718,0,1623008,0.000000,1623008,103872512,0,0,0,0,0,0,73050720,17408,73068128,73050720,73050720,0,0.000000,0,0,0,0,0,0,0,0,0,0.000000,0.999592,0,0,0.008681,25.862526,1,1,1,9,15,16,0,0,14909984,3.055070,7.478511,2358,3567
V9,3,C4,4,w5d-V9-s3-C4-b4,,cache,baseline,loas,16,vgg16_T4_n5,layer_09_features_30,3,16384,8,256,32,524288,16,8192,512,64,4,16,1,split_cin,32,16,20,20,12,1,none,0,0,1,5,0,40,4,1,1,1,non_inclusive,lru,4880406,313776,4566630,3397408,5020416,0.676718,0,1623008,0.000000,1623008,103872512,0,0,0,0,0,0,73050720,17408,73068128,73050720,73050720,0,0.000000,0,0,0,0,0,0,0,0,0,0.000000,0.999592,0,0,0.008681,51.725052,1,1,1,9,15,16,0,0,14909984,3.055070,7.034447,2358,3567
V9,3,C4,8,w5d-V9-s3-C4-b8,,cache,baseline,loas,16,vgg16_T4_n5,layer_09_features_30,3,16384,8,256,32,524288,16,8192,512,64,4,16,1,split_cin,32,16,20,20,12,1,none,0,0,1,5,0,40,8,1,1,1,non_inclusive,lru,4880406,313776,4566630,3397408,5020416,0.676718,0,1623008,0.000000,1623008,103872512,0,0,0,0,0,0,73050720,17408,73068128,73050720,73050720,0,0.000000,0,0,0,0,0,0,0,0,0,0.000000,0.999592,0,0,0.008681,103.450105,1,1,1,9,15,16,0,0,14909984,3.055070,6.481581,2358,3567
V9,3,C5,1,w5d-V9-s3-C5-b1,,cache,baseline,loas,16,vgg16_T4_n5,layer_09_features_30,3,16384,8,1024,128,524288,16,32768,2048,16,1,16,1,split_cin,128,16,20,20,12,1,next_burst,4,0,1,5,0,40,1,1,1,1,non_inclusive,lru,11234808,313776,10921032,117346,5020416,0.023374,0,2048,0.000000,4987072,79793152,0,0,30858,0,0,174551436,107520,48746,174738560,174689814,891330470,716640656,0.804012,5018368,85282,4901022,0,32064,0,0,0,0,0.993205,0.999592,0,0,0.000000,39.065050,4,5,5,18,19,20,60,0,35005390,3.115798,20.425273,2358,3567
V9,3,C5,2,w5d-V9-s3-C5-b2,,cache,baseline,loas,16,vgg16_T4_n5,layer_09_features_30,3,16384,8,1024,128,524288,16,32768,2048,16,1,16,1,split_cin,128,16,20,20,12,1,next_burst,4,0,1,5,0,40,2,1,1,1,non_inclusive,lru,11227868,313776,10914092,108198,5020416,0.021552,0,2780,0.000000,4987072,79793152,0,0,28002,71248,0,174402856,70920,54494,174627520,174573026,890803726,716230700,0.804028,5018368,76134,4910170,0,32064,0,0,0,0,0.993205,0.999592,0,0,0.000000,78.275872,4,5,5,18,19,20,60,0,35005264,3.117712,20.262039,2358,3567
V9,3,C5,4,w5d-V9-s3-C5-b4,,cache,baseline,loas,16,vgg16_T4_n5,layer_09_features_30,3,16384,8,1024,128,524288,16,32768,2048,16,1,16,1,split_cin,128,16,20,20,12,1,next_burst,4,0,1,5,0,40,4,1,1,1,non_inclusive,lru,11227476,313776,10913700,295036,5020416,0.058767,0,3268,0.000000,4987072,79793152,0,0,48952,148230,0,174304494,43592,75980,174621248,174545268,890722296,716177028,0.804041,5018368,262972,4723332,0,32064,0,0,0,0,0.993205,0.999592,0,0,0.000000,150.597241,4,5,5,17,19,20,60,0,35005312,3.117826,20.596827,2358,3567
V9,3,C5,8,w5d-V9-s3-C5-b8,,cache,baseline,loas,16,vgg16_T4_n5,layer_09_features_30,3,16384,8,1024,128,524288,16,32768,2048,16,1,16,1,split_cin,128,16,20,20,12,1,next_burst,4,0,1,5,0,40,8,1,1,1,non_inclusive,lru,11226482,313776,10912706,272654,5020416,0.054309,0,3268,0.000000,4987072,79793152,0,0,56344,166530,0,174234116,43958,104396,174605344,174500948,890656898,716155950,0.804076,5018368,240590,4745714,0,32064,0,0,0,0,0.993205,0.999592,0,0,0.000000,302.621106,4,5,5,15,19,20,60,0,35005216,3.118093,21.545312,2358,3567
V9,3,C6,1,w5d-V9-s3-C6-b1,,cache,baseline,loas,16,vgg16_T4_n5,layer_09_features_30,3,16384,8,256,32,524288,16,8192,512,64,4,16,1,split_cin,32,16,20,20,12,1,next_burst,4,0,1,5,0,40,1,1,1,1,non_inclusive,lru,3705636,313776,3391860,3546696,5020416,0.706455,0,1952,0.000000,1623008,103872512,0,0,2114678,0,0,51829018,102480,225632,54271808,54046176,120218682,66172506,0.550434,5018368,149288,1471768,0,75830,3321482,0,0,0,0.322893,0.999592,0,0,0.008681,11.741816,1,2,4,17,19,20,27,0,21543584,5.813735,12.725365,2358,3567
V9,3,C6,2,w5d-V9-s3-C6-b2,,cache,baseline,loas,16,vgg16_T4_n5,layer_09_features_30,3,16384,8,256,32,524288,16,8192,512,64,4,16,1,split_cin,32,16,20,20,12,1,next_burst,4,0,1,5,0,40,2,1,1,1,non_inclusive,lru,3672758,313776,3358982,3543182,5020416,0.705755,0,2440,0.000000,1623008,103872512,0,0,2107374,45896,0,51256904,78324,257262,53745760,53488498,118913000,65424502,0.550188,5018368,145774,1475282,0,77748,3319564,0,0,0,0.322893,0.999592,0,0,0.008681,23.539627,1,2,4,18,19,20,28,0,21543244,5.865686,13.326651,2358,3567
V9,3,C6,4,w5d-V9-s3-C6-b4,,cache,baseline,loas,16,vgg16_T4_n5,layer_09_features_30,3,16384,8,256,32,524288,16,8192,512,64,4,16,1,split_cin,32,16,20,20,12,1,next_burst,4,0,1,5,0,40,4,1,1,1,non_inclusive,lru,3672274,313776,3358498,3542392,5020416,0.705597,0,2440,0.000000,1623008,103872512,0,0,2105210,45872,0,51202258,78324,306352,53738016,53431664,118747772,65316108,0.550041,5018368,144984,1476072,0,79266,3318046,0,0,0,0.322893,0.999592,0,0,0.008681,47.104431,1,2,4,17,19,20,27,0,21542978,5.866386,13.020801,2358,3567
V9,3,C6,8,w5d-V9-s3-C6-b8,,cache,baseline,loas,16,vgg16_T4_n5,layer_09_features_30,3,16384,8,256,32,524288,16,8192,512,64,4,16,1,split_cin,32,16,20,20,12,1,next_burst,4,0,1,5,0,40,8,1,1,1,non_inclusive,lru,3672750,313776,3358974,3546736,5020416,0.706463,0,2440,0.000000,1623008,103872512,0,0,2113364,45872,0,51163344,78324,344728,53745632,53400904,118672792,65271888,0.550016,5018368,149328,1471728,0,76204,3321108,0,0,0,0.322893,0.999592,0,0,0.008681,93.931977,1,2,4,17,19,20,27,0,21541834,5.865315,12.741258,2358,3567
V9,4,C2,1,w5d-V9-s4-C2-b1,,cache,baseline,loas,16,vgg16_T4_n5,layer_09_features_30,4,16384,8,1024,128,524288,16,32768,2048,16,1,16,1,split_cin,128,16,20,20,12,1,none,0,0,1,5,0,40,1,1,1,1,non_inclusive,lru,13813556,302864,13510692,40160,4845824,0.008288,3424,4805664,0.000712,4802240,76835840,0,0,0,0,0,23750,216124004,25366,216173120,216147754,216147754,0,0.000000,0,0,0,0,0,0,0,0,0,0.000000,0.999577,0,0,0.000000,39.668498,1,1,1,12,15,16,0,0,24105344,1.745050,14.040804,2274,3431
V9,4,C2,2,w5d-V9-s4-C2-b2,,cache,baseline,loas,16,vgg16_T4_n5,layer_09_features_30,4,16384,8,1024,128,524288,16,32768,2048,16,1,16,1,split_cin,128,16,20,20,12,1,none,0,0,1,5,0,40,2,1,1,1,non_inclusive,lru,13812586,302864,13509722,40160,4845824,0.008288,3424,4805664,0.000712,4802240,76835840,0,0,0,0,0,19216,216118776,19608,216157600,216137992,216137992,0,0.000000,0,0,0,0,0,0,0,0,0,0.000000,0.999577,0,0,0.000000,79.336996,1,1,1,10,15,16,0,0,24105344,1.745172,12.688108,2274,3431
V9,4,C2,4,w5d-V9-s4-C2-b4,,cache,baseline,loas,16,vgg16_T4_n5,layer_09_features_30,4,16384,8,1024,128,524288,16,32768,2048,16,1,16,1,split_cin,128,16,20,20,12,1,none,0,0,1,5,0,40,4,1,1,1,non_inclusive,lru,13812154,302864,13509290,40160,4845824,0.008288,3424,4805664,0.000712,4802240,76835840,0,0,0,0,0,17120,216116160,17408,216150688,216133280,216133280,0,0.000000,0,0,0,0,0,0,0,0,0,0.000000,0.999577,0,0,0.000000,158.673992,1,1,1,10,15,16,0,0,24105344,1.745227,12.507320,2274,3431
V9,4,C2,8,w5d-V9-s4-C2-b8,,cache,baseline,loas,16,vgg16_T4_n5,layer_09_features_30,4,16384,8,1024,128,524288,16,32768,2048,16,1,16,1,split_cin,128,16,20,20,12,1,none,0,0,1,5,0,40,8,1,1,1,non_inclusive,lru,13812154,302864,13509290,40160,4845824,0.008288,3424,4805664,0.000712,4802240,76835840,0,0,0,0,0,17120,216116160,17408,216150688,216133280,216133280,0,0.000000,0,0,0,0,0,0,0,0,0,0.000000,0.999577,0,0,0.000000,317.347985,1,1,1,10,15,16,0,0,24105344,1.745227,13.067695,2274,3431
V9,4,C3,1,w5d-V9-s4-C3-b1,,cache,baseline,loas,16,vgg16_T4_n5,layer_09_features_30,4,16384,1024,1024,1,524288,16,32768,2048,16,1,16,1,split_cin,1,16,20,20,12,1,none,0,0,1,5,0,40,1,1,1,1,non_inclusive,lru,13855232,302864,13552368,27840,4845824,0.005745,64,4817984,0.000013,4817920,77086720,0,0,0,0,0,452,216821918,17566,216839936,216822370,216822370,0,0.000000,0,0,0,0,0,0,0,0,0,0.000000,0.999577,0,0,0.000000,39.770194,1,1,1,10,15,16,0,0,24145664,1.742711,84.348556,2274,3431
V9,4,C3,2,w5d-V9-s4-C3-b2,,cache,baseline,loas,16,vgg16_T4_n5,layer_09_features_30,4,16384,1024,1024,1,524288,16,32768,2048,16,1,16,1,split_cin,1,16,20,20,12,1,none,0,0,1,5,0,40,2,1,1,1,non_inclusive,lru,13855232,302864,13552368,27840,4845824,0.005745,64,4817984,0.000013,4817920,77086720,0,0,0,0,0,452,216821918,17566,216839936,216822370,216822370,0,0.000000,0,0,0,0,0,0,0,0,0,0.000000,0.999577,0,0,0.000000,79.540388,1,1,1,10,15,16,0,0,24145664,1.742711,83.748038,2274,3431
V9,4,C3,4,w5d-V9-s4-C3-b4,,cache,baseline,loas,16,vgg16_T4_n5,layer_09_features_30,4,16384,1024,1024,1,524288,16,32768,2048,16,1,16,1,split_cin,1,16,20,20,12,1,none,0,0,1,5,0,40,4,1,1,1,non_inclusive,lru,13855208,302864,13552344,27840,4845824,0.005745,64,4817984,0.000013,4817920,77086720,0,0,0,0,0,340,216821768,17444,216839552,216822108,216822108,0,0.000000,0,0,0,0,0,0,0,0,0,0.000000,0.999577,0,0,0.000000,159.080776,1,1,1,10,15,16,0,0,24145664,1.742714,83.529042,2274,3431
V9,4,C3,8,w5d-V9-s4-C3-b8,,cache,baseline,loas,16,vgg16_T4_n5,layer_09_features_30,4,16384,1024,1024,1,524288,16,32768,2048,16,1,16,1,split_cin,1,16,20,20,12,1,none,0,0,1,5,0,40,8,1,1,1,non_inclusive,lru,13855204,302864,13552340,27840,4845824,0.005745,64,4817984,0.000013,4817920,77086720,0,0,0,0,0,320,216821760,17408,216839488,216822080,216822080,0,0.000000,0,0,0,0,0,0,0,0,0,0.000000,0.999577,0,0,0.000000,318.161551,1,1,1,10,15,16,0,0,24145664,1.742714,82.356968,2274,3431
V9,4,C4,1,w5d-V9-s4-C4-b1,,cache,baseline,loas,16,vgg16_T4_n5,layer_09_features_30,4,16384,8,256,32,524288,16,8192,512,64,4,16,1,split_cin,32,16,20,20,12,1,none,0,0,1,5,0,40,1,1,1,1,non_inclusive,lru,4853924,302864,4551060,3228352,4845824,0.666213,0,1617472,0.000000,1617472,103518208,0,0,0,0,0,0,72801600,17408,72819008,72801600,72801600,0,0.000000,0,0,0,0,0,0,0,0,0,0.000000,0.999577,0,0,0.011719,13.351471,1,1,1,9,15,16,0,0,14544192,2.996378,7.671292,2274,3431
V9,4,C4,2,w5d-V9-s4-C4-b2,,cache,baseline,loas,16,vgg16_T4_n5,layer_09_features_30,4,16384,8,256,32,524288,16,8192,512,64,4,16,1,split_cin,32,16,20,20,12,1,none,0,0,1,5,0,40,2,1,1,1,non_inclusive,lru,4853924,302864,4551060,3228352,4845824,0.666213,0,1617472,0.000000,1617472,103518208,0,0,0,0,0,0,72801600,17408,72819008,72801600,72801600,0,0.000000,0,0,0,0,0,0,0,0,0,0.000000,0.999577,0,0,0.011719,26.702943,1,1,1,9,15,16,0,0,14544192,2.996378,6.835459,2274,3431
V9,4,C4,4,w5d-V9-s4-C4-b4,,cache,baseline,loas,16,vgg16_T4_n5,layer_09_features_30,4,16384,8,256,32,524288,16,8192,512,64,4,16,1,split_cin,32,16,20,20,12,1,none,0,0,1,5,0,40,4,1,1,1,non_inclusive,lru,4853924,302864,4551060,3228352,4845824,0.666213,0,1617472,0.000000,1617472,103518208,0,0,0,0,0,0,72801600,17408,72819008,72801600,72801600,0,0.000000,0,0,0,0,0,0,0,0,0,0.000000,0.999577,0,0,0.011719,53.405885,1,1,1,9,15,16,0,0,14544192,2.996378,6.749839,2274,3431
V9,4,C4,8,w5d-V9-s4-C4-b8,,cache,baseline,loas,16,vgg16_T4_n5,layer_09_features_30,4,16384,8,256,32,524288,16,8192,512,64,4,16,1,split_cin,32,16,20,20,12,1,none,0,0,1,5,0,40,8,1,1,1,non_inclusive,lru,4853924,302864,4551060,3228352,4845824,0.666213,0,1617472,0.000000,1617472,103518208,0,0,0,0,0,0,72801600,17408,72819008,72801600,72801600,0,0.000000,0,0,0,0,0,0,0,0,0,0.000000,0.999577,0,0,0.011719,106.811770,1,1,1,9,15,16,0,0,14544192,2.996378,6.646634,2274,3431
V9,4,C5,1,w5d-V9-s4-C5-b1,,cache,baseline,loas,16,vgg16_T4_n5,layer_09_features_30,4,16384,8,1024,128,524288,16,32768,2048,16,1,16,1,split_cin,128,16,20,20,12,1,next_burst,4,0,1,5,0,40,1,1,1,1,non_inclusive,lru,10823052,302864,10520188,248832,4845824,0.051350,0,2048,0.000000,4802240,76835840,0,0,49094,0,0,168091348,107520,77094,168325056,168247962,857337974,689090012,0.803755,4843776,208672,4594944,0,40160,0,0,0,0,0.991290,0.999577,0,0,0.000000,37.946009,4,5,5,18,19,20,60,0,33746808,3.118049,19.699938,2274,3431
V9,4,C5,2,w5d-V9-s4-C5-b2,,cache,baseline,loas,16,vgg16_T4_n5,layer_09_features_30,4,16384,8,1024,128,524288,16,32768,2048,16,1,16,1,split_cin,128,16,20,20,12,1,next_burst,4,0,1,5,0,40,2,1,1,1,non_inclusive,lru,10811358,302864,10508494,215130,4845824,0.044395,0,2780,0.000000,4802240,76835840,0,0,48950,71040,0,167869182,70920,77860,168137952,168060092,856494478,688434386,0.803781,4843776,174970,4628646,0,40160,0,0,0,0,0.991290,0.999577,0,0,0.000000,76.448406,4,5,5,18,19,20,60,0,33746826,3.121423,20.121173,2274,3431
V9,4,C5,4,w5d-V9-s4-C5-b4,,cache,baseline,loas,16,vgg16_T4_n5,layer_09_features_30,4,16384,8,1024,128,524288,16,32768,2048,16,1,16,1,split_cin,128,16,20,20,12,1,next_burst,4,0,1,5,0,40,4,1,1,1,non_inclusive,lru,10811034,302864,10508170,382710,4845824,0.078977,0,3268,0.000000,4802240,76835840,0,0,73834,148230,0,167777548,43592,89564,168132768,168043204,856443490,688400286,0.803790,4843776,342550,4461066,0,40160,0,0,0,0,0.991290,0.999577,0,0,0.000000,147.363635,4,5,5,17,19,20,60,0,33746776,3.121512,19.739473,2274,3431
V9,4,C5,8,w5d-V9-s4-C5-b8,,cache,baseline,loas,16,vgg16_T4_n5,layer_09_features_30,4,16384,8,1024,128,524288,16,32768,2048,16,1,16,1,split_cin,128,16,20,20,12,1,next_burst,4,0,1,5,0,40,8,1,1,1,non_inclusive,lru,10810026,302864,10507162,427350,4845824,0.088189,0,3268,0.000000,4802240,76835840,0,0,96810,164130,0,167711458,43910,100332,168116640,168016308,856425752,688409444,0.803817,4843776,387190,4416426,0,40160,0,0,0,0,0.991290,0.999577,0,0,0.000000,291.779413,4,5,5,16,19,20,60,0,33746716,3.121798,21.056363,2274,3431
V9,4,C6,1,w5d-V9-s4-C6-b1,,cache,baseline,loas,16,vgg16_T4_n5,layer_09_features_30,4,16384,8,256,32,524288,16,8192,512,64,4,16,1,split_cin,32,16,20,20,12,1,next_burst,4,0,1,5,0,40,1,1,1,1,non_inclusive,lru,3696126,302864,3393262,3397782,4845824,0.701177,0,1952,0.000000,1617472,103518208,0,0,2007976,0,0,51956680,102480,227104,54294240,54067136,122716498,68649362,0.559414,4843776,169430,1446090,0,74376,3153880,0,0,0,0.333384,0.999577,0,0,0.011719,11.952906,2,3,4,17,19,20,42,0,20996358,5.680639,12.834459,2274,3431
V9,4,C6,2,w5d-V9-s4-C6-b2,,cache,baseline,loas,16,vgg16_T4_n5,layer_09_features_30,4,16384,8,256,32,524288,16,8192,512,64,4,16,1,split_cin,32,16,20,20,12,1,next_burst,4,0,1,5,0,40,2,1,1,1,non_inclusive,lru,3661636,302864,3358772,3389036,4845824,0.699372,0,2504,0.000000,1617472,103518208,0,0,1990332,51976,0,51357092,74740,268260,53742400,53474140,121260562,67786422,0.559015,4843776,160684,1454836,0,75350,3152906,0,0,0,0.333384,0.999577,0,0,0.011719,24.050201,2,3,4,18,19,20,44,0,20996776,5.734261,12.570683,2274,3431
V9,4,C6,4,w5d-V9-s4-C6-b4,,cache,baseline,loas,16,vgg16_T4_n5,layer_09_features_30,4,16384,8,256,32,524288,16,8192,512,64,4,16,1,split_cin,32,16,20,20,12,1,next_burst,4,0,1,5,0,40,4,1,1,1,non_inclusive,lru,3658788,302864,3355924,3385044,4845824,0.698549,0,2568,0.000000,1617472,103518208,0,0,1981144,60272,0,51298230,71252,285934,53696832,53410898,120984346,67573448,0.558531,4843776,156692,1458828,0,78170,3150086,0,0,0,0.333384,0.999577,0,0,0.011719,48.232210,2,3,4,17,19,20,41,0,20995540,5.738387,13.151224,2274,3431
V9,4,C6,8,w5d-V9-s4-C6-b8,,cache,baseline,loas,16,vgg16_T4_n5,layer_09_features_30,4,16384,8,256,32,524288,16,8192,512,64,4,16,1,split_cin,32,16,20,20,12,1,next_burst,4,0,1,5,0,40,8,1,1,1,non_inclusive,lru,3660772,302864,3357908,3386188,4845824,0.698785,0,2568,0.000000,1617472,103518208,0,0,1982652,60272,0,51276086,71252,338314,53728576,53390262,120914674,67524412,0.558447,4843776,157836,1457684,0,72176,3156080,0,0,0,0.333384,0.999577,0,0,0.011719,96.388874,2,3,4,17,19,20,41,0,20994478,5.734987,12.781631,2274,3431
