_tag,_sample,_config,_banks,_mshrs,run_id,git_commit,arm,tier,arch,n_cores,workload,layer,sample_idx,l1_size_bytes,l1_assoc,l1_num_lines,l1_num_sets,l2_size_bytes,l2_assoc,l2_num_lines,l2_num_sets,line_size_bytes,cin_block,cout_block,weight_bytes,layout,cin_lo_blocks,l1_mshrs,l1_tgts_per_mshr,l2_mshrs,l2_tgts_per_mshr,l1_demand_reserve,prefetch_policy,prefetch_distance,l1_latency,l1_ii,l2_latency,l2_to_l1_latency,l2_miss_latency,l2_banks,l2_ii,dram_ii,core_accept_ii,inclusion,policy,total_cycles,tick_base_total,stretch_cycles,l1_hits,l1_accesses,l1_hit_rate,l2_hits,l2_accesses,l2_hit_rate,dram_accesses,dram_bytes,stall_l1_slot,stall_l1_line,stall_l1_port,stall_l2_slot,stall_l2_line,stall_l2_port,stall_channel,stall_barrier,stall_total,core_stall_sum,fetch_latency_sum,hidden_latency,hidden_fraction,pf_issued,pf_timely,pf_late,pf_wasted,pf_dropped_array_hit,pf_dropped_matching,pf_dropped_no_slot,pf_dropped_targets_full,pf_dropped_reserve,pf_coverage,pf_coverage_ceiling,pf_budget_exhausted,pf_pollution_evictions,padding_fraction,port_bound_threshold,l1_mshr_occ_p50,l1_mshr_occ_p95,l1_mshr_occ_max,l2_mshr_occ_p50,l2_mshr_occ_p95,l2_mshr_occ_max,max_wait_depth,hits_downgraded_to_miss,events,events_per_cycle,sim_wall_seconds,distinct_addr_per_core_tile_p50,distinct_addr_per_core_tile_max
R16,0,C5,1,32,w5g-R16-s0-C5-b1-m32,,cache,baseline,loas,16,resnet19_T4_n5,layer_16_layer3_0_conv2,0,16384,8,1024,128,524288,16,32768,2048,16,1,16,1,split_cin,128,16,20,32,12,1,next_burst,4,0,1,8,0,24,1,1,1,1,non_inclusive,lru,1908371,123108,1785263,379563,1969728,0.192698,416,784,0.530612,1474816,23597056,0,0,113910,0,0,28382144,14536,54642,28565232,28510590,147143547,118632957,0.806240,1968704,315179,1589381,0,64144,0,0,0,0,0.966915,0.999480,0,0,0.000000,19.375244,4,5,5,22,24,24,0,0,11193728,5.865593,9.923892,1842,2854
R16,0,C5,1,64,w5g-R16-s0-C5-b1-m64,,cache,baseline,loas,16,resnet19_T4_n5,layer_16_layer3_0_conv2,0,16384,8,1024,128,524288,16,32768,2048,16,1,16,1,split_cin,128,16,20,64,12,1,next_burst,4,0,1,8,0,24,1,1,1,1,non_inclusive,lru,1908371,123108,1785263,379563,1969728,0.192698,416,784,0.530612,1474816,23597056,0,0,113910,0,0,28382144,14536,54642,28565232,28510590,147143547,118632957,0.806240,1968704,315179,1589381,0,64144,0,0,0,0,0.966915,0.999480,0,0,0.000000,19.375244,4,5,5,22,24,24,0,0,11193728,5.865593,9.197632,1842,2854
R16,0,C5,2,32,w5g-R16-s0-C5-b2-m32,,cache,baseline,loas,16,resnet19_T4_n5,layer_16_layer3_0_conv2,0,16384,8,1024,128,524288,16,32768,2048,16,1,16,1,split_cin,128,16,20,32,12,1,next_burst,4,0,1,8,0,24,2,1,1,1,non_inclusive,lru,1725872,123108,1602764,744289,1969728,0.377864,416,784,0.530612,1474816,23597056,0,0,280525,0,0,25188516,16548,159659,25645248,25485589,133023247,107537658,0.808413,1968704,679905,1224655,0,64144,0,0,0,0,0.966915,0.999480,0,0,0.000000,29.862535,4,5,5,21,27,32,44,0,12425288,7.199426,11.541785,1842,2854
R16,0,C5,2,64,w5g-R16-s0-C5-b2-m64,,cache,baseline,loas,16,resnet19_T4_n5,layer_16_layer3_0_conv2,0,16384,8,1024,128,524288,16,32768,2048,16,1,16,1,split_cin,128,16,20,64,12,1,next_burst,4,0,1,8,0,24,2,1,1,1,non_inclusive,lru,1522227,123108,1399119,670866,1969728,0.340588,416,784,0.530612,1474816,23597056,0,0,264113,0,0,21959998,16548,146269,22386928,22240659,116952206,94711547,0.809831,1968704,606482,1298078,0,64144,0,0,0,0,0.966915,0.999480,0,0,0.000000,31.651769,4,5,5,55,63,64,6,0,11649404,7.652869,10.823141,1842,2854
R16,0,C5,4,32,w5g-R16-s0-C5-b4-m32,,cache,baseline,loas,16,resnet19_T4_n5,layer_16_layer3_0_conv2,0,16384,8,1024,128,524288,16,32768,2048,16,1,16,1,split_cin,128,16,20,32,12,1,next_burst,4,0,1,8,0,24,4,1,1,1,non_inclusive,lru,1532548,123108,1409440,654448,1969728,0.332253,416,872,0.477064,1474816,23597056,0,0,279804,6318,0,22140369,12952,112621,22552064,22439443,118039467,95600024,0.809899,1968704,590064,1314496,0,64144,0,0,0,0,0.966915,0.999480,0,0,0.000000,64.103714,4,5,5,24,25,32,43,0,12551526,8.189973,11.262438,1842,2854
R16,0,C5,4,64,w5g-R16-s0-C5-b4-m64,,cache,baseline,loas,16,resnet19_T4_n5,layer_16_layer3_0_conv2,0,16384,8,1024,128,524288,16,32768,2048,16,1,16,1,split_cin,128,16,20,64,12,1,next_burst,4,0,1,8,0,24,4,1,1,1,non_inclusive,lru,1495779,123108,1372671,599067,1969728,0.304137,416,784,0.530612,1474816,23597056,0,0,257733,0,0,21590333,19098,96596,21963760,21867164,115214878,93347714,0.810205,1968704,534683,1369877,0,64144,0,0,0,0,0.966915,0.999480,0,0,0.000000,66.802856,4,5,5,55,62,64,7,0,11860408,7.929252,10.943580,1842,2854
R16,0,C5,8,32,w5g-R16-s0-C5-b8-m32,,cache,baseline,loas,16,resnet19_T4_n5,layer_16_layer3_0_conv2,0,16384,8,1024,128,524288,16,32768,2048,16,1,16,1,split_cin,128,16,20,32,12,1,next_burst,4,0,1,8,0,24,8,1,1,1,non_inclusive,lru,1512316,123108,1389208,605023,1969728,0.307161,416,958,0.434238,1474816,23597056,0,0,263951,14074,0,21855472,8744,86111,22228352,22142241,116572751,94430510,0.810056,1968704,540639,1363921,0,64144,0,0,0,0,0.966915,0.999480,0,0,0.000000,133.025149,4,5,5,24,25,32,48,0,12557645,8.303585,11.036583,1842,2854
R16,0,C5,8,64,w5g-R16-s0-C5-b8-m64,,cache,baseline,loas,16,resnet19_T4_n5,layer_16_layer3_0_conv2,0,16384,8,1024,128,524288,16,32768,2048,16,1,16,1,split_cin,128,16,20,64,12,1,next_burst,4,0,1,8,0,24,8,1,1,1,non_inclusive,lru,1495711,123108,1372603,573152,1969728,0.290980,416,810,0.513580,1474816,23597056,0,0,251854,2561,0,21609364,20257,78636,21962672,21884036,115302506,93418470,0.810203,1968704,508768,1395792,0,64144,0,0,0,0,0.966915,0.999480,0,0,0.000000,136.131787,4,5,5,55,62,64,16,0,11896431,7.953696,10.664623,1842,2854
R16,0,C6,1,32,w5g-R16-s0-C6-b1-m32,,cache,baseline,loas,16,resnet19_T4_n5,layer_16_layer3_0_conv2,0,16384,8,256,32,524288,16,8192,512,64,4,16,1,split_cin,32,16,20,32,12,1,next_burst,4,0,1,8,0,24,1,1,1,1,non_inclusive,lru,828734,123108,705626,1270049,1969728,0.644784,64,976,0.065574,768560,49187840,0,0,662972,0,0,10490285,36024,101759,11291040,11189281,30589462,19400181,0.634211,1968704,93521,698703,0,16196,1160284,0,0,0,0.402200,0.999480,0,0,0.110460,8.525185,2,3,5,23,24,24,0,0,8263184,9.970852,6.846121,1842,2854
R16,0,C6,1,64,w5g-R16-s0-C6-b1-m64,,cache,baseline,loas,16,resnet19_T4_n5,layer_16_layer3_0_conv2,0,16384,8,256,32,524288,16,8192,512,64,4,16,1,split_cin,32,16,20,64,12,1,next_burst,4,0,1,8,0,24,1,1,1,1,non_inclusive,lru,828734,123108,705626,1270049,1969728,0.644784,64,976,0.065574,768560,49187840,0,0,662972,0,0,10490285,36024,101759,11291040,11189281,30589462,19400181,0.634211,1968704,93521,698703,0,16196,1160284,0,0,0,0.402200,0.999480,0,0,0.110460,8.525185,2,3,5,23,24,24,0,0,8263184,9.970852,7.053618,1842,2854
R16,0,C6,2,32,w5g-R16-s0-C6-b2-m32,,cache,baseline,loas,16,resnet19_T4_n5,layer_16_layer3_0_conv2,0,16384,8,256,32,524288,16,8192,512,64,4,16,1,split_cin,32,16,20,32,12,1,next_burst,4,0,1,8,0,24,2,1,1,1,non_inclusive,lru,822644,123108,699536,1273078,1969728,0.646322,64,976,0.065574,768560,49187840,0,0,661462,0,0,10318113,41924,172101,11193600,11021499,30119366,19097867,0.634073,1968704,96550,695674,0,21597,1154883,0,0,0,0.402200,0.999480,0,0,0.110460,16.976557,2,3,5,25,30,32,23,0,8326187,10.121252,7.415699,1842,2854
R16,0,C6,2,64,w5g-R16-s0-C6-b2-m64,,cache,baseline,loas,16,resnet19_T4_n5,layer_16_layer3_0_conv2,0,16384,8,256,32,524288,16,8192,512,64,4,16,1,split_cin,32,16,20,64,12,1,next_burst,4,0,1,8,0,24,2,1,1,1,non_inclusive,lru,816969,123108,693861,1283404,1969728,0.651564,64,976,0.065574,768560,49187840,0,0,682788,0,0,10236208,41924,141880,11102800,10960920,29985160,19024240,0.634455,1968704,106876,685348,0,18531,1157949,0,0,0,0.402200,0.999480,0,0,0.110460,16.724924,2,3,5,26,35,57,0,0,8263184,10.114440,7.298374,1842,2854
R16,0,C6,4,32,w5g-R16-s0-C6-b4-m32,,cache,baseline,loas,16,resnet19_T4_n5,layer_16_layer3_0_conv2,0,16384,8,256,32,524288,16,8192,512,64,4,16,1,split_cin,32,16,20,32,12,1,next_burst,4,0,1,8,0,24,4,1,1,1,non_inclusive,lru,815470,123108,692362,1265252,1969728,0.642349,64,1044,0.061303,768560,49187840,0,0,652930,4723,0,10228018,38540,154605,11078816,10924211,29882817,18958606,0.634432,1968704,88724,703500,0,19351,1157129,0,0,0,0.402200,0.999480,0,0,0.110460,34.334536,2,3,5,25,30,32,25,0,8341743,10.229368,7.394470,1842,2854
R16,0,C6,4,64,w5g-R16-s0-C6-b4-m64,,cache,baseline,loas,16,resnet19_T4_n5,layer_16_layer3_0_conv2,0,16384,8,256,32,524288,16,8192,512,64,4,16,1,split_cin,32,16,20,64,12,1,next_burst,4,0,1,8,0,24,4,1,1,1,non_inclusive,lru,812875,123108,689767,1278530,1969728,0.649090,64,976,0.065574,768560,49187840,0,0,677367,0,0,10181761,43250,134918,11037296,10902378,29849049,18946671,0.634750,1968704,102002,690222,0,16836,1159644,0,0,0,0.402200,0.999480,0,0,0.110460,33.687396,2,3,5,26,35,57,0,0,8263184,10.165381,7.426544,1842,2854
R16,0,C6,8,32,w5g-R16-s0-C6-b8-m32,,cache,baseline,loas,16,resnet19_T4_n5,layer_16_layer3_0_conv2,0,16384,8,256,32,524288,16,8192,512,64,4,16,1,split_cin,32,16,20,32,12,1,next_burst,4,0,1,8,0,24,8,1,1,1,non_inclusive,lru,813022,123108,689914,1259845,1969728,0.639604,64,1044,0.061303,768560,49187840,0,0,644242,4723,0,10220045,38540,132098,11039648,10907550,29840628,18933078,0.634473,1968704,83317,708907,0,19364,1157116,0,0,0,0.402200,0.999480,0,0,0.110460,69.196120,2,3,5,25,30,32,24,0,8345394,10.264660,7.389685,1842,2854
R16,0,C6,8,64,w5g-R16-s0-C6-b8-m64,,cache,baseline,loas,16,resnet19_T4_n5,layer_16_layer3_0_conv2,0,16384,8,256,32,524288,16,8192,512,64,4,16,1,split_cin,32,16,20,64,12,1,next_burst,4,0,1,8,0,24,8,1,1,1,non_inclusive,lru,812585,123108,689477,1272787,1969728,0.646174,64,976,0.065574,768560,49187840,0,0,667967,0,0,10202943,43250,118496,11032656,10914160,29888008,18973848,0.634831,1968704,96259,695965,0,16515,1159965,0,0,0,0.402200,0.999480,0,0,0.110460,67.934594,2,3,5,26,36,57,0,0,8263184,10.169009,7.275601,1842,2854
R16,1,C5,1,32,w5g-R16-s1-C5-b1-m32,,cache,baseline,loas,16,resnet19_T4_n5,layer_16_layer3_0_conv2,1,16384,8,1024,128,524288,16,32768,2048,16,1,16,1,split_cin,128,16,20,32,12,1,next_burst,4,0,1,8,0,24,1,1,1,1,non_inclusive,lru,1942423,125280,1817143,383409,2004480,0.191276,256,1024,0.250000,1515584,24249344,0,0,112006,0,0,28878215,30336,54755,29075312,29020557,149842016,120821459,0.806326,2003456,318433,1620047,0,64976,0,0,0,0,0.967074,0.999489,0,0,0.000000,19.409375,4,5,5,22,24,24,0,0,11407072,5.872599,9.852725,1875,2873
R16,1,C5,1,64,w5g-R16-s1-C5-b1-m64,,cache,baseline,loas,16,resnet19_T4_n5,layer_16_layer3_0_conv2,1,16384,8,1024,128,524288,16,32768,2048,16,1,16,1,split_cin,128,16,20,64,12,1,next_burst,4,0,1,8,0,24,1,1,1,1,non_inclusive,lru,1942423,125280,1817143,383409,2004480,0.191276,256,1024,0.250000,1515584,24249344,0,0,112006,0,0,28878215,30336,54755,29075312,29020557,149842016,120821459,0.806326,2003456,318433,1620047,0,64976,0,0,0,0,0.967074,0.999489,0,0,0.000000,19.409375,4,5,5,22,24,24,0,0,11407072,5.872599,9.785508,1875,2873
R16,1,C5,2,32,w5g-R16-s1-C5-b2-m32,,cache,baseline,loas,16,resnet19_T4_n5,layer_16_layer3_0_conv2,1,16384,8,1024,128,524288,16,32768,2048,16,1,16,1,split_cin,128,16,20,32,12,1,next_burst,4,0,1,8,0,24,2,1,1,1,non_inclusive,lru,1776937,125280,1651657,759917,2004480,0.379109,256,1024,0.250000,1515584,24249344,0,0,290267,0,0,25931225,35392,170652,26427536,26256884,136988316,110731432,0.808328,2003456,694941,1243539,0,64976,0,0,0,0,0.967074,0.999489,0,0,0.000000,29.802754,4,5,5,21,26,32,45,0,12728163,7.162979,10.806548,1875,2873
R16,1,C5,2,64,w5g-R16-s1-C5-b2-m64,,cache,baseline,loas,16,resnet19_T4_n5,layer_16_layer3_0_conv2,1,16384,8,1024,128,524288,16,32768,2048,16,1,16,1,split_cin,128,16,20,64,12,1,next_burst,4,0,1,8,0,24,2,1,1,1,non_inclusive,lru,1561675,125280,1436395,659307,2004480,0.328917,256,1024,0.250000,1515584,24249344,0,0,259340,0,0,22548693,35392,139919,22983344,22843425,120100131,97256706,0.809797,2003456,594331,1344149,0,64976,0,0,0,0,0.967074,0.999489,0,0,0.000000,32.211997,4,5,5,55,63,64,6,0,11826669,7.573067,11.084754,1875,2873
R16,1,C5,4,32,w5g-R16-s1-C5-b4-m32,,cache,baseline,loas,16,resnet19_T4_n5,layer_16_layer3_0_conv2,1,16384,8,1024,128,524288,16,32768,2048,16,1,16,1,split_cin,128,16,20,32,12,1,next_burst,4,0,1,8,0,24,4,1,1,1,non_inclusive,lru,1575211,125280,1449931,654305,2004480,0.326421,256,1296,0.197531,1515584,24249344,0,0,278013,20892,0,22762364,22648,116003,23199920,23083917,121406889,98322972,0.809863,2003456,589329,1349151,0,64976,0,0,0,0,0.967074,0.999489,0,0,0.000000,64.663554,4,5,5,24,25,32,42,0,12832073,8.146257,12.217117,1875,2873
R16,1,C5,4,64,w5g-R16-s1-C5-b4-m64,,cache,baseline,loas,16,resnet19_T4_n5,layer_16_layer3_0_conv2,1,16384,8,1024,128,524288,16,32768,2048,16,1,16,1,split_cin,128,16,20,64,12,1,next_burst,4,0,1,8,0,24,4,1,1,1,non_inclusive,lru,1536883,125280,1411603,591644,2004480,0.295161,256,1024,0.250000,1515584,24249344,0,0,253046,0,0,22190131,42804,100691,22586672,22485981,118456328,95970347,0.810175,2003456,526668,1411812,0,64976,0,0,0,0,0.967074,0.999489,0,0,0.000000,67.664559,4,5,5,55,62,64,8,0,12026729,7.825403,10.796891,1875,2873
R16,1,C5,8,32,w5g-R16-s1-C5-b8-m32,,cache,baseline,loas,16,resnet19_T4_n5,layer_16_layer3_0_conv2,1,16384,8,1024,128,524288,16,32768,2048,16,1,16,1,split_cin,128,16,20,32,12,1,next_burst,4,0,1,8,0,24,8,1,1,1,non_inclusive,lru,1552844,125280,1427564,596806,2004480,0.297736,256,1360,0.188235,1515584,24249344,0,0,258881,26201,0,22450049,19554,87363,22842048,22754685,119781168,97026483,0.810031,2003456,531830,1406650,0,64976,0,0,0,0,0.967074,0.999489,0,0,0.000000,134.834674,4,5,5,24,25,32,48,0,12836142,8.266215,11.579104,1875,2873
R16,1,C5,8,64,w5g-R16-s1-C5-b8-m64,,cache,baseline,loas,16,resnet19_T4_n5,layer_16_layer3_0_conv2,1,16384,8,1024,128,524288,16,32768,2048,16,1,16,1,split_cin,128,16,20,64,12,1,next_burst,4,0,1,8,0,24,8,1,1,1,non_inclusive,lru,1535389,125280,1410109,564330,2004480,0.281534,256,1042,0.245681,1515584,24249344,0,0,246542,1773,0,22190981,43982,79490,22562768,22483278,118454219,95970941,0.810194,2003456,499354,1439126,0,64976,0,0,0,0,0.967074,0.999489,0,0,0.000000,137.945402,4,5,5,55,62,64,16,0,12064988,7.857936,11.243959,1875,2873
R16,1,C6,1,32,w5g-R16-s1-C6-b1-m32,,cache,baseline,loas,16,resnet19_T4_n5,layer_16_layer3_0_conv2,1,16384,8,256,32,524288,16,8192,512,64,4,16,1,split_cin,32,16,20,32,12,1,next_burst,4,0,1,8,0,24,1,1,1,1,non_inclusive,lru,838241,125280,712961,1306554,2004480,0.651817,64,976,0.065574,769424,49243136,0,0,694621,0,0,10564518,36024,113237,11408400,11295163,30205186,18910023,0.626052,2003456,94922,696950,0,15680,1195904,0,0,0,0.395051,0.999489,0,0,0.131510,8.356394,2,3,5,23,24,24,0,0,8367600,9.982332,7.076965,1875,2873
R16,1,C6,1,64,w5g-R16-s1-C6-b1-m64,,cache,baseline,loas,16,resnet19_T4_n5,layer_16_layer3_0_conv2,1,16384,8,256,32,524288,16,8192,512,64,4,16,1,split_cin,32,16,20,64,12,1,next_burst,4,0,1,8,0,24,1,1,1,1,non_inclusive,lru,838241,125280,712961,1306554,2004480,0.651817,64,976,0.065574,769424,49243136,0,0,694621,0,0,10564518,36024,113237,11408400,11295163,30205186,18910023,0.626052,2003456,94922,696950,0,15680,1195904,0,0,0,0.395051,0.999489,0,0,0.131510,8.356394,2,3,5,23,24,24,0,0,8367600,9.982332,7.092851,1875,2873
R16,1,C6,2,32,w5g-R16-s1-C6-b2-m32,,cache,baseline,loas,16,resnet19_T4_n5,layer_16_layer3_0_conv2,1,16384,8,256,32,524288,16,8192,512,64,4,16,1,split_cin,32,16,20,32,12,1,next_burst,4,0,1,8,0,24,2,1,1,1,non_inclusive,lru,830198,125280,704918,1310346,2004480,0.653709,64,976,0.065574,769424,49243136,0,0,695988,0,0,10384594,40444,158686,11279712,11121026,29755023,18633997,0.626247,2003456,98714,693158,0,21374,1190210,0,0,0,0.395051,0.999489,0,0,0.131510,16.621983,2,3,5,25,30,32,22,0,8418394,10.140224,7.316047,1875,2873
R16,1,C6,2,64,w5g-R16-s1-C6-b2-m64,,cache,baseline,loas,16,resnet19_T4_n5,layer_16_layer3_0_conv2,1,16384,8,256,32,524288,16,8192,512,64,4,16,1,split_cin,32,16,20,64,12,1,next_burst,4,0,1,8,0,24,2,1,1,1,non_inclusive,lru,827391,125280,702111,1319426,2004480,0.658239,64,976,0.065574,769424,49243136,0,0,713857,0,0,10327744,40444,152755,11234800,11082045,29670211,18588166,0.626493,2003456,107794,684078,0,18691,1192893,0,0,0,0.395051,0.999489,0,0,0.131510,16.404550,2,3,5,25,34,54,0,0,8367600,10.113235,7.272750,1875,2873
R16,1,C6,4,32,w5g-R16-s1-C6-b4-m32,,cache,baseline,loas,16,resnet19_T4_n5,layer_16_layer3_0_conv2,1,16384,8,256,32,524288,16,8192,512,64,4,16,1,split_cin,32,16,20,32,12,1,next_burst,4,0,1,8,0,24,4,1,1,1,non_inclusive,lru,824816,125280,699536,1302237,2004480,0.649663,64,1040,0.061538,769424,49243136,0,0,685462,4455,0,10304762,38264,160657,11193600,11032943,29532508,18499565,0.626414,2003456,90605,701267,0,19659,1191925,0,0,0,0.395051,0.999489,0,0,0.131510,33.632328,2,3,5,25,30,32,22,0,8428307,10.218409,7.047828,1875,2873
R16,1,C6,4,64,w5g-R16-s1-C6-b4-m64,,cache,baseline,loas,16,resnet19_T4_n5,layer_16_layer3_0_conv2,1,16384,8,256,32,524288,16,8192,512,64,4,16,1,split_cin,32,16,20,64,12,1,next_burst,4,0,1,8,0,24,4,1,1,1,non_inclusive,lru,823353,125280,698073,1313558,2004480,0.655311,64,976,0.065574,769424,49243136,0,0,706219,0,0,10280310,42706,140957,11170192,11029235,29558886,18529651,0.626872,2003456,101926,689946,0,16266,1195318,0,0,0,0.395051,0.999489,0,0,0.131510,33.090134,2,3,5,25,34,54,0,0,8367600,10.162834,6.997236,1875,2873
R16,1,C6,8,32,w5g-R16-s1-C6-b8-m32,,cache,baseline,loas,16,resnet19_T4_n5,layer_16_layer3_0_conv2,1,16384,8,256,32,524288,16,8192,512,64,4,16,1,split_cin,32,16,20,32,12,1,next_burst,4,0,1,8,0,24,8,1,1,1,non_inclusive,lru,824864,125280,699584,1296948,2004480,0.647025,64,1040,0.061538,769424,49243136,0,0,677276,4455,0,10325296,38264,149077,11194368,11045291,29566839,18521548,0.626430,2003456,85316,706556,0,19736,1191848,0,0,0,0.395051,0.999489,0,0,0.131510,67.771264,2,3,5,25,30,32,23,0,8435390,10.226401,7.855795,1875,2873
R16,1,C6,8,64,w5g-R16-s1-C6-b8-m64,,cache,baseline,loas,16,resnet19_T4_n5,layer_16_layer3_0_conv2,1,16384,8,256,32,524288,16,8192,512,64,4,16,1,split_cin,32,16,20,64,12,1,next_burst,4,0,1,8,0,24,8,1,1,1,non_inclusive,lru,822479,125280,697199,1308452,2004480,0.652764,64,976,0.065574,769424,49243136,0,0,697555,0,0,10304251,42706,111696,11156208,11044512,29607527,18563015,0.626969,2003456,96820,695052,0,15970,1195614,0,0,0,0.395051,0.999489,0,0,0.131510,66.669349,2,3,5,25,35,54,0,0,8367600,10.173634,7.287369,1875,2873
R16,2,C5,1,32,w5g-R16-s2-C5-b1-m32,,cache,baseline,loas,16,resnet19_T4_n5,layer_16_layer3_0_conv2,2,16384,8,1024,128,524288,16,32768,2048,16,1,16,1,split_cin,128,16,20,32,12,1,next_burst,4,0,1,8,0,24,1,1,1,1,non_inclusive,lru,1962804,126572,1836232,378186,2025152,0.186745,112,976,0.114754,1535856,24573696,0,0,108951,0,0,29181771,34128,55886,29380736,29324850,151409731,122084881,0.806321,2024128,312842,1645990,0,65296,0,0,0,0,0.967252,0.999494,0,0,0.000000,19.518132,4,5,5,22,24,24,0,0,11529968,5.874233,10.065168,1904,2925
R16,2,C5,1,64,w5g-R16-s2-C5-b1-m64,,cache,baseline,loas,16,resnet19_T4_n5,layer_16_layer3_0_conv2,2,16384,8,1024,128,524288,16,32768,2048,16,1,16,1,split_cin,128,16,20,64,12,1,next_burst,4,0,1,8,0,24,1,1,1,1,non_inclusive,lru,1962804,126572,1836232,378186,2025152,0.186745,112,976,0.114754,1535856,24573696,0,0,108951,0,0,29181771,34128,55886,29380736,29324850,151409731,122084881,0.806321,2024128,312842,1645990,0,65296,0,0,0,0,0.967252,0.999494,0,0,0.000000,19.518132,4,5,5,22,24,24,0,0,11529968,5.874233,9.744387,1904,2925
R16,2,C5,2,32,w5g-R16-s2-C5-b2-m32,,cache,baseline,loas,16,resnet19_T4_n5,layer_16_layer3_0_conv2,2,16384,8,1024,128,524288,16,32768,2048,16,1,16,1,split_cin,128,16,20,32,12,1,next_burst,4,0,1,8,0,24,2,1,1,1,non_inclusive,lru,1800511,126572,1673939,741357,2025152,0.366075,112,976,0.114754,1535856,24573696,0,0,281336,0,0,26293019,39738,169955,26784048,26614093,138832109,112218016,0.808300,2024128,676013,1282819,0,65296,0,0,0,0,0.967252,0.999494,0,0,0.000000,30.428412,4,5,5,21,26,32,43,0,12878266,7.152562,11.863578,1904,2925
R16,2,C5,2,64,w5g-R16-s2-C5-b2-m64,,cache,baseline,loas,16,resnet19_T4_n5,layer_16_layer3_0_conv2,2,16384,8,1024,128,524288,16,32768,2048,16,1,16,1,split_cin,128,16,20,64,12,1,next_burst,4,0,1,8,0,24,2,1,1,1,non_inclusive,lru,1586013,126572,1459441,668896,2025152,0.330294,112,976,0.114754,1535856,24573696,0,0,265331,0,0,22902784,39738,144227,23352080,23207853,121968773,98760920,0.809723,2024128,603552,1355280,0,65296,0,0,0,0,0.967252,0.999494,0,0,0.000000,32.145877,4,5,5,55,63,64,6,0,11983747,7.555895,10.290354,1904,2925
R16,2,C5,4,32,w5g-R16-s2-C5-b4-m32,,cache,baseline,loas,16,resnet19_T4_n5,layer_16_layer3_0_conv2,2,16384,8,1024,128,524288,16,32768,2048,16,1,16,1,split_cin,128,16,20,32,12,1,next_burst,4,0,1,8,0,24,4,1,1,1,non_inclusive,lru,1597329,126572,1470757,659310,2025152,0.325561,112,1230,0.091057,1535856,24573696,0,0,283708,18832,0,23085079,28016,117501,23533136,23415635,123130582,99714947,0.809831,2024128,593966,1364866,0,65296,0,0,0,0,0.967252,0.999494,0,0,0.000000,64.746168,4,5,5,24,25,32,43,0,12978071,8.124858,10.497718,1904,2925
R16,2,C5,4,64,w5g-R16-s2-C5-b4-m64,,cache,baseline,loas,16,resnet19_T4_n5,layer_16_layer3_0_conv2,2,16384,8,1024,128,524288,16,32768,2048,16,1,16,1,split_cin,128,16,20,64,12,1,next_burst,4,0,1,8,0,24,4,1,1,1,non_inclusive,lru,1558760,126572,1432188,600634,2025152,0.296587,112,976,0.114754,1535856,24573696,0,0,260028,0,0,22503478,46760,105766,22916032,22810266,120144188,97333922,0.810143,2024128,535290,1423542,0,65296,0,0,0,0,0.967252,0.999494,0,0,0.000000,67.527636,4,5,5,55,62,64,8,0,12179246,7.813420,10.121910,1904,2925
R16,2,C5,8,32,w5g-R16-s2-C5-b8-m32,,cache,baseline,loas,16,resnet19_T4_n5,layer_16_layer3_0_conv2,2,16384,8,1024,128,524288,16,32768,2048,16,1,16,1,split_cin,128,16,20,32,12,1,next_burst,4,0,1,8,0,24,8,1,1,1,non_inclusive,lru,1574519,126572,1447947,611788,2025152,0.302095,112,1343,0.083395,1535856,24573696,0,0,267722,29643,0,22758923,22403,89485,23168176,23078691,121472323,98393632,0.810009,2024128,546444,1412388,0,65296,0,0,0,0,0.967252,0.999494,0,0,0.000000,133.997788,4,5,5,24,25,32,48,0,12979957,8.243760,10.585193,1904,2925
R16,2,C5,8,64,w5g-R16-s2-C5-b8-m64,,cache,baseline,loas,16,resnet19_T4_n5,layer_16_layer3_0_conv2,2,16384,8,1024,128,524288,16,32768,2048,16,1,16,1,split_cin,128,16,20,64,12,1,next_burst,4,0,1,8,0,24,8,1,1,1,non_inclusive,lru,1557577,126572,1431005,578757,2025152,0.285784,112,1034,0.108317,1535856,24573696,0,0,254661,5713,0,22509717,46317,80696,22897104,22816408,120183001,97366593,0.810153,2024128,513413,1445419,0,65296,0,0,0,0,0.967252,0.999494,0,0,0.000000,137.129381,4,5,5,55,62,64,16,0,12226537,7.849716,10.738818,1904,2925
R16,2,C6,1,32,w5g-R16-s2-C6-b1-m32,,cache,baseline,loas,16,resnet19_T4_n5,layer_16_layer3_0_conv2,2,16384,8,256,32,524288,16,8192,512,64,4,16,1,split_cin,32,16,20,32,12,1,next_burst,4,0,1,8,0,24,1,1,1,1,non_inclusive,lru,844492,126572,717920,1321703,2025152,0.652644,64,976,0.065574,774688,49580032,0,0,708681,0,0,10631794,36024,111245,11487744,11376499,30322905,18946406,0.624822,2024128,94791,702473,0,14874,1211990,0,0,0,0.393681,0.999494,0,0,0.139540,8.336548,2,3,5,23,24,24,0,0,8445664,10.000881,7.816744,1904,2925
R16,2,C6,1,64,w5g-R16-s2-C6-b1-m64,,cache,baseline,loas,16,resnet19_T4_n5,layer_16_layer3_0_conv2,2,16384,8,256,32,524288,16,8192,512,64,4,16,1,split_cin,32,16,20,64,12,1,next_burst,4,0,1,8,0,24,1,1,1,1,non_inclusive,lru,844492,126572,717920,1321703,2025152,0.652644,64,976,0.065574,774688,49580032,0,0,708681,0,0,10631794,36024,111245,11487744,11376499,30322905,18946406,0.624822,2024128,94791,702473,0,14874,1211990,0,0,0,0.393681,0.999494,0,0,0.139540,8.336548,2,3,5,23,24,24,0,0,8445664,10.000881,7.415008,1904,2925
R16,2,C6,2,32,w5g-R16-s2-C6-b2-m32,,cache,baseline,loas,16,resnet19_T4_n5,layer_16_layer3_0_conv2,2,16384,8,256,32,524288,16,8192,512,64,4,16,1,split_cin,32,16,20,32,12,1,next_burst,4,0,1,8,0,24,2,1,1,1,non_inclusive,lru,836712,126572,710140,1324649,2025152,0.654099,64,976,0.065574,774688,49580032,0,0,706943,0,0,10455297,41205,159819,11363264,11203445,29864255,18660810,0.624854,2024128,97737,699527,0,20052,1206812,0,0,0,0.393681,0.999494,0,0,0.139540,16.603269,2,3,5,24,30,32,19,0,8497316,10.155604,7.592812,1904,2925
R16,2,C6,2,64,w5g-R16-s2-C6-b2-m64,,cache,baseline,loas,16,resnet19_T4_n5,layer_16_layer3_0_conv2,2,16384,8,256,32,524288,16,8192,512,64,4,16,1,split_cin,32,16,20,64,12,1,next_burst,4,0,1,8,0,24,2,1,1,1,non_inclusive,lru,833687,126572,707115,1330642,2025152,0.657058,64,976,0.065574,774688,49580032,0,0,719033,0,0,10399888,41205,154738,11314864,11160126,29770038,18609912,0.625122,2024128,103730,693534,0,17410,1209454,0,0,0,0.393681,0.999494,0,0,0.139540,16.461224,2,3,5,25,34,54,0,0,8445664,10.130497,7.344037,1904,2925
R16,2,C6,4,32,w5g-R16-s2-C6-b4-m32,,cache,baseline,loas,16,resnet19_T4_n5,layer_16_layer3_0_conv2,2,16384,8,256,32,524288,16,8192,512,64,4,16,1,split_cin,32,16,20,32,12,1,next_burst,4,0,1,8,0,24,4,1,1,1,non_inclusive,lru,830732,126572,704160,1314449,2025152,0.649062,64,1028,0.062257,774688,49580032,0,0,692954,3575,0,10372555,39021,159479,11267584,11108105,29612365,18504260,0.624883,2024128,87537,709727,0,18160,1208704,0,0,0,0.393681,0.999494,0,0,0.139540,33.690058,2,3,5,24,30,32,22,0,8506746,10.240061,7.529489,1904,2925
R16,2,C6,4,64,w5g-R16-s2-C6-b4-m64,,cache,baseline,loas,16,resnet19_T4_n5,layer_16_layer3_0_conv2,2,16384,8,256,32,524288,16,8192,512,64,4,16,1,split_cin,32,16,20,64,12,1,next_burst,4,0,1,8,0,24,4,1,1,1,non_inclusive,lru,828862,126572,702290,1325407,2025152,0.654473,64,976,0.065574,774688,49580032,0,0,713670,0,0,10341316,42583,140095,11237664,11097569,29610341,18512772,0.625213,2024128,98495,698769,0,15654,1211210,0,0,0,0.393681,0.999494,0,0,0.139540,33.170606,2,3,5,25,34,54,0,0,8445664,10.189469,7.343476,1904,2925
R16,2,C6,8,32,w5g-R16-s2-C6-b8-m32,,cache,baseline,loas,16,resnet19_T4_n5,layer_16_layer3_0_conv2,2,16384,8,256,32,524288,16,8192,512,64,4,16,1,split_cin,32,16,20,32,12,1,next_burst,4,0,1,8,0,24,8,1,1,1,non_inclusive,lru,830769,126572,704197,1307405,2025152,0.645584,64,1028,0.062257,774688,49580032,0,0,682752,3575,0,10390638,39021,152190,11268176,11115986,29640143,18524157,0.624969,2024128,80493,716771,0,18333,1208531,0,0,0,0.393681,0.999494,0,0,0.139540,68.047941,2,3,5,24,30,32,22,0,8514531,10.248975,7.431085,1904,2925
R16,2,C6,8,64,w5g-R16-s2-C6-b8-m64,,cache,baseline,loas,16,resnet19_T4_n5,layer_16_layer3_0_conv2,2,16384,8,256,32,524288,16,8192,512,64,4,16,1,split_cin,32,16,20,64,12,1,next_burst,4,0,1,8,0,24,8,1,1,1,non_inclusive,lru,828975,126572,702403,1321288,2025152,0.652439,64,976,0.065574,774688,49580032,0,0,707665,0,0,10362416,42583,126808,11239472,11112664,29656150,18543486,0.625283,2024128,94376,702888,0,15470,1211394,0,0,0,0.393681,0.999494,0,0,0.139540,66.731726,2,3,5,25,35,54,0,0,8445664,10.188080,7.647462,1904,2925
R16,3,C5,1,32,w5g-R16-s3-C5-b1-m32,,cache,baseline,loas,16,resnet19_T4_n5,layer_16_layer3_0_conv2,3,16384,8,1024,128,524288,16,32768,2048,16,1,16,1,split_cin,128,16,20,32,12,1,next_burst,4,0,1,8,0,24,1,1,1,1,non_inclusive,lru,1957968,126012,1831956,380374,2016192,0.188660,304,1024,0.296875,1538112,24609792,0,0,114129,0,0,29115997,28440,53754,29312320,29258566,151405428,122146862,0.806754,2015168,319158,1634794,0,61216,0,0,0,0,0.969130,0.999492,0,0,0.000000,19.472169,4,5,5,22,24,24,0,0,11495680,5.871230,9.325045,1914,2968
R16,3,C5,1,64,w5g-R16-s3-C5-b1-m64,,cache,baseline,loas,16,resnet19_T4_n5,layer_16_layer3_0_conv2,3,16384,8,1024,128,524288,16,32768,2048,16,1,16,1,split_cin,128,16,20,64,12,1,next_burst,4,0,1,8,0,24,1,1,1,1,non_inclusive,lru,1957968,126012,1831956,380374,2016192,0.188660,304,1024,0.296875,1538112,24609792,0,0,114129,0,0,29115997,28440,53754,29312320,29258566,151405428,122146862,0.806754,2015168,319158,1634794,0,61216,0,0,0,0,0.969130,0.999492,0,0,0.000000,19.472169,4,5,5,22,24,24,0,0,11495680,5.871230,9.388201,1914,2968
R16,3,C5,2,32,w5g-R16-s3-C5-b2-m32,,cache,baseline,loas,16,resnet19_T4_n5,layer_16_layer3_0_conv2,3,16384,8,1024,128,524288,16,32768,2048,16,1,16,1,split_cin,128,16,20,32,12,1,next_burst,4,0,1,8,0,24,2,1,1,1,non_inclusive,lru,1807568,126012,1681556,758875,2016192,0.376390,304,1024,0.296875,1538112,24609792,0,0,276679,0,0,26433482,32370,163389,26905920,26742531,139708496,112965965,0.808583,2015168,697659,1256293,0,61216,0,0,0,0,0.969130,0.999492,0,0,0.000000,29.933268,4,5,5,21,26,32,47,0,12851779,7.109984,10.520837,1914,2968
R16,3,C5,2,64,w5g-R16-s3-C5-b2-m64,,cache,baseline,loas,16,resnet19_T4_n5,layer_16_layer3_0_conv2,3,16384,8,1024,128,524288,16,32768,2048,16,1,16,1,split_cin,128,16,20,64,12,1,next_burst,4,0,1,8,0,24,2,1,1,1,non_inclusive,lru,1587982,126012,1461970,665733,2016192,0.330193,304,1024,0.296875,1538112,24609792,0,0,257064,0,0,22956661,32370,146449,23392544,23246095,122356162,99110067,0.810013,2015168,604517,1349435,0,61216,0,0,0,0,0.969130,0.999492,0,0,0.000000,32.150724,4,5,5,55,63,64,6,0,11976800,7.542151,9.927307,1914,2968
R16,3,C5,4,32,w5g-R16-s3-C5-b4-m32,,cache,baseline,loas,16,resnet19_T4_n5,layer_16_layer3_0_conv2,3,16384,8,1024,128,524288,16,32768,2048,16,1,16,1,split_cin,128,16,20,32,12,1,next_burst,4,0,1,8,0,24,4,1,1,1,non_inclusive,lru,1599279,126012,1473267,643332,2016192,0.319083,304,1219,0.249385,1538112,24609792,0,0,270170,14275,0,23150660,24061,114130,23573296,23459166,123559324,100100158,0.810138,2015168,582116,1371836,0,61216,0,0,0,0,0.969130,0.999492,0,0,0.000000,65.368060,4,5,5,24,25,32,45,0,12947318,8.095722,10.193072,1914,2968
R16,3,C5,4,64,w5g-R16-s3-C5-b4-m64,,cache,baseline,loas,16,resnet19_T4_n5,layer_16_layer3_0_conv2,3,16384,8,1024,128,524288,16,32768,2048,16,1,16,1,split_cin,128,16,20,64,12,1,next_burst,4,0,1,8,0,24,4,1,1,1,non_inclusive,lru,1560858,126012,1434846,588092,2016192,0.291685,304,1024,0.296875,1538112,24609792,0,0,248680,0,0,22569326,38314,102240,22958560,22856320,120580658,97724338,0.810448,2015168,526876,1427076,0,61216,0,0,0,0,0.969130,0.999492,0,0,0.000000,67.998286,4,5,5,55,62,64,8,0,12194622,7.812768,9.456102,1914,2968
R16,3,C5,8,32,w5g-R16-s3-C5-b8-m32,,cache,baseline,loas,16,resnet19_T4_n5,layer_16_layer3_0_conv2,3,16384,8,1024,128,524288,16,32768,2048,16,1,16,1,split_cin,128,16,20,32,12,1,next_burst,4,0,1,8,0,24,8,1,1,1,non_inclusive,lru,1576168,126012,1450156,590634,2016192,0.292945,304,1327,0.229088,1538112,24609792,0,0,253401,23938,0,22816758,18864,90559,23203520,23112961,121862648,98749687,0.810336,2015168,529418,1424534,0,61216,0,0,0,0,0.969130,0.999492,0,0,0.000000,135.754500,4,5,5,24,25,32,48,0,12944977,8.212942,9.896897,1914,2968
R16,3,C5,8,64,w5g-R16-s3-C5-b8-m64,,cache,baseline,loas,16,resnet19_T4_n5,layer_16_layer3_0_conv2,3,16384,8,1024,128,524288,16,32768,2048,16,1,16,1,split_cin,128,16,20,64,12,1,next_burst,4,0,1,8,0,24,8,1,1,1,non_inclusive,lru,1559544,126012,1433532,569066,2016192,0.282248,304,1054,0.288425,1538112,24609792,0,0,246097,2955,0,22566914,39847,81723,22937536,22855813,120593438,97737625,0.810472,2015168,507850,1446102,0,61216,0,0,0,0,0.969130,0.999492,0,0,0.000000,137.808399,4,5,5,55,62,64,16,0,12229151,7.841491,8.395805,1914,2968
R16,3,C6,1,32,w5g-R16-s3-C6-b1-m32,,cache,baseline,loas,16,resnet19_T4_n5,layer_16_layer3_0_conv2,3,16384,8,256,32,524288,16,8192,512,64,4,16,1,split_cin,32,16,20,32,12,1,next_burst,4,0,1,8,0,24,1,1,1,1,non_inclusive,lru,839064,126012,713052,1315373,2016192,0.652405,0,1024,0.000000,768528,49185792,0,0,709367,0,0,10549643,40448,110398,11409856,11299458,30614481,19315023,0.630911,2015168,93053,699795,0,15946,1206374,0,0,0,0.393240,0.999492,0,0,0.101128,8.342289,2,3,5,23,24,24,0,0,8403888,10.015789,6.914631,1914,2968
R16,3,C6,1,64,w5g-R16-s3-C6-b1-m64,,cache,baseline,loas,16,resnet19_T4_n5,layer_16_layer3_0_conv2,3,16384,8,256,32,524288,16,8192,512,64,4,16,1,split_cin,32,16,20,64,12,1,next_burst,4,0,1,8,0,24,1,1,1,1,non_inclusive,lru,839064,126012,713052,1315373,2016192,0.652405,0,1024,0.000000,768528,49185792,0,0,709367,0,0,10549643,40448,110398,11409856,11299458,30614481,19315023,0.630911,2015168,93053,699795,0,15946,1206374,0,0,0,0.393240,0.999492,0,0,0.101128,8.342289,2,3,5,23,24,24,0,0,8403888,10.015789,6.435454,1914,2968
R16,3,C6,2,32,w5g-R16-s3-C6-b2-m32,,cache,baseline,loas,16,resnet19_T4_n5,layer_16_layer3_0_conv2,3,16384,8,256,32,524288,16,8192,512,64,4,16,1,split_cin,32,16,20,32,12,1,next_burst,4,0,1,8,0,24,2,1,1,1,non_inclusive,lru,831090,126012,705078,1319118,2016192,0.654262,0,1024,0.000000,768528,49185792,0,0,707303,0,0,10375262,46484,153223,11282272,11129049,30111409,18982360,0.630404,2015168,96798,696050,0,22292,1200028,0,0,0,0.393240,0.999492,0,0,0.101128,16.595419,2,3,5,24,30,32,24,0,8469865,10.191273,6.429003,1914,2968
R16,3,C6,2,64,w5g-R16-s3-C6-b2-m64,,cache,baseline,loas,16,resnet19_T4_n5,layer_16_layer3_0_conv2,3,16384,8,256,32,524288,16,8192,512,64,4,16,1,split_cin,32,16,20,64,12,1,next_burst,4,0,1,8,0,24,2,1,1,1,non_inclusive,lru,825216,126012,699204,1328352,2016192,0.658842,0,1024,0.000000,768528,49185792,0,0,727120,0,0,10265241,46484,149443,11188288,11038845,29875952,18837107,0.630511,2015168,106032,686816,0,19066,1203254,0,0,0,0.393240,0.999492,0,0,0.101128,16.375583,2,3,5,25,35,58,0,0,8403888,10.183865,6.410637,1914,2968
R16,3,C6,4,32,w5g-R16-s3-C6-b4-m32,,cache,baseline,loas,16,resnet19_T4_n5,layer_16_layer3_0_conv2,3,16384,8,256,32,524288,16,8192,512,64,4,16,1,split_cin,32,16,20,32,12,1,next_burst,4,0,1,8,0,24,4,1,1,1,non_inclusive,lru,823200,126012,697188,1308371,2016192,0.648932,0,1092,0.000000,768528,49185792,0,0,694094,4739,0,10263559,43084,150556,11156032,11005476,29776632,18771156,0.630399,2015168,86051,706797,0,19079,1203241,0,0,0,0.393240,0.999492,0,0,0.101128,33.702552,2,3,5,24,30,32,26,0,8482322,10.304084,5.642643,1914,2968
R16,3,C6,4,64,w5g-R16-s3-C6-b4-m64,,cache,baseline,loas,16,resnet19_T4_n5,layer_16_layer3_0_conv2,3,16384,8,256,32,524288,16,8192,512,64,4,16,1,split_cin,32,16,20,64,12,1,next_burst,4,0,1,8,0,24,4,1,1,1,non_inclusive,lru,821428,126012,695416,1323205,2016192,0.656289,0,1024,0.000000,768528,49185792,0,0,722267,0,0,10222802,47810,134801,11127680,10992879,29770034,18777155,0.630740,2015168,100885,691963,0,17263,1205057,0,0,0,0.393240,0.999492,0,0,0.101128,32.996238,2,3,5,25,36,58,0,0,8403888,10.230827,5.454340,1914,2968
R16,3,C6,8,32,w5g-R16-s3-C6-b8-m32,,cache,baseline,loas,16,resnet19_T4_n5,layer_16_layer3_0_conv2,3,16384,8,256,32,524288,16,8192,512,64,4,16,1,split_cin,32,16,20,32,12,1,next_burst,4,0,1,8,0,24,8,1,1,1,non_inclusive,lru,822792,126012,696780,1303008,2016192,0.646272,0,1092,0.000000,768528,49185792,0,0,686958,4739,0,10276493,43084,138230,11149504,11011274,29795143,18783869,0.630434,2015168,80688,712160,0,19036,1203284,0,0,0,0.393240,0.999492,0,0,0.101128,67.915818,2,3,5,24,30,32,27,0,8490155,10.318714,5.262639,1914,2968
R16,3,C6,8,64,w5g-R16-s3-C6-b8-m64,,cache,baseline,loas,16,resnet19_T4_n5,layer_16_layer3_0_conv2,3,16384,8,256,32,524288,16,8192,512,64,4,16,1,split_cin,32,16,20,64,12,1,next_burst,4,0,1,8,0,24,8,1,1,1,non_inclusive,lru,821105,126012,695093,1316997,2016192,0.653210,0,1024,0.000000,768528,49185792,0,0,712666,0,0,10247860,47810,114176,11122512,11008336,29822942,18814606,0.630877,2015168,94677,698171,0,16449,1205871,0,0,0,0.393240,0.999492,0,0,0.101128,66.583659,2,3,5,25,36,58,0,0,8403888,10.234852,5.688996,1914,2968
R16,4,C5,1,32,w5g-R16-s4-C5-b1-m32,,cache,baseline,loas,16,resnet19_T4_n5,layer_16_layer3_0_conv2,4,16384,8,1024,128,524288,16,32768,2048,16,1,16,1,split_cin,128,16,20,32,12,1,next_burst,4,0,1,8,0,24,1,1,1,1,non_inclusive,lru,1920629,123756,1796873,374560,1980096,0.189163,64,912,0.070175,1501232,24019712,0,0,110599,0,0,28554246,33496,52651,28750992,28698341,148439517,119741176,0.806666,1979072,311680,1604624,0,62768,0,0,0,0,0.967783,0.999483,0,0,0.000000,19.460099,4,5,5,22,24,24,0,0,11274992,5.870468,6.022215,1882,2891
R16,4,C5,1,64,w5g-R16-s4-C5-b1-m64,,cache,baseline,loas,16,resnet19_T4_n5,layer_16_layer3_0_conv2,4,16384,8,1024,128,524288,16,32768,2048,16,1,16,1,split_cin,128,16,20,64,12,1,next_burst,4,0,1,8,0,24,1,1,1,1,non_inclusive,lru,1920629,123756,1796873,374560,1980096,0.189163,64,912,0.070175,1501232,24019712,0,0,110599,0,0,28554246,33496,52651,28750992,28698341,148439517,119741176,0.806666,1979072,311680,1604624,0,62768,0,0,0,0,0.967783,0.999483,0,0,0.000000,19.460099,4,5,5,22,24,24,0,0,11274992,5.870468,5.968664,1882,2891
R16,4,C5,2,32,w5g-R16-s4-C5-b2-m32,,cache,baseline,loas,16,resnet19_T4_n5,layer_16_layer3_0_conv2,4,16384,8,1024,128,524288,16,32768,2048,16,1,16,1,split_cin,128,16,20,32,12,1,next_burst,4,0,1,8,0,24,2,1,1,1,non_inclusive,lru,1749466,123756,1625710,728753,1980096,0.368039,64,912,0.070175,1501232,24019712,0,0,272371,0,0,25533622,39376,167015,26012384,25845369,134951930,109106561,0.808485,1979072,665873,1250431,0,62768,0,0,0,0,0.967783,0.999483,0,0,0.000000,30.334117,4,5,5,21,26,32,45,0,12555188,7.176583,5.947692,1882,2891
R16,4,C5,2,64,w5g-R16-s4-C5-b2-m64,,cache,baseline,loas,16,resnet19_T4_n5,layer_16_layer3_0_conv2,4,16384,8,1024,128,524288,16,32768,2048,16,1,16,1,split_cin,128,16,20,64,12,1,next_burst,4,0,1,8,0,24,2,1,1,1,non_inclusive,lru,1548563,123756,1424807,658865,1980096,0.332744,64,912,0.070175,1501232,24019712,0,0,254525,0,0,22362132,39376,141903,22797936,22656033,119161649,96505616,0.809871,1979072,595985,1320319,0,62768,0,0,0,0,0.967783,0.999483,0,0,0.000000,32.028290,4,5,5,55,63,64,6,0,11772136,7.601974,5.601053,1882,2891
R16,4,C5,4,32,w5g-R16-s4-C5-b4-m32,,cache,baseline,loas,16,resnet19_T4_n5,layer_16_layer3_0_conv2,4,16384,8,1024,128,524288,16,32768,2048,16,1,16,1,split_cin,128,16,20,32,12,1,next_burst,4,0,1,8,0,24,4,1,1,1,non_inclusive,lru,1557429,123756,1433673,635723,1980096,0.321057,64,1140,0.056140,1501232,24019712,0,0,268977,16686,0,22511493,28550,114086,22939792,22825706,120153567,97327861,0.810029,1979072,572843,1343461,0,62768,0,0,0,0,0.967783,0.999483,0,0,0.000000,65.178561,4,5,5,24,25,32,41,0,12669551,8.134914,6.013855,1882,2891
R16,4,C5,4,64,w5g-R16-s4-C5-b4-m64,,cache,baseline,loas,16,resnet19_T4_n5,layer_16_layer3_0_conv2,4,16384,8,1024,128,524288,16,32768,2048,16,1,16,1,split_cin,128,16,20,64,12,1,next_burst,4,0,1,8,0,24,4,1,1,1,non_inclusive,lru,1521016,123756,1397260,581535,1980096,0.293690,64,912,0.070175,1501232,24019712,0,0,247930,0,0,21956927,45204,107123,22357184,22250061,117309803,95059742,0.810331,1979072,518655,1397649,0,62768,0,0,0,0,0.967783,0.999483,0,0,0.000000,67.805731,4,5,5,55,62,64,8,0,11983910,7.878885,5.936339,1882,2891
R16,4,C5,8,32,w5g-R16-s4-C5-b8-m32,,cache,baseline,loas,16,resnet19_T4_n5,layer_16_layer3_0_conv2,4,16384,8,1024,128,524288,16,32768,2048,16,1,16,1,split_cin,128,16,20,32,12,1,next_burst,4,0,1,8,0,24,8,1,1,1,non_inclusive,lru,1536347,123756,1412591,585055,1980096,0.295468,64,1298,0.049307,1501232,24019712,0,0,253946,31466,0,22204748,20857,91463,22602480,22511017,118614941,96103924,0.810218,1979072,522175,1394129,0,62768,0,0,0,0,0.967783,0.999483,0,0,0.000000,135.270144,4,5,5,24,25,32,48,0,12673577,8.249163,5.812040,1882,2891
R16,4,C5,8,64,w5g-R16-s4-C5-b8-m64,,cache,baseline,loas,16,resnet19_T4_n5,layer_16_layer3_0_conv2,4,16384,8,1024,128,524288,16,32768,2048,16,1,16,1,split_cin,128,16,20,64,12,1,next_burst,4,0,1,8,0,24,8,1,1,1,non_inclusive,lru,1520289,123756,1396533,556746,1980096,0.281171,64,980,0.065306,1501232,24019712,0,0,243531,6698,0,21972085,45625,77613,22345552,22267939,117418454,95150515,0.810354,1979072,493866,1422438,0,62768,0,0,0,0,0.967783,0.999483,0,0,0.000000,138.015127,4,5,5,55,62,64,16,0,12013466,7.902094,6.098300,1882,2891
R16,4,C6,1,32,w5g-R16-s4-C6-b1-m32,,cache,baseline,loas,16,resnet19_T4_n5,layer_16_layer3_0_conv2,4,16384,8,256,32,524288,16,8192,512,64,4,16,1,split_cin,32,16,20,32,12,1,next_burst,4,0,1,8,0,24,1,1,1,1,non_inclusive,lru,825866,123756,702110,1287299,1980096,0.650119,64,976,0.065574,755152,48329728,0,0,682178,0,0,10410311,36024,106271,11234784,11128513,29846421,18717908,0.627141,1979072,86675,691821,0,14948,1185628,0,0,0,0.393161,0.999483,0,0,0.122502,8.397132,2,3,5,23,24,24,0,0,8253424,9.993660,4.819874,1882,2891
R16,4,C6,1,64,w5g-R16-s4-C6-b1-m64,,cache,baseline,loas,16,resnet19_T4_n5,layer_16_layer3_0_conv2,4,16384,8,256,32,524288,16,8192,512,64,4,16,1,split_cin,32,16,20,64,12,1,next_burst,4,0,1,8,0,24,1,1,1,1,non_inclusive,lru,825866,123756,702110,1287299,1980096,0.650119,64,976,0.065574,755152,48329728,0,0,682178,0,0,10410311,36024,106271,11234784,11128513,29846421,18717908,0.627141,1979072,86675,691821,0,14948,1185628,0,0,0,0.393161,0.999483,0,0,0.122502,8.397132,2,3,5,23,24,24,0,0,8253424,9.993660,4.789553,1882,2891
R16,4,C6,2,32,w5g-R16-s4-C6-b2-m32,,cache,baseline,loas,16,resnet19_T4_n5,layer_16_layer3_0_conv2,4,16384,8,256,32,524288,16,8192,512,64,4,16,1,split_cin,32,16,20,32,12,1,next_burst,4,0,1,8,0,24,2,1,1,1,non_inclusive,lru,818013,123756,694257,1292149,1980096,0.652569,64,976,0.065574,755152,48329728,0,0,684229,0,0,10230394,42129,152384,11109136,10956752,29352581,18395829,0.626719,1979072,91525,686971,0,20137,1180439,0,0,0,0.393161,0.999483,0,0,0.122502,16.676694,2,3,5,24,30,32,24,0,8314456,10.164210,4.801545,1882,2891
R16,4,C6,2,64,w5g-R16-s4-C6-b2-m64,,cache,baseline,loas,16,resnet19_T4_n5,layer_16_layer3_0_conv2,4,16384,8,256,32,524288,16,8192,512,64,4,16,1,split_cin,32,16,20,64,12,1,next_burst,4,0,1,8,0,24,2,1,1,1,non_inclusive,lru,813178,123756,689422,1303398,1980096,0.658250,64,976,0.065574,755152,48329728,0,0,707512,0,0,10130971,42129,151164,11031776,10880612,29158394,18277782,0.626845,1979072,102774,675722,0,17591,1182985,0,0,0,0.393161,0.999483,0,0,0.122502,16.404005,2,3,5,25,35,64,2,0,8253502,10.149687,4.676656,1882,2891
R16,4,C6,4,32,w5g-R16-s4-C6-b4-m32,,cache,baseline,loas,16,resnet19_T4_n5,layer_16_layer3_0_conv2,4,16384,8,256,32,524288,16,8192,512,64,4,16,1,split_cin,32,16,20,32,12,1,next_burst,4,0,1,8,0,24,4,1,1,1,non_inclusive,lru,813156,123756,689400,1284501,1980096,0.648706,64,992,0.064516,755152,48329728,0,0,676127,1096,0,10162747,41345,150109,11031424,10881315,29158113,18276798,0.626817,1979072,83877,694619,0,18584,1181992,0,0,0,0.393161,0.999483,0,0,0.122502,33.724183,2,3,5,24,30,32,33,0,8333061,10.247801,4.366990,1882,2891
R16,4,C6,4,64,w5g-R16-s4-C6-b4-m64,,cache,baseline,loas,16,resnet19_T4_n5,layer_16_layer3_0_conv2,4,16384,8,256,32,524288,16,8192,512,64,4,16,1,split_cin,32,16,20,64,12,1,next_burst,4,0,1,8,0,24,4,1,1,1,non_inclusive,lru,809672,123756,685916,1296862,1980096,0.654949,64,976,0.065574,755152,48329728,0,0,698638,0,0,10098227,42441,136374,10975680,10839306,29071345,18232039,0.627148,1979072,96238,682258,0,15902,1184674,0,0,0,0.393161,0.999483,0,0,0.122502,33.124891,2,3,5,25,35,64,2,0,8253502,10.193636,3.746625,1882,2891
R16,4,C6,8,32,w5g-R16-s4-C6-b8-m32,,cache,baseline,loas,16,resnet19_T4_n5,layer_16_layer3_0_conv2,4,16384,8,256,32,524288,16,8192,512,64,4,16,1,split_cin,32,16,20,32,12,1,next_burst,4,0,1,8,0,24,8,1,1,1,non_inclusive,lru,810393,123756,686637,1278545,1980096,0.645698,64,992,0.064516,755152,48329728,0,0,666610,1096,0,10149993,41345,128172,10987216,10859044,29103033,18243989,0.626876,1979072,77921,700575,0,18364,1182212,0,0,0,0.393161,0.999483,0,0,0.122502,68.025890,2,3,5,24,30,32,34,0,8334609,10.284651,4.022019,1882,2891
R16,4,C6,8,64,w5g-R16-s4-C6-b8-m64,,cache,baseline,loas,16,resnet19_T4_n5,layer_16_layer3_0_conv2,4,16384,8,256,32,524288,16,8192,512,64,4,16,1,split_cin,32,16,20,64,12,1,next_burst,4,0,1,8,0,24,8,1,1,1,non_inclusive,lru,809704,123756,685948,1294814,1980096,0.653915,64,976,0.065574,755152,48329728,0,0,696282,0,0,10121591,42441,115878,10976192,10860314,29143575,18283261,0.627351,1979072,94190,684306,0,15530,1185046,0,0,0,0.393161,0.999483,0,0,0.122502,66.448366,2,3,5,25,36,64,2,0,8253502,10.193234,3.742516,1882,2891
R9,0,C5,1,32,w5g-R9-s0-C5-b1-m32,,cache,baseline,loas,16,resnet19_T4_n5,layer_09_layer2_0_conv2,0,16384,8,1024,128,524288,16,32768,2048,16,1,16,1,split_cin,128,16,20,32,12,1,next_burst,4,0,1,8,0,24,1,1,1,1,non_inclusive,lru,879142,86384,792758,612950,1382144,0.443478,944,1040,0.907692,18424,294784,0,0,328975,0,0,12279282,3744,74175,12686176,12612001,51400197,38788196,0.754631,1380096,106262,768154,0,505680,0,0,0,0,0.632652,0.998518,0,0,0.000000,13.356536,3,5,5,5,12,13,0,0,5913848,6.726840,4.474429,737,902
R9,0,C5,1,64,w5g-R9-s0-C5-b1-m64,,cache,baseline,loas,16,resnet19_T4_n5,layer_09_layer2_0_conv2,0,16384,8,1024,128,524288,16,32768,2048,16,1,16,1,split_cin,128,16,20,64,12,1,next_burst,4,0,1,8,0,24,1,1,1,1,non_inclusive,lru,879142,86384,792758,612950,1382144,0.443478,944,1040,0.907692,18424,294784,0,0,328975,0,0,12279282,3744,74175,12686176,12612001,51400197,38788196,0.754631,1380096,106262,768154,0,505680,0,0,0,0,0.632652,0.998518,0,0,0.000000,13.356536,3,5,5,5,12,13,0,0,5913848,6.726840,4.320672,737,902
R9,0,C5,2,32,w5g-R9-s0-C5-b2-m32,,cache,baseline,loas,16,resnet19_T4_n5,layer_09_layer2_0_conv2,0,16384,8,1024,128,524288,16,32768,2048,16,1,16,1,split_cin,128,16,20,32,12,1,next_burst,4,0,1,8,0,24,2,1,1,1,non_inclusive,lru,498731,86384,412347,842875,1382144,0.609832,944,1040,0.907692,18424,294784,0,0,502091,0,0,5948231,3756,145522,6599600,6454078,27549660,21095582,0.765729,1380096,336187,538229,0,505680,0,0,0,0,0.632652,0.998518,0,0,0.000000,18.728086,3,4,5,7,23,25,0,0,5913848,11.857791,5.058118,737,902
R9,0,C5,2,64,w5g-R9-s0-C5-b2-m64,,cache,baseline,loas,16,resnet19_T4_n5,layer_09_layer2_0_conv2,0,16384,8,1024,128,524288,16,32768,2048,16,1,16,1,split_cin,128,16,20,64,12,1,next_burst,4,0,1,8,0,24,2,1,1,1,non_inclusive,lru,498731,86384,412347,842875,1382144,0.609832,944,1040,0.907692,18424,294784,0,0,502091,0,0,5948231,3756,145522,6599600,6454078,27549660,21095582,0.765729,1380096,336187,538229,0,505680,0,0,0,0,0.632652,0.998518,0,0,0.000000,18.728086,3,4,5,7,23,25,0,0,5913848,11.857791,5.598019,737,902
R9,0,C5,4,32,w5g-R9-s0-C5-b4-m32,,cache,baseline,loas,16,resnet19_T4_n5,layer_09_layer2_0_conv2,0,16384,8,1024,128,524288,16,32768,2048,16,1,16,1,split_cin,128,16,20,32,12,1,next_burst,4,0,1,8,0,24,4,1,1,1,non_inclusive,lru,314014,86384,227630,916520,1382144,0.663115,944,1040,0.907692,18424,294784,0,0,593317,0,0,2900067,4192,146552,3644128,3497576,16354176,12856600,0.786136,1380096,409832,464584,0,505680,0,0,0,0,0.632652,0.998518,0,0,0.000000,32.340989,2,4,5,8,29,32,19,0,5915408,18.838039,5.219792,737,902
R9,0,C5,4,64,w5g-R9-s0-C5-b4-m64,,cache,baseline,loas,16,resnet19_T4_n5,layer_09_layer2_0_conv2,0,16384,8,1024,128,524288,16,32768,2048,16,1,16,1,split_cin,128,16,20,64,12,1,next_burst,4,0,1,8,0,24,4,1,1,1,non_inclusive,lru,313496,86384,227112,916867,1382144,0.663366,944,1040,0.907692,18424,294784,0,0,593767,0,0,2891599,4192,146282,3635840,3489558,16314129,12824571,0.786102,1380096,410179,464237,0,505680,0,0,0,0,0.632652,0.998518,0,0,0.000000,32.316887,2,4,5,8,29,36,0,0,5913848,18.864190,5.204995,737,902
R9,0,C5,8,32,w5g-R9-s0-C5-b8-m32,,cache,baseline,loas,16,resnet19_T4_n5,layer_09_layer2_0_conv2,0,16384,8,1024,128,524288,16,32768,2048,16,1,16,1,split_cin,128,16,20,32,12,1,next_burst,4,0,1,8,0,24,8,1,1,1,non_inclusive,lru,243776,86384,157392,873812,1382144,0.632215,944,1040,0.907692,18424,294784,0,0,565616,0,0,1827702,4192,122810,2520320,2397510,12130191,9732681,0.802352,1380096,367124,507292,0,505680,0,0,0,0,0.632652,0.998518,0,0,0.000000,70.614743,3,4,5,9,29,32,22,0,5915672,24.266835,5.444239,737,902
R9,0,C5,8,64,w5g-R9-s0-C5-b8-m64,,cache,baseline,loas,16,resnet19_T4_n5,layer_09_layer2_0_conv2,0,16384,8,1024,128,524288,16,32768,2048,16,1,16,1,split_cin,128,16,20,64,12,1,next_burst,4,0,1,8,0,24,8,1,1,1,non_inclusive,lru,243269,86384,156885,874287,1382144,0.632559,944,1040,0.907692,18424,294784,0,0,566076,0,0,1819948,4192,121992,2512208,2390216,12093402,9703186,0.802354,1380096,367599,506817,0,505680,0,0,0,0,0.632652,0.998518,0,0,0.000000,70.548759,3,4,5,9,30,36,0,0,5913848,24.309912,5.329063,737,902
R9,0,C6,1,32,w5g-R9-s0-C6-b1-m32,,cache,baseline,loas,16,resnet19_T4_n5,layer_09_layer2_0_conv2,0,16384,8,256,32,524288,16,8192,512,64,4,16,1,split_cin,32,16,20,32,12,1,next_burst,4,0,1,8,0,24,1,1,1,1,non_inclusive,lru,773635,86384,687251,711852,1382144,0.515035,1808,1872,0.965812,4608,294912,0,0,314635,0,0,10630369,2496,50564,10998064,10947500,38466785,27519285,0.715404,1380096,101532,668420,0,62916,547228,0,0,0,0.557071,0.998518,0,0,0.000434,11.639169,2,4,5,11,12,13,0,0,5692768,7.358467,4.723150,737,902
R9,0,C6,1,64,w5g-R9-s0-C6-b1-m64,,cache,baseline,loas,16,resnet19_T4_n5,layer_09_layer2_0_conv2,0,16384,8,256,32,524288,16,8192,512,64,4,16,1,split_cin,32,16,20,64,12,1,next_burst,4,0,1,8,0,24,1,1,1,1,non_inclusive,lru,773635,86384,687251,711852,1382144,0.515035,1808,1872,0.965812,4608,294912,0,0,314635,0,0,10630369,2496,50564,10998064,10947500,38466785,27519285,0.715404,1380096,101532,668420,0,62916,547228,0,0,0,0.557071,0.998518,0,0,0.000434,11.639169,2,4,5,11,12,13,0,0,5692768,7.358467,4.347716,737,902
R9,0,C6,2,32,w5g-R9-s0-C6-b2-m32,,cache,baseline,loas,16,resnet19_T4_n5,layer_09_layer2_0_conv2,0,16384,8,256,32,524288,16,8192,512,64,4,16,1,split_cin,32,16,20,32,12,1,next_burst,4,0,1,8,0,24,2,1,1,1,non_inclusive,lru,412069,86384,325685,906127,1382144,0.655595,1808,1872,0.965812,4608,294912,0,0,519820,0,0,4595216,2496,95476,5213008,5117532,19561088,14443556,0.738382,1380096,295807,474145,0,93641,516503,0,0,0,0.557071,0.998518,0,0,0.000434,16.531429,2,4,5,16,22,25,0,0,5692768,13.815084,4.913655,737,902
R9,0,C6,2,64,w5g-R9-s0-C6-b2-m64,,cache,baseline,loas,16,resnet19_T4_n5,layer_09_layer2_0_conv2,0,16384,8,256,32,524288,16,8192,512,64,4,16,1,split_cin,32,16,20,64,12,1,next_burst,4,0,1,8,0,24,2,1,1,1,non_inclusive,lru,412069,86384,325685,906127,1382144,0.655595,1808,1872,0.965812,4608,294912,0,0,519820,0,0,4595216,2496,95476,5213008,5117532,19561088,14443556,0.738382,1380096,295807,474145,0,93641,516503,0,0,0,0.557071,0.998518,0,0,0.000434,16.531429,2,4,5,16,22,25,0,0,5692768,13.815084,5.147567,737,902
R9,0,C6,4,32,w5g-R9-s0-C6-b4-m32,,cache,baseline,loas,16,resnet19_T4_n5,layer_09_layer2_0_conv2,0,16384,8,256,32,524288,16,8192,512,64,4,16,1,split_cin,32,16,20,32,12,1,next_burst,4,0,1,8,0,24,4,1,1,1,non_inclusive,lru,239443,86384,153059,939013,1382144,0.679389,1808,1872,0.965812,4608,294912,0,0,592743,0,0,1748514,2832,106903,2450992,2344089,10640508,8296419,0.779701,1380096,328693,441259,0,79183,530961,0,0,0,0.557071,0.998518,0,0,0.000434,30.778686,2,4,5,16,24,32,0,0,5692768,23.775045,4.852613,737,902
R9,0,C6,4,64,w5g-R9-s0-C6-b4-m64,,cache,baseline,loas,16,resnet19_T4_n5,layer_09_layer2_0_conv2,0,16384,8,256,32,524288,16,8192,512,64,4,16,1,split_cin,32,16,20,64,12,1,next_burst,4,0,1,8,0,24,4,1,1,1,non_inclusive,lru,239443,86384,153059,939013,1382144,0.679389,1808,1872,0.965812,4608,294912,0,0,592743,0,0,1748514,2832,106903,2450992,2344089,10640508,8296419,0.779701,1380096,328693,441259,0,79183,530961,0,0,0,0.557071,0.998518,0,0,0.000434,30.778686,2,4,5,16,24,32,0,0,5692768,23.775045,4.923093,737,902
R9,0,C6,8,32,w5g-R9-s0-C6-b8-m32,,cache,baseline,loas,16,resnet19_T4_n5,layer_09_layer2_0_conv2,0,16384,8,256,32,524288,16,8192,512,64,4,16,1,split_cin,32,16,20,32,12,1,next_burst,4,0,1,8,0,24,8,1,1,1,non_inclusive,lru,191655,86384,105271,719380,1382144,0.520481,1808,1872,0.965812,4608,294912,0,0,312766,0,0,1283331,2832,87455,1686384,1598929,8179541,6580612,0.804521,1380096,109060,660892,0,63327,546817,0,0,0,0.557071,0.998518,0,0,0.000434,92.067605,2,4,5,17,26,32,0,0,5692768,29.703206,4.837103,737,902
R9,0,C6,8,64,w5g-R9-s0-C6-b8-m64,,cache,baseline,loas,16,resnet19_T4_n5,layer_09_layer2_0_conv2,0,16384,8,256,32,524288,16,8192,512,64,4,16,1,split_cin,32,16,20,64,12,1,next_burst,4,0,1,8,0,24,8,1,1,1,non_inclusive,lru,191655,86384,105271,719380,1382144,0.520481,1808,1872,0.965812,4608,294912,0,0,312766,0,0,1283331,2832,87455,1686384,1598929,8179541,6580612,0.804521,1380096,109060,660892,0,63327,546817,0,0,0,0.557071,0.998518,0,0,0.000434,92.067605,2,4,5,17,26,32,0,0,5692768,29.703206,5.291449,737,902
R9,1,C5,1,32,w5g-R9-s1-C5-b1-m32,,cache,baseline,loas,16,resnet19_T4_n5,layer_09_layer2_0_conv2,1,16384,8,1024,128,524288,16,32768,2048,16,1,16,1,split_cin,128,16,20,32,12,1,next_burst,4,0,1,8,0,24,1,1,1,1,non_inclusive,lru,585670,66910,518760,569665,1070560,0.532119,1008,1104,0.913043,17272,276352,0,0,341232,0,0,7881653,3744,75579,8302208,8226629,30945049,22718420,0.734154,1068512,80273,499791,0,488448,0,0,0,0,0.541832,0.998087,0,0,0.000000,11.229151,3,5,5,5,12,13,0,0,4389368,7.494610,3.634148,542,768
R9,1,C5,1,64,w5g-R9-s1-C5-b1-m64,,cache,baseline,loas,16,resnet19_T4_n5,layer_09_layer2_0_conv2,1,16384,8,1024,128,524288,16,32768,2048,16,1,16,1,split_cin,128,16,20,64,12,1,next_burst,4,0,1,8,0,24,1,1,1,1,non_inclusive,lru,585670,66910,518760,569665,1070560,0.532119,1008,1104,0.913043,17272,276352,0,0,341232,0,0,7881653,3744,75579,8302208,8226629,30945049,22718420,0.734154,1068512,80273,499791,0,488448,0,0,0,0,0.541832,0.998087,0,0,0.000000,11.229151,3,5,5,5,12,13,0,0,4389368,7.494610,3.390902,542,768
R9,1,C5,2,32,w5g-R9-s1-C5-b2-m32,,cache,baseline,loas,16,resnet19_T4_n5,layer_09_layer2_0_conv2,1,16384,8,1024,128,524288,16,32768,2048,16,1,16,1,split_cin,128,16,20,32,12,1,next_burst,4,0,1,8,0,24,2,1,1,1,non_inclusive,lru,337973,66910,271063,700364,1070560,0.654203,1008,1104,0.913043,17272,276352,0,0,453682,0,0,3748952,3744,132678,4339056,4206378,16661796,12455418,0.747544,1068512,210972,369092,0,488448,0,0,0,0,0.541832,0.998087,0,0,0.000000,16.598236,2,4,5,7,21,25,0,0,4389368,12.987333,3.871457,542,768
R9,1,C5,2,64,w5g-R9-s1-C5-b2-m64,,cache,baseline,loas,16,resnet19_T4_n5,layer_09_layer2_0_conv2,1,16384,8,1024,128,524288,16,32768,2048,16,1,16,1,split_cin,128,16,20,64,12,1,next_burst,4,0,1,8,0,24,2,1,1,1,non_inclusive,lru,337973,66910,271063,700364,1070560,0.654203,1008,1104,0.913043,17272,276352,0,0,453682,0,0,3748952,3744,132678,4339056,4206378,16661796,12455418,0.747544,1068512,210972,369092,0,488448,0,0,0,0,0.541832,0.998087,0,0,0.000000,16.598236,2,4,5,7,21,25,0,0,4389368,12.987333,3.950398,542,768
R9,1,C5,4,32,w5g-R9-s1-C5-b4-m32,,cache,baseline,loas,16,resnet19_T4_n5,layer_09_layer2_0_conv2,1,16384,8,1024,128,524288,16,32768,2048,16,1,16,1,split_cin,128,16,20,32,12,1,next_burst,4,0,1,8,0,24,4,1,1,1,non_inclusive,lru,224748,66910,157838,735573,1070560,0.687092,1008,1104,0.913043,17272,276352,0,0,497289,0,0,1897991,4136,128040,2527456,2399416,10336905,7937489,0.767879,1068512,246181,333883,0,488448,0,0,0,0,0.541832,0.998087,0,0,0.000000,30.039187,2,4,5,8,29,32,17,0,4389856,19.532347,3.605542,542,768
R9,1,C5,4,64,w5g-R9-s1-C5-b4-m64,,cache,baseline,loas,16,resnet19_T4_n5,layer_09_layer2_0_conv2,1,16384,8,1024,128,524288,16,32768,2048,16,1,16,1,split_cin,128,16,20,64,12,1,next_burst,4,0,1,8,0,24,4,1,1,1,non_inclusive,lru,224640,66910,157730,735505,1070560,0.687028,1008,1104,0.913043,17272,276352,0,0,497337,0,0,1896243,4136,128012,2525728,2397716,10327909,7930193,0.767841,1068512,246113,333951,0,488448,0,0,0,0,0.541832,0.998087,0,0,0.000000,30.045285,2,4,5,8,29,36,0,0,4389368,19.539566,3.945406,542,768
R9,1,C5,8,32,w5g-R9-s1-C5-b8-m32,,cache,baseline,loas,16,resnet19_T4_n5,layer_09_layer2_0_conv2,1,16384,8,1024,128,524288,16,32768,2048,16,1,16,1,split_cin,128,16,20,32,12,1,next_burst,4,0,1,8,0,24,8,1,1,1,non_inclusive,lru,188182,66910,121272,700372,1070560,0.654211,1008,1112,0.906475,17272,276352,0,0,467783,520,0,1375045,3784,95268,1942400,1847132,8399405,6552273,0.780088,1068512,210980,369084,0,488448,0,0,0,0,0.541832,0.998087,0,0,0.000000,66.391511,2,4,5,8,23,32,20,0,4393784,23.348588,4.049317,542,768
R9,1,C5,8,64,w5g-R9-s1-C5-b8-m64,,cache,baseline,loas,16,resnet19_T4_n5,layer_09_layer2_0_conv2,1,16384,8,1024,128,524288,16,32768,2048,16,1,16,1,split_cin,128,16,20,64,12,1,next_burst,4,0,1,8,0,24,8,1,1,1,non_inclusive,lru,187333,66910,120423,700413,1070560,0.654249,1008,1104,0.913043,17272,276352,0,0,468004,0,0,1361654,4304,94854,1928816,1833962,8333928,6499966,0.779940,1068512,211021,369043,0,488448,0,0,0,0,0.541832,0.998087,0,0,0.000000,66.384158,2,4,5,8,29,40,0,0,4389368,23.430832,4.065318,542,768
R9,1,C6,1,32,w5g-R9-s1-C6-b1-m32,,cache,baseline,loas,16,resnet19_T4_n5,layer_09_layer2_0_conv2,1,16384,8,256,32,524288,16,8192,512,64,4,16,1,split_cin,32,16,20,32,12,1,next_burst,4,0,1,8,0,24,1,1,1,1,non_inclusive,lru,660524,66910,593614,494881,1070560,0.462264,1936,2000,0.968000,4608,294912,0,0,220854,0,0,9232717,2496,43805,9499872,9456067,36118817,26662750,0.738196,1068512,83345,573679,0,89764,321724,0,0,0,0.613720,0.998087,0,0,0.062934,12.905672,3,4,5,11,12,13,0,0,4532416,6.861849,3.724997,542,768
R9,1,C6,1,64,w5g-R9-s1-C6-b1-m64,,cache,baseline,loas,16,resnet19_T4_n5,layer_09_layer2_0_conv2,1,16384,8,256,32,524288,16,8192,512,64,4,16,1,split_cin,32,16,20,64,12,1,next_burst,4,0,1,8,0,24,1,1,1,1,non_inclusive,lru,660524,66910,593614,494881,1070560,0.462264,1936,2000,0.968000,4608,294912,0,0,220854,0,0,9232717,2496,43805,9499872,9456067,36118817,26662750,0.738196,1068512,83345,573679,0,89764,321724,0,0,0,0.613720,0.998087,0,0,0.062934,12.905672,3,4,5,11,12,13,0,0,4532416,6.861849,3.872144,542,768
R9,1,C6,2,32,w5g-R9-s1-C6-b2-m32,,cache,baseline,loas,16,resnet19_T4_n5,layer_09_layer2_0_conv2,1,16384,8,256,32,524288,16,8192,512,64,4,16,1,split_cin,32,16,20,32,12,1,next_burst,4,0,1,8,0,24,2,1,1,1,non_inclusive,lru,360019,66910,293109,676112,1070560,0.631550,1936,2000,0.968000,4608,294912,0,0,380712,0,0,4228393,2496,80191,4691792,4611601,18758293,14146692,0.754157,1068512,264576,392448,0,114336,297152,0,0,0,0.613720,0.998087,0,0,0.062934,17.685608,2,4,5,15,23,25,0,0,4532416,12.589380,3.827234,542,768
R9,1,C6,2,64,w5g-R9-s1-C6-b2-m64,,cache,baseline,loas,16,resnet19_T4_n5,layer_09_layer2_0_conv2,1,16384,8,256,32,524288,16,8192,512,64,4,16,1,split_cin,32,16,20,64,12,1,next_burst,4,0,1,8,0,24,2,1,1,1,non_inclusive,lru,360019,66910,293109,676112,1070560,0.631550,1936,2000,0.968000,4608,294912,0,0,380712,0,0,4228393,2496,80191,4691792,4611601,18758293,14146692,0.754157,1068512,264576,392448,0,114336,297152,0,0,0,0.613720,0.998087,0,0,0.062934,17.685608,2,4,5,15,23,25,0,0,4532416,12.589380,3.822014,542,768
R9,1,C6,4,32,w5g-R9-s1-C6-b4-m32,,cache,baseline,loas,16,resnet19_T4_n5,layer_09_layer2_0_conv2,1,16384,8,256,32,524288,16,8192,512,64,4,16,1,split_cin,32,16,20,32,12,1,next_burst,4,0,1,8,0,24,4,1,1,1,non_inclusive,lru,210385,66910,143475,727502,1070560,0.679553,1936,2000,0.968000,4608,294912,0,0,469194,0,0,1726702,2832,98920,2297648,2198728,10253376,8054648,0.785561,1068512,315966,341058,0,107324,304164,0,0,0,0.613720,0.998087,0,0,0.062934,30.762935,2,4,5,17,28,32,0,0,4532416,21.543437,4.083777,542,768
R9,1,C6,4,64,w5g-R9-s1-C6-b4-m64,,cache,baseline,loas,16,resnet19_T4_n5,layer_09_layer2_0_conv2,1,16384,8,256,32,524288,16,8192,512,64,4,16,1,split_cin,32,16,20,64,12,1,next_burst,4,0,1,8,0,24,4,1,1,1,non_inclusive,lru,210385,66910,143475,727502,1070560,0.679553,1936,2000,0.968000,4608,294912,0,0,469194,0,0,1726702,2832,98920,2297648,2198728,10253376,8054648,0.785561,1068512,315966,341058,0,107324,304164,0,0,0,0.613720,0.998087,0,0,0.062934,30.762935,2,4,5,17,28,32,0,0,4532416,21.543437,4.059920,542,768
R9,1,C6,8,32,w5g-R9-s1-C6-b8-m32,,cache,baseline,loas,16,resnet19_T4_n5,layer_09_layer2_0_conv2,1,16384,8,256,32,524288,16,8192,512,64,4,16,1,split_cin,32,16,20,32,12,1,next_burst,4,0,1,8,0,24,8,1,1,1,non_inclusive,lru,157306,66910,90396,585284,1070560,0.546708,1936,2000,0.968000,4608,294912,0,0,312525,0,0,1044178,2832,88849,1448384,1359535,7303779,5944244,0.813859,1068512,173748,483276,0,90934,320554,0,0,0,0.613720,0.998087,0,0,0.062934,87.032013,2,4,5,17,28,32,0,0,4532416,28.812734,4.145574,542,768
R9,1,C6,8,64,w5g-R9-s1-C6-b8-m64,,cache,baseline,loas,16,resnet19_T4_n5,layer_09_layer2_0_conv2,1,16384,8,256,32,524288,16,8192,512,64,4,16,1,split_cin,32,16,20,64,12,1,next_burst,4,0,1,8,0,24,8,1,1,1,non_inclusive,lru,157306,66910,90396,585284,1070560,0.546708,1936,2000,0.968000,4608,294912,0,0,312525,0,0,1044178,2832,88849,1448384,1359535,7303779,5944244,0.813859,1068512,173748,483276,0,90934,320554,0,0,0,0.613720,0.998087,0,0,0.062934,87.032013,2,4,5,17,28,32,0,0,4532416,28.812734,4.000853,542,768
R9,2,C5,1,32,w5g-R9-s2-C5-b1-m32,,cache,baseline,loas,16,resnet19_T4_n5,layer_09_layer2_0_conv2,2,16384,8,1024,128,524288,16,32768,2048,16,1,16,1,split_cin,128,16,20,32,12,1,next_burst,4,0,1,8,0,24,1,1,1,1,non_inclusive,lru,613727,68358,545369,564268,1093728,0.515913,928,1024,0.906250,16368,261888,0,0,333184,0,0,8312420,3744,78604,8727952,8649348,33011598,24362250,0.737991,1091680,81100,528436,0,482144,0,0,0,0,0.557301,0.998128,0,0,0.000000,11.618099,3,5,5,4,12,13,0,0,4516752,7.359546,3.162737,600,738
R9,2,C5,1,64,w5g-R9-s2-C5-b1-m64,,cache,baseline,loas,16,resnet19_T4_n5,layer_09_layer2_0_conv2,2,16384,8,1024,128,524288,16,32768,2048,16,1,16,1,split_cin,128,16,20,64,12,1,next_burst,4,0,1,8,0,24,1,1,1,1,non_inclusive,lru,613727,68358,545369,564268,1093728,0.515913,928,1024,0.906250,16368,261888,0,0,333184,0,0,8312420,3744,78604,8727952,8649348,33011598,24362250,0.737991,1091680,81100,528436,0,482144,0,0,0,0,0.557301,0.998128,0,0,0.000000,11.618099,3,5,5,4,12,13,0,0,4516752,7.359546,2.780649,600,738
R9,2,C5,2,32,w5g-R9-s2-C5-b2-m32,,cache,baseline,loas,16,resnet19_T4_n5,layer_09_layer2_0_conv2,2,16384,8,1024,128,524288,16,32768,2048,16,1,16,1,split_cin,128,16,20,32,12,1,next_burst,4,0,1,8,0,24,2,1,1,1,non_inclusive,lru,352227,68358,283869,703576,1093728,0.643282,928,1024,0.906250,16368,261888,0,0,447915,0,0,3953552,3744,138741,4543952,4405211,17645633,13240422,0.750351,1091680,220408,389128,0,482144,0,0,0,0,0.557301,0.998128,0,0,0.000000,17.122444,2,4,5,5,23,25,0,0,4516752,12.823412,3.844998,600,738
R9,2,C5,2,64,w5g-R9-s2-C5-b2-m64,,cache,baseline,loas,16,resnet19_T4_n5,layer_09_layer2_0_conv2,2,16384,8,1024,128,524288,16,32768,2048,16,1,16,1,split_cin,128,16,20,64,12,1,next_burst,4,0,1,8,0,24,2,1,1,1,non_inclusive,lru,352227,68358,283869,703576,1093728,0.643282,928,1024,0.906250,16368,261888,0,0,447915,0,0,3953552,3744,138741,4543952,4405211,17645633,13240422,0.750351,1091680,220408,389128,0,482144,0,0,0,0,0.557301,0.998128,0,0,0.000000,17.122444,2,4,5,5,23,25,0,0,4516752,12.823412,4.090556,600,738
R9,2,C5,4,32,w5g-R9-s2-C5-b4-m32,,cache,baseline,loas,16,resnet19_T4_n5,layer_09_layer2_0_conv2,2,16384,8,1024,128,524288,16,32768,2048,16,1,16,1,split_cin,128,16,20,32,12,1,next_burst,4,0,1,8,0,24,4,1,1,1,non_inclusive,lru,232131,68358,163773,740838,1093728,0.677351,928,1024,0.906250,16368,261888,0,0,494028,0,0,1987950,3912,136526,2622416,2485890,10824619,8338729,0.770348,1091680,257670,351866,0,482144,0,0,0,0,0.557301,0.998128,0,0,0.000000,30.974282,2,4,5,6,29,31,0,0,4516752,19.457772,4.246063,600,738
R9,2,C5,4,64,w5g-R9-s2-C5-b4-m64,,cache,baseline,loas,16,resnet19_T4_n5,layer_09_layer2_0_conv2,2,16384,8,1024,128,524288,16,32768,2048,16,1,16,1,split_cin,128,16,20,64,12,1,next_burst,4,0,1,8,0,24,4,1,1,1,non_inclusive,lru,232131,68358,163773,740838,1093728,0.677351,928,1024,0.906250,16368,261888,0,0,494028,0,0,1987950,3912,136526,2622416,2485890,10824619,8338729,0.770348,1091680,257670,351866,0,482144,0,0,0,0,0.557301,0.998128,0,0,0.000000,30.974282,2,4,5,6,29,31,0,0,4516752,19.457772,4.237209,600,738
R9,2,C5,8,32,w5g-R9-s2-C5-b8-m32,,cache,baseline,loas,16,resnet19_T4_n5,layer_09_layer2_0_conv2,2,16384,8,1024,128,524288,16,32768,2048,16,1,16,1,split_cin,128,16,20,32,12,1,next_burst,4,0,1,8,0,24,8,1,1,1,non_inclusive,lru,192314,68358,123956,711036,1093728,0.650103,928,1024,0.906250,16368,261888,0,0,472214,0,0,1408866,4136,100128,1985344,1885216,8727456,6842240,0.783990,1091680,227868,381668,0,482144,0,0,0,0,0.557301,0.998128,0,0,0.000000,67.180198,2,4,5,7,30,32,19,0,4517224,23.488794,3.783093,600,738
R9,2,C5,8,64,w5g-R9-s2-C5-b8-m64,,cache,baseline,loas,16,resnet19_T4_n5,layer_09_layer2_0_conv2,2,16384,8,1024,128,524288,16,32768,2048,16,1,16,1,split_cin,128,16,20,64,12,1,next_burst,4,0,1,8,0,24,8,1,1,1,non_inclusive,lru,192196,68358,123838,710866,1093728,0.649948,928,1024,0.906250,16368,261888,0,0,472296,0,0,1406716,4136,100308,1983456,1883148,8717745,6834597,0.783987,1091680,227698,381838,0,482144,0,0,0,0,0.557301,0.998128,0,0,0.000000,67.210041,2,4,5,7,30,35,0,0,4516752,23.500760,4.249069,600,738
R9,2,C6,1,32,w5g-R9-s2-C6-b1-m32,,cache,baseline,loas,16,resnet19_T4_n5,layer_09_layer2_0_conv2,2,16384,8,256,32,524288,16,8192,512,64,4,16,1,split_cin,32,16,20,32,12,1,next_burst,4,0,1,8,0,24,1,1,1,1,non_inclusive,lru,660401,68358,592043,516250,1093728,0.472009,1936,2000,0.968000,4608,294912,0,0,221248,0,0,9198583,2496,52409,9474736,9422327,35209807,25787480,0.732395,1091680,81402,575478,0,97925,336875,0,0,0,0.600588,0.998128,0,0,0.111979,12.671772,3,4,5,11,12,13,0,0,4601632,6.967936,3.441232,600,738
R9,2,C6,1,64,w5g-R9-s2-C6-b1-m64,,cache,baseline,loas,16,resnet19_T4_n5,layer_09_layer2_0_conv2,2,16384,8,256,32,524288,16,8192,512,64,4,16,1,split_cin,32,16,20,64,12,1,next_burst,4,0,1,8,0,24,1,1,1,1,non_inclusive,lru,660401,68358,592043,516250,1093728,0.472009,1936,2000,0.968000,4608,294912,0,0,221248,0,0,9198583,2496,52409,9474736,9422327,35209807,25787480,0.732395,1091680,81402,575478,0,97925,336875,0,0,0,0.600588,0.998128,0,0,0.111979,12.671772,3,4,5,11,12,13,0,0,4601632,6.967936,3.526402,600,738
R9,2,C6,2,32,w5g-R9-s2-C6-b2-m32,,cache,baseline,loas,16,resnet19_T4_n5,layer_09_layer2_0_conv2,2,16384,8,256,32,524288,16,8192,512,64,4,16,1,split_cin,32,16,20,32,12,1,next_burst,4,0,1,8,0,24,2,1,1,1,non_inclusive,lru,364530,68358,296172,698318,1093728,0.638475,1936,2000,0.968000,4608,294912,0,0,392780,0,0,4256540,2496,88984,4740800,4651816,18608032,13956216,0.750010,1091680,263470,393410,0,123923,310877,0,0,0,0.600588,0.998128,0,0,0.111979,17.353199,2,4,5,17,22,25,0,0,4601632,12.623466,3.625461,600,738
R9,2,C6,2,64,w5g-R9-s2-C6-b2-m64,,cache,baseline,loas,16,resnet19_T4_n5,layer_09_layer2_0_conv2,2,16384,8,256,32,524288,16,8192,512,64,4,16,1,split_cin,32,16,20,64,12,1,next_burst,4,0,1,8,0,24,2,1,1,1,non_inclusive,lru,364530,68358,296172,698318,1093728,0.638475,1936,2000,0.968000,4608,294912,0,0,392780,0,0,4256540,2496,88984,4740800,4651816,18608032,13956216,0.750010,1091680,263470,393410,0,123923,310877,0,0,0,0.600588,0.998128,0,0,0.111979,17.353199,2,4,5,17,22,25,0,0,4601632,12.623466,3.923254,600,738
R9,2,C6,4,32,w5g-R9-s2-C6-b4-m32,,cache,baseline,loas,16,resnet19_T4_n5,layer_09_layer2_0_conv2,2,16384,8,256,32,524288,16,8192,512,64,4,16,1,split_cin,32,16,20,32,12,1,next_burst,4,0,1,8,0,24,4,1,1,1,non_inclusive,lru,211254,68358,142896,749865,1093728,0.685605,1936,2000,0.968000,4608,294912,0,0,481932,0,0,1699659,2664,104129,2288384,2184255,10104096,7919841,0.783825,1091680,315017,341863,0,113035,321765,0,0,0,0.600588,0.998128,0,0,0.111979,30.181954,2,4,5,18,24,32,7,0,4601800,21.783256,4.011513,600,738
R9,2,C6,4,64,w5g-R9-s2-C6-b4-m64,,cache,baseline,loas,16,resnet19_T4_n5,layer_09_layer2_0_conv2,2,16384,8,256,32,524288,16,8192,512,64,4,16,1,split_cin,32,16,20,64,12,1,next_burst,4,0,1,8,0,24,4,1,1,1,non_inclusive,lru,211221,68358,142863,749827,1093728,0.685570,1936,2000,0.968000,4608,294912,0,0,481820,0,0,1699528,2664,103844,2287856,2184012,10102667,7918655,0.783818,1091680,314979,341901,0,113039,321761,0,0,0,0.600588,0.998128,0,0,0.111979,30.185289,2,4,5,18,25,34,0,0,4601632,21.785864,4.174897,600,738
R9,2,C6,8,32,w5g-R9-s2-C6-b8-m32,,cache,baseline,loas,16,resnet19_T4_n5,layer_09_layer2_0_conv2,2,16384,8,256,32,524288,16,8192,512,64,4,16,1,split_cin,32,16,20,32,12,1,next_burst,4,0,1,8,0,24,8,1,1,1,non_inclusive,lru,158565,68358,90207,595607,1093728,0.544566,1936,2000,0.968000,4608,294912,0,0,303220,0,0,1055139,2664,84337,1445360,1361023,7216665,5855642,0.811406,1091680,160759,496121,0,99059,335741,0,0,0,0.600588,0.998128,0,0,0.111979,87.443342,2,4,5,18,25,32,11,0,4601920,29.022294,3.936303,600,738
R9,2,C6,8,64,w5g-R9-s2-C6-b8-m64,,cache,baseline,loas,16,resnet19_T4_n5,layer_09_layer2_0_conv2,2,16384,8,256,32,524288,16,8192,512,64,4,16,1,split_cin,32,16,20,64,12,1,next_burst,4,0,1,8,0,24,8,1,1,1,non_inclusive,lru,158522,68358,90164,595611,1093728,0.544570,1936,2000,0.968000,4608,294912,0,0,303275,0,0,1054438,2664,84295,1444672,1360377,7214214,5853837,0.811431,1091680,160763,496117,0,99062,335738,0,0,0,0.600588,0.998128,0,0,0.111979,87.442640,2,4,5,18,26,37,0,0,4601632,29.028349,4.248242,600,738
R9,3,C5,1,32,w5g-R9-s3-C5-b1-m32,,cache,baseline,loas,16,resnet19_T4_n5,layer_09_layer2_0_conv2,3,16384,8,1024,128,524288,16,32768,2048,16,1,16,1,split_cin,128,16,20,32,12,1,next_burst,4,0,1,8,0,24,1,1,1,1,non_inclusive,lru,794362,78954,715408,567319,1263264,0.449090,1120,1232,0.909091,18320,293120,0,0,306519,0,0,11070114,4368,67575,11448576,11381001,46072901,34691900,0.752978,1261216,95815,694713,0,470688,0,0,0,0,0.625782,0.998379,0,0,0.000000,13.221844,3,5,5,6,12,13,0,0,5389712,6.784957,4.160092,630,844
R9,3,C5,1,64,w5g-R9-s3-C5-b1-m64,,cache,baseline,loas,16,resnet19_T4_n5,layer_09_layer2_0_conv2,3,16384,8,1024,128,524288,16,32768,2048,16,1,16,1,split_cin,128,16,20,64,12,1,next_burst,4,0,1,8,0,24,1,1,1,1,non_inclusive,lru,794362,78954,715408,567319,1263264,0.449090,1120,1232,0.909091,18320,293120,0,0,306519,0,0,11070114,4368,67575,11448576,11381001,46072901,34691900,0.752978,1261216,95815,694713,0,470688,0,0,0,0,0.625782,0.998379,0,0,0.000000,13.221844,3,5,5,6,12,13,0,0,5389712,6.784957,4.570089,630,844
R9,3,C5,2,32,w5g-R9-s3-C5-b2-m32,,cache,baseline,loas,16,resnet19_T4_n5,layer_09_layer2_0_conv2,3,16384,8,1024,128,524288,16,32768,2048,16,1,16,1,split_cin,128,16,20,32,12,1,next_burst,4,0,1,8,0,24,2,1,1,1,non_inclusive,lru,457344,78954,378390,770670,1263264,0.610063,1120,1232,0.909091,18320,293120,0,0,458037,0,0,5457122,4368,136761,6056288,5919527,25112829,19193302,0.764283,1261216,299166,491362,0,470688,0,0,0,0,0.625782,0.998379,0,0,0.000000,18.717000,3,5,5,8,23,25,0,0,5389712,11.784810,4.552317,630,844
R9,3,C5,2,64,w5g-R9-s3-C5-b2-m64,,cache,baseline,loas,16,resnet19_T4_n5,layer_09_layer2_0_conv2,3,16384,8,1024,128,524288,16,32768,2048,16,1,16,1,split_cin,128,16,20,64,12,1,next_burst,4,0,1,8,0,24,2,1,1,1,non_inclusive,lru,457344,78954,378390,770670,1263264,0.610063,1120,1232,0.909091,18320,293120,0,0,458037,0,0,5457122,4368,136761,6056288,5919527,25112829,19193302,0.764283,1261216,299166,491362,0,470688,0,0,0,0,0.625782,0.998379,0,0,0.000000,18.717000,3,5,5,8,23,25,0,0,5389712,11.784810,4.579180,630,844
R9,3,C5,4,32,w5g-R9-s3-C5-b4-m32,,cache,baseline,loas,16,resnet19_T4_n5,layer_09_layer2_0_conv2,3,16384,8,1024,128,524288,16,32768,2048,16,1,16,1,split_cin,128,16,20,32,12,1,next_burst,4,0,1,8,0,24,4,1,1,1,non_inclusive,lru,287787,78954,208833,834641,1263264,0.660702,1120,1232,0.909091,18320,293120,0,0,538218,0,0,2655762,4760,144636,3343376,3198740,14833200,11634460,0.784353,1261216,363137,427391,0,470688,0,0,0,0,0.625782,0.998379,0,0,0.000000,32.572612,2,4,5,9,29,32,20,0,5390224,18.729908,4.723713,630,844
R9,3,C5,4,64,w5g-R9-s3-C5-b4-m64,,cache,baseline,loas,16,resnet19_T4_n5,layer_09_layer2_0_conv2,3,16384,8,1024,128,524288,16,32768,2048,16,1,16,1,split_cin,128,16,20,64,12,1,next_burst,4,0,1,8,0,24,4,1,1,1,non_inclusive,lru,287579,78954,208625,833906,1263264,0.660120,1120,1232,0.909091,18320,293120,0,0,537761,0,0,2653053,4760,144474,3340048,3195574,14817985,11622411,0.784345,1261216,362402,428126,0,470688,0,0,0,0,0.625782,0.998379,0,0,0.000000,32.628467,2,4,5,9,30,35,0,0,5389712,18.741674,5.033183,630,844
R9,3,C5,8,32,w5g-R9-s3-C5-b8-m32,,cache,baseline,loas,16,resnet19_T4_n5,layer_09_layer2_0_conv2,3,16384,8,1024,128,524288,16,32768,2048,16,1,16,1,split_cin,128,16,20,32,12,1,next_burst,4,0,1,8,0,24,8,1,1,1,non_inclusive,lru,222314,78954,143360,792296,1263264,0.627182,1120,1232,0.909091,18320,293120,0,0,508919,0,0,1666157,4760,115972,2295808,2179836,10983543,8803707,0.801536,1261216,320792,469736,0,470688,0,0,0,0,0.625782,0.998379,0,0,0.000000,71.581123,3,4,5,10,20,32,20,0,5397388,24.278219,5.048362,630,844
R9,3,C5,8,64,w5g-R9-s3-C5-b8-m64,,cache,baseline,loas,16,resnet19_T4_n5,layer_09_layer2_0_conv2,3,16384,8,1024,128,524288,16,32768,2048,16,1,16,1,split_cin,128,16,20,64,12,1,next_burst,4,0,1,8,0,24,8,1,1,1,non_inclusive,lru,221100,78954,142146,792987,1263264,0.627729,1120,1232,0.909091,18320,293120,0,0,509374,0,0,1646270,4760,115980,2276384,2160404,10886228,8725824,0.801547,1261216,321483,469045,0,470688,0,0,0,0,0.625782,0.998379,0,0,0.000000,71.476100,3,4,5,10,30,35,0,0,5389712,24.376807,5.520261,630,844
R9,3,C6,1,32,w5g-R9-s3-C6-b1-m32,,cache,baseline,loas,16,resnet19_T4_n5,layer_09_layer2_0_conv2,3,16384,8,256,32,524288,16,8192,512,64,4,16,1,split_cin,32,16,20,32,12,1,next_burst,4,0,1,8,0,24,1,1,1,1,non_inclusive,lru,746717,78954,667763,611424,1263264,0.484003,1808,1872,0.965812,4608,294912,0,0,271997,0,0,10360055,2496,51708,10686256,10634548,39330969,28696421,0.729614,1261216,93056,649968,0,64094,454098,0,0,0,0.588178,0.998379,0,0,0.006076,12.383920,3,4,5,11,12,13,0,0,5282272,7.073995,4.344659,630,844
R9,3,C6,1,64,w5g-R9-s3-C6-b1-m64,,cache,baseline,loas,16,resnet19_T4_n5,layer_09_layer2_0_conv2,3,16384,8,256,32,524288,16,8192,512,64,4,16,1,split_cin,32,16,20,64,12,1,next_burst,4,0,1,8,0,24,1,1,1,1,non_inclusive,lru,746717,78954,667763,611424,1263264,0.484003,1808,1872,0.965812,4608,294912,0,0,271997,0,0,10360055,2496,51708,10686256,10634548,39330969,28696421,0.729614,1261216,93056,649968,0,64094,454098,0,0,0,0.588178,0.998379,0,0,0.006076,12.383920,3,4,5,11,12,13,0,0,5282272,7.073995,4.120078,630,844
R9,3,C6,2,32,w5g-R9-s3-C6-b2-m32,,cache,baseline,loas,16,resnet19_T4_n5,layer_09_layer2_0_conv2,3,16384,8,256,32,524288,16,8192,512,64,4,16,1,split_cin,32,16,20,32,12,1,next_burst,4,0,1,8,0,24,2,1,1,1,non_inclusive,lru,400333,78954,321379,813141,1263264,0.643683,1808,1872,0.965812,4608,294912,0,0,459484,0,0,4591214,2496,90918,5144112,5053194,20120169,15066975,0.748849,1261216,294773,448251,0,97026,421166,0,0,0,0.588178,0.998379,0,0,0.006076,17.103237,2,4,5,15,22,24,0,0,5282272,13.194695,4.776393,630,844
R9,3,C6,2,64,w5g-R9-s3-C6-b2-m64,,cache,baseline,loas,16,resnet19_T4_n5,layer_09_layer2_0_conv2,3,16384,8,256,32,524288,16,8192,512,64,4,16,1,split_cin,32,16,20,64,12,1,next_burst,4,0,1,8,0,24,2,1,1,1,non_inclusive,lru,400333,78954,321379,813141,1263264,0.643683,1808,1872,0.965812,4608,294912,0,0,459484,0,0,4591214,2496,90918,5144112,5053194,20120169,15066975,0.748849,1261216,294773,448251,0,97026,421166,0,0,0,0.588178,0.998379,0,0,0.006076,17.103237,2,4,5,15,22,24,0,0,5282272,13.194695,4.699480,630,844
R9,3,C6,4,32,w5g-R9-s3-C6-b4-m32,,cache,baseline,loas,16,resnet19_T4_n5,layer_09_layer2_0_conv2,3,16384,8,256,32,524288,16,8192,512,64,4,16,1,split_cin,32,16,20,32,12,1,next_burst,4,0,1,8,0,24,4,1,1,1,non_inclusive,lru,233854,78954,154900,853636,1263264,0.675738,1808,1872,0.965812,4608,294912,0,0,539286,0,0,1835364,2664,103134,2480448,2377314,11006650,8629336,0.784011,1261216,335268,407756,0,81637,436555,0,0,0,0.588178,0.998379,0,0,0.006076,31.129113,2,4,5,16,25,29,0,0,5282272,22.587905,4.852874,630,844
R9,3,C6,4,64,w5g-R9-s3-C6-b4-m64,,cache,baseline,loas,16,resnet19_T4_n5,layer_09_layer2_0_conv2,3,16384,8,256,32,524288,16,8192,512,64,4,16,1,split_cin,32,16,20,64,12,1,next_burst,4,0,1,8,0,24,4,1,1,1,non_inclusive,lru,233854,78954,154900,853636,1263264,0.675738,1808,1872,0.965812,4608,294912,0,0,539286,0,0,1835364,2664,103134,2480448,2377314,11006650,8629336,0.784011,1261216,335268,407756,0,81637,436555,0,0,0,0.588178,0.998379,0,0,0.006076,31.129113,2,4,5,16,25,29,0,0,5282272,22.587905,4.161439,630,844
R9,3,C6,8,32,w5g-R9-s3-C6-b8-m32,,cache,baseline,loas,16,resnet19_T4_n5,layer_09_layer2_0_conv2,3,16384,8,256,32,524288,16,8192,512,64,4,16,1,split_cin,32,16,20,32,12,1,next_burst,4,0,1,8,0,24,8,1,1,1,non_inclusive,lru,178837,78954,99883,669992,1263264,0.530366,1808,1872,0.965812,4608,294912,0,0,320638,0,0,1185625,2832,91081,1600176,1509095,7983655,6474560,0.810977,1261216,151624,591400,0,63894,454298,0,0,0,0.588178,0.998379,0,0,0.006076,90.169770,2,4,5,16,27,32,0,0,5282272,29.536796,4.988758,630,844
R9,3,C6,8,64,w5g-R9-s3-C6-b8-m64,,cache,baseline,loas,16,resnet19_T4_n5,layer_09_layer2_0_conv2,3,16384,8,256,32,524288,16,8192,512,64,4,16,1,split_cin,32,16,20,64,12,1,next_burst,4,0,1,8,0,24,8,1,1,1,non_inclusive,lru,178837,78954,99883,669992,1263264,0.530366,1808,1872,0.965812,4608,294912,0,0,320638,0,0,1185625,2832,91081,1600176,1509095,7983655,6474560,0.810977,1261216,151624,591400,0,63894,454298,0,0,0,0.588178,0.998379,0,0,0.006076,90.169770,2,4,5,16,27,32,0,0,5282272,29.536796,4.624174,630,844
R9,4,C5,1,32,w5g-R9-s4-C5-b1-m32,,cache,baseline,loas,16,resnet19_T4_n5,layer_09_layer2_0_conv2,4,16384,8,1024,128,524288,16,32768,2048,16,1,16,1,split_cin,128,16,20,32,12,1,next_burst,4,0,1,8,0,24,1,1,1,1,non_inclusive,lru,864451,85106,779345,610710,1361696,0.448492,832,960,0.866667,18216,291456,0,0,328064,0,0,12069948,4992,68564,12471568,12403004,50287313,37884309,0.753357,1359648,111270,750026,0,498352,0,0,0,0,0.632517,0.998496,0,0,0.000000,13.236188,3,5,5,5,12,13,0,0,5825896,6.739417,3.857376,735,966
R9,4,C5,1,64,w5g-R9-s4-C5-b1-m64,,cache,baseline,loas,16,resnet19_T4_n5,layer_09_layer2_0_conv2,4,16384,8,1024,128,524288,16,32768,2048,16,1,16,1,split_cin,128,16,20,64,12,1,next_burst,4,0,1,8,0,24,1,1,1,1,non_inclusive,lru,864451,85106,779345,610710,1361696,0.448492,832,960,0.866667,18216,291456,0,0,328064,0,0,12069948,4992,68564,12471568,12403004,50287313,37884309,0.753357,1359648,111270,750026,0,498352,0,0,0,0,0.632517,0.998496,0,0,0.000000,13.236188,3,5,5,5,12,13,0,0,5825896,6.739417,4.887253,735,966
R9,4,C5,2,32,w5g-R9-s4-C5-b2-m32,,cache,baseline,loas,16,resnet19_T4_n5,layer_09_layer2_0_conv2,4,16384,8,1024,128,524288,16,32768,2048,16,1,16,1,split_cin,128,16,20,32,12,1,next_burst,4,0,1,8,0,24,2,1,1,1,non_inclusive,lru,482828,85106,397722,832107,1361696,0.611081,832,960,0.866667,18216,291456,0,0,495844,0,0,5721924,5020,142812,6365600,6222788,26545036,20322248,0.765576,1359648,332667,528629,0,498352,0,0,0,0,0.632517,0.998496,0,0,0.000000,18.668096,3,4,5,8,23,25,0,0,5825896,12.066193,5.499684,735,966
R9,4,C5,2,64,w5g-R9-s4-C5-b2-m64,,cache,baseline,loas,16,resnet19_T4_n5,layer_09_layer2_0_conv2,4,16384,8,1024,128,524288,16,32768,2048,16,1,16,1,split_cin,128,16,20,64,12,1,next_burst,4,0,1,8,0,24,2,1,1,1,non_inclusive,lru,482828,85106,397722,832107,1361696,0.611081,832,960,0.866667,18216,291456,0,0,495844,0,0,5721924,5020,142812,6365600,6222788,26545036,20322248,0.765576,1359648,332667,528629,0,498352,0,0,0,0,0.632517,0.998496,0,0,0.000000,18.668096,3,4,5,8,23,25,0,0,5825896,12.066193,5.047929,735,966
R9,4,C5,4,32,w5g-R9-s4-C5-b4-m32,,cache,baseline,loas,16,resnet19_T4_n5,layer_09_layer2_0_conv2,4,16384,8,1024,128,524288,16,32768,2048,16,1,16,1,split_cin,128,16,20,32,12,1,next_burst,4,0,1,8,0,24,4,1,1,1,non_inclusive,lru,303270,85106,218164,896866,1361696,0.658639,832,960,0.866667,18216,291456,0,0,576107,0,0,2757786,5412,153367,3492672,3339305,15700082,12360777,0.787307,1359648,397426,463870,0,498352,0,0,0,0,0.632517,0.998496,0,0,0.000000,32.770662,2,4,5,9,29,32,19,0,5827728,19.216302,5.434938,735,966
R9,4,C5,4,64,w5g-R9-s4-C5-b4-m64,,cache,baseline,loas,16,resnet19_T4_n5,layer_09_layer2_0_conv2,4,16384,8,1024,128,524288,16,32768,2048,16,1,16,1,split_cin,128,16,20,64,12,1,next_burst,4,0,1,8,0,24,4,1,1,1,non_inclusive,lru,302637,85106,217531,896486,1361696,0.658360,832,960,0.866667,18216,291456,0,0,576051,0,0,2747730,5412,153351,3482544,3329193,15650492,12321299,0.787279,1359648,397046,464250,0,498352,0,0,0,0,0.632517,0.998496,0,0,0.000000,32.797453,2,4,5,9,29,36,0,0,5825896,19.250442,5.399102,735,966
R9,4,C5,8,32,w5g-R9-s4-C5-b8-m32,,cache,baseline,loas,16,resnet19_T4_n5,layer_09_layer2_0_conv2,4,16384,8,1024,128,524288,16,32768,2048,16,1,16,1,split_cin,128,16,20,32,12,1,next_burst,4,0,1,8,0,24,8,1,1,1,non_inclusive,lru,234781,85106,149675,848668,1361696,0.623243,832,968,0.859504,18216,291456,0,0,542388,520,0,1729340,5144,119456,2396848,2277392,11688888,9411496,0.805166,1359648,349228,512068,0,498352,0,0,0,0,0.632517,0.998496,0,0,0.000000,72.337274,3,4,5,10,30,32,16,0,5826404,24.816335,5.380031,735,966
R9,4,C5,8,64,w5g-R9-s4-C5-b8-m64,,cache,baseline,loas,16,resnet19_T4_n5,layer_09_layer2_0_conv2,4,16384,8,1024,128,524288,16,32768,2048,16,1,16,1,split_cin,128,16,20,64,12,1,next_burst,4,0,1,8,0,24,8,1,1,1,non_inclusive,lru,234682,85106,149576,848246,1361696,0.622933,832,960,0.866667,18216,291456,0,0,542198,0,0,1727916,5664,119486,2395264,2275778,11681040,9405262,0.805173,1359648,348806,512490,0,498352,0,0,0,0,0.632517,0.998496,0,0,0.000000,72.396776,3,4,5,10,30,40,0,0,5825896,24.824639,5.685512,735,966
R9,4,C6,1,32,w5g-R9-s4-C6-b1-m32,,cache,baseline,loas,16,resnet19_T4_n5,layer_09_layer2_0_conv2,4,16384,8,256,32,524288,16,8192,512,64,4,16,1,split_cin,32,16,20,32,12,1,next_burst,4,0,1,8,0,24,1,1,1,1,non_inclusive,lru,767156,85106,682050,700121,1361696,0.514154,1776,1840,0.965217,4608,294912,0,0,313139,0,0,10547406,2496,51807,10914848,10863041,38638435,27775394,0.718854,1359648,104137,659735,0,62495,533281,0,0,0,0.560971,0.998496,0,0,0.011719,11.660312,2,4,5,11,12,12,0,0,5619200,7.324716,4.950359,735,966
R9,4,C6,1,64,w5g-R9-s4-C6-b1-m64,,cache,baseline,loas,16,resnet19_T4_n5,layer_09_layer2_0_conv2,4,16384,8,256,32,524288,16,8192,512,64,4,16,1,split_cin,32,16,20,64,12,1,next_burst,4,0,1,8,0,24,1,1,1,1,non_inclusive,lru,767156,85106,682050,700121,1361696,0.514154,1776,1840,0.965217,4608,294912,0,0,313139,0,0,10547406,2496,51807,10914848,10863041,38638435,27775394,0.718854,1359648,104137,659735,0,62495,533281,0,0,0,0.560971,0.998496,0,0,0.011719,11.660312,2,4,5,11,12,12,0,0,5619200,7.324716,4.424156,735,966
R9,4,C6,2,32,w5g-R9-s4-C6-b2-m32,,cache,baseline,loas,16,resnet19_T4_n5,layer_09_layer2_0_conv2,4,16384,8,256,32,524288,16,8192,512,64,4,16,1,split_cin,32,16,20,32,12,1,next_burst,4,0,1,8,0,24,2,1,1,1,non_inclusive,lru,412584,85106,327478,890506,1361696,0.653968,1776,1840,0.965217,4608,294912,0,0,512091,0,0,4637828,2496,89281,5241696,5152415,19748553,14596138,0.739099,1359648,294522,469350,0,95386,500390,0,0,0,0.560971,0.998496,0,0,0.011719,16.609522,2,4,5,17,22,25,0,0,5619200,13.619530,4.542077,735,966
R9,4,C6,2,64,w5g-R9-s4-C6-b2-m64,,cache,baseline,loas,16,resnet19_T4_n5,layer_09_layer2_0_conv2,4,16384,8,256,32,524288,16,8192,512,64,4,16,1,split_cin,32,16,20,64,12,1,next_burst,4,0,1,8,0,24,2,1,1,1,non_inclusive,lru,412584,85106,327478,890506,1361696,0.653968,1776,1840,0.965217,4608,294912,0,0,512091,0,0,4637828,2496,89281,5241696,5152415,19748553,14596138,0.739099,1359648,294522,469350,0,95386,500390,0,0,0,0.560971,0.998496,0,0,0.011719,16.609522,2,4,5,17,22,25,0,0,5619200,13.619530,4.915677,735,966
R9,4,C6,4,32,w5g-R9-s4-C6-b4-m32,,cache,baseline,loas,16,resnet19_T4_n5,layer_09_layer2_0_conv2,4,16384,8,256,32,524288,16,8192,512,64,4,16,1,split_cin,32,16,20,32,12,1,next_burst,4,0,1,8,0,24,4,1,1,1,non_inclusive,lru,238242,85106,153136,918388,1361696,0.674444,1776,1840,0.965217,4608,294912,0,0,574840,0,0,1765841,2664,108879,2452224,2343345,10645592,8302247,0.779876,1359648,322404,441468,0,75841,519935,0,0,0,0.560971,0.998496,0,0,0.011719,31.253355,2,4,5,18,26,31,0,0,5619200,23.586102,4.531722,735,966
R9,4,C6,4,64,w5g-R9-s4-C6-b4-m64,,cache,baseline,loas,16,resnet19_T4_n5,layer_09_layer2_0_conv2,4,16384,8,256,32,524288,16,8192,512,64,4,16,1,split_cin,32,16,20,64,12,1,next_burst,4,0,1,8,0,24,4,1,1,1,non_inclusive,lru,238242,85106,153136,918388,1361696,0.674444,1776,1840,0.965217,4608,294912,0,0,574840,0,0,1765841,2664,108879,2452224,2343345,10645592,8302247,0.779876,1359648,322404,441468,0,75841,519935,0,0,0,0.560971,0.998496,0,0,0.011719,31.253355,2,4,5,18,26,31,0,0,5619200,23.586102,4.775646,735,966
R9,4,C6,8,32,w5g-R9-s4-C6-b8-m32,,cache,baseline,loas,16,resnet19_T4_n5,layer_09_layer2_0_conv2,4,16384,8,256,32,524288,16,8192,512,64,4,16,1,split_cin,32,16,20,32,12,1,next_burst,4,0,1,8,0,24,8,1,1,1,non_inclusive,lru,189343,85106,104237,712298,1361696,0.523096,1776,1840,0.965217,4608,294912,0,0,317463,0,0,1260495,2832,89050,1669840,1580790,8111840,6531050,0.805126,1359648,116314,647558,0,63140,532636,0,0,0,0.560971,0.998496,0,0,0.011719,91.565530,2,4,5,18,28,32,0,0,5619200,29.677358,4.992748,735,966
R9,4,C6,8,64,w5g-R9-s4-C6-b8-m64,,cache,baseline,loas,16,resnet19_T4_n5,layer_09_layer2_0_conv2,4,16384,8,256,32,524288,16,8192,512,64,4,16,1,split_cin,32,16,20,64,12,1,next_burst,4,0,1,8,0,24,8,1,1,1,non_inclusive,lru,189343,85106,104237,712298,1361696,0.523096,1776,1840,0.965217,4608,294912,0,0,317463,0,0,1260495,2832,89050,1669840,1580790,8111840,6531050,0.805126,1359648,116314,647558,0,63140,532636,0,0,0,0.560971,0.998496,0,0,0.011719,91.565530,2,4,5,18,28,32,0,0,5619200,29.677358,5.135220,735,966
V8,0,C5,1,32,w5g-V8-s0-C5-b1-m32,,cache,baseline,loas,16,vgg16_T4_n5,layer_08_features_27,0,16384,8,1024,128,524288,16,32768,2048,16,1,16,1,split_cin,128,16,20,32,12,1,next_burst,4,0,1,8,0,24,1,1,1,1,non_inclusive,lru,2415990,162352,2253638,338298,2597632,0.130233,0,2048,0.000000,2373152,37970432,0,0,110124,0,0,35813852,80896,55384,36060256,36004872,180883956,144879084,0.800950,2595584,151738,2257286,0,186560,0,0,0,0,0.927392,0.999212,0,0,0.000000,20.874403,4,5,5,23,24,24,0,0,14986272,6.202953,12.661219,1226,1875
V8,0,C5,1,64,w5g-V8-s0-C5-b1-m64,,cache,baseline,loas,16,vgg16_T4_n5,layer_08_features_27,0,16384,8,1024,128,524288,16,32768,2048,16,1,16,1,split_cin,128,16,20,64,12,1,next_burst,4,0,1,8,0,24,1,1,1,1,non_inclusive,lru,2415990,162352,2253638,338298,2597632,0.130233,0,2048,0.000000,2373152,37970432,0,0,110124,0,0,35813852,80896,55384,36060256,36004872,180883956,144879084,0.800950,2595584,151738,2257286,0,186560,0,0,0,0,0.927392,0.999212,0,0,0.000000,20.874403,4,5,5,23,24,24,0,0,14986272,6.202953,11.892857,1226,1875
V8,0,C5,2,32,w5g-V8-s0-C5-b2-m32,,cache,baseline,loas,16,vgg16_T4_n5,layer_08_features_27,0,16384,8,1024,128,524288,16,32768,2048,16,1,16,1,split_cin,128,16,20,32,12,1,next_burst,4,0,1,8,0,24,2,1,1,1,non_inclusive,lru,2738280,162352,2575928,705622,2597632,0.271640,0,2048,0.000000,2373152,37970432,0,0,179908,0,0,40718682,96004,222302,41216896,40994594,204296332,163301738,0.799338,2595584,519062,1889962,0,186560,0,0,0,0,0.927392,0.999212,0,0,0.000000,34.961257,4,5,5,21,24,32,47,0,17339846,6.332386,15.051102,1226,1875
V8,0,C5,2,64,w5g-V8-s0-C5-b2-m64,,cache,baseline,loas,16,vgg16_T4_n5,layer_08_features_27,0,16384,8,1024,128,524288,16,32768,2048,16,1,16,1,split_cin,128,16,20,64,12,1,next_burst,4,0,1,8,0,24,2,1,1,1,non_inclusive,lru,2380302,162352,2217950,592474,2597632,0.228082,0,2048,0.000000,2373152,37970432,0,0,152198,0,0,35076908,96004,164138,35489248,35325110,177520130,142195020,0.801008,2595584,405914,2003110,0,186560,0,0,0,0,0.927392,0.999212,0,0,0.000000,37.052047,4,5,5,56,63,64,6,0,16004758,6.723835,15.417300,1226,1875
V8,0,C5,4,32,w5g-V8-s0-C5-b4-m32,,cache,baseline,loas,16,vgg16_T4_n5,layer_08_features_27,0,16384,8,1024,128,524288,16,32768,2048,16,1,16,1,split_cin,128,16,20,32,12,1,next_burst,4,0,1,8,0,24,4,1,1,1,non_inclusive,lru,2444414,162352,2282062,527848,2597632,0.203204,0,2754,0.000000,2373152,37970432,0,0,150852,52372,0,36123040,61490,127286,36515040,36387754,182601210,146213456,0.800726,2595584,341288,2067736,0,186560,0,0,0,0,0.927392,0.999212,0,0,0.000000,76.492461,4,5,5,24,25,32,45,0,17345592,7.096012,15.211528,1226,1875
V8,0,C5,4,64,w5g-V8-s0-C5-b4-m64,,cache,baseline,loas,16,vgg16_T4_n5,layer_08_features_27,0,16384,8,1024,128,524288,16,32768,2048,16,1,16,1,split_cin,128,16,20,64,12,1,next_burst,4,0,1,8,0,24,4,1,1,1,non_inclusive,lru,2379910,162352,2217558,452604,2597632,0.174237,0,2048,0.000000,2373152,37970432,0,0,124852,0,0,35121734,113686,122704,35482976,35360272,177764576,142404304,0.801084,2595584,266044,2142980,0,186560,0,0,0,0,0.927392,0.999212,0,0,0.000000,79.273233,4,5,5,56,62,64,8,0,16484916,6.926697,15.573864,1226,1875
V8,0,C5,8,32,w5g-V8-s0-C5-b8-m32,,cache,baseline,loas,16,vgg16_T4_n5,layer_08_features_27,0,16384,8,1024,128,524288,16,32768,2048,16,1,16,1,split_cin,128,16,20,32,12,1,next_burst,4,0,1,8,0,24,8,1,1,1,non_inclusive,lru,2408974,162352,2246622,503338,2597632,0.193768,0,2978,0.000000,2373152,37970432,0,0,161000,75298,0,35561812,50392,99498,35948000,35848502,180144370,144295868,0.801001,2595584,316778,2092246,0,186560,0,0,0,0,0.927392,0.999212,0,0,0.000000,154.796541,4,5,5,24,25,32,48,0,17344434,7.199926,14.814098,1226,1875
V8,0,C5,8,64,w5g-V8-s0-C5-b8-m64,,cache,baseline,loas,16,vgg16_T4_n5,layer_08_features_27,0,16384,8,1024,128,524288,16,32768,2048,16,1,16,1,split_cin,128,16,20,64,12,1,next_burst,4,0,1,8,0,24,8,1,1,1,non_inclusive,lru,2379238,162352,2216886,448028,2597632,0.172476,0,2196,0.000000,2373152,37970432,0,0,140818,14578,0,35120534,111016,85278,35472224,35386946,178000072,142613126,0.801197,2595584,261468,2147556,0,186560,0,0,0,0,0.927392,0.999212,0,0,0.000000,158.884695,4,5,5,56,62,64,16,0,16576798,6.967272,15.183854,1226,1875
V8,0,C6,1,32,w5g-V8-s0-C6-b1-m32,,cache,baseline,loas,16,vgg16_T4_n5,layer_08_features_27,0,16384,8,256,32,524288,16,8192,512,64,4,16,1,split_cin,32,16,20,32,12,1,next_burst,4,0,1,8,0,24,1,1,1,1,non_inclusive,lru,1429316,162352,1266964,1381712,2597632,0.531912,0,1952,0.000000,1412032,90370048,0,0,615204,0,0,19473388,77104,107776,20273472,20165696,68894916,48729220,0.707298,2595584,196112,1213968,0,16956,1168548,0,0,0,0.542833,0.999212,0,0,0.104167,11.234109,2,4,5,23,24,24,0,0,12027072,8.414565,10.314986,1226,1875
V8,0,C6,1,64,w5g-V8-s0-C6-b1-m64,,cache,baseline,loas,16,vgg16_T4_n5,layer_08_features_27,0,16384,8,256,32,524288,16,8192,512,64,4,16,1,split_cin,32,16,20,64,12,1,next_burst,4,0,1,8,0,24,1,1,1,1,non_inclusive,lru,1429316,162352,1266964,1381712,2597632,0.531912,0,1952,0.000000,1412032,90370048,0,0,615204,0,0,19473388,77104,107776,20273472,20165696,68894916,48729220,0.707298,2595584,196112,1213968,0,16956,1168548,0,0,0,0.542833,0.999212,0,0,0.104167,11.234109,2,4,5,23,24,24,0,0,12027072,8.414565,10.081282,1226,1875
V8,0,C6,2,32,w5g-V8-s0-C6-b2-m32,,cache,baseline,loas,16,vgg16_T4_n5,layer_08_features_27,0,16384,8,256,32,524288,16,8192,512,64,4,16,1,split_cin,32,16,20,32,12,1,next_burst,4,0,1,8,0,24,2,1,1,1,non_inclusive,lru,1518136,162352,1355784,1472102,2597632,0.566709,0,1952,0.000000,1412032,90370048,0,0,670942,0,0,20712278,87382,223990,21694592,21470602,72436556,50965954,0.703594,2595584,286502,1123578,0,30696,1154808,0,0,0,0.542833,0.999212,0,0,0.104167,20.797958,2,4,5,23,30,32,35,0,13071744,8.610391,11.817259,1226,1875
V8,0,C6,2,64,w5g-V8-s0-C6-b2-m64,,cache,baseline,loas,16,vgg16_T4_n5,layer_08_features_27,0,16384,8,256,32,524288,16,8192,512,64,4,16,1,split_cin,32,16,20,64,12,1,next_burst,4,0,1,8,0,24,2,1,1,1,non_inclusive,lru,1429768,162352,1267416,1408648,2597632,0.542282,0,1952,0.000000,1412032,90370048,0,0,644812,0,0,19390838,87382,157672,20280704,20123032,68532360,48409328,0.706372,2595584,223048,1187032,0,17164,1168340,0,0,0,0.542833,0.999212,0,0,0.104167,21.970484,2,4,5,38,50,64,6,0,12027830,8.412435,10.470969,1226,1875
V8,0,C6,4,32,w5g-V8-s0-C6-b4-m32,,cache,baseline,loas,16,vgg16_T4_n5,layer_08_features_27,0,16384,8,256,32,524288,16,8192,512,64,4,16,1,split_cin,32,16,20,32,12,1,next_burst,4,0,1,8,0,24,4,1,1,1,non_inclusive,lru,1456810,162352,1294458,1380472,2597632,0.531435,0,2032,0.000000,1412032,90370048,0,0,592704,5536,0,19810314,83750,221072,20713376,20492304,69555538,49063234,0.705382,2595584,194872,1215208,0,22388,1163116,0,0,0,0.542833,0.999212,0,0,0.104167,44.982261,2,4,5,24,30,32,38,0,13134564,9.015976,12.193787,1226,1875
V8,0,C6,4,64,w5g-V8-s0-C6-b4-m64,,cache,baseline,loas,16,vgg16_T4_n5,layer_08_features_27,0,16384,8,256,32,524288,16,8192,512,64,4,16,1,split_cin,32,16,20,64,12,1,next_burst,4,0,1,8,0,24,4,1,1,1,non_inclusive,lru,1429988,162352,1267636,1388730,2597632,0.534614,0,1952,0.000000,1412032,90370048,0,0,624076,0,0,19428072,89254,142822,20284224,20141402,68688652,48547250,0.706772,2595584,203130,1206950,0,17182,1168322,0,0,0,0.542833,0.999212,0,0,0.104167,44.677072,2,4,5,38,51,64,6,0,12028310,8.411476,10.847751,1226,1875
V8,0,C6,8,32,w5g-V8-s0-C6-b8-m32,,cache,baseline,loas,16,vgg16_T4_n5,layer_08_features_27,0,16384,8,256,32,524288,16,8192,512,64,4,16,1,split_cin,32,16,20,32,12,1,next_burst,4,0,1,8,0,24,8,1,1,1,non_inclusive,lru,1441606,162352,1279254,1361858,2597632,0.524269,0,2032,0.000000,1412032,90370048,0,0,575728,5504,0,19629242,83750,175888,20470112,20294224,68987926,48693702,0.705829,2595584,176258,1233822,0,22310,1163194,0,0,0,0.542833,0.999212,0,0,0.104167,91.340347,2,4,5,24,30,32,38,0,13135494,9.111709,11.173588,1226,1875
V8,0,C6,8,64,w5g-V8-s0-C6-b8-m64,,cache,baseline,loas,16,vgg16_T4_n5,layer_08_features_27,0,16384,8,256,32,524288,16,8192,512,64,4,16,1,split_cin,32,16,20,64,12,1,next_burst,4,0,1,8,0,24,8,1,1,1,non_inclusive,lru,1429658,162352,1267306,1383228,2597632,0.532496,0,1952,0.000000,1412032,90370048,0,0,618676,0,0,19444518,89254,126496,20278944,20152448,68813144,48660696,0.707142,2595584,197628,1212452,0,16986,1168518,0,0,0,0.542833,0.999212,0,0,0.104167,89.760816,2,4,5,38,51,64,6,0,12028432,8.413503,10.943848,1226,1875
V8,1,C5,1,32,w5g-V8-s1-C5-b1-m32,,cache,baseline,loas,16,vgg16_T4_n5,layer_08_features_27,1,16384,8,1024,128,524288,16,32768,2048,16,1,16,1,split_cin,128,16,20,32,12,1,next_burst,4,0,1,8,0,24,1,1,1,1,non_inclusive,lru,2159322,148272,2011050,385574,2372352,0.162528,0,1920,0.000000,2104256,33668096,0,0,127926,0,0,31908430,75840,66652,32178848,32112196,159317248,127205052,0.798439,2370304,167718,1984858,0,217728,0,0,0,0,0.907359,0.999137,0,0,0.000000,20.099324,4,5,5,23,24,24,0,0,13528384,6.265107,11.955581,1125,1696
V8,1,C5,1,64,w5g-V8-s1-C5-b1-m64,,cache,baseline,loas,16,vgg16_T4_n5,layer_08_features_27,1,16384,8,1024,128,524288,16,32768,2048,16,1,16,1,split_cin,128,16,20,64,12,1,next_burst,4,0,1,8,0,24,1,1,1,1,non_inclusive,lru,2159322,148272,2011050,385574,2372352,0.162528,0,1920,0.000000,2104256,33668096,0,0,127926,0,0,31908430,75840,66652,32178848,32112196,159317248,127205052,0.798439,2370304,167718,1984858,0,217728,0,0,0,0,0.907359,0.999137,0,0,0.000000,20.099324,4,5,5,23,24,24,0,0,13528384,6.265107,12.354133,1125,1696
V8,1,C5,2,32,w5g-V8-s1-C5-b2-m32,,cache,baseline,loas,16,vgg16_T4_n5,layer_08_features_27,1,16384,8,1024,128,524288,16,32768,2048,16,1,16,1,split_cin,128,16,20,32,12,1,next_burst,4,0,1,8,0,24,2,1,1,1,non_inclusive,lru,2475864,148272,2327592,720628,2372352,0.303761,0,1920,0.000000,2104256,33668096,0,0,207138,0,0,36738880,86296,211206,37243520,37032314,181799644,144767330,0.796302,2370304,502772,1649804,0,217728,0,0,0,0,0.907359,0.999137,0,0,0.000000,33.419472,4,5,5,21,24,32,47,0,15603720,6.302333,14.180920,1125,1696
V8,1,C5,2,64,w5g-V8-s1-C5-b2-m64,,cache,baseline,loas,16,vgg16_T4_n5,layer_08_features_27,1,16384,8,1024,128,524288,16,32768,2048,16,1,16,1,split_cin,128,16,20,64,12,1,next_burst,4,0,1,8,0,24,2,1,1,1,non_inclusive,lru,2111356,148272,1963084,591498,2372352,0.249330,0,1920,0.000000,2104256,33668096,0,0,165440,0,0,31005178,86296,154478,31411392,31256914,155063110,123806196,0.798425,2370304,373642,1778934,0,217728,0,0,0,0,0.907359,0.999137,0,0,0.000000,36.032171,4,5,5,56,63,64,6,0,14279516,6.763197,13.491862,1125,1696
V8,1,C5,4,32,w5g-V8-s1-C5-b4-m32,,cache,baseline,loas,16,vgg16_T4_n5,layer_08_features_27,1,16384,8,1024,128,524288,16,32768,2048,16,1,16,1,split_cin,128,16,20,32,12,1,next_burst,4,0,1,8,0,24,4,1,1,1,non_inclusive,lru,2174088,148272,2025816,561560,2372352,0.236710,0,2294,0.000000,2104256,33668096,0,0,177926,28696,0,31999202,70082,139198,32415104,32275906,159785212,127509306,0.798004,2370304,343704,1808872,0,217728,0,0,0,0,0.907359,0.999137,0,0,0.000000,73.275817,4,5,5,24,25,32,43,0,15619080,7.184199,13.983243,1125,1696
V8,1,C5,4,64,w5g-V8-s1-C5-b4-m64,,cache,baseline,loas,16,vgg16_T4_n5,layer_08_features_27,1,16384,8,1024,128,524288,16,32768,2048,16,1,16,1,split_cin,128,16,20,64,12,1,next_burst,4,0,1,8,0,24,4,1,1,1,non_inclusive,lru,2110532,148272,1962260,479184,2372352,0.201987,0,1920,0.000000,2104256,33668096,0,0,141390,0,0,31042478,96922,117418,31398208,31280790,155264994,123984204,0.798533,2370304,261328,1891248,0,217728,0,0,0,0,0.907359,0.999137,0,0,0.000000,76.609259,4,5,5,55,62,64,8,0,14679796,6.955496,13.427866,1125,1696
V8,1,C5,8,32,w5g-V8-s1-C5-b8-m32,,cache,baseline,loas,16,vgg16_T4_n5,layer_08_features_27,1,16384,8,1024,128,524288,16,32768,2048,16,1,16,1,split_cin,128,16,20,32,12,1,next_burst,4,0,1,8,0,24,8,1,1,1,non_inclusive,lru,2139204,148272,1990932,534724,2372352,0.225398,0,2550,0.000000,2104256,33668096,0,0,178442,46768,0,31467396,58538,105816,31856960,31751144,157559754,125808610,0.798482,2370304,316868,1835708,0,217728,0,0,0,0,0.907359,0.999137,0,0,0.000000,148.723535,4,5,5,24,25,32,43,0,15620238,7.301893,13.622928,1125,1696
V8,1,C5,8,64,w5g-V8-s1-C5-b8-m64,,cache,baseline,loas,16,vgg16_T4_n5,layer_08_features_27,1,16384,8,1024,128,524288,16,32768,2048,16,1,16,1,split_cin,128,16,20,64,12,1,next_burst,4,0,1,8,0,24,8,1,1,1,non_inclusive,lru,2109960,148272,1961688,460466,2372352,0.194097,0,1920,0.000000,2104256,33668096,0,0,148558,0,0,31041438,105306,93754,31389056,31295302,155491540,124196238,0.798733,2370304,242610,1909966,0,217728,0,0,0,0,0.907359,0.999137,0,0,0.000000,154.733409,4,5,5,56,62,64,8,0,14748078,6.989743,13.422804,1125,1696
V8,1,C6,1,32,w5g-V8-s1-C6-b1-m32,,cache,baseline,loas,16,vgg16_T4_n5,layer_08_features_27,1,16384,8,256,32,524288,16,8192,512,64,4,16,1,split_cin,32,16,20,32,12,1,next_burst,4,0,1,8,0,24,1,1,1,1,non_inclusive,lru,1389972,148272,1241700,1174904,2372352,0.495249,0,1952,0.000000,1377664,88170496,0,0,481472,0,0,19215456,77104,95216,19869248,19774032,70124232,50350200,0.718014,2370304,180216,1195496,0,16456,978136,0,0,0,0.579894,0.999137,0,0,0.222850,12.114034,2,4,5,23,24,24,0,0,11248128,8.092341,9.521431,1125,1696
V8,1,C6,1,64,w5g-V8-s1-C6-b1-m64,,cache,baseline,loas,16,vgg16_T4_n5,layer_08_features_27,1,16384,8,256,32,524288,16,8192,512,64,4,16,1,split_cin,32,16,20,64,12,1,next_burst,4,0,1,8,0,24,1,1,1,1,non_inclusive,lru,1389972,148272,1241700,1174904,2372352,0.495249,0,1952,0.000000,1377664,88170496,0,0,481472,0,0,19215456,77104,95216,19869248,19774032,70124232,50350200,0.718014,2370304,180216,1195496,0,16456,978136,0,0,0,0.579894,0.999137,0,0,0.222850,12.114034,2,4,5,23,24,24,0,0,11248128,8.092341,9.331173,1125,1696
V8,1,C6,2,32,w5g-V8-s1-C6-b2-m32,,cache,baseline,loas,16,vgg16_T4_n5,layer_08_features_27,1,16384,8,256,32,524288,16,8192,512,64,4,16,1,split_cin,32,16,20,32,12,1,next_burst,4,0,1,8,0,24,2,1,1,1,non_inclusive,lru,1501170,148272,1352898,1292620,2372352,0.544869,0,1952,0.000000,1377664,88170496,0,0,555338,0,0,20749644,86328,257106,21648416,21391310,75076924,53685614,0.715075,2370304,297932,1077780,0,27082,967510,0,0,0,0.579894,0.999137,0,0,0.222850,21.846309,2,4,5,23,29,32,36,0,12435282,8.283727,11.148345,1125,1696
V8,1,C6,2,64,w5g-V8-s1-C6-b2-m64,,cache,baseline,loas,16,vgg16_T4_n5,layer_08_features_27,1,16384,8,256,32,524288,16,8192,512,64,4,16,1,split_cin,32,16,20,64,12,1,next_burst,4,0,1,8,0,24,2,1,1,1,non_inclusive,lru,1391324,148272,1243052,1208598,2372352,0.509451,0,1952,0.000000,1377664,88170496,0,0,511902,0,0,19154722,86328,137928,19890880,19752952,69873156,50120204,0.717303,2370304,213910,1161802,0,17250,977342,0,0,0,0.579894,0.999137,0,0,0.222850,23.546334,2,4,5,40,52,64,6,0,11250928,8.086490,10.403060,1125,1696
V8,1,C6,4,32,w5g-V8-s1-C6-b4-m32,,cache,baseline,loas,16,vgg16_T4_n5,layer_08_features_27,1,16384,8,256,32,524288,16,8192,512,64,4,16,1,split_cin,32,16,20,32,12,1,next_burst,4,0,1,8,0,24,4,1,1,1,non_inclusive,lru,1418430,148272,1270158,1181694,2372352,0.498111,0,2304,0.000000,1377664,88170496,0,0,466148,25136,0,19603644,72438,157210,20324576,20167366,71133376,50966010,0.716485,2370304,187006,1188706,0,19856,974736,0,0,0,0.579894,0.999137,0,0,0.222850,48.181369,3,4,5,24,29,32,40,0,12462066,8.785817,11.591323,1125,1696
V8,1,C6,4,64,w5g-V8-s1-C6-b4-m64,,cache,baseline,loas,16,vgg16_T4_n5,layer_08_features_27,1,16384,8,256,32,524288,16,8192,512,64,4,16,1,split_cin,32,16,20,64,12,1,next_burst,4,0,1,8,0,24,4,1,1,1,non_inclusive,lru,1390806,148272,1242534,1188438,2372352,0.500953,0,1952,0.000000,1377664,88170496,0,0,496254,0,0,19165758,97574,123006,19882592,19759586,69991134,50231548,0.717684,2370304,193750,1181962,0,16628,977964,0,0,0,0.579894,0.999137,0,0,0.222850,47.908466,2,4,5,40,53,64,6,0,11253580,8.091409,10.011405,1125,1696
V8,1,C6,8,32,w5g-V8-s1-C6-b8-m32,,cache,baseline,loas,16,vgg16_T4_n5,layer_08_features_27,1,16384,8,256,32,524288,16,8192,512,64,4,16,1,split_cin,32,16,20,32,12,1,next_burst,4,0,1,8,0,24,8,1,1,1,non_inclusive,lru,1403944,148272,1255672,1159122,2372352,0.488596,0,2304,0.000000,1377664,88170496,0,0,449210,25136,0,19392832,72438,153184,20092800,19939616,70391374,50451758,0.716732,2370304,164434,1211278,0,19494,975098,0,0,0,0.579894,0.999137,0,0,0.222850,98.189544,3,4,5,24,28,32,38,0,12466016,8.879283,10.924627,1125,1696
V8,1,C6,8,64,w5g-V8-s1-C6-b8-m64,,cache,baseline,loas,16,vgg16_T4_n5,layer_08_features_27,1,16384,8,256,32,524288,16,8192,512,64,4,16,1,split_cin,32,16,20,64,12,1,next_burst,4,0,1,8,0,24,8,1,1,1,non_inclusive,lru,1390180,148272,1241908,1180668,2372352,0.497678,0,1952,0.000000,1377664,88170496,0,0,488002,0,0,19179350,97574,107650,19872576,19764926,70072504,50307578,0.717936,2370304,185980,1189732,0,16824,977768,0,0,0,0.579894,0.999137,0,0,0.222850,96.445775,2,4,5,40,54,64,6,0,11255438,8.096389,10.277653,1125,1696
V8,2,C5,1,32,w5g-V8-s2-C5-b1-m32,,cache,baseline,loas,16,vgg16_T4_n5,layer_08_features_27,2,16384,8,1024,128,524288,16,32768,2048,16,1,16,1,split_cin,128,16,20,32,12,1,next_burst,4,0,1,8,0,24,1,1,1,1,non_inclusive,lru,2077694,146200,1931494,450330,2339200,0.192515,0,2048,0.000000,2020288,32324608,0,0,162050,0,0,30604678,80896,58328,30905952,30847624,150260826,119413202,0.794706,2337152,182586,1886822,0,267744,0,0,0,0,0.884665,0.999124,0,0,0.000000,19.379651,4,5,5,23,24,24,0,0,13178880,6.343032,11.241806,1089,1666
V8,2,C5,1,64,w5g-V8-s2-C5-b1-m64,,cache,baseline,loas,16,vgg16_T4_n5,layer_08_features_27,2,16384,8,1024,128,524288,16,32768,2048,16,1,16,1,split_cin,128,16,20,64,12,1,next_burst,4,0,1,8,0,24,1,1,1,1,non_inclusive,lru,2077694,146200,1931494,450330,2339200,0.192515,0,2048,0.000000,2020288,32324608,0,0,162050,0,0,30604678,80896,58328,30905952,30847624,150260826,119413202,0.794706,2337152,182586,1886822,0,267744,0,0,0,0,0.884665,0.999124,0,0,0.000000,19.379651,4,5,5,23,24,24,0,0,13178880,6.343032,11.798923,1089,1666
V8,2,C5,2,32,w5g-V8-s2-C5-b2-m32,,cache,baseline,loas,16,vgg16_T4_n5,layer_08_features_27,2,16384,8,1024,128,524288,16,32768,2048,16,1,16,1,split_cin,128,16,20,32,12,1,next_burst,4,0,1,8,0,24,2,1,1,1,non_inclusive,lru,2352538,146200,2206338,726822,2339200,0.310714,0,2048,0.000000,2020280,32324480,0,0,218000,0,0,34757586,91464,236406,35303456,35067050,169316882,134249832,0.792891,2337152,459078,1610330,0,267744,0,0,0,0,0.884665,0.999124,0,0,0.000000,33.085732,4,5,5,21,24,32,44,0,15158716,6.443558,13.731304,1089,1666
V8,2,C5,2,64,w5g-V8-s2-C5-b2-m64,,cache,baseline,loas,16,vgg16_T4_n5,layer_08_features_27,2,16384,8,1024,128,524288,16,32768,2048,16,1,16,1,split_cin,128,16,20,64,12,1,next_burst,4,0,1,8,0,24,2,1,1,1,non_inclusive,lru,2028434,146200,1882234,613638,2339200,0.262328,0,2048,0.000000,2020288,32324608,0,0,180600,0,0,29691752,91464,153976,30117792,29963816,146027594,116063778,0.794807,2337152,345894,1723514,0,267744,0,0,0,0,0.884665,0.999124,0,0,0.000000,35.408249,4,5,5,55,63,64,6,0,13828622,6.817388,12.649807,1089,1666
V8,2,C5,4,32,w5g-V8-s2-C5-b4-m32,,cache,baseline,loas,16,vgg16_T4_n5,layer_08_features_27,2,16384,8,1024,128,524288,16,32768,2048,16,1,16,1,split_cin,128,16,20,32,12,1,next_burst,4,0,1,8,0,24,4,1,1,1,non_inclusive,lru,2087948,146200,1941748,601748,2339200,0.257245,0,2570,0.000000,2020288,32324608,0,0,193822,39596,0,30632268,70100,134230,31070016,30935786,150434904,119499118,0.794358,2337152,334004,1735404,0,267744,0,0,0,0,0.884665,0.999124,0,0,0.000000,71.304460,4,5,5,24,25,32,43,0,15177146,7.268929,12.992646,1089,1666
V8,2,C5,4,64,w5g-V8-s2-C5-b4-m64,,cache,baseline,loas,16,vgg16_T4_n5,layer_08_features_27,2,16384,8,1024,128,524288,16,32768,2048,16,1,16,1,split_cin,128,16,20,64,12,1,next_burst,4,0,1,8,0,24,4,1,1,1,non_inclusive,lru,2027624,146200,1881424,529502,2339200,0.226360,0,2048,0.000000,2020288,32324608,0,0,167706,0,0,29713976,108560,114590,30104832,29990242,146229756,116239514,0.794910,2337152,261758,1807650,0,267744,0,0,0,0,0.884665,0.999124,0,0,0.000000,74.269412,4,5,5,55,62,64,8,0,14147948,6.977599,12.813576,1089,1666
V8,2,C5,8,32,w5g-V8-s2-C5-b8-m32,,cache,baseline,loas,16,vgg16_T4_n5,layer_08_features_27,2,16384,8,1024,128,524288,16,32768,2048,16,1,16,1,split_cin,128,16,20,32,12,1,next_burst,4,0,1,8,0,24,8,1,1,1,non_inclusive,lru,2054940,146200,1908740,560400,2339200,0.239569,0,2856,0.000000,2020288,32324608,0,0,187754,63912,0,30128468,56282,105472,30541888,30436416,148232510,117796094,0.794671,2337152,292656,1776752,0,267744,0,0,0,0,0.884665,0.999124,0,0,0.000000,146.002736,4,5,5,24,25,32,48,0,15175402,7.384839,14.011651,1089,1666
V8,2,C5,8,64,w5g-V8-s2-C5-b8-m64,,cache,baseline,loas,16,vgg16_T4_n5,layer_08_features_27,2,16384,8,1024,128,524288,16,32768,2048,16,1,16,1,split_cin,128,16,20,64,12,1,next_burst,4,0,1,8,0,24,8,1,1,1,non_inclusive,lru,2027562,146200,1881362,511364,2339200,0.218606,0,2148,0.000000,2020288,32324608,0,0,170588,9850,0,29722246,110288,90868,30103840,30012972,146382656,116369684,0.794969,2337152,243620,1825788,0,267744,0,0,0,0,0.884665,0.999124,0,0,0.000000,150.027579,4,5,5,55,62,64,16,0,14202272,7.004606,12.795377,1089,1666
V8,2,C6,1,32,w5g-V8-s2-C6-b1-m32,,cache,baseline,loas,16,vgg16_T4_n5,layer_08_features_27,2,16384,8,256,32,524288,16,8192,512,64,4,16,1,split_cin,32,16,20,32,12,1,next_burst,4,0,1,8,0,24,1,1,1,1,non_inclusive,lru,1374134,146200,1227934,1166108,2339200,0.498507,0,1952,0.000000,1360192,87052288,0,0,473006,0,0,19003104,77104,95778,19648992,19553214,69627676,50074462,0.719175,2337152,187100,1171140,0,13520,965392,0,0,0,0.580643,0.999124,0,0,0.208007,12.035828,2,4,5,23,24,24,0,0,11096256,8.075090,9.949192,1089,1666
V8,2,C6,1,64,w5g-V8-s2-C6-b1-m64,,cache,baseline,loas,16,vgg16_T4_n5,layer_08_features_27,2,16384,8,256,32,524288,16,8192,512,64,4,16,1,split_cin,32,16,20,64,12,1,next_burst,4,0,1,8,0,24,1,1,1,1,non_inclusive,lru,1374134,146200,1227934,1166108,2339200,0.498507,0,1952,0.000000,1360192,87052288,0,0,473006,0,0,19003104,77104,95778,19648992,19553214,69627676,50074462,0.719175,2337152,187100,1171140,0,13520,965392,0,0,0,0.580643,0.999124,0,0,0.208007,12.035828,2,4,5,23,24,24,0,0,11096256,8.075090,9.580809,1089,1666
V8,2,C6,2,32,w5g-V8-s2-C6-b2-m32,,cache,baseline,loas,16,vgg16_T4_n5,layer_08_features_27,2,16384,8,256,32,524288,16,8192,512,64,4,16,1,split_cin,32,16,20,32,12,1,next_burst,4,0,1,8,0,24,2,1,1,1,non_inclusive,lru,1483528,146200,1337328,1268404,2339200,0.542238,0,1952,0.000000,1360192,87052288,0,0,529896,0,0,20561544,88454,219402,21399296,21179894,74556972,53377078,0.715923,2337152,289396,1068844,0,23258,955654,0,0,0,0.580643,0.999124,0,0,0.208007,21.972558,2,4,5,23,29,32,34,0,12265658,8.267898,10.410685,1089,1666
V8,2,C6,2,64,w5g-V8-s2-C6-b2-m64,,cache,baseline,loas,16,vgg16_T4_n5,layer_08_features_27,2,16384,8,256,32,524288,16,8192,512,64,4,16,1,split_cin,32,16,20,64,12,1,next_burst,4,0,1,8,0,24,2,1,1,1,non_inclusive,lru,1374650,146200,1228450,1191774,2339200,0.509479,0,1952,0.000000,1360192,87052288,0,0,496892,0,0,18933870,88454,138032,19657248,19519216,69278768,49759552,0.718251,2337152,212766,1145474,0,13812,965100,0,0,0,0.580643,0.999124,0,0,0.208007,23.544993,2,4,5,40,52,64,5,0,11098406,8.073623,9.673843,1089,1666
V8,2,C6,4,32,w5g-V8-s2-C6-b4-m32,,cache,baseline,loas,16,vgg16_T4_n5,layer_08_features_27,2,16384,8,256,32,524288,16,8192,512,64,4,16,1,split_cin,32,16,20,32,12,1,next_burst,4,0,1,8,0,24,4,1,1,1,non_inclusive,lru,1401250,146200,1255050,1166916,2339200,0.498853,0,2160,0.000000,1360192,87052288,0,0,447276,15096,0,19385222,78774,156480,20082848,19926368,70551464,50625096,0.717563,2337152,187908,1170332,0,16572,962340,0,0,0,0.580643,0.999124,0,0,0.208007,48.110150,3,4,5,24,29,32,38,0,12274000,8.759322,10.848918,1089,1666
V8,2,C6,4,64,w5g-V8-s2-C6-b4-m64,,cache,baseline,loas,16,vgg16_T4_n5,layer_08_features_27,2,16384,8,256,32,524288,16,8192,512,64,4,16,1,split_cin,32,16,20,64,12,1,next_burst,4,0,1,8,0,24,4,1,1,1,non_inclusive,lru,1374800,146200,1228600,1172488,2339200,0.501235,0,1952,0.000000,1360192,87052288,0,0,479476,0,0,18960584,93870,125718,19659648,19533930,69412934,49879004,0.718584,2337152,193480,1164760,0,13676,965236,0,0,0,0.580643,0.999124,0,0,0.208007,47.881477,2,4,5,41,53,64,6,0,11100676,8.074393,9.895693,1089,1666
V8,2,C6,8,32,w5g-V8-s2-C6-b8-m32,,cache,baseline,loas,16,vgg16_T4_n5,layer_08_features_27,2,16384,8,256,32,524288,16,8192,512,64,4,16,1,split_cin,32,16,20,32,12,1,next_burst,4,0,1,8,0,24,8,1,1,1,non_inclusive,lru,1387770,146200,1241570,1152240,2339200,0.492579,0,2160,0.000000,1360192,87052288,0,0,442936,15096,0,19174774,78774,155588,19867168,19711580,69868982,50157402,0.717878,2337152,173232,1185008,0,16574,962338,0,0,0,0.580643,0.999124,0,0,0.208007,97.424897,3,4,5,24,29,32,38,0,12275750,8.845666,10.797435,1089,1666
V8,2,C6,8,64,w5g-V8-s2-C6-b8-m64,,cache,baseline,loas,16,vgg16_T4_n5,layer_08_features_27,2,16384,8,256,32,524288,16,8192,512,64,4,16,1,split_cin,32,16,20,64,12,1,next_burst,4,0,1,8,0,24,8,1,1,1,non_inclusive,lru,1374350,146200,1228150,1166388,2339200,0.498627,0,1952,0.000000,1360192,87052288,0,0,476560,0,0,18976454,93870,105564,19652448,19546884,69564844,50017960,0.719012,2337152,187380,1170860,0,13688,965224,0,0,0,0.580643,0.999124,0,0,0.208007,96.263639,2,4,5,41,53,64,6,0,11101820,8.077870,9.882205,1089,1666
V8,3,C5,1,32,w5g-V8-s3-C5-b1-m32,,cache,baseline,loas,16,vgg16_T4_n5,layer_08_features_27,3,16384,8,1024,128,524288,16,32768,2048,16,1,16,1,split_cin,128,16,20,32,12,1,next_burst,4,0,1,8,0,24,1,1,1,1,non_inclusive,lru,2316332,156016,2160316,340036,2496256,0.136218,0,2048,0.000000,2273504,36376064,0,0,109556,0,0,34320118,80896,56534,34567104,34510570,172931442,138420872,0.800438,2494208,154980,2154172,0,185056,0,0,0,0,0.925046,0.999180,0,0,0.000000,20.730758,4,5,5,23,24,24,0,0,14382752,6.209279,11.681955,1155,1786
V8,3,C5,1,64,w5g-V8-s3-C5-b1-m64,,cache,baseline,loas,16,vgg16_T4_n5,layer_08_features_27,3,16384,8,1024,128,524288,16,32768,2048,16,1,16,1,split_cin,128,16,20,64,12,1,next_burst,4,0,1,8,0,24,1,1,1,1,non_inclusive,lru,2316332,156016,2160316,340036,2496256,0.136218,0,2048,0.000000,2273504,36376064,0,0,109556,0,0,34320118,80896,56534,34567104,34510570,172931442,138420872,0.800438,2494208,154980,2154172,0,185056,0,0,0,0,0.925046,0.999180,0,0,0.000000,20.730758,4,5,5,23,24,24,0,0,14382752,6.209279,12.923682,1155,1786
V8,3,C5,2,32,w5g-V8-s3-C5-b2-m32,,cache,baseline,loas,16,vgg16_T4_n5,layer_08_features_27,3,16384,8,1024,128,524288,16,32768,2048,16,1,16,1,split_cin,128,16,20,32,12,1,next_burst,4,0,1,8,0,24,2,1,1,1,non_inclusive,lru,2676512,156016,2520496,711222,2496256,0.284915,0,2048,0.000000,2273504,36376064,0,0,187836,0,0,39842714,95122,204312,40329984,40125672,199351544,159225872,0.798719,2494208,526166,1782986,0,185056,0,0,0,0,0.925046,0.999180,0,0,0.000000,34.324057,4,5,5,21,24,32,43,0,16639878,6.217001,14.893052,1155,1786
V8,3,C5,2,64,w5g-V8-s3-C5-b2-m64,,cache,baseline,loas,16,vgg16_T4_n5,layer_08_features_27,3,16384,8,1024,128,524288,16,32768,2048,16,1,16,1,split_cin,128,16,20,64,12,1,next_burst,4,0,1,8,0,24,2,1,1,1,non_inclusive,lru,2280760,156016,2124744,568056,2496256,0.227563,0,2048,0.000000,2273504,36376064,0,0,145500,0,0,33587168,95122,170162,33997952,33827790,169608014,135780224,0.800553,2494208,383000,1926152,0,185056,0,0,0,0,0.925046,0.999180,0,0,0.000000,37.076966,4,5,5,56,63,64,6,0,15297360,6.707133,14.372944,1155,1786
V8,3,C5,4,32,w5g-V8-s3-C5-b4-m32,,cache,baseline,loas,16,vgg16_T4_n5,layer_08_features_27,3,16384,8,1024,128,524288,16,32768,2048,16,1,16,1,split_cin,128,16,20,32,12,1,next_burst,4,0,1,8,0,24,4,1,1,1,non_inclusive,lru,2344260,156016,2188244,521856,2496256,0.209055,0,2680,0.000000,2273504,36376064,0,0,152058,47562,0,34619244,64970,130118,35013952,34883834,174657844,139774010,0.800273,2494208,336800,1972352,0,185056,0,0,0,0,0.925046,0.999180,0,0,0.000000,75.930674,4,5,5,24,25,32,42,0,16643570,7.099712,14.933093,1155,1786
V8,3,C5,4,64,w5g-V8-s3-C5-b4-m64,,cache,baseline,loas,16,vgg16_T4_n5,layer_08_features_27,3,16384,8,1024,128,524288,16,32768,2048,16,1,16,1,split_cin,128,16,20,64,12,1,next_burst,4,0,1,8,0,24,4,1,1,1,non_inclusive,lru,2279774,156016,2123758,450136,2496256,0.180324,0,2048,0.000000,2273504,36376064,0,0,123170,0,0,33625472,112468,121066,33982176,33861110,169836636,135975526,0.800625,2494208,265080,2044072,0,185056,0,0,0,0,0.925046,0.999180,0,0,0.000000,78.688852,4,5,5,56,62,64,8,0,15761310,6.913541,13.737022,1155,1786
V8,3,C5,8,32,w5g-V8-s3-C5-b8-m32,,cache,baseline,loas,16,vgg16_T4_n5,layer_08_features_27,3,16384,8,1024,128,524288,16,32768,2048,16,1,16,1,split_cin,128,16,20,32,12,1,next_burst,4,0,1,8,0,24,8,1,1,1,non_inclusive,lru,2306956,156016,2150940,511332,2496256,0.204840,0,2866,0.000000,2273504,36376064,0,0,167654,65378,0,34027946,55768,100342,34417088,34316746,172103858,137787112,0.800604,2494208,326276,1982876,0,185056,0,0,0,0,0.925046,0.999180,0,0,0.000000,152.670803,4,5,5,24,24,32,48,0,16643562,7.214512,14.588856,1155,1786
V8,3,C5,8,64,w5g-V8-s3-C5-b8-m64,,cache,baseline,loas,16,vgg16_T4_n5,layer_08_features_27,3,16384,8,1024,128,524288,16,32768,2048,16,1,16,1,split_cin,128,16,20,64,12,1,next_burst,4,0,1,8,0,24,8,1,1,1,non_inclusive,lru,2279254,156016,2123238,441816,2496256,0.176991,0,2164,0.000000,2273504,36376064,0,0,138002,11426,0,33625840,109664,88924,33973856,33884932,170090892,136205960,0.800783,2494208,256760,2052392,0,185056,0,0,0,0,0.925046,0.999180,0,0,0.000000,158.017639,4,5,5,56,62,64,16,0,15856836,6.957029,14.078930,1155,1786
V8,3,C6,1,32,w5g-V8-s3-C6-b1-m32,,cache,baseline,loas,16,vgg16_T4_n5,layer_08_features_27,3,16384,8,256,32,524288,16,8192,512,64,4,16,1,split_cin,32,16,20,32,12,1,next_burst,4,0,1,8,0,24,1,1,1,1,non_inclusive,lru,1411674,156016,1255658,1288682,2496256,0.516246,0,1952,0.000000,1394528,89249792,0,0,562054,0,0,19350606,77104,102812,20092576,19989764,70006914,50017150,0.714460,2494208,186954,1205622,0,16354,1085278,0,0,0,0.557866,0.999180,0,0,0.106337,11.610098,2,4,5,23,24,24,0,0,11670432,8.267087,9.721554,1155,1786
V8,3,C6,1,64,w5g-V8-s3-C6-b1-m64,,cache,baseline,loas,16,vgg16_T4_n5,layer_08_features_27,3,16384,8,256,32,524288,16,8192,512,64,4,16,1,split_cin,32,16,20,64,12,1,next_burst,4,0,1,8,0,24,1,1,1,1,non_inclusive,lru,1411674,156016,1255658,1288682,2496256,0.516246,0,1952,0.000000,1394528,89249792,0,0,562054,0,0,19350606,77104,102812,20092576,19989764,70006914,50017150,0.714460,2494208,186954,1205622,0,16354,1085278,0,0,0,0.557866,0.999180,0,0,0.106337,11.610098,2,4,5,23,24,24,0,0,11670432,8.267087,9.805384,1155,1786
V8,3,C6,2,32,w5g-V8-s3-C6-b2-m32,,cache,baseline,loas,16,vgg16_T4_n5,layer_08_features_27,3,16384,8,256,32,524288,16,8192,512,64,4,16,1,split_cin,32,16,20,32,12,1,next_burst,4,0,1,8,0,24,2,1,1,1,non_inclusive,lru,1511048,156016,1355032,1385860,2496256,0.555175,0,1952,0.000000,1394528,89249792,0,0,607970,0,0,20756736,88374,229480,21682560,21453080,74417290,52964210,0.711719,2494208,284132,1108444,0,29976,1071656,0,0,0,0.557866,0.999180,0,0,0.106337,21.351579,2,4,5,23,30,32,32,0,12791052,8.465020,11.186952,1155,1786
V8,3,C6,2,64,w5g-V8-s3-C6-b2-m64,,cache,baseline,loas,16,vgg16_T4_n5,layer_08_features_27,3,16384,8,256,32,524288,16,8192,512,64,4,16,1,split_cin,32,16,20,64,12,1,next_burst,4,0,1,8,0,24,2,1,1,1,non_inclusive,lru,1411764,156016,1255748,1318468,2496256,0.528178,0,1952,0.000000,1394528,89249792,0,0,586192,0,0,19269570,88374,149880,20094016,19944136,69649062,49704926,0.713648,2494208,216740,1175836,0,16862,1084770,0,0,0,0.557866,0.999180,0,0,0.106337,22.647446,2,4,5,39,53,64,6,0,11672994,8.268375,10.854123,1155,1786
V8,3,C6,4,32,w5g-V8-s3-C6-b4-m32,,cache,baseline,loas,16,vgg16_T4_n5,layer_08_features_27,3,16384,8,256,32,524288,16,8192,512,64,4,16,1,split_cin,32,16,20,32,12,1,next_burst,4,0,1,8,0,24,4,1,1,1,non_inclusive,lru,1437298,156016,1281282,1298086,2496256,0.520013,0,2262,0.000000,1394528,89249792,0,0,548562,22286,0,19676164,74580,180968,20502560,20321592,70737954,50416362,0.712720,2494208,196358,1196218,0,21496,1080136,0,0,0,0.557866,0.999180,0,0,0.106337,46.078736,2,4,5,24,29,32,37,0,12825790,8.923543,11.530578,1155,1786
V8,3,C6,4,64,w5g-V8-s3-C6-b4-m64,,cache,baseline,loas,16,vgg16_T4_n5,layer_08_features_27,3,16384,8,256,32,524288,16,8192,512,64,4,16,1,split_cin,32,16,20,64,12,1,next_burst,4,0,1,8,0,24,4,1,1,1,non_inclusive,lru,1411590,156016,1255574,1298878,2496256,0.520330,0,1952,0.000000,1394528,89249792,0,0,570858,0,0,19287180,96866,136328,20091232,19954904,69819406,49864502,0.714193,2494208,197150,1195426,0,16616,1085016,0,0,0,0.557866,0.999180,0,0,0.106337,46.048277,2,4,5,39,53,64,6,0,11674530,8.270482,10.905010,1155,1786
V8,3,C6,8,32,w5g-V8-s3-C6-b8-m32,,cache,baseline,loas,16,vgg16_T4_n5,layer_08_features_27,3,16384,8,256,32,524288,16,8192,512,64,4,16,1,split_cin,32,16,20,32,12,1,next_burst,4,0,1,8,0,24,8,1,1,1,non_inclusive,lru,1422674,156016,1266658,1271796,2496256,0.509481,0,2262,0.000000,1394528,89249792,0,0,527114,22286,0,19475842,74580,168754,20268576,20099822,70078594,49978772,0.713182,2494208,170068,1222508,0,20814,1080818,0,0,0,0.557866,0.999180,0,0,0.106337,94.179571,2,4,5,24,29,32,39,0,12824792,9.014568,11.580270,1155,1786
V8,3,C6,8,64,w5g-V8-s3-C6-b8-m64,,cache,baseline,loas,16,vgg16_T4_n5,layer_08_features_27,3,16384,8,256,32,524288,16,8192,512,64,4,16,1,split_cin,32,16,20,64,12,1,next_burst,4,0,1,8,0,24,8,1,1,1,non_inclusive,lru,1411296,156016,1255280,1293618,2496256,0.518223,0,1952,0.000000,1394528,89249792,0,0,567152,0,0,19309276,96866,113234,20086528,19973294,69980632,50007338,0.714588,2494208,191890,1200686,0,16466,1085166,0,0,0,0.557866,0.999180,0,0,0.106337,92.501128,2,4,5,39,54,64,6,0,11675440,8.272850,10.424303,1155,1786
V8,4,C5,1,32,w5g-V8-s4-C5-b1-m32,,cache,baseline,loas,16,vgg16_T4_n5,layer_08_features_27,4,16384,8,1024,128,524288,16,32768,2048,16,1,16,1,split_cin,128,16,20,32,12,1,next_burst,4,0,1,8,0,24,1,1,1,1,non_inclusive,lru,2438432,162512,2275920,340338,2600192,0.130890,0,2048,0.000000,2401248,38419968,0,0,117132,0,0,36161074,80896,57666,36416768,36359102,183773856,147414754,0.802153,2598144,173234,2257806,0,167104,0,0,0,0,0.934946,0.999212,0,0,0.000000,20.858650,4,5,5,23,24,24,0,0,15066080,6.178593,12.754477,1217,1890
V8,4,C5,1,64,w5g-V8-s4-C5-b1-m64,,cache,baseline,loas,16,vgg16_T4_n5,layer_08_features_27,4,16384,8,1024,128,524288,16,32768,2048,16,1,16,1,split_cin,128,16,20,64,12,1,next_burst,4,0,1,8,0,24,1,1,1,1,non_inclusive,lru,2438432,162512,2275920,340338,2600192,0.130890,0,2048,0.000000,2401248,38419968,0,0,117132,0,0,36161074,80896,57666,36416768,36359102,183773856,147414754,0.802153,2598144,173234,2257806,0,167104,0,0,0,0,0.934946,0.999212,0,0,0.000000,20.858650,4,5,5,23,24,24,0,0,15066080,6.178593,12.551067,1217,1890
V8,4,C5,2,32,w5g-V8-s4-C5-b2-m32,,cache,baseline,loas,16,vgg16_T4_n5,layer_08_features_27,4,16384,8,1024,128,524288,16,32768,2048,16,1,16,1,split_cin,128,16,20,32,12,1,next_burst,4,0,1,8,0,24,2,1,1,1,non_inclusive,lru,2754808,162512,2592296,655380,2600192,0.252051,0,2048,0.000000,2401248,38419968,0,0,148734,0,0,41018932,93484,217634,41478784,41261150,206979336,165718186,0.800651,2598144,488276,1942764,0,167104,0,0,0,0,0.934946,0.999212,0,0,0.000000,35.901570,4,5,5,22,24,32,42,0,17449338,6.334139,16.019243,1217,1890
V8,4,C5,2,64,w5g-V8-s4-C5-b2-m64,,cache,baseline,loas,16,vgg16_T4_n5,layer_08_features_27,4,16384,8,1024,128,524288,16,32768,2048,16,1,16,1,split_cin,128,16,20,64,12,1,next_burst,4,0,1,8,0,24,2,1,1,1,non_inclusive,lru,2409450,162512,2246938,572830,2600192,0.220303,0,2048,0.000000,2401248,38419968,0,0,143704,0,0,35528674,93484,187194,35953056,35765862,180754288,144988426,0.802130,2598144,405726,2025314,0,167104,0,0,0,0,0.934946,0.999212,0,0,0.000000,37.425458,4,5,5,56,63,64,6,0,16186758,6.718030,15.123773,1217,1890
V8,4,C5,4,32,w5g-V8-s4-C5-b4-m32,,cache,baseline,loas,16,vgg16_T4_n5,layer_08_features_27,4,16384,8,1024,128,524288,16,32768,2048,16,1,16,1,split_cin,128,16,20,32,12,1,next_burst,4,0,1,8,0,24,4,1,1,1,non_inclusive,lru,2471762,162512,2309250,505242,2600192,0.194309,0,2600,0.000000,2401248,38419968,0,0,143278,40764,0,36577898,69040,119068,36950048,36830980,185983996,149153016,0.801967,2598144,338138,2092902,0,167104,0,0,0,0,0.934946,0.999212,0,0,0.000000,77.346288,4,5,5,24,25,32,43,0,17455434,7.061940,15.673755,1217,1890
V8,4,C5,4,64,w5g-V8-s4-C5-b4-m64,,cache,baseline,loas,16,vgg16_T4_n5,layer_08_features_27,4,16384,8,1024,128,524288,16,32768,2048,16,1,16,1,split_cin,128,16,20,64,12,1,next_burst,4,0,1,8,0,24,4,1,1,1,non_inclusive,lru,2407974,162512,2245462,429452,2600192,0.165162,0,2048,0.000000,2401248,38419968,0,0,118918,0,0,35579026,108820,122676,35929440,35806764,181077134,145270370,0.802257,2598144,262348,2168692,0,167104,0,0,0,0,0.934946,0.999212,0,0,0.000000,80.144482,4,5,5,56,62,64,7,0,16665776,6.921078,15.048580,1217,1890
V8,4,C5,8,32,w5g-V8-s4-C5-b8-m32,,cache,baseline,loas,16,vgg16_T4_n5,layer_08_features_27,4,16384,8,1024,128,524288,16,32768,2048,16,1,16,1,split_cin,128,16,20,32,12,1,next_burst,4,0,1,8,0,24,8,1,1,1,non_inclusive,lru,2434504,162512,2271992,497142,2600192,0.191194,0,2856,0.000000,2401248,38419968,0,0,162284,63136,0,35979146,56428,92926,36353920,36260994,183321080,147060086,0.802200,2598144,330038,2101002,0,167104,0,0,0,0,0.934946,0.999212,0,0,0.000000,155.290686,4,5,5,24,24,32,48,0,17454900,7.169797,15.573109,1217,1890
V8,4,C5,8,64,w5g-V8-s4-C5-b8-m64,,cache,baseline,loas,16,vgg16_T4_n5,layer_08_features_27,4,16384,8,1024,128,524288,16,32768,2048,16,1,16,1,split_cin,128,16,20,64,12,1,next_burst,4,0,1,8,0,24,8,1,1,1,non_inclusive,lru,2407252,162512,2244740,414688,2600192,0.159484,0,2116,0.000000,2401248,38419968,0,0,128222,6698,0,35582848,112746,87374,35917888,35830514,181263468,145432954,0.802329,2598144,247584,2183456,0,167104,0,0,0,0,0.934946,0.999212,0,0,0.000000,161.379147,4,5,5,56,62,64,16,0,16742996,6.955232,14.655755,1217,1890
V8,4,C6,1,32,w5g-V8-s4-C6-b1-m32,,cache,baseline,loas,16,vgg16_T4_n5,layer_08_features_27,4,16384,8,256,32,524288,16,8192,512,64,4,16,1,split_cin,32,16,20,32,12,1,next_burst,4,0,1,8,0,24,1,1,1,1,non_inclusive,lru,1408276,162512,1245764,1394310,2600192,0.536233,0,1952,0.000000,1389632,88936448,0,0,621114,0,0,19116472,77104,119582,19934272,19814690,65884216,46069526,0.699250,2598144,183750,1203930,0,18778,1191686,0,0,0,0.533684,0.999212,0,0,0.104818,11.130397,2,4,5,23,24,24,0,0,11967552,8.498016,10.860110,1217,1890
V8,4,C6,1,64,w5g-V8-s4-C6-b1-m64,,cache,baseline,loas,16,vgg16_T4_n5,layer_08_features_27,4,16384,8,256,32,524288,16,8192,512,64,4,16,1,split_cin,32,16,20,64,12,1,next_burst,4,0,1,8,0,24,1,1,1,1,non_inclusive,lru,1408276,162512,1245764,1394310,2600192,0.536233,0,1952,0.000000,1389632,88936448,0,0,621114,0,0,19116472,77104,119582,19934272,19814690,65884216,46069526,0.699250,2598144,183750,1203930,0,18778,1191686,0,0,0,0.533684,0.999212,0,0,0.104818,11.130397,2,4,5,23,24,24,0,0,11967552,8.498016,10.714783,1217,1890
V8,4,C6,2,32,w5g-V8-s4-C6-b2-m32,,cache,baseline,loas,16,vgg16_T4_n5,layer_08_features_27,4,16384,8,256,32,524288,16,8192,512,64,4,16,1,split_cin,32,16,20,32,12,1,next_burst,4,0,1,8,0,24,2,1,1,1,non_inclusive,lru,1487984,162512,1325472,1482082,2600192,0.569989,0,1952,0.000000,1389632,88936448,0,0,675568,0,0,20178580,88034,267418,21209600,20942182,69098696,48156514,0.696924,2598144,271522,1116158,0,32668,1177796,0,0,0,0.533684,0.999212,0,0,0.104818,20.640507,2,4,5,23,30,32,28,0,12948716,8.702188,11.604844,1217,1890
V8,4,C6,2,64,w5g-V8-s4-C6-b2-m64,,cache,baseline,loas,16,vgg16_T4_n5,layer_08_features_27,4,16384,8,256,32,524288,16,8192,512,64,4,16,1,split_cin,32,16,20,64,12,1,next_burst,4,0,1,8,0,24,2,1,1,1,non_inclusive,lru,1408354,162512,1245842,1420052,2600192,0.546134,0,1952,0.000000,1389632,88936448,0,0,646188,0,0,19036424,88034,164874,19935520,19770646,65591572,45820926,0.698579,2598144,209492,1178188,0,18906,1191558,0,0,0,0.533684,0.999212,0,0,0.104818,21.785591,2,4,5,36,48,64,3,0,11967984,8.497852,10.620306,1217,1890
V8,4,C6,4,32,w5g-V8-s4-C6-b4-m32,,cache,baseline,loas,16,vgg16_T4_n5,layer_08_features_27,4,16384,8,256,32,524288,16,8192,512,64,4,16,1,split_cin,32,16,20,32,12,1,next_burst,4,0,1,8,0,24,4,1,1,1,non_inclusive,lru,1431068,162512,1268556,1391252,2600192,0.535057,0,2320,0.000000,1389632,88936448,0,0,596410,26156,0,19395062,71946,209370,20298944,20089574,66518738,46429164,0.697986,2598144,180692,1206988,0,24136,1186328,0,0,0,0.533684,0.999212,0,0,0.104818,44.634489,2,4,5,24,30,32,34,0,13009494,9.090759,11.390080,1217,1890
V8,4,C6,4,64,w5g-V8-s4-C6-b4-m64,,cache,baseline,loas,16,vgg16_T4_n5,layer_08_features_27,4,16384,8,256,32,524288,16,8192,512,64,4,16,1,split_cin,32,16,20,64,12,1,next_burst,4,0,1,8,0,24,4,1,1,1,non_inclusive,lru,1408070,162512,1245558,1406640,2600192,0.540975,0,1952,0.000000,1389632,88936448,0,0,634282,0,0,19042032,98070,156592,19930976,19774384,65687800,45913416,0.698964,2598144,196080,1191600,0,18580,1191884,0,0,0,0.533684,0.999212,0,0,0.104818,44.066358,2,4,5,36,49,64,4,0,11968352,8.499827,10.819251,1217,1890
V8,4,C6,8,32,w5g-V8-s4-C6-b8-m32,,cache,baseline,loas,16,vgg16_T4_n5,layer_08_features_27,4,16384,8,256,32,524288,16,8192,512,64,4,16,1,split_cin,32,16,20,32,12,1,next_burst,4,0,1,8,0,24,8,1,1,1,non_inclusive,lru,1418620,162512,1256108,1379580,2600192,0.530569,0,2368,0.000000,1389632,88936448,0,0,587222,29436,0,19221588,69882,191648,20099776,19908128,65990328,46082200,0.698317,2598144,169020,1218660,0,23472,1186992,0,0,0,0.533684,0.999212,0,0,0.104818,90.130846,2,4,5,24,30,32,34,0,13013168,9.173118,11.402911,1217,1890
V8,4,C6,8,64,w5g-V8-s4-C6-b8-m64,,cache,baseline,loas,16,vgg16_T4_n5,layer_08_features_27,4,16384,8,256,32,524288,16,8192,512,64,4,16,1,split_cin,32,16,20,64,12,1,next_burst,4,0,1,8,0,24,8,1,1,1,non_inclusive,lru,1407550,162512,1245038,1399750,2600192,0.538326,0,1952,0.000000,1389632,88936448,0,0,626718,0,0,19061750,99318,134870,19922656,19787786,65798976,46011190,0.699269,2598144,189190,1198490,0,18782,1191682,0,0,0,0.533684,0.999212,0,0,0.104818,88.641479,2,4,5,36,50,64,3,0,11968144,8.502820,10.334033,1217,1890
V9,0,C5,1,32,w5g-V9-s0-C5-b1-m32,,cache,baseline,loas,16,vgg16_T4_n5,layer_09_features_30,0,16384,8,1024,128,524288,16,32768,2048,16,1,16,1,split_cin,128,16,20,32,12,1,next_burst,4,0,1,8,0,24,1,1,1,1,non_inclusive,lru,4966650,312192,4654458,101004,4995072,0.020221,0,2048,0.000000,4956608,79305728,0,0,25478,0,0,74338042,80896,28960,74473376,74444416,390940956,316496540,0.809576,4993024,65228,4892020,0,35776,0,0,0,0,0.992428,0.999590,0,0,0.000000,23.514702,4,5,5,23,24,24,0,0,29858496,6.011798,24.663651,2362,3575
V9,0,C5,1,64,w5g-V9-s0-C5-b1-m64,,cache,baseline,loas,16,vgg16_T4_n5,layer_09_features_30,0,16384,8,1024,128,524288,16,32768,2048,16,1,16,1,split_cin,128,16,20,64,12,1,next_burst,4,0,1,8,0,24,1,1,1,1,non_inclusive,lru,4966650,312192,4654458,101004,4995072,0.020221,0,2048,0.000000,4956608,79305728,0,0,25478,0,0,74338042,80896,28960,74473376,74444416,390940956,316496540,0.809576,4993024,65228,4892020,0,35776,0,0,0,0,0.992428,0.999590,0,0,0.000000,23.514702,4,5,5,23,24,24,0,0,29858496,6.011798,23.347666,2362,3575
V9,0,C5,2,32,w5g-V9-s0-C5-b2-m32,,cache,baseline,loas,16,vgg16_T4_n5,layer_09_features_30,0,16384,8,1024,128,524288,16,32768,2048,16,1,16,1,split_cin,128,16,20,32,12,1,next_burst,4,0,1,8,0,24,2,1,1,1,non_inclusive,lru,5471526,312192,5159334,736248,4995072,0.147395,0,2048,0.000000,4956608,79305728,0,0,61058,0,0,82180860,95536,213938,82551392,82337454,430465542,348128088,0.808725,4993024,700472,4256776,0,35776,0,0,0,0,0.992428,0.999590,0,0,0.000000,40.925046,4,5,5,22,24,32,45,0,34797240,6.359696,30.451971,2362,3575
V9,0,C5,2,64,w5g-V9-s0-C5-b2-m64,,cache,baseline,loas,16,vgg16_T4_n5,layer_09_features_30,0,16384,8,1024,128,524288,16,32768,2048,16,1,16,1,split_cin,128,16,20,64,12,1,next_burst,4,0,1,8,0,24,2,1,1,1,non_inclusive,lru,4968218,312192,4656026,899788,4995072,0.180135,0,2048,0.000000,4956608,79305728,0,0,131908,0,0,73976390,95536,294630,74498464,74203834,389833198,315629364,0.809652,4993024,864012,4093236,0,35776,0,0,0,0,0.992428,0.999590,0,0,0.000000,39.353513,4,5,5,54,61,64,6,0,33886442,6.820643,31.261672,2362,3575
V9,0,C5,4,32,w5g-V9-s0-C5-b4-m32,,cache,baseline,loas,16,vgg16_T4_n5,layer_09_features_30,0,16384,8,1024,128,524288,16,32768,2048,16,1,16,1,split_cin,128,16,20,32,12,1,next_burst,4,0,1,8,0,24,4,1,1,1,non_inclusive,lru,5061348,312192,4749156,501644,4995072,0.100428,0,2902,0.000000,4956608,79305728,0,0,120944,65758,0,75639088,53690,109064,75988544,75879480,398220016,322340536,0.809453,4993024,465868,4491380,0,35776,0,0,0,0,0.992428,0.999590,0,0,0.000000,86.358933,4,5,5,24,25,32,41,0,34801136,6.875863,30.523680,2362,3575
V9,0,C5,4,64,w5g-V9-s0-C5-b4-m64,,cache,baseline,loas,16,vgg16_T4_n5,layer_09_features_30,0,16384,8,1024,128,524288,16,32768,2048,16,1,16,1,split_cin,128,16,20,64,12,1,next_burst,4,0,1,8,0,24,4,1,1,1,non_inclusive,lru,4965652,312192,4653460,374010,4995072,0.074876,0,2048,0.000000,4956608,79305728,0,0,80930,0,0,74136026,119448,121004,74457408,74336404,390509962,316173558,0.809643,4993024,338234,4619014,0,35776,0,0,0,0,0.992428,0.999590,0,0,0.000000,88.811923,4,5,5,55,56,64,8,0,34739862,6.996032,30.380832,2362,3575
V9,0,C5,8,32,w5g-V9-s0-C5-b8-m32,,cache,baseline,loas,16,vgg16_T4_n5,layer_09_features_30,0,16384,8,1024,128,524288,16,32768,2048,16,1,16,1,split_cin,128,16,20,32,12,1,next_burst,4,0,1,8,0,24,8,1,1,1,non_inclusive,lru,4972326,312192,4660134,442194,4995072,0.088526,0,3024,0.000000,4956608,79305728,0,0,120990,81496,0,74258386,47468,55852,74564192,74508340,391350302,316841962,0.809612,4993024,406418,4550830,0,35776,0,0,0,0,0.992428,0.999590,0,0,0.000000,175.002998,4,5,5,24,24,32,48,0,34802696,6.999279,28.992425,2362,3575
V9,0,C5,8,64,w5g-V9-s0-C5-b8-m64,,cache,baseline,loas,16,vgg16_T4_n5,layer_09_features_30,0,16384,8,1024,128,524288,16,32768,2048,16,1,16,1,split_cin,128,16,20,64,12,1,next_burst,4,0,1,8,0,24,8,1,1,1,non_inclusive,lru,4964442,312192,4652250,550036,4995072,0.110116,0,2292,0.000000,4956608,79305728,0,0,178010,24034,0,74073754,104930,57320,74438048,74380728,390705750,316325022,0.809625,4993024,514260,4442988,0,35776,0,0,0,0,0.992428,0.999590,0,0,0.000000,170.857780,4,5,5,55,56,64,16,0,34754180,7.000622,30.044477,2362,3575
V9,0,C6,1,32,w5g-V9-s0-C6-b1-m32,,cache,baseline,loas,16,vgg16_T4_n5,layer_09_features_30,0,16384,8,256,32,524288,16,8192,512,64,4,16,1,split_cin,32,16,20,32,12,1,next_burst,4,0,1,8,0,24,1,1,1,1,non_inclusive,lru,1859994,312192,1547802,3516648,4995072,0.704023,0,1952,0.000000,1621504,103776256,0,0,2082308,0,0,22343518,77104,263950,24766880,24502930,58557654,34054724,0.581559,4993024,143080,1476472,0,47534,3325938,0,0,0,0.324230,0.999590,0,0,0.010200,7.103436,1,2,3,21,24,24,0,0,19847808,10.670899,16.387277,2362,3575
V9,0,C6,1,64,w5g-V9-s0-C6-b1-m64,,cache,baseline,loas,16,vgg16_T4_n5,layer_09_features_30,0,16384,8,256,32,524288,16,8192,512,64,4,16,1,split_cin,32,16,20,64,12,1,next_burst,4,0,1,8,0,24,1,1,1,1,non_inclusive,lru,1859994,312192,1547802,3516648,4995072,0.704023,0,1952,0.000000,1621504,103776256,0,0,2082308,0,0,22343518,77104,263950,24766880,24502930,58557654,34054724,0.581559,4993024,143080,1476472,0,47534,3325938,0,0,0,0.324230,0.999590,0,0,0.010200,7.103436,1,2,3,21,24,24,0,0,19847808,10.670899,17.539179,2362,3575
V9,0,C6,2,32,w5g-V9-s0-C6-b2-m32,,cache,baseline,loas,16,vgg16_T4_n5,layer_09_features_30,0,16384,8,256,32,524288,16,8192,512,64,4,16,1,split_cin,32,16,20,32,12,1,next_burst,4,0,1,8,0,24,2,1,1,1,non_inclusive,lru,1866224,312192,1554032,3505236,4995072,0.701739,0,1952,0.000000,1621504,103776256,0,0,2059304,0,0,22349490,87868,369898,24866560,24496662,58541684,34045022,0.581552,4993024,131668,1487884,0,50084,3323388,0,0,0,0.324230,0.999590,0,0,0.010200,14.316536,1,2,3,21,26,32,8,0,19851396,10.637199,17.368137,2362,3575
V9,0,C6,2,64,w5g-V9-s0-C6-b2-m64,,cache,baseline,loas,16,vgg16_T4_n5,layer_09_features_30,0,16384,8,256,32,524288,16,8192,512,64,4,16,1,split_cin,32,16,20,64,12,1,next_burst,4,0,1,8,0,24,2,1,1,1,non_inclusive,lru,1865720,312192,1553528,3521280,4995072,0.704951,0,1952,0.000000,1621504,103776256,0,0,2090304,0,0,22324248,87868,356076,24858496,24502420,58555418,34052998,0.581552,4993024,147712,1471840,0,49996,3323476,0,0,0,0.324230,0.999590,0,0,0.010200,14.162362,1,2,3,21,26,40,0,0,19847808,10.638149,17.605270,2362,3575
V9,0,C6,4,32,w5g-V9-s0-C6-b4-m32,,cache,baseline,loas,16,vgg16_T4_n5,layer_09_features_30,0,16384,8,256,32,524288,16,8192,512,64,4,16,1,split_cin,32,16,20,32,12,1,next_burst,4,0,1,8,0,24,4,1,1,1,non_inclusive,lru,1865580,312192,1553388,3511442,4995072,0.702981,0,1952,0.000000,1621504,103776256,0,0,2072136,0,0,22337414,87868,358838,24856256,24497418,58542154,34044736,0.581542,4993024,137874,1481678,0,49712,3323760,0,0,0,0.324230,0.999590,0,0,0.010200,28.513799,1,2,3,21,26,32,8,0,19852262,10.641335,17.235078,2362,3575
V9,0,C6,4,64,w5g-V9-s0-C6-b4-m64,,cache,baseline,loas,16,vgg16_T4_n5,layer_09_features_30,0,16384,8,256,32,524288,16,8192,512,64,4,16,1,split_cin,32,16,20,64,12,1,next_burst,4,0,1,8,0,24,4,1,1,1,non_inclusive,lru,1862918,312192,1550726,3525368,4995072,0.705769,0,1952,0.000000,1621504,103776256,0,0,2099144,0,0,22313262,87868,313390,24813664,24500274,58564818,34064544,0.581655,4993024,151800,1467752,0,49400,3324072,0,0,0,0.324230,0.999590,0,0,0.010200,28.246156,1,2,3,21,26,40,0,0,19847808,10.654150,17.351788,2362,3575
V9,0,C6,8,32,w5g-V9-s0-C6-b8-m32,,cache,baseline,loas,16,vgg16_T4_n5,layer_09_features_30,0,16384,8,256,32,524288,16,8192,512,64,4,16,1,split_cin,32,16,20,32,12,1,next_burst,4,0,1,8,0,24,8,1,1,1,non_inclusive,lru,1862434,312192,1550242,3514882,4995072,0.703670,0,1952,0.000000,1621504,103776256,0,0,2078772,0,0,22328282,87868,310998,24805920,24494922,58539486,34044564,0.581566,4993024,141314,1478238,0,49828,3323644,0,0,0,0.324230,0.999590,0,0,0.010200,56.895372,1,2,3,21,26,32,8,0,19852748,10.659571,16.881355,2362,3575
V9,0,C6,8,64,w5g-V9-s0-C6-b8-m64,,cache,baseline,loas,16,vgg16_T4_n5,layer_09_features_30,0,16384,8,256,32,524288,16,8192,512,64,4,16,1,split_cin,32,16,20,64,12,1,next_burst,4,0,1,8,0,24,8,1,1,1,non_inclusive,lru,1861106,312192,1548914,3525980,4995072,0.705892,0,1952,0.000000,1621504,103776256,0,0,2100736,0,0,22307300,87868,288768,24784672,24495904,58553974,34058070,0.581653,4993024,152412,1467140,0,48714,3324758,0,0,0,0.324230,0.999590,0,0,0.010200,56.468788,1,2,3,21,26,40,0,0,19847808,10.664523,17.197401,2362,3575
V9,1,C5,1,32,w5g-V9-s1-C5-b1-m32,,cache,baseline,loas,16,vgg16_T4_n5,layer_09_features_30,1,16384,8,1024,128,524288,16,32768,2048,16,1,16,1,split_cin,128,16,20,32,12,1,next_burst,4,0,1,8,0,24,1,1,1,1,non_inclusive,lru,4874924,306872,4568052,120166,4909952,0.024474,0,2048,0.000000,4863808,77820928,0,0,26000,0,0,72950312,80896,33672,73090880,73057208,383170950,310113742,0.809335,4907904,78054,4787738,0,42112,0,0,0,0,0.991006,0.999583,0,0,0.000000,23.412625,4,5,5,23,24,24,0,0,29327424,6.015976,24.334639,2304,3507
V9,1,C5,1,64,w5g-V9-s1-C5-b1-m64,,cache,baseline,loas,16,vgg16_T4_n5,layer_09_features_30,1,16384,8,1024,128,524288,16,32768,2048,16,1,16,1,split_cin,128,16,20,64,12,1,next_burst,4,0,1,8,0,24,1,1,1,1,non_inclusive,lru,4874924,306872,4568052,120166,4909952,0.024474,0,2048,0.000000,4863808,77820928,0,0,26000,0,0,72950312,80896,33672,73090880,73057208,383170950,310113742,0.809335,4907904,78054,4787738,0,42112,0,0,0,0,0.991006,0.999583,0,0,0.000000,23.412625,4,5,5,23,24,24,0,0,29327424,6.015976,25.705793,2304,3507
V9,1,C5,2,32,w5g-V9-s1-C5-b2-m32,,cache,baseline,loas,16,vgg16_T4_n5,layer_09_features_30,1,16384,8,1024,128,524288,16,32768,2048,16,1,16,1,split_cin,128,16,20,32,12,1,next_burst,4,0,1,8,0,24,2,1,1,1,non_inclusive,lru,5365098,306872,5058226,700076,4909952,0.142583,0,2048,0.000000,4863808,77820928,0,0,59038,0,0,80565608,95536,213482,80933664,80720182,421416070,340695888,0.808455,4907904,657964,4207828,0,42112,0,0,0,0,0.991006,0.999583,0,0,0.000000,41.156013,4,5,5,22,24,32,42,0,34173652,6.369623,30.221660,2304,3507
V9,1,C5,2,64,w5g-V9-s1-C5-b2-m64,,cache,baseline,loas,16,vgg16_T4_n5,layer_09_features_30,1,16384,8,1024,128,524288,16,32768,2048,16,1,16,1,split_cin,128,16,20,64,12,1,next_burst,4,0,1,8,0,24,2,1,1,1,non_inclusive,lru,4875366,306872,4568494,874610,4909952,0.178130,0,2048,0.000000,4863808,77820928,0,0,127862,0,0,72579640,95536,294914,73097952,72803038,381941534,309138496,0.809387,4907904,832498,4033294,0,42112,0,0,0,0,0.991006,0.999583,0,0,0.000000,39.449758,4,5,5,54,61,64,6,0,33242070,6.818374,30.374920,2304,3507
V9,1,C5,4,32,w5g-V9-s1-C5-b4-m32,,cache,baseline,loas,16,vgg16_T4_n5,layer_09_features_30,1,16384,8,1024,128,524288,16,32768,2048,16,1,16,1,split_cin,128,16,20,32,12,1,next_burst,4,0,1,8,0,24,4,1,1,1,non_inclusive,lru,4969882,306872,4663010,531294,4909952,0.108208,0,2902,0.000000,4863808,77820928,0,0,128500,65926,0,74243492,53690,118600,74610208,74491608,390413870,315922262,0.809198,4907904,489182,4376610,0,42112,0,0,0,0,0.991006,0.999583,0,0,0.000000,85.612073,4,5,5,24,25,32,43,0,34177506,6.876925,29.432683,2304,3507
V9,1,C5,4,64,w5g-V9-s1-C5-b4-m64,,cache,baseline,loas,16,vgg16_T4_n5,layer_09_features_30,1,16384,8,1024,128,524288,16,32768,2048,16,1,16,1,split_cin,128,16,20,64,12,1,next_burst,4,0,1,8,0,24,4,1,1,1,non_inclusive,lru,4873142,306872,4566270,432360,4909952,0.088058,0,2048,0.000000,4863808,77820928,0,0,101374,0,0,72713054,119448,128492,73062368,72933876,382640950,309707074,0.809393,4907904,390248,4475544,0,42112,0,0,0,0,0.991006,0.999583,0,0,0.000000,87.546443,4,5,5,55,56,64,8,0,34061966,6.989734,30.477876,2304,3507
V9,1,C5,8,32,w5g-V9-s1-C5-b8-m32,,cache,baseline,loas,16,vgg16_T4_n5,layer_09_features_30,1,16384,8,1024,128,524288,16,32768,2048,16,1,16,1,split_cin,128,16,20,32,12,1,next_burst,4,0,1,8,0,24,8,1,1,1,non_inclusive,lru,4885840,306872,4578968,512682,4909952,0.104417,0,3024,0.000000,4863808,77820928,0,0,153258,81496,0,72924188,47468,59126,73265536,73206410,383971212,310764802,0.809344,4907904,470570,4395222,0,42112,0,0,0,0,0.991006,0.999583,0,0,0.000000,171.951954,4,5,5,24,24,32,48,0,34179360,6.995595,28.312361,2304,3507
V9,1,C5,8,64,w5g-V9-s1-C5-b8-m64,,cache,baseline,loas,16,vgg16_T4_n5,layer_09_features_30,1,16384,8,1024,128,524288,16,32768,2048,16,1,16,1,split_cin,128,16,20,64,12,1,next_burst,4,0,1,8,0,24,8,1,1,1,non_inclusive,lru,4871770,306872,4564898,583258,4909952,0.118791,0,2292,0.000000,4863808,77820928,0,0,195226,24034,0,72660056,104930,56170,73040416,72984246,382860082,309875836,0.809371,4907904,541146,4324646,0,42112,0,0,0,0,0.991006,0.999583,0,0,0.000000,169.192132,4,5,5,56,56,64,16,0,34080232,6.995452,28.947466,2304,3507
V9,1,C6,1,32,w5g-V9-s1-C6-b1-m32,,cache,baseline,loas,16,vgg16_T4_n5,layer_09_features_30,1,16384,8,256,32,524288,16,8192,512,64,4,16,1,split_cin,32,16,20,32,12,1,next_burst,4,0,1,8,0,24,1,1,1,1,non_inclusive,lru,1847492,306872,1540620,3436884,4909952,0.699983,0,1952,0.000000,1621088,103749632,0,0,2017178,0,0,22288034,77104,269652,24651968,24382316,58691970,34309654,0.584572,4907904,148020,1471116,0,44378,3244390,0,0,0,0.329766,0.999583,0,0,0.018446,7.200403,2,2,4,21,24,24,0,0,19591200,10.604214,17.571590,2304,3507
V9,1,C6,1,64,w5g-V9-s1-C6-b1-m64,,cache,baseline,loas,16,vgg16_T4_n5,layer_09_features_30,1,16384,8,256,32,524288,16,8192,512,64,4,16,1,split_cin,32,16,20,64,12,1,next_burst,4,0,1,8,0,24,1,1,1,1,non_inclusive,lru,1847492,306872,1540620,3436884,4909952,0.699983,0,1952,0.000000,1621088,103749632,0,0,2017178,0,0,22288034,77104,269652,24651968,24382316,58691970,34309654,0.584572,4907904,148020,1471116,0,44378,3244390,0,0,0,0.329766,0.999583,0,0,0.018446,7.200403,2,2,4,21,24,24,0,0,19591200,10.604214,17.278831,2304,3507
V9,1,C6,2,32,w5g-V9-s1-C6-b2-m32,,cache,baseline,loas,16,vgg16_T4_n5,layer_09_features_30,1,16384,8,256,32,524288,16,8192,512,64,4,16,1,split_cin,32,16,20,32,12,1,next_burst,4,0,1,8,0,24,2,1,1,1,non_inclusive,lru,1853442,306872,1546570,3427978,4909952,0.698169,0,1952,0.000000,1621088,103749632,0,0,1997660,0,0,22302348,86620,360540,24747168,24386628,58681952,34295324,0.584427,4907904,139114,1480022,0,46406,3242362,0,0,0,0.329766,0.999583,0,0,0.018446,14.487871,2,2,4,21,27,32,6,0,19597690,10.573673,17.570739,2304,3507
V9,1,C6,2,64,w5g-V9-s1-C6-b2-m64,,cache,baseline,loas,16,vgg16_T4_n5,layer_09_features_30,1,16384,8,256,32,524288,16,8192,512,64,4,16,1,split_cin,32,16,20,64,12,1,next_burst,4,0,1,8,0,24,2,1,1,1,non_inclusive,lru,1853750,306872,1546878,3442286,4909952,0.701083,0,1952,0.000000,1621088,103749632,0,0,2025044,0,0,22280312,86620,360120,24752096,24391976,58695048,34303072,0.584429,4907904,153422,1465714,0,46076,3242692,0,0,0,0.329766,0.999583,0,0,0.018446,14.347995,2,2,4,21,27,39,0,0,19591200,10.568415,17.262688,2304,3507
V9,1,C6,4,32,w5g-V9-s1-C6-b4-m32,,cache,baseline,loas,16,vgg16_T4_n5,layer_09_features_30,1,16384,8,256,32,524288,16,8192,512,64,4,16,1,split_cin,32,16,20,32,12,1,next_burst,4,0,1,8,0,24,4,1,1,1,non_inclusive,lru,1852930,306872,1546058,3428678,4909952,0.698312,0,1952,0.000000,1621088,103749632,0,0,1999700,0,0,22308560,86620,344096,24738976,24394880,58699498,34304618,0.584411,4907904,139814,1479322,0,45824,3242944,0,0,0,0.329766,0.999583,0,0,0.018446,28.962056,2,2,4,22,27,32,7,0,19599222,10.577422,16.973871,2304,3507
V9,1,C6,4,64,w5g-V9-s1-C6-b4-m64,,cache,baseline,loas,16,vgg16_T4_n5,layer_09_features_30,1,16384,8,256,32,524288,16,8192,512,64,4,16,1,split_cin,32,16,20,64,12,1,next_burst,4,0,1,8,0,24,4,1,1,1,non_inclusive,lru,1850468,306872,1543596,3445892,4909952,0.701818,0,1952,0.000000,1621088,103749632,0,0,2034264,0,0,22259618,86620,319082,24699584,24380502,58680742,34300240,0.584523,4907904,157028,1462108,0,45222,3243546,0,0,0,0.329766,0.999583,0,0,0.018446,28.625486,2,2,4,21,27,39,0,0,19591200,10.587160,16.866940,2304,3507
V9,1,C6,8,32,w5g-V9-s1-C6-b8-m32,,cache,baseline,loas,16,vgg16_T4_n5,layer_09_features_30,1,16384,8,256,32,524288,16,8192,512,64,4,16,1,split_cin,32,16,20,32,12,1,next_burst,4,0,1,8,0,24,8,1,1,1,non_inclusive,lru,1849486,306872,1542614,3426774,4909952,0.697924,0,1952,0.000000,1621088,103749632,0,0,1996358,0,0,22295796,86620,305098,24683872,24378774,58665216,34286442,0.584442,4907904,137910,1481226,0,45016,3243752,0,0,0,0.329766,0.999583,0,0,0.018446,57.998566,2,2,4,22,27,32,7,0,19600632,10.597881,16.835383,2304,3507
V9,1,C6,8,64,w5g-V9-s1-C6-b8-m64,,cache,baseline,loas,16,vgg16_T4_n5,layer_09_features_30,1,16384,8,256,32,524288,16,8192,512,64,4,16,1,split_cin,32,16,20,64,12,1,next_burst,4,0,1,8,0,24,8,1,1,1,non_inclusive,lru,1849004,306872,1542132,3447436,4909952,0.702132,0,1952,0.000000,1621088,103749632,0,0,2037524,0,0,22262406,86620,289610,24676160,24386550,58697924,34311374,0.584542,4907904,158572,1460564,0,44170,3244598,0,0,0,0.329766,0.999583,0,0,0.018446,57.190594,2,2,4,22,27,39,0,0,19591200,10.595542,17.278749,2304,3507
V9,2,C5,1,32,w5g-V9-s2-C5-b1-m32,,cache,baseline,loas,16,vgg16_T4_n5,layer_09_features_30,2,16384,8,1024,128,524288,16,32768,2048,16,1,16,1,split_cin,128,16,20,32,12,1,next_burst,4,0,1,8,0,24,1,1,1,1,non_inclusive,lru,4971542,312424,4659118,128096,4998784,0.025625,0,2048,0.000000,4961696,79387136,0,0,24794,0,0,74410346,80896,31900,74547936,74516036,391319260,316803224,0.809577,4996736,93440,4868640,0,34656,0,0,0,0,0.992657,0.999590,0,0,0.000000,23.384990,4,5,5,23,24,24,0,0,29884384,6.011090,23.314616,2343,3563
V9,2,C5,1,64,w5g-V9-s2-C5-b1-m64,,cache,baseline,loas,16,vgg16_T4_n5,layer_09_features_30,2,16384,8,1024,128,524288,16,32768,2048,16,1,16,1,split_cin,128,16,20,64,12,1,next_burst,4,0,1,8,0,24,1,1,1,1,non_inclusive,lru,4971542,312424,4659118,128096,4998784,0.025625,0,2048,0.000000,4961696,79387136,0,0,24794,0,0,74410346,80896,31900,74547936,74516036,391319260,316803224,0.809577,4996736,93440,4868640,0,34656,0,0,0,0,0.992657,0.999590,0,0,0.000000,23.384990,4,5,5,23,24,24,0,0,29884384,6.011090,23.389681,2343,3563
V9,2,C5,2,32,w5g-V9-s2-C5-b2-m32,,cache,baseline,loas,16,vgg16_T4_n5,layer_09_features_30,2,16384,8,1024,128,524288,16,32768,2048,16,1,16,1,split_cin,128,16,20,32,12,1,next_burst,4,0,1,8,0,24,2,1,1,1,non_inclusive,lru,5471026,312424,5158602,694280,4998784,0.138890,0,2048,0.000000,4961696,79387136,0,0,54780,0,0,82164088,95536,225276,82539680,82314404,430357170,348042766,0.808730,4996736,659624,4302456,0,34656,0,0,0,0,0.992657,0.999590,0,0,0.000000,41.333291,4,5,5,22,24,32,41,0,34827104,6.365735,29.630995,2343,3563
V9,2,C5,2,64,w5g-V9-s2-C5-b2-m64,,cache,baseline,loas,16,vgg16_T4_n5,layer_09_features_30,2,16384,8,1024,128,524288,16,32768,2048,16,1,16,1,split_cin,128,16,20,64,12,1,next_burst,4,0,1,8,0,24,2,1,1,1,non_inclusive,lru,4973270,312424,4660846,899300,4998784,0.179904,0,2048,0.000000,4961696,79387136,0,0,132022,0,0,74055978,95536,292048,74575584,74283536,390237472,315953936,0.809645,4996736,864644,4097436,0,34656,0,0,0,0,0.992657,0.999590,0,0,0.000000,39.364620,4,5,5,54,61,64,6,0,33917262,6.819912,31.785687,2343,3563
V9,2,C5,4,32,w5g-V9-s2-C5-b4-m32,,cache,baseline,loas,16,vgg16_T4_n5,layer_09_features_30,2,16384,8,1024,128,524288,16,32768,2048,16,1,16,1,split_cin,128,16,20,32,12,1,next_burst,4,0,1,8,0,24,4,1,1,1,non_inclusive,lru,5067672,312424,4755248,468170,4998784,0.093657,0,2902,0.000000,4961696,79387136,0,0,105208,65926,0,75752028,53690,109164,76086016,75976852,398708948,322732096,0.809443,4996736,433514,4528566,0,34656,0,0,0,0,0.992657,0.999590,0,0,0.000000,87.008949,4,5,5,24,25,32,41,0,34831196,6.873214,28.847681,2343,3563
V9,2,C5,4,64,w5g-V9-s2-C5-b4-m64,,cache,baseline,loas,16,vgg16_T4_n5,layer_09_features_30,2,16384,8,1024,128,524288,16,32768,2048,16,1,16,1,split_cin,128,16,20,64,12,1,next_burst,4,0,1,8,0,24,4,1,1,1,non_inclusive,lru,4970806,312424,4658382,368670,4998784,0.073752,0,2048,0.000000,4961696,79387136,0,0,73432,0,0,74222822,119448,120458,74536160,74415702,390910540,316494838,0.809635,4996736,334014,4628066,0,34656,0,0,0,0,0.992657,0.999590,0,0,0.000000,88.919814,4,5,5,55,56,64,8,0,34774476,6.995742,30.324453,2343,3563
V9,2,C5,8,32,w5g-V9-s2-C5-b8-m32,,cache,baseline,loas,16,vgg16_T4_n5,layer_09_features_30,2,16384,8,1024,128,524288,16,32768,2048,16,1,16,1,split_cin,128,16,20,32,12,1,next_burst,4,0,1,8,0,24,8,1,1,1,non_inclusive,lru,4977896,312424,4665472,458536,4998784,0.091730,0,3024,0.000000,4961696,79387136,0,0,121220,81496,0,74341910,47468,57506,74649600,74592094,391774558,317182464,0.809605,4996736,423880,4538200,0,34656,0,0,0,0,0.992657,0.999590,0,0,0.000000,174.387934,4,5,5,24,24,32,48,0,34832812,6.997497,28.615376,2343,3563
V9,2,C5,8,64,w5g-V9-s2-C5-b8-m64,,cache,baseline,loas,16,vgg16_T4_n5,layer_09_features_30,2,16384,8,1024,128,524288,16,32768,2048,16,1,16,1,split_cin,128,16,20,64,12,1,next_burst,4,0,1,8,0,24,8,1,1,1,non_inclusive,lru,4969336,312424,4656912,685168,4998784,0.137067,0,2292,0.000000,4961696,79387136,0,0,220874,24034,0,74106880,104930,55922,74512640,74456718,391094834,316638116,0.809620,4996736,650512,4311568,0,34656,0,0,0,0,0.992657,0.999590,0,0,0.000000,165.683149,4,5,5,55,56,64,16,0,34784748,6.999878,29.959341,2343,3563
V9,2,C6,1,32,w5g-V9-s2-C6-b1-m32,,cache,baseline,loas,16,vgg16_T4_n5,layer_09_features_30,2,16384,8,256,32,524288,16,8192,512,64,4,16,1,split_cin,32,16,20,32,12,1,next_burst,4,0,1,8,0,24,1,1,1,1,non_inclusive,lru,1869580,312424,1557156,3500362,4998784,0.700243,0,1952,0.000000,1620864,103735296,0,0,2038116,0,0,22541324,77104,260000,24916544,24656544,58499002,33842458,0.578513,4996736,122442,1496470,0,45488,3332336,0,0,0,0.323861,0.999590,0,0,0.009983,7.194175,2,2,4,21,24,24,0,0,19857024,10.621115,16.714659,2343,3563
V9,2,C6,1,64,w5g-V9-s2-C6-b1-m64,,cache,baseline,loas,16,vgg16_T4_n5,layer_09_features_30,2,16384,8,256,32,524288,16,8192,512,64,4,16,1,split_cin,32,16,20,64,12,1,next_burst,4,0,1,8,0,24,1,1,1,1,non_inclusive,lru,1869580,312424,1557156,3500362,4998784,0.700243,0,1952,0.000000,1620864,103735296,0,0,2038116,0,0,22541324,77104,260000,24916544,24656544,58499002,33842458,0.578513,4996736,122442,1496470,0,45488,3332336,0,0,0,0.323861,0.999590,0,0,0.009983,7.194175,2,2,4,21,24,24,0,0,19857024,10.621115,16.896384,2343,3563
V9,2,C6,2,32,w5g-V9-s2-C6-b2-m32,,cache,baseline,loas,16,vgg16_T4_n5,layer_09_features_30,2,16384,8,256,32,524288,16,8192,512,64,4,16,1,split_cin,32,16,20,32,12,1,next_burst,4,0,1,8,0,24,2,1,1,1,non_inclusive,lru,1877686,312424,1565262,3491794,4998784,0.698529,0,1952,0.000000,1620864,103735296,0,0,2019062,0,0,22559024,86932,381222,25046240,24665018,58504480,33839462,0.578408,4996736,113874,1505038,0,47830,3329994,0,0,0,0.323861,0.999590,0,0,0.009983,14.470623,2,2,4,21,26,32,8,0,19864090,10.579027,17.783907,2343,3563
V9,2,C6,2,64,w5g-V9-s2-C6-b2-m64,,cache,baseline,loas,16,vgg16_T4_n5,layer_09_features_30,2,16384,8,256,32,524288,16,8192,512,64,4,16,1,split_cin,32,16,20,64,12,1,next_burst,4,0,1,8,0,24,2,1,1,1,non_inclusive,lru,1877072,312424,1564648,3507564,4998784,0.701683,0,1952,0.000000,1620864,103735296,0,0,2051128,0,0,22536174,86932,362182,25036416,24674234,58522008,33847774,0.578377,4996736,129644,1489268,0,47682,3330142,0,0,0,0.323861,0.999590,0,0,0.009983,14.319194,1,2,4,21,26,43,0,0,19857024,10.578723,16.569489,2343,3563
V9,2,C6,4,32,w5g-V9-s2-C6-b4-m32,,cache,baseline,loas,16,vgg16_T4_n5,layer_09_features_30,2,16384,8,256,32,524288,16,8192,512,64,4,16,1,split_cin,32,16,20,32,12,1,next_burst,4,0,1,8,0,24,4,1,1,1,non_inclusive,lru,1875742,312424,1563318,3495872,4998784,0.699344,0,1952,0.000000,1620864,103735296,0,0,2028196,0,0,22551866,86932,348142,25015136,24666994,58511762,33844768,0.578427,4996736,117952,1500960,0,48208,3329616,0,0,0,0.323861,0.999590,0,0,0.009983,28.862930,2,2,4,21,26,32,10,0,19865870,10.590939,16.972504,2343,3563
V9,2,C6,4,64,w5g-V9-s2-C6-b4-m64,,cache,baseline,loas,16,vgg16_T4_n5,layer_09_features_30,2,16384,8,256,32,524288,16,8192,512,64,4,16,1,split_cin,32,16,20,64,12,1,next_burst,4,0,1,8,0,24,4,1,1,1,non_inclusive,lru,1874214,312424,1561790,3511704,4998784,0.702512,0,1952,0.000000,1620864,103735296,0,0,2060012,0,0,22517016,86932,326728,24990688,24663960,58504516,33840556,0.578426,4996736,133784,1485128,0,47410,3330414,0,0,0,0.323861,0.999590,0,0,0.009983,28.558882,1,2,4,21,26,42,0,0,19857024,10.594854,17.695154,2343,3563
V9,2,C6,8,32,w5g-V9-s2-C6-b8-m32,,cache,baseline,loas,16,vgg16_T4_n5,layer_09_features_30,2,16384,8,256,32,524288,16,8192,512,64,4,16,1,split_cin,32,16,20,32,12,1,next_burst,4,0,1,8,0,24,8,1,1,1,non_inclusive,lru,1872760,312424,1560336,3495264,4998784,0.699223,0,1952,0.000000,1620864,103735296,0,0,2027750,0,0,22543888,86932,308854,24967424,24658570,58490242,33831672,0.578416,4996736,117344,1501568,0,47194,3330630,0,0,0,0.323861,0.999590,0,0,0.009983,57.749213,2,2,4,21,26,32,10,0,19865264,10.607480,17.357349,2343,3563
V9,2,C6,8,64,w5g-V9-s2-C6-b8-m64,,cache,baseline,loas,16,vgg16_T4_n5,layer_09_features_30,2,16384,8,256,32,524288,16,8192,512,64,4,16,1,split_cin,32,16,20,64,12,1,next_burst,4,0,1,8,0,24,8,1,1,1,non_inclusive,lru,1871380,312424,1558956,3512916,4998784,0.702754,0,1952,0.000000,1620864,103735296,0,0,2062580,0,0,22508830,86932,287002,24945344,24658342,58494964,33836622,0.578454,4996736,134996,1483916,0,47626,3330198,0,0,0,0.323861,0.999590,0,0,0.009983,57.071211,1,2,4,21,26,42,0,0,19857024,10.610899,17.437537,2343,3563
V9,3,C5,1,32,w5g-V9-s3-C5-b1-m32,,cache,baseline,loas,16,vgg16_T4_n5,layer_09_features_30,3,16384,8,1024,128,524288,16,32768,2048,16,1,16,1,split_cin,128,16,20,32,12,1,next_burst,4,0,1,8,0,24,1,1,1,1,non_inclusive,lru,4996210,313776,4682434,48788,5020416,0.009718,0,2048,0.000000,4987072,79793152,0,0,24076,0,0,74793016,80896,23004,74920992,74897988,393440942,318542954,0.809633,5018368,16724,4969580,0,32064,0,0,0,0,0.993205,0.999592,0,0,0.000000,23.766770,4,5,5,23,24,24,0,0,30023104,6.009176,24.592464,2358,3567
V9,3,C5,1,64,w5g-V9-s3-C5-b1-m64,,cache,baseline,loas,16,vgg16_T4_n5,layer_09_features_30,3,16384,8,1024,128,524288,16,32768,2048,16,1,16,1,split_cin,128,16,20,64,12,1,next_burst,4,0,1,8,0,24,1,1,1,1,non_inclusive,lru,4996210,313776,4682434,48788,5020416,0.009718,0,2048,0.000000,4987072,79793152,0,0,24076,0,0,74793016,80896,23004,74920992,74897988,393440942,318542954,0.809633,5018368,16724,4969580,0,32064,0,0,0,0,0.993205,0.999592,0,0,0.000000,23.766770,4,5,5,23,24,24,0,0,30023104,6.009176,23.949889,2358,3567
V9,3,C5,2,32,w5g-V9-s3-C5-b2-m32,,cache,baseline,loas,16,vgg16_T4_n5,layer_09_features_30,3,16384,8,1024,128,524288,16,32768,2048,16,1,16,1,split_cin,128,16,20,32,12,1,next_burst,4,0,1,8,0,24,2,1,1,1,non_inclusive,lru,5484154,313776,5170378,669144,5020416,0.133285,0,2048,0.000000,4987072,79793152,0,0,55684,0,0,82368212,95536,208664,82728096,82519432,431600724,349081292,0.808806,5018368,637080,4349224,0,32064,0,0,0,0,0.993205,0.999592,0,0,0.000000,41.602341,4,5,5,22,24,32,41,0,34992526,6.380661,30.478648,2358,3567
V9,3,C5,2,64,w5g-V9-s3-C5-b2-m64,,cache,baseline,loas,16,vgg16_T4_n5,layer_09_features_30,3,16384,8,1024,128,524288,16,32768,2048,16,1,16,1,split_cin,128,16,20,64,12,1,next_burst,4,0,1,8,0,24,2,1,1,1,non_inclusive,lru,4999316,313776,4685540,899338,5020416,0.179136,0,2048,0.000000,4987072,79793152,0,0,130390,0,0,74458290,95536,286472,74970688,74684216,392477662,317793446,0.809711,5018368,867274,4119030,0,32064,0,0,0,0,0.993205,0.999592,0,0,0.000000,39.401465,4,5,5,54,61,64,6,0,34115370,6.824008,31.528917,2358,3567
V9,3,C5,4,32,w5g-V9-s3-C5-b4-m32,,cache,baseline,loas,16,vgg16_T4_n5,layer_09_features_30,3,16384,8,1024,128,524288,16,32768,2048,16,1,16,1,split_cin,128,16,20,32,12,1,next_burst,4,0,1,8,0,24,4,1,1,1,non_inclusive,lru,5094122,313776,4780346,446186,5020416,0.088874,0,2902,0.000000,4987072,79793152,0,0,98302,65758,0,76161528,53690,108306,76487584,76379278,400918860,324539582,0.809489,5018368,414122,4572182,0,32064,0,0,0,0,0.993205,0.999592,0,0,0.000000,87.468066,4,5,5,24,25,32,41,0,34997014,6.870078,29.352135,2358,3567
V9,3,C5,4,64,w5g-V9-s3-C5-b4-m64,,cache,baseline,loas,16,vgg16_T4_n5,layer_09_features_30,3,16384,8,1024,128,524288,16,32768,2048,16,1,16,1,split_cin,128,16,20,64,12,1,next_burst,4,0,1,8,0,24,4,1,1,1,non_inclusive,lru,4996732,313776,4682956,401860,5020416,0.080045,0,2048,0.000000,4987072,79793152,0,0,89698,0,0,74602954,119448,117244,74929344,74812100,393082980,318270880,0.809679,5018368,369796,4616508,0,32064,0,0,0,0,0.993205,0.999592,0,0,0.000000,88.315665,4,5,5,55,56,64,8,0,34956626,6.995898,30.599904,2358,3567
V9,3,C5,8,32,w5g-V9-s3-C5-b8-m32,,cache,baseline,loas,16,vgg16_T4_n5,layer_09_features_30,3,16384,8,1024,128,524288,16,32768,2048,16,1,16,1,split_cin,128,16,20,32,12,1,next_burst,4,0,1,8,0,24,8,1,1,1,non_inclusive,lru,5001030,313776,4687254,355474,5020416,0.070806,0,3024,0.000000,4987072,79793152,0,0,84796,81496,0,74732420,47468,51932,74998112,74946180,393791460,318845280,0.809681,5018368,323410,4662894,0,32064,0,0,0,0,0.993205,0.999592,0,0,0.000000,178.405308,4,5,5,24,24,32,48,0,34998516,6.998262,28.265218,2358,3567
V9,3,C5,8,64,w5g-V9-s3-C5-b8-m64,,cache,baseline,loas,16,vgg16_T4_n5,layer_09_features_30,3,16384,8,1024,128,524288,16,32768,2048,16,1,16,1,split_cin,128,16,20,64,12,1,next_burst,4,0,1,8,0,24,8,1,1,1,non_inclusive,lru,4994992,313776,4681216,624746,5020416,0.124441,0,2292,0.000000,4987072,79793152,0,0,187438,24034,0,74534970,104930,50132,74901504,74851372,393316094,318464722,0.809692,5018368,592682,4393622,0,32064,0,0,0,0,0.993205,0.999592,0,0,0.000000,168.107312,4,5,5,55,56,64,16,0,34972708,7.001554,29.410373,2358,3567
V9,3,C6,1,32,w5g-V9-s3-C6-b1-m32,,cache,baseline,loas,16,vgg16_T4_n5,layer_09_features_30,3,16384,8,256,32,524288,16,8192,512,64,4,16,1,split_cin,32,16,20,32,12,1,next_burst,4,0,1,8,0,24,1,1,1,1,non_inclusive,lru,1869028,313776,1555252,3531260,5020416,0.703380,0,1952,0.000000,1623008,103872512,0,0,2082880,0,0,22456662,77104,269434,24886080,24616646,58509068,33892422,0.579268,5018368,133852,1487204,0,45974,3351338,0,0,0,0.322893,0.999592,0,0,0.008681,7.118881,1,2,4,21,24,24,0,0,19928352,10.662415,17.717369,2358,3567
V9,3,C6,1,64,w5g-V9-s3-C6-b1-m64,,cache,baseline,loas,16,vgg16_T4_n5,layer_09_features_30,3,16384,8,256,32,524288,16,8192,512,64,4,16,1,split_cin,32,16,20,64,12,1,next_burst,4,0,1,8,0,24,1,1,1,1,non_inclusive,lru,1869028,313776,1555252,3531260,5020416,0.703380,0,1952,0.000000,1623008,103872512,0,0,2082880,0,0,22456662,77104,269434,24886080,24616646,58509068,33892422,0.579268,5018368,133852,1487204,0,45974,3351338,0,0,0,0.322893,0.999592,0,0,0.008681,7.118881,1,2,4,21,24,24,0,0,19928352,10.662415,18.001675,2358,3567
V9,3,C6,2,32,w5g-V9-s3-C6-b2-m32,,cache,baseline,loas,16,vgg16_T4_n5,layer_09_features_30,3,16384,8,256,32,524288,16,8192,512,64,4,16,1,split_cin,32,16,20,32,12,1,next_burst,4,0,1,8,0,24,2,1,1,1,non_inclusive,lru,1876448,313776,1562672,3531472,5020416,0.703422,0,1952,0.000000,1623008,103872512,0,0,2081934,0,0,22459898,86620,376348,25004800,24628452,58536588,33908136,0.579264,5018368,134064,1486992,0,48122,3349190,0,0,0,0.322893,0.999592,0,0,0.008681,14.235735,1,2,4,21,25,32,7,0,19930572,10.621436,17.007343,2358,3567
V9,3,C6,2,64,w5g-V9-s3-C6-b2-m64,,cache,baseline,loas,16,vgg16_T4_n5,layer_09_features_30,3,16384,8,256,32,524288,16,8192,512,64,4,16,1,split_cin,32,16,20,64,12,1,next_burst,4,0,1,8,0,24,2,1,1,1,non_inclusive,lru,1876338,313776,1562562,3535548,5020416,0.704234,0,1952,0.000000,1623008,103872512,0,0,2089712,0,0,22457836,86620,368872,25003040,24634168,58552618,33918450,0.579282,5018368,138140,1482916,0,47468,3349844,0,0,0,0.322893,0.999592,0,0,0.008681,14.196765,1,2,4,21,26,39,0,0,19928352,10.620875,17.557711,2358,3567
V9,3,C6,4,32,w5g-V9-s3-C6-b4-m32,,cache,baseline,loas,16,vgg16_T4_n5,layer_09_features_30,3,16384,8,256,32,524288,16,8192,512,64,4,16,1,split_cin,32,16,20,32,12,1,next_burst,4,0,1,8,0,24,4,1,1,1,non_inclusive,lru,1874234,313776,1560458,3530732,5020416,0.703275,0,1952,0.000000,1623008,103872512,0,0,2081664,0,0,22452738,86620,348354,24969376,24621022,58522586,33901564,0.579290,5018368,133324,1487732,0,47658,3349654,0,0,0,0.322893,0.999592,0,0,0.008681,28.485620,1,2,4,21,26,32,7,0,19930926,10.634172,16.984851,2358,3567
V9,3,C6,4,64,w5g-V9-s3-C6-b4-m64,,cache,baseline,loas,16,vgg16_T4_n5,layer_09_features_30,3,16384,8,256,32,524288,16,8192,512,64,4,16,1,split_cin,32,16,20,64,12,1,next_burst,4,0,1,8,0,24,4,1,1,1,non_inclusive,lru,1873596,313776,1559820,3540290,5020416,0.705179,0,1952,0.000000,1623008,103872512,0,0,2100306,0,0,22425826,86620,346416,24959168,24612752,58512820,33900068,0.579361,5018368,142882,1478174,0,47204,3350108,0,0,0,0.322893,0.999592,0,0,0.008681,28.302853,1,2,4,21,26,39,0,0,19928352,10.636419,16.772024,2358,3567
V9,3,C6,8,32,w5g-V9-s3-C6-b8-m32,,cache,baseline,loas,16,vgg16_T4_n5,layer_09_features_30,3,16384,8,256,32,524288,16,8192,512,64,4,16,1,split_cin,32,16,20,32,12,1,next_burst,4,0,1,8,0,24,8,1,1,1,non_inclusive,lru,1871852,313776,1558076,3534106,5020416,0.703947,0,1952,0.000000,1623008,103872512,0,0,2088960,0,0,22444658,86620,311026,24931264,24620238,58520944,33900706,0.579292,5018368,136698,1484358,0,47052,3350260,0,0,0,0.322893,0.999592,0,0,0.008681,56.842206,1,2,4,21,26,32,7,0,19930982,10.647734,17.627455,2358,3567
V9,3,C6,8,64,w5g-V9-s3-C6-b8-m64,,cache,baseline,loas,16,vgg16_T4_n5,layer_09_features_30,3,16384,8,256,32,524288,16,8192,512,64,4,16,1,split_cin,32,16,20,64,12,1,next_burst,4,0,1,8,0,24,8,1,1,1,non_inclusive,lru,1871544,313776,1557768,3540504,5020416,0.705221,0,1952,0.000000,1623008,103872512,0,0,2101054,0,0,22431958,86620,306704,24926336,24619632,58524764,33905132,0.579330,5018368,143096,1477960,0,46602,3350710,0,0,0,0.322893,0.999592,0,0,0.008681,56.597522,1,2,4,21,26,39,0,0,19928352,10.648081,17.241503,2358,3567
V9,4,C5,1,32,w5g-V9-s4-C5-b1-m32,,cache,baseline,loas,16,vgg16_T4_n5,layer_09_features_30,4,16384,8,1024,128,524288,16,32768,2048,16,1,16,1,split_cin,128,16,20,32,12,1,next_burst,4,0,1,8,0,24,1,1,1,1,non_inclusive,lru,4812886,302864,4510022,113026,4845824,0.023324,0,2048,0.000000,4802240,76835840,0,0,25322,0,0,72022532,80896,33650,72162400,72128750,378435058,306306308,0.809403,4843776,72866,4730750,0,40160,0,0,0,0,0.991290,0.999577,0,0,0.000000,23.440214,4,5,5,23,24,24,0,0,28949120,6.014919,23.773319,2274,3431
V9,4,C5,1,64,w5g-V9-s4-C5-b1-m64,,cache,baseline,loas,16,vgg16_T4_n5,layer_09_features_30,4,16384,8,1024,128,524288,16,32768,2048,16,1,16,1,split_cin,128,16,20,64,12,1,next_burst,4,0,1,8,0,24,1,1,1,1,non_inclusive,lru,4812886,302864,4510022,113026,4845824,0.023324,0,2048,0.000000,4802240,76835840,0,0,25322,0,0,72022532,80896,33650,72162400,72128750,378435058,306306308,0.809403,4843776,72866,4730750,0,40160,0,0,0,0,0.991290,0.999577,0,0,0.000000,23.440214,4,5,5,23,24,24,0,0,28949120,6.014919,23.968393,2274,3431
V9,4,C5,2,32,w5g-V9-s4-C5-b2-m32,,cache,baseline,loas,16,vgg16_T4_n5,layer_09_features_30,4,16384,8,1024,128,524288,16,32768,2048,16,1,16,1,split_cin,128,16,20,32,12,1,next_burst,4,0,1,8,0,24,2,1,1,1,non_inclusive,lru,5313082,302864,5010218,715578,4845824,0.147669,0,2048,0.000000,4802240,76835840,0,0,61480,0,0,79784364,95536,224156,80165536,79941380,417490870,337549490,0.808519,4843776,675418,4128198,0,40160,0,0,0,0,0.991290,0.999577,0,0,0.000000,40.911888,4,5,5,22,24,32,42,0,33733994,6.349233,28.995153,2274,3431
V9,4,C5,2,64,w5g-V9-s4-C5-b2-m64,,cache,baseline,loas,16,vgg16_T4_n5,layer_09_features_30,4,16384,8,1024,128,524288,16,32768,2048,16,1,16,1,split_cin,128,16,20,64,12,1,next_burst,4,0,1,8,0,24,2,1,1,1,non_inclusive,lru,4814054,302864,4511190,879764,4845824,0.181551,0,2048,0.000000,4802240,76835840,0,0,137098,0,0,71656154,95536,292300,72181088,71888788,377287714,305398926,0.809459,4843776,839604,3964012,0,40160,0,0,0,0,0.991290,0.999577,0,0,0.000000,39.285554,4,5,5,54,62,64,6,0,32782070,6.809660,30.426690,2274,3431
V9,4,C5,4,32,w5g-V9-s4-C5-b4-m32,,cache,baseline,loas,16,vgg16_T4_n5,layer_09_features_30,4,16384,8,1024,128,524288,16,32768,2048,16,1,16,1,split_cin,128,16,20,32,12,1,next_burst,4,0,1,8,0,24,4,1,1,1,non_inclusive,lru,4905808,302864,4602944,482132,4845824,0.099494,0,2902,0.000000,4802240,76835840,0,0,108834,65854,0,73310730,53690,110044,73649152,73539108,385534166,311995058,0.809254,4843776,441972,4361644,0,40160,0,0,0,0,0.991290,0.999577,0,0,0.000000,86.448545,4,5,5,24,25,32,40,0,33738128,6.877181,29.480339,2274,3431
V9,4,C5,4,64,w5g-V9-s4-C5-b4-m64,,cache,baseline,loas,16,vgg16_T4_n5,layer_09_features_30,4,16384,8,1024,128,524288,16,32768,2048,16,1,16,1,split_cin,128,16,20,64,12,1,next_burst,4,0,1,8,0,24,4,1,1,1,non_inclusive,lru,4811192,302864,4508328,414966,4845824,0.085634,0,2048,0.000000,4802240,76835840,0,0,85854,0,0,71805670,119448,124324,72135296,72010972,377906462,305895490,0.809448,4843776,374806,4428810,0,40160,0,0,0,0,0.991290,0.999577,0,0,0.000000,87.779162,4,5,5,55,56,64,8,0,33638432,6.991704,30.826213,2274,3431
V9,4,C5,8,32,w5g-V9-s4-C5-b8-m32,,cache,baseline,loas,16,vgg16_T4_n5,layer_09_features_30,4,16384,8,1024,128,524288,16,32768,2048,16,1,16,1,split_cin,128,16,20,32,12,1,next_burst,4,0,1,8,0,24,8,1,1,1,non_inclusive,lru,4822722,302864,4519858,487796,4845824,0.100663,0,3008,0.000000,4802240,76835840,0,0,147784,79432,0,71988674,48284,55602,72319776,72264174,379207604,306943430,0.809434,4843776,447636,4355980,0,40160,0,0,0,0,0.991290,0.999577,0,0,0.000000,172.672672,4,5,5,24,24,32,48,0,33739666,6.995980,28.318135,2274,3431
V9,4,C5,8,64,w5g-V9-s4-C5-b8-m64,,cache,baseline,loas,16,vgg16_T4_n5,layer_09_features_30,4,16384,8,1024,128,524288,16,32768,2048,16,1,16,1,split_cin,128,16,20,64,12,1,next_burst,4,0,1,8,0,24,8,1,1,1,non_inclusive,lru,4809814,302864,4506950,509126,4845824,0.105065,0,2260,0.000000,4802240,76835840,0,0,153844,20882,0,71777906,106834,53782,72113248,72059466,378185750,306126284,0.809460,4843776,468966,4334650,0,40160,0,0,0,0,0.991290,0.999577,0,0,0.000000,171.827540,4,5,5,55,56,64,16,0,33657354,6.997641,28.631072,2274,3431
V9,4,C6,1,32,w5g-V9-s4-C6-b1-m32,,cache,baseline,loas,16,vgg16_T4_n5,layer_09_features_30,4,16384,8,256,32,524288,16,8192,512,64,4,16,1,split_cin,32,16,20,32,12,1,next_burst,4,0,1,8,0,24,1,1,1,1,non_inclusive,lru,1838110,302864,1535246,3370922,4845824,0.695634,0,1952,0.000000,1617472,103518208,0,0,1953662,0,0,22266786,77104,268432,24565984,24297552,58791620,34494068,0.586717,4843776,142570,1472950,0,43664,3184592,0,0,0,0.333384,0.999577,0,0,0.011719,7.304774,2,3,4,21,24,24,0,0,19387968,10.547774,17.411270,2274,3431
V9,4,C6,1,64,w5g-V9-s4-C6-b1-m64,,cache,baseline,loas,16,vgg16_T4_n5,layer_09_features_30,4,16384,8,256,32,524288,16,8192,512,64,4,16,1,split_cin,32,16,20,64,12,1,next_burst,4,0,1,8,0,24,1,1,1,1,non_inclusive,lru,1838110,302864,1535246,3370922,4845824,0.695634,0,1952,0.000000,1617472,103518208,0,0,1953662,0,0,22266786,77104,268432,24565984,24297552,58791620,34494068,0.586717,4843776,142570,1472950,0,43664,3184592,0,0,0,0.333384,0.999577,0,0,0.011719,7.304774,2,3,4,21,24,24,0,0,19387968,10.547774,15.906691,2274,3431
V9,4,C6,2,32,w5g-V9-s4-C6-b2-m32,,cache,baseline,loas,16,vgg16_T4_n5,layer_09_features_30,4,16384,8,256,32,524288,16,8192,512,64,4,16,1,split_cin,32,16,20,32,12,1,next_burst,4,0,1,8,0,24,2,1,1,1,non_inclusive,lru,1844436,302864,1541572,3356114,4845824,0.692579,0,1952,0.000000,1617472,103518208,0,0,1921872,0,0,22294628,87452,363248,24667200,24303952,58784896,34480944,0.586561,4843776,127762,1487758,0,46138,3182118,0,0,0,0.333384,0.999577,0,0,0.011719,14.756227,2,3,4,22,27,32,19,0,19408006,10.522461,17.028463,2274,3431
V9,4,C6,2,64,w5g-V9-s4-C6-b2-m64,,cache,baseline,loas,16,vgg16_T4_n5,layer_09_features_30,4,16384,8,256,32,524288,16,8192,512,64,4,16,1,split_cin,32,16,20,64,12,1,next_burst,4,0,1,8,0,24,2,1,1,1,non_inclusive,lru,1843836,302864,1540972,3379866,4845824,0.697480,0,1952,0.000000,1617472,103518208,0,0,1968368,0,0,22234748,87452,367032,24657600,24290568,58747380,34456812,0.586525,4843776,151514,1464006,0,45840,3182416,0,0,0,0.333384,0.999577,0,0,0.011719,14.520953,2,3,4,22,28,54,0,0,19387968,10.515018,16.741567,2274,3431
V9,4,C6,4,32,w5g-V9-s4-C6-b4-m32,,cache,baseline,loas,16,vgg16_T4_n5,layer_09_features_30,4,16384,8,256,32,524288,16,8192,512,64,4,16,1,split_cin,32,16,20,32,12,1,next_burst,4,0,1,8,0,24,4,1,1,1,non_inclusive,lru,1842628,302864,1539764,3364972,4845824,0.694407,0,2048,0.000000,1617472,103518208,0,0,1941156,6624,0,22264032,83324,343136,24638272,24295136,58754134,34458998,0.586495,4843776,136620,1478900,0,46714,3181542,0,0,0,0.333384,0.999577,0,0,0.011719,29.336970,2,3,4,22,27,32,20,0,19410290,10.534025,17.500721,2274,3431
V9,4,C6,4,64,w5g-V9-s4-C6-b4-m64,,cache,baseline,loas,16,vgg16_T4_n5,layer_09_features_30,4,16384,8,256,32,524288,16,8192,512,64,4,16,1,split_cin,32,16,20,64,12,1,next_burst,4,0,1,8,0,24,4,1,1,1,non_inclusive,lru,1841804,302864,1538940,3379352,4845824,0.697374,0,1952,0.000000,1617472,103518208,0,0,1969368,0,0,22231770,89948,334002,24625088,24291086,58756784,34465698,0.586582,4843776,151000,1464520,0,45456,3182800,0,0,0,0.333384,0.999577,0,0,0.011719,29.052089,2,3,4,22,28,53,0,0,19387968,10.526618,16.163457,2274,3431
V9,4,C6,8,32,w5g-V9-s4-C6-b8-m32,,cache,baseline,loas,16,vgg16_T4_n5,layer_09_features_30,4,16384,8,256,32,524288,16,8192,512,64,4,16,1,split_cin,32,16,20,32,12,1,next_burst,4,0,1,8,0,24,8,1,1,1,non_inclusive,lru,1840014,302864,1537150,3365122,4845824,0.694438,0,2048,0.000000,1617472,103518208,0,0,1942248,6624,0,22251090,83324,313162,24596448,24283286,58733410,34450124,0.586551,4843776,136770,1478750,0,45850,3182406,0,0,0,0.333384,0.999577,0,0,0.011719,58.667996,2,3,4,22,27,32,20,0,19410288,10.548989,17.277600,2274,3431
V9,4,C6,8,64,w5g-V9-s4-C6-b8-m64,,cache,baseline,loas,16,vgg16_T4_n5,layer_09_features_30,4,16384,8,256,32,524288,16,8192,512,64,4,16,1,split_cin,32,16,20,64,12,1,next_burst,4,0,1,8,0,24,8,1,1,1,non_inclusive,lru,1838110,302864,1535246,3382140,4845824,0.697949,0,1952,0.000000,1617472,103518208,0,0,1975064,0,0,22215416,89948,285556,24565984,24280428,58739378,34458950,0.586641,4843776,153788,1461732,0,45258,3182998,0,0,0,0.333384,0.999577,0,0,0.011719,57.993713,2,3,4,22,28,53,0,0,19387968,10.547774,16.664598,2274,3431
