arch,workload,layer,cache_type,associativity,size_bytes,inner_dim,layout,line_size,mean_hit_rate,n_samples
loas,resnet19_T4_all,layer_01_layer1_0_conv1,set_associative,4,16384,cout,cout_only,16,0.271467,5
loas,resnet19_T4_all,layer_01_layer1_0_conv1,set_associative,4,32768,cout,cout_only,16,0.464099,5
loas,resnet19_T4_all,layer_01_layer1_0_conv1,set_associative,4,65536,cout,cout_only,16,0.862069,5
loas,resnet19_T4_all,layer_01_layer1_0_conv1,set_associative,16,16384,cout,cout_only,16,0.417131,5
loas,resnet19_T4_all,layer_01_layer1_0_conv1,set_associative,16,32768,cout,cout_only,16,0.757513,5
loas,resnet19_T4_all,layer_01_layer1_0_conv1,set_associative,16,65536,cout,cout_only,16,0.930311,5
loas,resnet19_T4_all,layer_01_layer1_0_conv1,set_associative,32,16384,cout,cout_only,16,0.455898,5
loas,resnet19_T4_all,layer_01_layer1_0_conv1,set_associative,32,32768,cout,cout_only,16,0.839730,5
loas,resnet19_T4_all,layer_01_layer1_0_conv1,set_associative,32,65536,cout,cout_only,16,0.981818,5
loas,resnet19_T4_all,layer_01_layer1_0_conv1,fully_associative,0,16384,cout,cout_only,16,0.995315,5
loas,resnet19_T4_all,layer_01_layer1_0_conv1,fully_associative,0,32768,cout,cout_only,16,0.995315,5
loas,resnet19_T4_all,layer_01_layer1_0_conv1,fully_associative,0,65536,cout,cout_only,16,0.995315,5
loas,resnet19_T4_all,layer_01_layer1_0_conv1,set_associative,4,16384,cout,cout_only,32,0.271593,5
loas,resnet19_T4_all,layer_01_layer1_0_conv1,set_associative,4,32768,cout,cout_only,32,0.464544,5
loas,resnet19_T4_all,layer_01_layer1_0_conv1,set_associative,4,65536,cout,cout_only,32,0.863857,5
loas,resnet19_T4_all,layer_01_layer1_0_conv1,set_associative,16,16384,cout,cout_only,32,0.417298,5
loas,resnet19_T4_all,layer_01_layer1_0_conv1,set_associative,16,32768,cout,cout_only,32,0.758158,5
loas,resnet19_T4_all,layer_01_layer1_0_conv1,set_associative,16,65536,cout,cout_only,32,0.932092,5
loas,resnet19_T4_all,layer_01_layer1_0_conv1,set_associative,32,16384,cout,cout_only,32,0.456071,5
loas,resnet19_T4_all,layer_01_layer1_0_conv1,set_associative,32,32768,cout,cout_only,32,0.840383,5
loas,resnet19_T4_all,layer_01_layer1_0_conv1,set_associative,32,65536,cout,cout_only,32,0.983745,5
loas,resnet19_T4_all,layer_01_layer1_0_conv1,fully_associative,0,16384,cout,cout_only,32,0.997183,5
loas,resnet19_T4_all,layer_01_layer1_0_conv1,fully_associative,0,32768,cout,cout_only,32,0.997657,5
loas,resnet19_T4_all,layer_01_layer1_0_conv1,fully_associative,0,65536,cout,cout_only,32,0.997657,5
loas,resnet19_T4_all,layer_01_layer1_0_conv1,set_associative,4,16384,cout,cout_only,64,0.271656,5
loas,resnet19_T4_all,layer_01_layer1_0_conv1,set_associative,4,32768,cout,cout_only,64,0.464767,5
loas,resnet19_T4_all,layer_01_layer1_0_conv1,set_associative,4,65536,cout,cout_only,64,0.864751,5
loas,resnet19_T4_all,layer_01_layer1_0_conv1,set_associative,16,16384,cout,cout_only,64,0.417382,5
loas,resnet19_T4_all,layer_01_layer1_0_conv1,set_associative,16,32768,cout,cout_only,64,0.758481,5
loas,resnet19_T4_all,layer_01_layer1_0_conv1,set_associative,16,65536,cout,cout_only,64,0.932982,5
loas,resnet19_T4_all,layer_01_layer1_0_conv1,set_associative,32,16384,cout,cout_only,64,0.456157,5
loas,resnet19_T4_all,layer_01_layer1_0_conv1,set_associative,32,32768,cout,cout_only,64,0.840709,5
loas,resnet19_T4_all,layer_01_layer1_0_conv1,set_associative,32,65536,cout,cout_only,64,0.984709,5
loas,resnet19_T4_all,layer_01_layer1_0_conv1,fully_associative,0,16384,cout,cout_only,64,0.886926,5
loas,resnet19_T4_all,layer_01_layer1_0_conv1,fully_associative,0,32768,cout,cout_only,64,0.998264,5
loas,resnet19_T4_all,layer_01_layer1_0_conv1,fully_associative,0,65536,cout,cout_only,64,0.998829,5
loas,resnet19_T4_all,layer_02_layer1_0_conv2,set_associative,4,16384,cout,cout_only,16,0.110943,5
loas,resnet19_T4_all,layer_02_layer1_0_conv2,set_associative,4,32768,cout,cout_only,16,0.228468,5
loas,resnet19_T4_all,layer_02_layer1_0_conv2,set_associative,4,65536,cout,cout_only,16,0.819170,5
loas,resnet19_T4_all,layer_02_layer1_0_conv2,set_associative,16,16384,cout,cout_only,16,0.215567,5
loas,resnet19_T4_all,layer_02_layer1_0_conv2,set_associative,16,32768,cout,cout_only,16,0.560279,5
loas,resnet19_T4_all,layer_02_layer1_0_conv2,set_associative,16,65536,cout,cout_only,16,0.880448,5
loas,resnet19_T4_all,layer_02_layer1_0_conv2,set_associative,32,16384,cout,cout_only,16,0.282147,5
loas,resnet19_T4_all,layer_02_layer1_0_conv2,set_associative,32,32768,cout,cout_only,16,0.607286,5
loas,resnet19_T4_all,layer_02_layer1_0_conv2,set_associative,32,65536,cout,cout_only,16,0.923622,5
loas,resnet19_T4_all,layer_02_layer1_0_conv2,fully_associative,0,16384,cout,cout_only,16,0.960188,5
loas,resnet19_T4_all,layer_02_layer1_0_conv2,fully_associative,0,32768,cout,cout_only,16,0.977905,5
loas,resnet19_T4_all,layer_02_layer1_0_conv2,fully_associative,0,65536,cout,cout_only,16,0.977905,5
loas,resnet19_T4_all,layer_02_layer1_0_conv2,set_associative,4,16384,cout,cout_only,32,0.111322,5
loas,resnet19_T4_all,layer_02_layer1_0_conv2,set_associative,4,32768,cout,cout_only,32,0.229380,5
loas,resnet19_T4_all,layer_02_layer1_0_conv2,set_associative,4,65536,cout,cout_only,32,0.826844,5
loas,resnet19_T4_all,layer_02_layer1_0_conv2,set_associative,16,16384,cout,cout_only,32,0.215972,5
loas,resnet19_T4_all,layer_02_layer1_0_conv2,set_associative,16,32768,cout,cout_only,32,0.561968,5
loas,resnet19_T4_all,layer_02_layer1_0_conv2,set_associative,16,65536,cout,cout_only,32,0.887282,5
loas,resnet19_T4_all,layer_02_layer1_0_conv2,set_associative,32,16384,cout,cout_only,32,0.282537,5
loas,resnet19_T4_all,layer_02_layer1_0_conv2,set_associative,32,32768,cout,cout_only,32,0.608982,5
loas,resnet19_T4_all,layer_02_layer1_0_conv2,set_associative,32,65536,cout,cout_only,32,0.931141,5
loas,resnet19_T4_all,layer_02_layer1_0_conv2,fully_associative,0,16384,cout,cout_only,32,0.679568,5
loas,resnet19_T4_all,layer_02_layer1_0_conv2,fully_associative,0,32768,cout,cout_only,32,0.968846,5
loas,resnet19_T4_all,layer_02_layer1_0_conv2,fully_associative,0,65536,cout,cout_only,32,0.988953,5
loas,resnet19_T4_all,layer_02_layer1_0_conv2,set_associative,4,16384,cout,cout_only,64,0.111511,5
loas,resnet19_T4_all,layer_02_layer1_0_conv2,set_associative,4,32768,cout,cout_only,64,0.229836,5
loas,resnet19_T4_all,layer_02_layer1_0_conv2,set_associative,4,65536,cout,cout_only,64,0.830680,5
loas,resnet19_T4_all,layer_02_layer1_0_conv2,set_associative,16,16384,cout,cout_only,64,0.216174,5
loas,resnet19_T4_all,layer_02_layer1_0_conv2,set_associative,16,32768,cout,cout_only,64,0.562813,5
loas,resnet19_T4_all,layer_02_layer1_0_conv2,set_associative,16,65536,cout,cout_only,64,0.890699,5
loas,resnet19_T4_all,layer_02_layer1_0_conv2,set_associative,32,16384,cout,cout_only,64,0.282731,5
loas,resnet19_T4_all,layer_02_layer1_0_conv2,set_associative,32,32768,cout,cout_only,64,0.609831,5
loas,resnet19_T4_all,layer_02_layer1_0_conv2,set_associative,32,65536,cout,cout_only,64,0.934900,5
loas,resnet19_T4_all,layer_02_layer1_0_conv2,fully_associative,0,16384,cout,cout_only,64,0.359740,5
loas,resnet19_T4_all,layer_02_layer1_0_conv2,fully_associative,0,32768,cout,cout_only,64,0.680405,5
loas,resnet19_T4_all,layer_02_layer1_0_conv2,fully_associative,0,65536,cout,cout_only,64,0.973175,5
loas,resnet19_T4_all,layer_03_layer1_0_shortcut_0,set_associative,4,16384,cout,cout_only,16,0.271467,5
loas,resnet19_T4_all,layer_03_layer1_0_shortcut_0,set_associative,4,32768,cout,cout_only,16,0.464099,5
loas,resnet19_T4_all,layer_03_layer1_0_shortcut_0,set_associative,4,65536,cout,cout_only,16,0.862069,5
loas,resnet19_T4_all,layer_03_layer1_0_shortcut_0,set_associative,16,16384,cout,cout_only,16,0.417131,5
loas,resnet19_T4_all,layer_03_layer1_0_shortcut_0,set_associative,16,32768,cout,cout_only,16,0.757513,5
loas,resnet19_T4_all,layer_03_layer1_0_shortcut_0,set_associative,16,65536,cout,cout_only,16,0.930311,5
loas,resnet19_T4_all,layer_03_layer1_0_shortcut_0,set_associative,32,16384,cout,cout_only,16,0.455898,5
loas,resnet19_T4_all,layer_03_layer1_0_shortcut_0,set_associative,32,32768,cout,cout_only,16,0.839730,5
loas,resnet19_T4_all,layer_03_layer1_0_shortcut_0,set_associative,32,65536,cout,cout_only,16,0.981818,5
loas,resnet19_T4_all,layer_03_layer1_0_shortcut_0,fully_associative,0,16384,cout,cout_only,16,0.995315,5
loas,resnet19_T4_all,layer_03_layer1_0_shortcut_0,fully_associative,0,32768,cout,cout_only,16,0.995315,5
loas,resnet19_T4_all,layer_03_layer1_0_shortcut_0,fully_associative,0,65536,cout,cout_only,16,0.995315,5
loas,resnet19_T4_all,layer_03_layer1_0_shortcut_0,set_associative,4,16384,cout,cout_only,32,0.271593,5
loas,resnet19_T4_all,layer_03_layer1_0_shortcut_0,set_associative,4,32768,cout,cout_only,32,0.464544,5
loas,resnet19_T4_all,layer_03_layer1_0_shortcut_0,set_associative,4,65536,cout,cout_only,32,0.863857,5
loas,resnet19_T4_all,layer_03_layer1_0_shortcut_0,set_associative,16,16384,cout,cout_only,32,0.417298,5
loas,resnet19_T4_all,layer_03_layer1_0_shortcut_0,set_associative,16,32768,cout,cout_only,32,0.758158,5
loas,resnet19_T4_all,layer_03_layer1_0_shortcut_0,set_associative,16,65536,cout,cout_only,32,0.932092,5
loas,resnet19_T4_all,layer_03_layer1_0_shortcut_0,set_associative,32,16384,cout,cout_only,32,0.456071,5
loas,resnet19_T4_all,layer_03_layer1_0_shortcut_0,set_associative,32,32768,cout,cout_only,32,0.840383,5
loas,resnet19_T4_all,layer_03_layer1_0_shortcut_0,set_associative,32,65536,cout,cout_only,32,0.983745,5
loas,resnet19_T4_all,layer_03_layer1_0_shortcut_0,fully_associative,0,16384,cout,cout_only,32,0.997183,5
loas,resnet19_T4_all,layer_03_layer1_0_shortcut_0,fully_associative,0,32768,cout,cout_only,32,0.997657,5
loas,resnet19_T4_all,layer_03_layer1_0_shortcut_0,fully_associative,0,65536,cout,cout_only,32,0.997657,5
loas,resnet19_T4_all,layer_03_layer1_0_shortcut_0,set_associative,4,16384,cout,cout_only,64,0.271656,5
loas,resnet19_T4_all,layer_03_layer1_0_shortcut_0,set_associative,4,32768,cout,cout_only,64,0.464767,5
loas,resnet19_T4_all,layer_03_layer1_0_shortcut_0,set_associative,4,65536,cout,cout_only,64,0.864751,5
loas,resnet19_T4_all,layer_03_layer1_0_shortcut_0,set_associative,16,16384,cout,cout_only,64,0.417382,5
loas,resnet19_T4_all,layer_03_layer1_0_shortcut_0,set_associative,16,32768,cout,cout_only,64,0.758481,5
loas,resnet19_T4_all,layer_03_layer1_0_shortcut_0,set_associative,16,65536,cout,cout_only,64,0.932982,5
loas,resnet19_T4_all,layer_03_layer1_0_shortcut_0,set_associative,32,16384,cout,cout_only,64,0.456157,5
loas,resnet19_T4_all,layer_03_layer1_0_shortcut_0,set_associative,32,32768,cout,cout_only,64,0.840709,5
loas,resnet19_T4_all,layer_03_layer1_0_shortcut_0,set_associative,32,65536,cout,cout_only,64,0.984709,5
loas,resnet19_T4_all,layer_03_layer1_0_shortcut_0,fully_associative,0,16384,cout,cout_only,64,0.886926,5
loas,resnet19_T4_all,layer_03_layer1_0_shortcut_0,fully_associative,0,32768,cout,cout_only,64,0.998264,5
loas,resnet19_T4_all,layer_03_layer1_0_shortcut_0,fully_associative,0,65536,cout,cout_only,64,0.998829,5
loas,resnet19_T4_all,layer_04_layer1_1_conv1,set_associative,4,16384,cout,cout_only,16,0.012849,5
loas,resnet19_T4_all,layer_04_layer1_1_conv1,set_associative,4,32768,cout,cout_only,16,0.075847,5
loas,resnet19_T4_all,layer_04_layer1_1_conv1,set_associative,4,65536,cout,cout_only,16,0.200296,5
loas,resnet19_T4_all,layer_04_layer1_1_conv1,set_associative,16,16384,cout,cout_only,16,0.004146,5
loas,resnet19_T4_all,layer_04_layer1_1_conv1,set_associative,16,32768,cout,cout_only,16,0.113081,5
loas,resnet19_T4_all,layer_04_layer1_1_conv1,set_associative,16,65536,cout,cout_only,16,0.494374,5
loas,resnet19_T4_all,layer_04_layer1_1_conv1,set_associative,32,16384,cout,cout_only,16,0.002570,5
loas,resnet19_T4_all,layer_04_layer1_1_conv1,set_associative,32,32768,cout,cout_only,16,0.110951,5
loas,resnet19_T4_all,layer_04_layer1_1_conv1,set_associative,32,65536,cout,cout_only,16,0.566107,5
loas,resnet19_T4_all,layer_04_layer1_1_conv1,fully_associative,0,16384,cout,cout_only,16,0.947143,5
loas,resnet19_T4_all,layer_04_layer1_1_conv1,fully_associative,0,32768,cout,cout_only,16,0.984966,5
loas,resnet19_T4_all,layer_04_layer1_1_conv1,fully_associative,0,65536,cout,cout_only,16,0.984966,5
loas,resnet19_T4_all,layer_04_layer1_1_conv1,set_associative,4,16384,cout,cout_only,32,0.012981,5
loas,resnet19_T4_all,layer_04_layer1_1_conv1,set_associative,4,32768,cout,cout_only,32,0.076095,5
loas,resnet19_T4_all,layer_04_layer1_1_conv1,set_associative,4,65536,cout,cout_only,32,0.201047,5
loas,resnet19_T4_all,layer_04_layer1_1_conv1,set_associative,16,16384,cout,cout_only,32,0.004258,5
loas,resnet19_T4_all,layer_04_layer1_1_conv1,set_associative,16,32768,cout,cout_only,32,0.113318,5
loas,resnet19_T4_all,layer_04_layer1_1_conv1,set_associative,16,65536,cout,cout_only,32,0.495322,5
loas,resnet19_T4_all,layer_04_layer1_1_conv1,set_associative,32,16384,cout,cout_only,32,0.002682,5
loas,resnet19_T4_all,layer_04_layer1_1_conv1,set_associative,32,32768,cout,cout_only,32,0.111180,5
loas,resnet19_T4_all,layer_04_layer1_1_conv1,set_associative,32,65536,cout,cout_only,32,0.567020,5
loas,resnet19_T4_all,layer_04_layer1_1_conv1,fully_associative,0,16384,cout,cout_only,32,0.624578,5
loas,resnet19_T4_all,layer_04_layer1_1_conv1,fully_associative,0,32768,cout,cout_only,32,0.952223,5
loas,resnet19_T4_all,layer_04_layer1_1_conv1,fully_associative,0,65536,cout,cout_only,32,0.992483,5
loas,resnet19_T4_all,layer_04_layer1_1_conv1,set_associative,4,16384,cout,cout_only,64,0.013047,5
loas,resnet19_T4_all,layer_04_layer1_1_conv1,set_associative,4,32768,cout,cout_only,64,0.076219,5
loas,resnet19_T4_all,layer_04_layer1_1_conv1,set_associative,4,65536,cout,cout_only,64,0.201423,5
loas,resnet19_T4_all,layer_04_layer1_1_conv1,set_associative,16,16384,cout,cout_only,64,0.004314,5
loas,resnet19_T4_all,layer_04_layer1_1_conv1,set_associative,16,32768,cout,cout_only,64,0.113436,5
loas,resnet19_T4_all,layer_04_layer1_1_conv1,set_associative,16,65536,cout,cout_only,64,0.495797,5
loas,resnet19_T4_all,layer_04_layer1_1_conv1,set_associative,32,16384,cout,cout_only,64,0.002738,5
loas,resnet19_T4_all,layer_04_layer1_1_conv1,set_associative,32,32768,cout,cout_only,64,0.111295,5
loas,resnet19_T4_all,layer_04_layer1_1_conv1,set_associative,32,65536,cout,cout_only,64,0.567477,5
loas,resnet19_T4_all,layer_04_layer1_1_conv1,fully_associative,0,16384,cout,cout_only,64,0.081101,5
loas,resnet19_T4_all,layer_04_layer1_1_conv1,fully_associative,0,32768,cout,cout_only,64,0.624986,5
loas,resnet19_T4_all,layer_04_layer1_1_conv1,fully_associative,0,65536,cout,cout_only,64,0.954763,5
loas,resnet19_T4_all,layer_05_layer1_1_conv2,set_associative,4,16384,cout,cout_only,16,0.032823,5
loas,resnet19_T4_all,layer_05_layer1_1_conv2,set_associative,4,32768,cout,cout_only,16,0.117101,5
loas,resnet19_T4_all,layer_05_layer1_1_conv2,set_associative,4,65536,cout,cout_only,16,0.238377,5
loas,resnet19_T4_all,layer_05_layer1_1_conv2,set_associative,16,16384,cout,cout_only,16,0.025461,5
loas,resnet19_T4_all,layer_05_layer1_1_conv2,set_associative,16,32768,cout,cout_only,16,0.235763,5
loas,resnet19_T4_all,layer_05_layer1_1_conv2,set_associative,16,65536,cout,cout_only,16,0.583712,5
loas,resnet19_T4_all,layer_05_layer1_1_conv2,set_associative,32,16384,cout,cout_only,16,0.018699,5
loas,resnet19_T4_all,layer_05_layer1_1_conv2,set_associative,32,32768,cout,cout_only,16,0.273620,5
loas,resnet19_T4_all,layer_05_layer1_1_conv2,set_associative,32,65536,cout,cout_only,16,0.644406,5
loas,resnet19_T4_all,layer_05_layer1_1_conv2,fully_associative,0,16384,cout,cout_only,16,0.946748,5
loas,resnet19_T4_all,layer_05_layer1_1_conv2,fully_associative,0,32768,cout,cout_only,16,0.978971,5
loas,resnet19_T4_all,layer_05_layer1_1_conv2,fully_associative,0,65536,cout,cout_only,16,0.978971,5
loas,resnet19_T4_all,layer_05_layer1_1_conv2,set_associative,4,16384,cout,cout_only,32,0.033001,5
loas,resnet19_T4_all,layer_05_layer1_1_conv2,set_associative,4,32768,cout,cout_only,32,0.117492,5
loas,resnet19_T4_all,layer_05_layer1_1_conv2,set_associative,4,65536,cout,cout_only,32,0.239561,5
loas,resnet19_T4_all,layer_05_layer1_1_conv2,set_associative,16,16384,cout,cout_only,32,0.025613,5
loas,resnet19_T4_all,layer_05_layer1_1_conv2,set_associative,16,32768,cout,cout_only,32,0.236151,5
loas,resnet19_T4_all,layer_05_layer1_1_conv2,set_associative,16,65536,cout,cout_only,32,0.585130,5
loas,resnet19_T4_all,layer_05_layer1_1_conv2,set_associative,32,16384,cout,cout_only,32,0.018850,5
loas,resnet19_T4_all,layer_05_layer1_1_conv2,set_associative,32,32768,cout,cout_only,32,0.274003,5
loas,resnet19_T4_all,layer_05_layer1_1_conv2,set_associative,32,65536,cout,cout_only,32,0.645732,5
loas,resnet19_T4_all,layer_05_layer1_1_conv2,fully_associative,0,16384,cout,cout_only,32,0.679523,5
loas,resnet19_T4_all,layer_05_layer1_1_conv2,fully_associative,0,32768,cout,cout_only,32,0.953815,5
loas,resnet19_T4_all,layer_05_layer1_1_conv2,fully_associative,0,65536,cout,cout_only,32,0.989485,5
loas,resnet19_T4_all,layer_05_layer1_1_conv2,set_associative,4,16384,cout,cout_only,64,0.033090,5
loas,resnet19_T4_all,layer_05_layer1_1_conv2,set_associative,4,32768,cout,cout_only,64,0.117688,5
loas,resnet19_T4_all,layer_05_layer1_1_conv2,set_associative,4,65536,cout,cout_only,64,0.240152,5
loas,resnet19_T4_all,layer_05_layer1_1_conv2,set_associative,16,16384,cout,cout_only,64,0.025689,5
loas,resnet19_T4_all,layer_05_layer1_1_conv2,set_associative,16,32768,cout,cout_only,64,0.236345,5
loas,resnet19_T4_all,layer_05_layer1_1_conv2,set_associative,16,65536,cout,cout_only,64,0.585840,5
loas,resnet19_T4_all,layer_05_layer1_1_conv2,set_associative,32,16384,cout,cout_only,64,0.018925,5
loas,resnet19_T4_all,layer_05_layer1_1_conv2,set_associative,32,32768,cout,cout_only,64,0.274195,5
loas,resnet19_T4_all,layer_05_layer1_1_conv2,set_associative,32,65536,cout,cout_only,64,0.646396,5
loas,resnet19_T4_all,layer_05_layer1_1_conv2,fully_associative,0,16384,cout,cout_only,64,0.356420,5
loas,resnet19_T4_all,layer_05_layer1_1_conv2,fully_associative,0,32768,cout,cout_only,64,0.680161,5
loas,resnet19_T4_all,layer_05_layer1_1_conv2,fully_associative,0,65536,cout,cout_only,64,0.957349,5
loas,resnet19_T4_all,layer_06_layer1_2_conv1,set_associative,4,16384,cout,cout_only,16,0.007897,5
loas,resnet19_T4_all,layer_06_layer1_2_conv1,set_associative,4,32768,cout,cout_only,16,0.054724,5
loas,resnet19_T4_all,layer_06_layer1_2_conv1,set_associative,4,65536,cout,cout_only,16,0.162681,5
loas,resnet19_T4_all,layer_06_layer1_2_conv1,set_associative,16,16384,cout,cout_only,16,0.001622,5
loas,resnet19_T4_all,layer_06_layer1_2_conv1,set_associative,16,32768,cout,cout_only,16,0.058828,5
loas,resnet19_T4_all,layer_06_layer1_2_conv1,set_associative,16,65536,cout,cout_only,16,0.405697,5
loas,resnet19_T4_all,layer_06_layer1_2_conv1,set_associative,32,16384,cout,cout_only,16,0.000939,5
loas,resnet19_T4_all,layer_06_layer1_2_conv1,set_associative,32,32768,cout,cout_only,16,0.042099,5
loas,resnet19_T4_all,layer_06_layer1_2_conv1,set_associative,32,65536,cout,cout_only,16,0.488276,5
loas,resnet19_T4_all,layer_06_layer1_2_conv1,fully_associative,0,16384,cout,cout_only,16,0.951235,5
loas,resnet19_T4_all,layer_06_layer1_2_conv1,fully_associative,0,32768,cout,cout_only,16,0.987936,5
loas,resnet19_T4_all,layer_06_layer1_2_conv1,fully_associative,0,65536,cout,cout_only,16,0.987936,5
loas,resnet19_T4_all,layer_06_layer1_2_conv1,set_associative,4,16384,cout,cout_only,32,0.008024,5
loas,resnet19_T4_all,layer_06_layer1_2_conv1,set_associative,4,32768,cout,cout_only,32,0.054964,5
loas,resnet19_T4_all,layer_06_layer1_2_conv1,set_associative,4,65536,cout,cout_only,32,0.163320,5
loas,resnet19_T4_all,layer_06_layer1_2_conv1,set_associative,16,16384,cout,cout_only,32,0.001741,5
loas,resnet19_T4_all,layer_06_layer1_2_conv1,set_associative,16,32768,cout,cout_only,32,0.059021,5
loas,resnet19_T4_all,layer_06_layer1_2_conv1,set_associative,16,65536,cout,cout_only,32,0.406462,5
loas,resnet19_T4_all,layer_06_layer1_2_conv1,set_associative,32,16384,cout,cout_only,32,0.001056,5
loas,resnet19_T4_all,layer_06_layer1_2_conv1,set_associative,32,32768,cout,cout_only,32,0.042247,5
loas,resnet19_T4_all,layer_06_layer1_2_conv1,set_associative,32,65536,cout,cout_only,32,0.489020,5
loas,resnet19_T4_all,layer_06_layer1_2_conv1,fully_associative,0,16384,cout,cout_only,32,0.641509,5
loas,resnet19_T4_all,layer_06_layer1_2_conv1,fully_associative,0,32768,cout,cout_only,32,0.955272,5
loas,resnet19_T4_all,layer_06_layer1_2_conv1,fully_associative,0,65536,cout,cout_only,32,0.993968,5
loas,resnet19_T4_all,layer_06_layer1_2_conv1,set_associative,4,16384,cout,cout_only,64,0.008087,5
loas,resnet19_T4_all,layer_06_layer1_2_conv1,set_associative,4,32768,cout,cout_only,64,0.055084,5
loas,resnet19_T4_all,layer_06_layer1_2_conv1,set_associative,4,65536,cout,cout_only,64,0.163640,5
loas,resnet19_T4_all,layer_06_layer1_2_conv1,set_associative,16,16384,cout,cout_only,64,0.001800,5
loas,resnet19_T4_all,layer_06_layer1_2_conv1,set_associative,16,32768,cout,cout_only,64,0.059118,5
loas,resnet19_T4_all,layer_06_layer1_2_conv1,set_associative,16,65536,cout,cout_only,64,0.406844,5
loas,resnet19_T4_all,layer_06_layer1_2_conv1,set_associative,32,16384,cout,cout_only,64,0.001115,5
loas,resnet19_T4_all,layer_06_layer1_2_conv1,set_associative,32,32768,cout,cout_only,64,0.042321,5
loas,resnet19_T4_all,layer_06_layer1_2_conv1,set_associative,32,65536,cout,cout_only,64,0.489392,5
loas,resnet19_T4_all,layer_06_layer1_2_conv1,fully_associative,0,16384,cout,cout_only,64,0.017865,5
loas,resnet19_T4_all,layer_06_layer1_2_conv1,fully_associative,0,32768,cout,cout_only,64,0.641884,5
loas,resnet19_T4_all,layer_06_layer1_2_conv1,fully_associative,0,65536,cout,cout_only,64,0.957290,5
loas,resnet19_T4_all,layer_07_layer1_2_conv2,set_associative,4,16384,cout,cout_only,16,0.013825,5
loas,resnet19_T4_all,layer_07_layer1_2_conv2,set_associative,4,32768,cout,cout_only,16,0.064818,5
loas,resnet19_T4_all,layer_07_layer1_2_conv2,set_associative,4,65536,cout,cout_only,16,0.158216,5
loas,resnet19_T4_all,layer_07_layer1_2_conv2,set_associative,16,16384,cout,cout_only,16,0.004614,5
loas,resnet19_T4_all,layer_07_layer1_2_conv2,set_associative,16,32768,cout,cout_only,16,0.101793,5
loas,resnet19_T4_all,layer_07_layer1_2_conv2,set_associative,16,65536,cout,cout_only,16,0.455306,5
loas,resnet19_T4_all,layer_07_layer1_2_conv2,set_associative,32,16384,cout,cout_only,16,0.002529,5
loas,resnet19_T4_all,layer_07_layer1_2_conv2,set_associative,32,32768,cout,cout_only,16,0.093836,5
loas,resnet19_T4_all,layer_07_layer1_2_conv2,set_associative,32,65536,cout,cout_only,16,0.562631,5
loas,resnet19_T4_all,layer_07_layer1_2_conv2,fully_associative,0,16384,cout,cout_only,16,0.959511,5
loas,resnet19_T4_all,layer_07_layer1_2_conv2,fully_associative,0,32768,cout,cout_only,16,0.986251,5
loas,resnet19_T4_all,layer_07_layer1_2_conv2,fully_associative,0,65536,cout,cout_only,16,0.986251,5
loas,resnet19_T4_all,layer_07_layer1_2_conv2,set_associative,4,16384,cout,cout_only,32,0.014100,5
loas,resnet19_T4_all,layer_07_layer1_2_conv2,set_associative,4,32768,cout,cout_only,32,0.065252,5
loas,resnet19_T4_all,layer_07_layer1_2_conv2,set_associative,4,65536,cout,cout_only,32,0.159139,5
loas,resnet19_T4_all,layer_07_layer1_2_conv2,set_associative,16,16384,cout,cout_only,32,0.004878,5
loas,resnet19_T4_all,layer_07_layer1_2_conv2,set_associative,16,32768,cout,cout_only,32,0.102138,5
loas,resnet19_T4_all,layer_07_layer1_2_conv2,set_associative,16,65536,cout,cout_only,32,0.456513,5
loas,resnet19_T4_all,layer_07_layer1_2_conv2,set_associative,32,16384,cout,cout_only,32,0.002792,5
loas,resnet19_T4_all,layer_07_layer1_2_conv2,set_associative,32,32768,cout,cout_only,32,0.094150,5
loas,resnet19_T4_all,layer_07_layer1_2_conv2,set_associative,32,65536,cout,cout_only,32,0.563827,5
loas,resnet19_T4_all,layer_07_layer1_2_conv2,fully_associative,0,16384,cout,cout_only,32,0.705461,5
loas,resnet19_T4_all,layer_07_layer1_2_conv2,fully_associative,0,32768,cout,cout_only,32,0.964381,5
loas,resnet19_T4_all,layer_07_layer1_2_conv2,fully_associative,0,65536,cout,cout_only,32,0.993125,5
loas,resnet19_T4_all,layer_07_layer1_2_conv2,set_associative,4,16384,cout,cout_only,64,0.014238,5
loas,resnet19_T4_all,layer_07_layer1_2_conv2,set_associative,4,32768,cout,cout_only,64,0.065470,5
loas,resnet19_T4_all,layer_07_layer1_2_conv2,set_associative,4,65536,cout,cout_only,64,0.159600,5
loas,resnet19_T4_all,layer_07_layer1_2_conv2,set_associative,16,16384,cout,cout_only,64,0.005010,5
loas,resnet19_T4_all,layer_07_layer1_2_conv2,set_associative,16,32768,cout,cout_only,64,0.102310,5
loas,resnet19_T4_all,layer_07_layer1_2_conv2,set_associative,16,65536,cout,cout_only,64,0.457116,5
loas,resnet19_T4_all,layer_07_layer1_2_conv2,set_associative,32,16384,cout,cout_only,64,0.002924,5
loas,resnet19_T4_all,layer_07_layer1_2_conv2,set_associative,32,32768,cout,cout_only,64,0.094307,5
loas,resnet19_T4_all,layer_07_layer1_2_conv2,set_associative,32,65536,cout,cout_only,64,0.564425,5
loas,resnet19_T4_all,layer_07_layer1_2_conv2,fully_associative,0,16384,cout,cout_only,64,0.050142,5
loas,resnet19_T4_all,layer_07_layer1_2_conv2,fully_associative,0,32768,cout,cout_only,64,0.706031,5
loas,resnet19_T4_all,layer_07_layer1_2_conv2,fully_associative,0,65536,cout,cout_only,64,0.966815,5
loas,resnet19_T4_all,layer_08_layer2_0_conv1,set_associative,4,16384,cout,cout_only,16,0.000023,5
loas,resnet19_T4_all,layer_08_layer2_0_conv1,set_associative,4,32768,cout,cout_only,16,0.003351,5
loas,resnet19_T4_all,layer_08_layer2_0_conv1,set_associative,4,65536,cout,cout_only,16,0.032519,5
loas,resnet19_T4_all,layer_08_layer2_0_conv1,set_associative,16,16384,cout,cout_only,16,0.000000,5
loas,resnet19_T4_all,layer_08_layer2_0_conv1,set_associative,16,32768,cout,cout_only,16,0.000013,5
loas,resnet19_T4_all,layer_08_layer2_0_conv1,set_associative,16,65536,cout,cout_only,16,0.020572,5
loas,resnet19_T4_all,layer_08_layer2_0_conv1,set_associative,32,16384,cout,cout_only,16,0.000000,5
loas,resnet19_T4_all,layer_08_layer2_0_conv1,set_associative,32,32768,cout,cout_only,16,0.000000,5
loas,resnet19_T4_all,layer_08_layer2_0_conv1,set_associative,32,65536,cout,cout_only,16,0.006248,5
loas,resnet19_T4_all,layer_08_layer2_0_conv1,fully_associative,0,16384,cout,cout_only,16,0.976125,5
loas,resnet19_T4_all,layer_08_layer2_0_conv1,fully_associative,0,32768,cout,cout_only,16,0.990827,5
loas,resnet19_T4_all,layer_08_layer2_0_conv1,fully_associative,0,65536,cout,cout_only,16,0.990827,5
loas,resnet19_T4_all,layer_08_layer2_0_conv1,set_associative,4,16384,cout,cout_only,32,0.000102,5
loas,resnet19_T4_all,layer_08_layer2_0_conv1,set_associative,4,32768,cout,cout_only,32,0.003539,5
loas,resnet19_T4_all,layer_08_layer2_0_conv1,set_associative,4,65536,cout,cout_only,32,0.032783,5
loas,resnet19_T4_all,layer_08_layer2_0_conv1,set_associative,16,16384,cout,cout_only,32,0.000072,5
loas,resnet19_T4_all,layer_08_layer2_0_conv1,set_associative,16,32768,cout,cout_only,32,0.000194,5
loas,resnet19_T4_all,layer_08_layer2_0_conv1,set_associative,16,65536,cout,cout_only,32,0.020797,5
loas,resnet19_T4_all,layer_08_layer2_0_conv1,set_associative,32,16384,cout,cout_only,32,0.000065,5
loas,resnet19_T4_all,layer_08_layer2_0_conv1,set_associative,32,32768,cout,cout_only,32,0.000180,5
loas,resnet19_T4_all,layer_08_layer2_0_conv1,set_associative,32,65536,cout,cout_only,32,0.006442,5
loas,resnet19_T4_all,layer_08_layer2_0_conv1,fully_associative,0,16384,cout,cout_only,32,0.353162,5
loas,resnet19_T4_all,layer_08_layer2_0_conv1,fully_associative,0,32768,cout,cout_only,32,0.979427,5
loas,resnet19_T4_all,layer_08_layer2_0_conv1,fully_associative,0,65536,cout,cout_only,32,0.995414,5
loas,resnet19_T4_all,layer_08_layer2_0_conv1,set_associative,4,16384,cout,cout_only,64,0.000141,5
loas,resnet19_T4_all,layer_08_layer2_0_conv1,set_associative,4,32768,cout,cout_only,64,0.003632,5
loas,resnet19_T4_all,layer_08_layer2_0_conv1,set_associative,4,65536,cout,cout_only,64,0.032915,5
loas,resnet19_T4_all,layer_08_layer2_0_conv1,set_associative,16,16384,cout,cout_only,64,0.000108,5
loas,resnet19_T4_all,layer_08_layer2_0_conv1,set_associative,16,32768,cout,cout_only,64,0.000284,5
loas,resnet19_T4_all,layer_08_layer2_0_conv1,set_associative,16,65536,cout,cout_only,64,0.020909,5
loas,resnet19_T4_all,layer_08_layer2_0_conv1,set_associative,32,16384,cout,cout_only,64,0.000097,5
loas,resnet19_T4_all,layer_08_layer2_0_conv1,set_associative,32,32768,cout,cout_only,64,0.000269,5
loas,resnet19_T4_all,layer_08_layer2_0_conv1,set_associative,32,65536,cout,cout_only,64,0.006538,5
loas,resnet19_T4_all,layer_08_layer2_0_conv1,fully_associative,0,16384,cout,cout_only,64,0.000342,5
loas,resnet19_T4_all,layer_08_layer2_0_conv1,fully_associative,0,32768,cout,cout_only,64,0.353465,5
loas,resnet19_T4_all,layer_08_layer2_0_conv1,fully_associative,0,65536,cout,cout_only,64,0.981078,5
loas,resnet19_T4_all,layer_09_layer2_0_conv2,set_associative,4,16384,cout,cout_only,16,0.001344,5
loas,resnet19_T4_all,layer_09_layer2_0_conv2,set_associative,4,32768,cout,cout_only,16,0.013930,5
loas,resnet19_T4_all,layer_09_layer2_0_conv2,set_associative,4,65536,cout,cout_only,16,0.071741,5
loas,resnet19_T4_all,layer_09_layer2_0_conv2,set_associative,16,16384,cout,cout_only,16,0.000293,5
loas,resnet19_T4_all,layer_09_layer2_0_conv2,set_associative,16,32768,cout,cout_only,16,0.008249,5
loas,resnet19_T4_all,layer_09_layer2_0_conv2,set_associative,16,65536,cout,cout_only,16,0.104216,5
loas,resnet19_T4_all,layer_09_layer2_0_conv2,set_associative,32,16384,cout,cout_only,16,0.000185,5
loas,resnet19_T4_all,layer_09_layer2_0_conv2,set_associative,32,32768,cout,cout_only,16,0.007715,5
loas,resnet19_T4_all,layer_09_layer2_0_conv2,set_associative,32,65536,cout,cout_only,16,0.103468,5
loas,resnet19_T4_all,layer_09_layer2_0_conv2,fully_associative,0,16384,cout,cout_only,16,0.651220,5
loas,resnet19_T4_all,layer_09_layer2_0_conv2,fully_associative,0,32768,cout,cout_only,16,0.926747,5
loas,resnet19_T4_all,layer_09_layer2_0_conv2,fully_associative,0,65536,cout,cout_only,16,0.942585,5
loas,resnet19_T4_all,layer_09_layer2_0_conv2,set_associative,4,16384,cout,cout_only,32,0.001730,5
loas,resnet19_T4_all,layer_09_layer2_0_conv2,set_associative,4,32768,cout,cout_only,32,0.014395,5
loas,resnet19_T4_all,layer_09_layer2_0_conv2,set_associative,4,65536,cout,cout_only,32,0.072526,5
loas,resnet19_T4_all,layer_09_layer2_0_conv2,set_associative,16,16384,cout,cout_only,32,0.000685,5
loas,resnet19_T4_all,layer_09_layer2_0_conv2,set_associative,16,32768,cout,cout_only,32,0.008671,5
loas,resnet19_T4_all,layer_09_layer2_0_conv2,set_associative,16,65536,cout,cout_only,32,0.105253,5
loas,resnet19_T4_all,layer_09_layer2_0_conv2,set_associative,32,16384,cout,cout_only,32,0.000576,5
loas,resnet19_T4_all,layer_09_layer2_0_conv2,set_associative,32,32768,cout,cout_only,32,0.008115,5
loas,resnet19_T4_all,layer_09_layer2_0_conv2,set_associative,32,65536,cout,cout_only,32,0.104578,5
loas,resnet19_T4_all,layer_09_layer2_0_conv2,fully_associative,0,16384,cout,cout_only,32,0.091445,5
loas,resnet19_T4_all,layer_09_layer2_0_conv2,fully_associative,0,32768,cout,cout_only,32,0.655493,5
loas,resnet19_T4_all,layer_09_layer2_0_conv2,fully_associative,0,65536,cout,cout_only,32,0.947076,5
loas,resnet19_T4_all,layer_09_layer2_0_conv2,set_associative,4,16384,cout,cout_only,64,0.001924,5
loas,resnet19_T4_all,layer_09_layer2_0_conv2,set_associative,4,32768,cout,cout_only,64,0.014628,5
loas,resnet19_T4_all,layer_09_layer2_0_conv2,set_associative,4,65536,cout,cout_only,64,0.072919,5
loas,resnet19_T4_all,layer_09_layer2_0_conv2,set_associative,16,16384,cout,cout_only,64,0.000880,5
loas,resnet19_T4_all,layer_09_layer2_0_conv2,set_associative,16,32768,cout,cout_only,64,0.008882,5
loas,resnet19_T4_all,layer_09_layer2_0_conv2,set_associative,16,65536,cout,cout_only,64,0.105771,5
loas,resnet19_T4_all,layer_09_layer2_0_conv2,set_associative,32,16384,cout,cout_only,64,0.000772,5
loas,resnet19_T4_all,layer_09_layer2_0_conv2,set_associative,32,32768,cout,cout_only,64,0.008315,5
loas,resnet19_T4_all,layer_09_layer2_0_conv2,set_associative,32,65536,cout,cout_only,64,0.105133,5
loas,resnet19_T4_all,layer_09_layer2_0_conv2,fully_associative,0,16384,cout,cout_only,64,0.006936,5
loas,resnet19_T4_all,layer_09_layer2_0_conv2,fully_associative,0,32768,cout,cout_only,64,0.091924,5
loas,resnet19_T4_all,layer_09_layer2_0_conv2,fully_associative,0,65536,cout,cout_only,64,0.657630,5
loas,resnet19_T4_all,layer_10_layer2_0_shortcut_0,set_associative,4,16384,cout,cout_only,16,0.000023,5
loas,resnet19_T4_all,layer_10_layer2_0_shortcut_0,set_associative,4,32768,cout,cout_only,16,0.003351,5
loas,resnet19_T4_all,layer_10_layer2_0_shortcut_0,set_associative,4,65536,cout,cout_only,16,0.032519,5
loas,resnet19_T4_all,layer_10_layer2_0_shortcut_0,set_associative,16,16384,cout,cout_only,16,0.000000,5
loas,resnet19_T4_all,layer_10_layer2_0_shortcut_0,set_associative,16,32768,cout,cout_only,16,0.000013,5
loas,resnet19_T4_all,layer_10_layer2_0_shortcut_0,set_associative,16,65536,cout,cout_only,16,0.020572,5
loas,resnet19_T4_all,layer_10_layer2_0_shortcut_0,set_associative,32,16384,cout,cout_only,16,0.000000,5
loas,resnet19_T4_all,layer_10_layer2_0_shortcut_0,set_associative,32,32768,cout,cout_only,16,0.000000,5
loas,resnet19_T4_all,layer_10_layer2_0_shortcut_0,set_associative,32,65536,cout,cout_only,16,0.006248,5
loas,resnet19_T4_all,layer_10_layer2_0_shortcut_0,fully_associative,0,16384,cout,cout_only,16,0.976125,5
loas,resnet19_T4_all,layer_10_layer2_0_shortcut_0,fully_associative,0,32768,cout,cout_only,16,0.990827,5
loas,resnet19_T4_all,layer_10_layer2_0_shortcut_0,fully_associative,0,65536,cout,cout_only,16,0.990827,5
loas,resnet19_T4_all,layer_10_layer2_0_shortcut_0,set_associative,4,16384,cout,cout_only,32,0.000102,5
loas,resnet19_T4_all,layer_10_layer2_0_shortcut_0,set_associative,4,32768,cout,cout_only,32,0.003539,5
loas,resnet19_T4_all,layer_10_layer2_0_shortcut_0,set_associative,4,65536,cout,cout_only,32,0.032783,5
loas,resnet19_T4_all,layer_10_layer2_0_shortcut_0,set_associative,16,16384,cout,cout_only,32,0.000072,5
loas,resnet19_T4_all,layer_10_layer2_0_shortcut_0,set_associative,16,32768,cout,cout_only,32,0.000194,5
loas,resnet19_T4_all,layer_10_layer2_0_shortcut_0,set_associative,16,65536,cout,cout_only,32,0.020797,5
loas,resnet19_T4_all,layer_10_layer2_0_shortcut_0,set_associative,32,16384,cout,cout_only,32,0.000065,5
loas,resnet19_T4_all,layer_10_layer2_0_shortcut_0,set_associative,32,32768,cout,cout_only,32,0.000180,5
loas,resnet19_T4_all,layer_10_layer2_0_shortcut_0,set_associative,32,65536,cout,cout_only,32,0.006442,5
loas,resnet19_T4_all,layer_10_layer2_0_shortcut_0,fully_associative,0,16384,cout,cout_only,32,0.353162,5
loas,resnet19_T4_all,layer_10_layer2_0_shortcut_0,fully_associative,0,32768,cout,cout_only,32,0.979427,5
loas,resnet19_T4_all,layer_10_layer2_0_shortcut_0,fully_associative,0,65536,cout,cout_only,32,0.995414,5
loas,resnet19_T4_all,layer_10_layer2_0_shortcut_0,set_associative,4,16384,cout,cout_only,64,0.000141,5
loas,resnet19_T4_all,layer_10_layer2_0_shortcut_0,set_associative,4,32768,cout,cout_only,64,0.003632,5
loas,resnet19_T4_all,layer_10_layer2_0_shortcut_0,set_associative,4,65536,cout,cout_only,64,0.032915,5
loas,resnet19_T4_all,layer_10_layer2_0_shortcut_0,set_associative,16,16384,cout,cout_only,64,0.000108,5
loas,resnet19_T4_all,layer_10_layer2_0_shortcut_0,set_associative,16,32768,cout,cout_only,64,0.000284,5
loas,resnet19_T4_all,layer_10_layer2_0_shortcut_0,set_associative,16,65536,cout,cout_only,64,0.020909,5
loas,resnet19_T4_all,layer_10_layer2_0_shortcut_0,set_associative,32,16384,cout,cout_only,64,0.000097,5
loas,resnet19_T4_all,layer_10_layer2_0_shortcut_0,set_associative,32,32768,cout,cout_only,64,0.000269,5
loas,resnet19_T4_all,layer_10_layer2_0_shortcut_0,set_associative,32,65536,cout,cout_only,64,0.006538,5
loas,resnet19_T4_all,layer_10_layer2_0_shortcut_0,fully_associative,0,16384,cout,cout_only,64,0.000342,5
loas,resnet19_T4_all,layer_10_layer2_0_shortcut_0,fully_associative,0,32768,cout,cout_only,64,0.353465,5
loas,resnet19_T4_all,layer_10_layer2_0_shortcut_0,fully_associative,0,65536,cout,cout_only,64,0.981078,5
loas,resnet19_T4_all,layer_11_layer2_1_conv1,set_associative,4,16384,cout,cout_only,16,0.000000,5
loas,resnet19_T4_all,layer_11_layer2_1_conv1,set_associative,4,32768,cout,cout_only,16,0.000000,5
loas,resnet19_T4_all,layer_11_layer2_1_conv1,set_associative,4,65536,cout,cout_only,16,0.000291,5
loas,resnet19_T4_all,layer_11_layer2_1_conv1,set_associative,16,16384,cout,cout_only,16,0.000000,5
loas,resnet19_T4_all,layer_11_layer2_1_conv1,set_associative,16,32768,cout,cout_only,16,0.000000,5
loas,resnet19_T4_all,layer_11_layer2_1_conv1,set_associative,16,65536,cout,cout_only,16,0.000000,5
loas,resnet19_T4_all,layer_11_layer2_1_conv1,set_associative,32,16384,cout,cout_only,16,0.000000,5
loas,resnet19_T4_all,layer_11_layer2_1_conv1,set_associative,32,32768,cout,cout_only,16,0.000000,5
loas,resnet19_T4_all,layer_11_layer2_1_conv1,set_associative,32,65536,cout,cout_only,16,0.000000,5
loas,resnet19_T4_all,layer_11_layer2_1_conv1,fully_associative,0,16384,cout,cout_only,16,0.144187,5
loas,resnet19_T4_all,layer_11_layer2_1_conv1,fully_associative,0,32768,cout,cout_only,16,0.950216,5
loas,resnet19_T4_all,layer_11_layer2_1_conv1,fully_associative,0,65536,cout,cout_only,16,0.970559,5
loas,resnet19_T4_all,layer_11_layer2_1_conv1,set_associative,4,16384,cout,cout_only,32,0.000000,5
loas,resnet19_T4_all,layer_11_layer2_1_conv1,set_associative,4,32768,cout,cout_only,32,0.000057,5
loas,resnet19_T4_all,layer_11_layer2_1_conv1,set_associative,4,65536,cout,cout_only,32,0.001399,5
loas,resnet19_T4_all,layer_11_layer2_1_conv1,set_associative,16,16384,cout,cout_only,32,0.000000,5
loas,resnet19_T4_all,layer_11_layer2_1_conv1,set_associative,16,32768,cout,cout_only,32,0.000000,5
loas,resnet19_T4_all,layer_11_layer2_1_conv1,set_associative,16,65536,cout,cout_only,32,0.001108,5
loas,resnet19_T4_all,layer_11_layer2_1_conv1,set_associative,32,16384,cout,cout_only,32,0.000000,5
loas,resnet19_T4_all,layer_11_layer2_1_conv1,set_associative,32,32768,cout,cout_only,32,0.000000,5
loas,resnet19_T4_all,layer_11_layer2_1_conv1,set_associative,32,65536,cout,cout_only,32,0.001108,5
loas,resnet19_T4_all,layer_11_layer2_1_conv1,fully_associative,0,16384,cout,cout_only,32,0.001461,5
loas,resnet19_T4_all,layer_11_layer2_1_conv1,fully_associative,0,32768,cout,cout_only,32,0.145295,5
loas,resnet19_T4_all,layer_11_layer2_1_conv1,fully_associative,0,65536,cout,cout_only,32,0.961277,5
loas,resnet19_T4_all,layer_11_layer2_1_conv1,set_associative,4,16384,cout,cout_only,64,0.000000,5
loas,resnet19_T4_all,layer_11_layer2_1_conv1,set_associative,4,32768,cout,cout_only,64,0.000085,5
loas,resnet19_T4_all,layer_11_layer2_1_conv1,set_associative,4,65536,cout,cout_only,64,0.001953,5
loas,resnet19_T4_all,layer_11_layer2_1_conv1,set_associative,16,16384,cout,cout_only,64,0.000000,5
loas,resnet19_T4_all,layer_11_layer2_1_conv1,set_associative,16,32768,cout,cout_only,64,0.000000,5
loas,resnet19_T4_all,layer_11_layer2_1_conv1,set_associative,16,65536,cout,cout_only,64,0.001662,5
loas,resnet19_T4_all,layer_11_layer2_1_conv1,set_associative,32,16384,cout,cout_only,64,0.000000,5
loas,resnet19_T4_all,layer_11_layer2_1_conv1,set_associative,32,32768,cout,cout_only,64,0.000000,5
loas,resnet19_T4_all,layer_11_layer2_1_conv1,set_associative,32,65536,cout,cout_only,64,0.001662,5
loas,resnet19_T4_all,layer_11_layer2_1_conv1,fully_associative,0,16384,cout,cout_only,64,0.001662,5
loas,resnet19_T4_all,layer_11_layer2_1_conv1,fully_associative,0,32768,cout,cout_only,64,0.002015,5
loas,resnet19_T4_all,layer_11_layer2_1_conv1,fully_associative,0,65536,cout,cout_only,64,0.145849,5
loas,resnet19_T4_all,layer_12_layer2_1_conv2,set_associative,4,16384,cout,cout_only,16,0.000000,5
loas,resnet19_T4_all,layer_12_layer2_1_conv2,set_associative,4,32768,cout,cout_only,16,0.000000,5
loas,resnet19_T4_all,layer_12_layer2_1_conv2,set_associative,4,65536,cout,cout_only,16,0.000018,5
loas,resnet19_T4_all,layer_12_layer2_1_conv2,set_associative,16,16384,cout,cout_only,16,0.000000,5
loas,resnet19_T4_all,layer_12_layer2_1_conv2,set_associative,16,32768,cout,cout_only,16,0.000000,5
loas,resnet19_T4_all,layer_12_layer2_1_conv2,set_associative,16,65536,cout,cout_only,16,0.000000,5
loas,resnet19_T4_all,layer_12_layer2_1_conv2,set_associative,32,16384,cout,cout_only,16,0.000000,5
loas,resnet19_T4_all,layer_12_layer2_1_conv2,set_associative,32,32768,cout,cout_only,16,0.000000,5
loas,resnet19_T4_all,layer_12_layer2_1_conv2,set_associative,32,65536,cout,cout_only,16,0.000000,5
loas,resnet19_T4_all,layer_12_layer2_1_conv2,fully_associative,0,16384,cout,cout_only,16,0.006277,5
loas,resnet19_T4_all,layer_12_layer2_1_conv2,fully_associative,0,32768,cout,cout_only,16,0.867354,5
loas,resnet19_T4_all,layer_12_layer2_1_conv2,fully_associative,0,65536,cout,cout_only,16,0.977229,5
loas,resnet19_T4_all,layer_12_layer2_1_conv2,set_associative,4,16384,cout,cout_only,32,0.000000,5
loas,resnet19_T4_all,layer_12_layer2_1_conv2,set_associative,4,32768,cout,cout_only,32,0.000011,5
loas,resnet19_T4_all,layer_12_layer2_1_conv2,set_associative,4,65536,cout,cout_only,32,0.001027,5
loas,resnet19_T4_all,layer_12_layer2_1_conv2,set_associative,16,16384,cout,cout_only,32,0.000000,5
loas,resnet19_T4_all,layer_12_layer2_1_conv2,set_associative,16,32768,cout,cout_only,32,0.000000,5
loas,resnet19_T4_all,layer_12_layer2_1_conv2,set_associative,16,65536,cout,cout_only,32,0.001009,5
loas,resnet19_T4_all,layer_12_layer2_1_conv2,set_associative,32,16384,cout,cout_only,32,0.000000,5
loas,resnet19_T4_all,layer_12_layer2_1_conv2,set_associative,32,32768,cout,cout_only,32,0.000000,5
loas,resnet19_T4_all,layer_12_layer2_1_conv2,set_associative,32,65536,cout,cout_only,32,0.001009,5
loas,resnet19_T4_all,layer_12_layer2_1_conv2,fully_associative,0,16384,cout,cout_only,32,0.001009,5
loas,resnet19_T4_all,layer_12_layer2_1_conv2,fully_associative,0,32768,cout,cout_only,32,0.007285,5
loas,resnet19_T4_all,layer_12_layer2_1_conv2,fully_associative,0,65536,cout,cout_only,32,0.873032,5
loas,resnet19_T4_all,layer_12_layer2_1_conv2,set_associative,4,16384,cout,cout_only,64,0.000000,5
loas,resnet19_T4_all,layer_12_layer2_1_conv2,set_associative,4,32768,cout,cout_only,64,0.000016,5
loas,resnet19_T4_all,layer_12_layer2_1_conv2,set_associative,4,65536,cout,cout_only,64,0.001531,5
loas,resnet19_T4_all,layer_12_layer2_1_conv2,set_associative,16,16384,cout,cout_only,64,0.000000,5
loas,resnet19_T4_all,layer_12_layer2_1_conv2,set_associative,16,32768,cout,cout_only,64,0.000000,5
loas,resnet19_T4_all,layer_12_layer2_1_conv2,set_associative,16,65536,cout,cout_only,64,0.001513,5
loas,resnet19_T4_all,layer_12_layer2_1_conv2,set_associative,32,16384,cout,cout_only,64,0.000000,5
loas,resnet19_T4_all,layer_12_layer2_1_conv2,set_associative,32,32768,cout,cout_only,64,0.000000,5
loas,resnet19_T4_all,layer_12_layer2_1_conv2,set_associative,32,65536,cout,cout_only,64,0.001513,5
loas,resnet19_T4_all,layer_12_layer2_1_conv2,fully_associative,0,16384,cout,cout_only,64,0.001513,5
loas,resnet19_T4_all,layer_12_layer2_1_conv2,fully_associative,0,32768,cout,cout_only,64,0.001513,5
loas,resnet19_T4_all,layer_12_layer2_1_conv2,fully_associative,0,65536,cout,cout_only,64,0.007789,5
loas,resnet19_T4_all,layer_13_layer2_2_conv1,set_associative,4,16384,cout,cout_only,16,0.000000,5
loas,resnet19_T4_all,layer_13_layer2_2_conv1,set_associative,4,32768,cout,cout_only,16,0.000000,5
loas,resnet19_T4_all,layer_13_layer2_2_conv1,set_associative,4,65536,cout,cout_only,16,0.000009,5
loas,resnet19_T4_all,layer_13_layer2_2_conv1,set_associative,16,16384,cout,cout_only,16,0.000000,5
loas,resnet19_T4_all,layer_13_layer2_2_conv1,set_associative,16,32768,cout,cout_only,16,0.000000,5
loas,resnet19_T4_all,layer_13_layer2_2_conv1,set_associative,16,65536,cout,cout_only,16,0.000000,5
loas,resnet19_T4_all,layer_13_layer2_2_conv1,set_associative,32,16384,cout,cout_only,16,0.000000,5
loas,resnet19_T4_all,layer_13_layer2_2_conv1,set_associative,32,32768,cout,cout_only,16,0.000000,5
loas,resnet19_T4_all,layer_13_layer2_2_conv1,set_associative,32,65536,cout,cout_only,16,0.000000,5
loas,resnet19_T4_all,layer_13_layer2_2_conv1,fully_associative,0,16384,cout,cout_only,16,0.005877,5
loas,resnet19_T4_all,layer_13_layer2_2_conv1,fully_associative,0,32768,cout,cout_only,16,0.424368,5
loas,resnet19_T4_all,layer_13_layer2_2_conv1,fully_associative,0,65536,cout,cout_only,16,0.979539,5
loas,resnet19_T4_all,layer_13_layer2_2_conv1,set_associative,4,16384,cout,cout_only,32,0.000000,5
loas,resnet19_T4_all,layer_13_layer2_2_conv1,set_associative,4,32768,cout,cout_only,32,0.000017,5
loas,resnet19_T4_all,layer_13_layer2_2_conv1,set_associative,4,65536,cout,cout_only,32,0.000890,5
loas,resnet19_T4_all,layer_13_layer2_2_conv1,set_associative,16,16384,cout,cout_only,32,0.000000,5
loas,resnet19_T4_all,layer_13_layer2_2_conv1,set_associative,16,32768,cout,cout_only,32,0.000000,5
loas,resnet19_T4_all,layer_13_layer2_2_conv1,set_associative,16,65536,cout,cout_only,32,0.000882,5
loas,resnet19_T4_all,layer_13_layer2_2_conv1,set_associative,32,16384,cout,cout_only,32,0.000000,5
loas,resnet19_T4_all,layer_13_layer2_2_conv1,set_associative,32,32768,cout,cout_only,32,0.000000,5
loas,resnet19_T4_all,layer_13_layer2_2_conv1,set_associative,32,65536,cout,cout_only,32,0.000882,5
loas,resnet19_T4_all,layer_13_layer2_2_conv1,fully_associative,0,16384,cout,cout_only,32,0.000882,5
loas,resnet19_T4_all,layer_13_layer2_2_conv1,fully_associative,0,32768,cout,cout_only,32,0.006759,5
loas,resnet19_T4_all,layer_13_layer2_2_conv1,fully_associative,0,65536,cout,cout_only,32,0.429024,5
loas,resnet19_T4_all,layer_13_layer2_2_conv1,set_associative,4,16384,cout,cout_only,64,0.000000,5
loas,resnet19_T4_all,layer_13_layer2_2_conv1,set_associative,4,32768,cout,cout_only,64,0.000025,5
loas,resnet19_T4_all,layer_13_layer2_2_conv1,set_associative,4,65536,cout,cout_only,64,0.001331,5
loas,resnet19_T4_all,layer_13_layer2_2_conv1,set_associative,16,16384,cout,cout_only,64,0.000000,5
loas,resnet19_T4_all,layer_13_layer2_2_conv1,set_associative,16,32768,cout,cout_only,64,0.000000,5
loas,resnet19_T4_all,layer_13_layer2_2_conv1,set_associative,16,65536,cout,cout_only,64,0.001322,5
loas,resnet19_T4_all,layer_13_layer2_2_conv1,set_associative,32,16384,cout,cout_only,64,0.000000,5
loas,resnet19_T4_all,layer_13_layer2_2_conv1,set_associative,32,32768,cout,cout_only,64,0.000000,5
loas,resnet19_T4_all,layer_13_layer2_2_conv1,set_associative,32,65536,cout,cout_only,64,0.001322,5
loas,resnet19_T4_all,layer_13_layer2_2_conv1,fully_associative,0,16384,cout,cout_only,64,0.001322,5
loas,resnet19_T4_all,layer_13_layer2_2_conv1,fully_associative,0,32768,cout,cout_only,64,0.001322,5
loas,resnet19_T4_all,layer_13_layer2_2_conv1,fully_associative,0,65536,cout,cout_only,64,0.007200,5
loas,resnet19_T4_all,layer_14_layer2_2_conv2,set_associative,4,16384,cout,cout_only,16,0.000000,5
loas,resnet19_T4_all,layer_14_layer2_2_conv2,set_associative,4,32768,cout,cout_only,16,0.000000,5
loas,resnet19_T4_all,layer_14_layer2_2_conv2,set_associative,4,65536,cout,cout_only,16,0.000000,5
loas,resnet19_T4_all,layer_14_layer2_2_conv2,set_associative,16,16384,cout,cout_only,16,0.000000,5
loas,resnet19_T4_all,layer_14_layer2_2_conv2,set_associative,16,32768,cout,cout_only,16,0.000000,5
loas,resnet19_T4_all,layer_14_layer2_2_conv2,set_associative,16,65536,cout,cout_only,16,0.000000,5
loas,resnet19_T4_all,layer_14_layer2_2_conv2,set_associative,32,16384,cout,cout_only,16,0.000000,5
loas,resnet19_T4_all,layer_14_layer2_2_conv2,set_associative,32,32768,cout,cout_only,16,0.000000,5
loas,resnet19_T4_all,layer_14_layer2_2_conv2,set_associative,32,65536,cout,cout_only,16,0.000000,5
loas,resnet19_T4_all,layer_14_layer2_2_conv2,fully_associative,0,16384,cout,cout_only,16,0.006240,5
loas,resnet19_T4_all,layer_14_layer2_2_conv2,fully_associative,0,32768,cout,cout_only,16,0.324187,5
loas,resnet19_T4_all,layer_14_layer2_2_conv2,fully_associative,0,65536,cout,cout_only,16,0.980580,5
loas,resnet19_T4_all,layer_14_layer2_2_conv2,set_associative,4,16384,cout,cout_only,32,0.000000,5
loas,resnet19_T4_all,layer_14_layer2_2_conv2,set_associative,4,32768,cout,cout_only,32,0.000000,5
loas,resnet19_T4_all,layer_14_layer2_2_conv2,set_associative,4,65536,cout,cout_only,32,0.000996,5
loas,resnet19_T4_all,layer_14_layer2_2_conv2,set_associative,16,16384,cout,cout_only,32,0.000000,5
loas,resnet19_T4_all,layer_14_layer2_2_conv2,set_associative,16,32768,cout,cout_only,32,0.000000,5
loas,resnet19_T4_all,layer_14_layer2_2_conv2,set_associative,16,65536,cout,cout_only,32,0.000996,5
loas,resnet19_T4_all,layer_14_layer2_2_conv2,set_associative,32,16384,cout,cout_only,32,0.000000,5
loas,resnet19_T4_all,layer_14_layer2_2_conv2,set_associative,32,32768,cout,cout_only,32,0.000000,5
loas,resnet19_T4_all,layer_14_layer2_2_conv2,set_associative,32,65536,cout,cout_only,32,0.000996,5
loas,resnet19_T4_all,layer_14_layer2_2_conv2,fully_associative,0,16384,cout,cout_only,32,0.000996,5
loas,resnet19_T4_all,layer_14_layer2_2_conv2,fully_associative,0,32768,cout,cout_only,32,0.007237,5
loas,resnet19_T4_all,layer_14_layer2_2_conv2,fully_associative,0,65536,cout,cout_only,32,0.329321,5
loas,resnet19_T4_all,layer_14_layer2_2_conv2,set_associative,4,16384,cout,cout_only,64,0.000000,5
loas,resnet19_T4_all,layer_14_layer2_2_conv2,set_associative,4,32768,cout,cout_only,64,0.000000,5
loas,resnet19_T4_all,layer_14_layer2_2_conv2,set_associative,4,65536,cout,cout_only,64,0.001495,5
loas,resnet19_T4_all,layer_14_layer2_2_conv2,set_associative,16,16384,cout,cout_only,64,0.000000,5
loas,resnet19_T4_all,layer_14_layer2_2_conv2,set_associative,16,32768,cout,cout_only,64,0.000000,5
loas,resnet19_T4_all,layer_14_layer2_2_conv2,set_associative,16,65536,cout,cout_only,64,0.001495,5
loas,resnet19_T4_all,layer_14_layer2_2_conv2,set_associative,32,16384,cout,cout_only,64,0.000000,5
loas,resnet19_T4_all,layer_14_layer2_2_conv2,set_associative,32,32768,cout,cout_only,64,0.000000,5
loas,resnet19_T4_all,layer_14_layer2_2_conv2,set_associative,32,65536,cout,cout_only,64,0.001495,5
loas,resnet19_T4_all,layer_14_layer2_2_conv2,fully_associative,0,16384,cout,cout_only,64,0.001495,5
loas,resnet19_T4_all,layer_14_layer2_2_conv2,fully_associative,0,32768,cout,cout_only,64,0.001495,5
loas,resnet19_T4_all,layer_14_layer2_2_conv2,fully_associative,0,65536,cout,cout_only,64,0.007735,5
loas,resnet19_T4_all,layer_15_layer3_0_conv1,set_associative,4,16384,cout,cout_only,16,0.000000,5
loas,resnet19_T4_all,layer_15_layer3_0_conv1,set_associative,4,32768,cout,cout_only,16,0.000000,5
loas,resnet19_T4_all,layer_15_layer3_0_conv1,set_associative,4,65536,cout,cout_only,16,0.000000,5
loas,resnet19_T4_all,layer_15_layer3_0_conv1,set_associative,16,16384,cout,cout_only,16,0.000000,5
loas,resnet19_T4_all,layer_15_layer3_0_conv1,set_associative,16,32768,cout,cout_only,16,0.000000,5
loas,resnet19_T4_all,layer_15_layer3_0_conv1,set_associative,16,65536,cout,cout_only,16,0.000000,5
loas,resnet19_T4_all,layer_15_layer3_0_conv1,set_associative,32,16384,cout,cout_only,16,0.000000,5
loas,resnet19_T4_all,layer_15_layer3_0_conv1,set_associative,32,32768,cout,cout_only,16,0.000000,5
loas,resnet19_T4_all,layer_15_layer3_0_conv1,set_associative,32,65536,cout,cout_only,16,0.000000,5
loas,resnet19_T4_all,layer_15_layer3_0_conv1,fully_associative,0,16384,cout,cout_only,16,0.016900,5
loas,resnet19_T4_all,layer_15_layer3_0_conv1,fully_associative,0,32768,cout,cout_only,16,0.579177,5
loas,resnet19_T4_all,layer_15_layer3_0_conv1,fully_associative,0,65536,cout,cout_only,16,0.979245,5
loas,resnet19_T4_all,layer_15_layer3_0_conv1,set_associative,4,16384,cout,cout_only,32,0.000000,5
loas,resnet19_T4_all,layer_15_layer3_0_conv1,set_associative,4,32768,cout,cout_only,32,0.000000,5
loas,resnet19_T4_all,layer_15_layer3_0_conv1,set_associative,4,65536,cout,cout_only,32,0.000037,5
loas,resnet19_T4_all,layer_15_layer3_0_conv1,set_associative,16,16384,cout,cout_only,32,0.000000,5
loas,resnet19_T4_all,layer_15_layer3_0_conv1,set_associative,16,32768,cout,cout_only,32,0.000000,5
loas,resnet19_T4_all,layer_15_layer3_0_conv1,set_associative,16,65536,cout,cout_only,32,0.000000,5
loas,resnet19_T4_all,layer_15_layer3_0_conv1,set_associative,32,16384,cout,cout_only,32,0.000000,5
loas,resnet19_T4_all,layer_15_layer3_0_conv1,set_associative,32,32768,cout,cout_only,32,0.000000,5
loas,resnet19_T4_all,layer_15_layer3_0_conv1,set_associative,32,65536,cout,cout_only,32,0.000000,5
loas,resnet19_T4_all,layer_15_layer3_0_conv1,fully_associative,0,16384,cout,cout_only,32,0.000833,5
loas,resnet19_T4_all,layer_15_layer3_0_conv1,fully_associative,0,32768,cout,cout_only,32,0.017733,5
loas,resnet19_T4_all,layer_15_layer3_0_conv1,fully_associative,0,65536,cout,cout_only,32,0.583822,5
loas,resnet19_T4_all,layer_15_layer3_0_conv1,set_associative,4,16384,cout,cout_only,64,0.000000,5
loas,resnet19_T4_all,layer_15_layer3_0_conv1,set_associative,4,32768,cout,cout_only,64,0.000000,5
loas,resnet19_T4_all,layer_15_layer3_0_conv1,set_associative,4,65536,cout,cout_only,64,0.000056,5
loas,resnet19_T4_all,layer_15_layer3_0_conv1,set_associative,16,16384,cout,cout_only,64,0.000000,5
loas,resnet19_T4_all,layer_15_layer3_0_conv1,set_associative,16,32768,cout,cout_only,64,0.000000,5
loas,resnet19_T4_all,layer_15_layer3_0_conv1,set_associative,16,65536,cout,cout_only,64,0.000000,5
loas,resnet19_T4_all,layer_15_layer3_0_conv1,set_associative,32,16384,cout,cout_only,64,0.000000,5
loas,resnet19_T4_all,layer_15_layer3_0_conv1,set_associative,32,32768,cout,cout_only,64,0.000000,5
loas,resnet19_T4_all,layer_15_layer3_0_conv1,set_associative,32,65536,cout,cout_only,64,0.000000,5
loas,resnet19_T4_all,layer_15_layer3_0_conv1,fully_associative,0,16384,cout,cout_only,64,0.001249,5
loas,resnet19_T4_all,layer_15_layer3_0_conv1,fully_associative,0,32768,cout,cout_only,64,0.001249,5
loas,resnet19_T4_all,layer_15_layer3_0_conv1,fully_associative,0,65536,cout,cout_only,64,0.018149,5
loas,resnet19_T4_all,layer_16_layer3_0_conv2,set_associative,4,16384,cout,cout_only,16,0.000000,5
loas,resnet19_T4_all,layer_16_layer3_0_conv2,set_associative,4,32768,cout,cout_only,16,0.000000,5
loas,resnet19_T4_all,layer_16_layer3_0_conv2,set_associative,4,65536,cout,cout_only,16,0.000000,5
loas,resnet19_T4_all,layer_16_layer3_0_conv2,set_associative,16,16384,cout,cout_only,16,0.000000,5
loas,resnet19_T4_all,layer_16_layer3_0_conv2,set_associative,16,32768,cout,cout_only,16,0.000000,5
loas,resnet19_T4_all,layer_16_layer3_0_conv2,set_associative,16,65536,cout,cout_only,16,0.000000,5
loas,resnet19_T4_all,layer_16_layer3_0_conv2,set_associative,32,16384,cout,cout_only,16,0.000000,5
loas,resnet19_T4_all,layer_16_layer3_0_conv2,set_associative,32,32768,cout,cout_only,16,0.000000,5
loas,resnet19_T4_all,layer_16_layer3_0_conv2,set_associative,32,65536,cout,cout_only,16,0.000000,5
loas,resnet19_T4_all,layer_16_layer3_0_conv2,fully_associative,0,16384,cout,cout_only,16,0.000000,5
loas,resnet19_T4_all,layer_16_layer3_0_conv2,fully_associative,0,32768,cout,cout_only,16,0.390587,5
loas,resnet19_T4_all,layer_16_layer3_0_conv2,fully_associative,0,65536,cout,cout_only,16,0.867588,5
loas,resnet19_T4_all,layer_16_layer3_0_conv2,set_associative,4,16384,cout,cout_only,32,0.000000,5
loas,resnet19_T4_all,layer_16_layer3_0_conv2,set_associative,4,32768,cout,cout_only,32,0.000036,5
loas,resnet19_T4_all,layer_16_layer3_0_conv2,set_associative,4,65536,cout,cout_only,32,0.001199,5
loas,resnet19_T4_all,layer_16_layer3_0_conv2,set_associative,16,16384,cout,cout_only,32,0.000000,5
loas,resnet19_T4_all,layer_16_layer3_0_conv2,set_associative,16,32768,cout,cout_only,32,0.000000,5
loas,resnet19_T4_all,layer_16_layer3_0_conv2,set_associative,16,65536,cout,cout_only,32,0.001143,5
loas,resnet19_T4_all,layer_16_layer3_0_conv2,set_associative,32,16384,cout,cout_only,32,0.000000,5
loas,resnet19_T4_all,layer_16_layer3_0_conv2,set_associative,32,32768,cout,cout_only,32,0.000000,5
loas,resnet19_T4_all,layer_16_layer3_0_conv2,set_associative,32,65536,cout,cout_only,32,0.001123,5
loas,resnet19_T4_all,layer_16_layer3_0_conv2,fully_associative,0,16384,cout,cout_only,32,0.002319,5
loas,resnet19_T4_all,layer_16_layer3_0_conv2,fully_associative,0,32768,cout,cout_only,32,0.002319,5
loas,resnet19_T4_all,layer_16_layer3_0_conv2,fully_associative,0,65536,cout,cout_only,32,0.400428,5
loas,resnet19_T4_all,layer_16_layer3_0_conv2,set_associative,4,16384,cout,cout_only,64,0.000000,5
loas,resnet19_T4_all,layer_16_layer3_0_conv2,set_associative,4,32768,cout,cout_only,64,0.000054,5
loas,resnet19_T4_all,layer_16_layer3_0_conv2,set_associative,4,65536,cout,cout_only,64,0.001798,5
loas,resnet19_T4_all,layer_16_layer3_0_conv2,set_associative,16,16384,cout,cout_only,64,0.000000,5
loas,resnet19_T4_all,layer_16_layer3_0_conv2,set_associative,16,32768,cout,cout_only,64,0.000000,5
loas,resnet19_T4_all,layer_16_layer3_0_conv2,set_associative,16,65536,cout,cout_only,64,0.001715,5
loas,resnet19_T4_all,layer_16_layer3_0_conv2,set_associative,32,16384,cout,cout_only,64,0.000000,5
loas,resnet19_T4_all,layer_16_layer3_0_conv2,set_associative,32,32768,cout,cout_only,64,0.000000,5
loas,resnet19_T4_all,layer_16_layer3_0_conv2,set_associative,32,65536,cout,cout_only,64,0.001684,5
loas,resnet19_T4_all,layer_16_layer3_0_conv2,fully_associative,0,16384,cout,cout_only,64,0.001738,5
loas,resnet19_T4_all,layer_16_layer3_0_conv2,fully_associative,0,32768,cout,cout_only,64,0.003479,5
loas,resnet19_T4_all,layer_16_layer3_0_conv2,fully_associative,0,65536,cout,cout_only,64,0.003479,5
loas,resnet19_T4_all,layer_17_layer3_0_shortcut_0,set_associative,4,16384,cout,cout_only,16,0.000000,5
loas,resnet19_T4_all,layer_17_layer3_0_shortcut_0,set_associative,4,32768,cout,cout_only,16,0.000000,5
loas,resnet19_T4_all,layer_17_layer3_0_shortcut_0,set_associative,4,65536,cout,cout_only,16,0.000000,5
loas,resnet19_T4_all,layer_17_layer3_0_shortcut_0,set_associative,16,16384,cout,cout_only,16,0.000000,5
loas,resnet19_T4_all,layer_17_layer3_0_shortcut_0,set_associative,16,32768,cout,cout_only,16,0.000000,5
loas,resnet19_T4_all,layer_17_layer3_0_shortcut_0,set_associative,16,65536,cout,cout_only,16,0.000000,5
loas,resnet19_T4_all,layer_17_layer3_0_shortcut_0,set_associative,32,16384,cout,cout_only,16,0.000000,5
loas,resnet19_T4_all,layer_17_layer3_0_shortcut_0,set_associative,32,32768,cout,cout_only,16,0.000000,5
loas,resnet19_T4_all,layer_17_layer3_0_shortcut_0,set_associative,32,65536,cout,cout_only,16,0.000000,5
loas,resnet19_T4_all,layer_17_layer3_0_shortcut_0,fully_associative,0,16384,cout,cout_only,16,0.016900,5
loas,resnet19_T4_all,layer_17_layer3_0_shortcut_0,fully_associative,0,32768,cout,cout_only,16,0.579177,5
loas,resnet19_T4_all,layer_17_layer3_0_shortcut_0,fully_associative,0,65536,cout,cout_only,16,0.979245,5
loas,resnet19_T4_all,layer_17_layer3_0_shortcut_0,set_associative,4,16384,cout,cout_only,32,0.000000,5
loas,resnet19_T4_all,layer_17_layer3_0_shortcut_0,set_associative,4,32768,cout,cout_only,32,0.000000,5
loas,resnet19_T4_all,layer_17_layer3_0_shortcut_0,set_associative,4,65536,cout,cout_only,32,0.000037,5
loas,resnet19_T4_all,layer_17_layer3_0_shortcut_0,set_associative,16,16384,cout,cout_only,32,0.000000,5
loas,resnet19_T4_all,layer_17_layer3_0_shortcut_0,set_associative,16,32768,cout,cout_only,32,0.000000,5
loas,resnet19_T4_all,layer_17_layer3_0_shortcut_0,set_associative,16,65536,cout,cout_only,32,0.000000,5
loas,resnet19_T4_all,layer_17_layer3_0_shortcut_0,set_associative,32,16384,cout,cout_only,32,0.000000,5
loas,resnet19_T4_all,layer_17_layer3_0_shortcut_0,set_associative,32,32768,cout,cout_only,32,0.000000,5
loas,resnet19_T4_all,layer_17_layer3_0_shortcut_0,set_associative,32,65536,cout,cout_only,32,0.000000,5
loas,resnet19_T4_all,layer_17_layer3_0_shortcut_0,fully_associative,0,16384,cout,cout_only,32,0.000833,5
loas,resnet19_T4_all,layer_17_layer3_0_shortcut_0,fully_associative,0,32768,cout,cout_only,32,0.017733,5
loas,resnet19_T4_all,layer_17_layer3_0_shortcut_0,fully_associative,0,65536,cout,cout_only,32,0.583822,5
loas,resnet19_T4_all,layer_17_layer3_0_shortcut_0,set_associative,4,16384,cout,cout_only,64,0.000000,5
loas,resnet19_T4_all,layer_17_layer3_0_shortcut_0,set_associative,4,32768,cout,cout_only,64,0.000000,5
loas,resnet19_T4_all,layer_17_layer3_0_shortcut_0,set_associative,4,65536,cout,cout_only,64,0.000056,5
loas,resnet19_T4_all,layer_17_layer3_0_shortcut_0,set_associative,16,16384,cout,cout_only,64,0.000000,5
loas,resnet19_T4_all,layer_17_layer3_0_shortcut_0,set_associative,16,32768,cout,cout_only,64,0.000000,5
loas,resnet19_T4_all,layer_17_layer3_0_shortcut_0,set_associative,16,65536,cout,cout_only,64,0.000000,5
loas,resnet19_T4_all,layer_17_layer3_0_shortcut_0,set_associative,32,16384,cout,cout_only,64,0.000000,5
loas,resnet19_T4_all,layer_17_layer3_0_shortcut_0,set_associative,32,32768,cout,cout_only,64,0.000000,5
loas,resnet19_T4_all,layer_17_layer3_0_shortcut_0,set_associative,32,65536,cout,cout_only,64,0.000000,5
loas,resnet19_T4_all,layer_17_layer3_0_shortcut_0,fully_associative,0,16384,cout,cout_only,64,0.001249,5
loas,resnet19_T4_all,layer_17_layer3_0_shortcut_0,fully_associative,0,32768,cout,cout_only,64,0.001249,5
loas,resnet19_T4_all,layer_17_layer3_0_shortcut_0,fully_associative,0,65536,cout,cout_only,64,0.018149,5
loas,resnet19_T4_all,layer_18_layer3_1_conv1,set_associative,4,16384,cout,cout_only,16,0.000000,5
loas,resnet19_T4_all,layer_18_layer3_1_conv1,set_associative,4,32768,cout,cout_only,16,0.000000,5
loas,resnet19_T4_all,layer_18_layer3_1_conv1,set_associative,4,65536,cout,cout_only,16,0.000000,5
loas,resnet19_T4_all,layer_18_layer3_1_conv1,set_associative,16,16384,cout,cout_only,16,0.000000,5
loas,resnet19_T4_all,layer_18_layer3_1_conv1,set_associative,16,32768,cout,cout_only,16,0.000000,5
loas,resnet19_T4_all,layer_18_layer3_1_conv1,set_associative,16,65536,cout,cout_only,16,0.000000,5
loas,resnet19_T4_all,layer_18_layer3_1_conv1,set_associative,32,16384,cout,cout_only,16,0.000000,5
loas,resnet19_T4_all,layer_18_layer3_1_conv1,set_associative,32,32768,cout,cout_only,16,0.000000,5
loas,resnet19_T4_all,layer_18_layer3_1_conv1,set_associative,32,65536,cout,cout_only,16,0.000000,5
loas,resnet19_T4_all,layer_18_layer3_1_conv1,fully_associative,0,16384,cout,cout_only,16,0.021411,5
loas,resnet19_T4_all,layer_18_layer3_1_conv1,fully_associative,0,32768,cout,cout_only,16,0.521028,5
loas,resnet19_T4_all,layer_18_layer3_1_conv1,fully_associative,0,65536,cout,cout_only,16,0.866796,5
loas,resnet19_T4_all,layer_18_layer3_1_conv1,set_associative,4,16384,cout,cout_only,32,0.000000,5
loas,resnet19_T4_all,layer_18_layer3_1_conv1,set_associative,4,32768,cout,cout_only,32,0.000000,5
loas,resnet19_T4_all,layer_18_layer3_1_conv1,set_associative,4,65536,cout,cout_only,32,0.000113,5
loas,resnet19_T4_all,layer_18_layer3_1_conv1,set_associative,16,16384,cout,cout_only,32,0.000000,5
loas,resnet19_T4_all,layer_18_layer3_1_conv1,set_associative,16,32768,cout,cout_only,32,0.000000,5
loas,resnet19_T4_all,layer_18_layer3_1_conv1,set_associative,16,65536,cout,cout_only,32,0.000000,5
loas,resnet19_T4_all,layer_18_layer3_1_conv1,set_associative,32,16384,cout,cout_only,32,0.000000,5
loas,resnet19_T4_all,layer_18_layer3_1_conv1,set_associative,32,32768,cout,cout_only,32,0.000000,5
loas,resnet19_T4_all,layer_18_layer3_1_conv1,set_associative,32,65536,cout,cout_only,32,0.000000,5
loas,resnet19_T4_all,layer_18_layer3_1_conv1,fully_associative,0,16384,cout,cout_only,32,0.003328,5
loas,resnet19_T4_all,layer_18_layer3_1_conv1,fully_associative,0,32768,cout,cout_only,32,0.024739,5
loas,resnet19_T4_all,layer_18_layer3_1_conv1,fully_associative,0,65536,cout,cout_only,32,0.539483,5
loas,resnet19_T4_all,layer_18_layer3_1_conv1,set_associative,4,16384,cout,cout_only,64,0.000000,5
loas,resnet19_T4_all,layer_18_layer3_1_conv1,set_associative,4,32768,cout,cout_only,64,0.000000,5
loas,resnet19_T4_all,layer_18_layer3_1_conv1,set_associative,4,65536,cout,cout_only,64,0.000170,5
loas,resnet19_T4_all,layer_18_layer3_1_conv1,set_associative,16,16384,cout,cout_only,64,0.000000,5
loas,resnet19_T4_all,layer_18_layer3_1_conv1,set_associative,16,32768,cout,cout_only,64,0.000000,5
loas,resnet19_T4_all,layer_18_layer3_1_conv1,set_associative,16,65536,cout,cout_only,64,0.000000,5
loas,resnet19_T4_all,layer_18_layer3_1_conv1,set_associative,32,16384,cout,cout_only,64,0.000000,5
loas,resnet19_T4_all,layer_18_layer3_1_conv1,set_associative,32,32768,cout,cout_only,64,0.000000,5
loas,resnet19_T4_all,layer_18_layer3_1_conv1,set_associative,32,65536,cout,cout_only,64,0.000000,5
loas,resnet19_T4_all,layer_18_layer3_1_conv1,fully_associative,0,16384,cout,cout_only,64,0.004755,5
loas,resnet19_T4_all,layer_18_layer3_1_conv1,fully_associative,0,32768,cout,cout_only,64,0.004992,5
loas,resnet19_T4_all,layer_18_layer3_1_conv1,fully_associative,0,65536,cout,cout_only,64,0.026403,5
loas,resnet19_T4_all,layer_19_layer3_1_conv2,set_associative,4,16384,cout,cout_only,16,0.000000,5
loas,resnet19_T4_all,layer_19_layer3_1_conv2,set_associative,4,32768,cout,cout_only,16,0.000000,5
loas,resnet19_T4_all,layer_19_layer3_1_conv2,set_associative,4,65536,cout,cout_only,16,0.000000,5
loas,resnet19_T4_all,layer_19_layer3_1_conv2,set_associative,16,16384,cout,cout_only,16,0.000000,5
loas,resnet19_T4_all,layer_19_layer3_1_conv2,set_associative,16,32768,cout,cout_only,16,0.000000,5
loas,resnet19_T4_all,layer_19_layer3_1_conv2,set_associative,16,65536,cout,cout_only,16,0.000000,5
loas,resnet19_T4_all,layer_19_layer3_1_conv2,set_associative,32,16384,cout,cout_only,16,0.000000,5
loas,resnet19_T4_all,layer_19_layer3_1_conv2,set_associative,32,32768,cout,cout_only,16,0.000000,5
loas,resnet19_T4_all,layer_19_layer3_1_conv2,set_associative,32,65536,cout,cout_only,16,0.000000,5
loas,resnet19_T4_all,layer_19_layer3_1_conv2,fully_associative,0,16384,cout,cout_only,16,0.000000,5
loas,resnet19_T4_all,layer_19_layer3_1_conv2,fully_associative,0,32768,cout,cout_only,16,0.056305,5
loas,resnet19_T4_all,layer_19_layer3_1_conv2,fully_associative,0,65536,cout,cout_only,16,0.883873,5
loas,resnet19_T4_all,layer_19_layer3_1_conv2,set_associative,4,16384,cout,cout_only,32,0.000000,5
loas,resnet19_T4_all,layer_19_layer3_1_conv2,set_associative,4,32768,cout,cout_only,32,0.000000,5
loas,resnet19_T4_all,layer_19_layer3_1_conv2,set_associative,4,65536,cout,cout_only,32,0.000000,5
loas,resnet19_T4_all,layer_19_layer3_1_conv2,set_associative,16,16384,cout,cout_only,32,0.000000,5
loas,resnet19_T4_all,layer_19_layer3_1_conv2,set_associative,16,32768,cout,cout_only,32,0.000000,5
loas,resnet19_T4_all,layer_19_layer3_1_conv2,set_associative,16,65536,cout,cout_only,32,0.000000,5
loas,resnet19_T4_all,layer_19_layer3_1_conv2,set_associative,32,16384,cout,cout_only,32,0.000000,5
loas,resnet19_T4_all,layer_19_layer3_1_conv2,set_associative,32,32768,cout,cout_only,32,0.000000,5
loas,resnet19_T4_all,layer_19_layer3_1_conv2,set_associative,32,65536,cout,cout_only,32,0.000000,5
loas,resnet19_T4_all,layer_19_layer3_1_conv2,fully_associative,0,16384,cout,cout_only,32,0.004335,5
loas,resnet19_T4_all,layer_19_layer3_1_conv2,fully_associative,0,32768,cout,cout_only,32,0.004335,5
loas,resnet19_T4_all,layer_19_layer3_1_conv2,fully_associative,0,65536,cout,cout_only,32,0.062414,5
loas,resnet19_T4_all,layer_19_layer3_1_conv2,set_associative,4,16384,cout,cout_only,64,0.000000,5
loas,resnet19_T4_all,layer_19_layer3_1_conv2,set_associative,4,32768,cout,cout_only,64,0.000000,5
loas,resnet19_T4_all,layer_19_layer3_1_conv2,set_associative,4,65536,cout,cout_only,64,0.000000,5
loas,resnet19_T4_all,layer_19_layer3_1_conv2,set_associative,16,16384,cout,cout_only,64,0.000000,5
loas,resnet19_T4_all,layer_19_layer3_1_conv2,set_associative,16,32768,cout,cout_only,64,0.000000,5
loas,resnet19_T4_all,layer_19_layer3_1_conv2,set_associative,16,65536,cout,cout_only,64,0.000000,5
loas,resnet19_T4_all,layer_19_layer3_1_conv2,set_associative,32,16384,cout,cout_only,64,0.000000,5
loas,resnet19_T4_all,layer_19_layer3_1_conv2,set_associative,32,32768,cout,cout_only,64,0.000000,5
loas,resnet19_T4_all,layer_19_layer3_1_conv2,set_associative,32,65536,cout,cout_only,64,0.000000,5
loas,resnet19_T4_all,layer_19_layer3_1_conv2,fully_associative,0,16384,cout,cout_only,64,0.000000,5
loas,resnet19_T4_all,layer_19_layer3_1_conv2,fully_associative,0,32768,cout,cout_only,64,0.006503,5
loas,resnet19_T4_all,layer_19_layer3_1_conv2,fully_associative,0,65536,cout,cout_only,64,0.006503,5
loas,vgg16_T4_all,layer_01_features_3,set_associative,4,16384,cout,cout_only,16,0.120707,5
loas,vgg16_T4_all,layer_01_features_3,set_associative,4,32768,cout,cout_only,16,0.734557,5
loas,vgg16_T4_all,layer_01_features_3,set_associative,4,65536,cout,cout_only,16,0.996210,5
loas,vgg16_T4_all,layer_01_features_3,set_associative,16,16384,cout,cout_only,16,0.672385,5
loas,vgg16_T4_all,layer_01_features_3,set_associative,16,32768,cout,cout_only,16,0.921114,5
loas,vgg16_T4_all,layer_01_features_3,set_associative,16,65536,cout,cout_only,16,0.996210,5
loas,vgg16_T4_all,layer_01_features_3,set_associative,32,16384,cout,cout_only,16,0.834601,5
loas,vgg16_T4_all,layer_01_features_3,set_associative,32,32768,cout,cout_only,16,0.988261,5
loas,vgg16_T4_all,layer_01_features_3,set_associative,32,65536,cout,cout_only,16,0.996210,5
loas,vgg16_T4_all,layer_01_features_3,fully_associative,0,16384,cout,cout_only,16,0.996210,5
loas,vgg16_T4_all,layer_01_features_3,fully_associative,0,32768,cout,cout_only,16,0.996210,5
loas,vgg16_T4_all,layer_01_features_3,fully_associative,0,65536,cout,cout_only,16,0.996210,5
loas,vgg16_T4_all,layer_01_features_3,set_associative,4,16384,cout,cout_only,32,0.120836,5
loas,vgg16_T4_all,layer_01_features_3,set_associative,4,32768,cout,cout_only,32,0.735802,5
loas,vgg16_T4_all,layer_01_features_3,set_associative,4,65536,cout,cout_only,32,0.998105,5
loas,vgg16_T4_all,layer_01_features_3,set_associative,16,16384,cout,cout_only,32,0.672888,5
loas,vgg16_T4_all,layer_01_features_3,set_associative,16,32768,cout,cout_only,32,0.922330,5
loas,vgg16_T4_all,layer_01_features_3,set_associative,16,65536,cout,cout_only,32,0.998105,5
loas,vgg16_T4_all,layer_01_features_3,set_associative,32,16384,cout,cout_only,32,0.835156,5
loas,vgg16_T4_all,layer_01_features_3,set_associative,32,32768,cout,cout_only,32,0.989752,5
loas,vgg16_T4_all,layer_01_features_3,set_associative,32,65536,cout,cout_only,32,0.998105,5
loas,vgg16_T4_all,layer_01_features_3,fully_associative,0,16384,cout,cout_only,32,0.997621,5
loas,vgg16_T4_all,layer_01_features_3,fully_associative,0,32768,cout,cout_only,32,0.998105,5
loas,vgg16_T4_all,layer_01_features_3,fully_associative,0,65536,cout,cout_only,32,0.998105,5
loas,vgg16_T4_all,layer_01_features_3,set_associative,4,16384,cout,cout_only,64,0.120901,5
loas,vgg16_T4_all,layer_01_features_3,set_associative,4,32768,cout,cout_only,64,0.736424,5
loas,vgg16_T4_all,layer_01_features_3,set_associative,4,65536,cout,cout_only,64,0.999052,5
loas,vgg16_T4_all,layer_01_features_3,set_associative,16,16384,cout,cout_only,64,0.673140,5
loas,vgg16_T4_all,layer_01_features_3,set_associative,16,32768,cout,cout_only,64,0.922939,5
loas,vgg16_T4_all,layer_01_features_3,set_associative,16,65536,cout,cout_only,64,0.999052,5
loas,vgg16_T4_all,layer_01_features_3,set_associative,32,16384,cout,cout_only,64,0.835433,5
loas,vgg16_T4_all,layer_01_features_3,set_associative,32,32768,cout,cout_only,64,0.990497,5
loas,vgg16_T4_all,layer_01_features_3,set_associative,32,65536,cout,cout_only,64,0.999052,5
loas,vgg16_T4_all,layer_01_features_3,fully_associative,0,16384,cout,cout_only,64,0.936395,5
loas,vgg16_T4_all,layer_01_features_3,fully_associative,0,32768,cout,cout_only,64,0.998490,5
loas,vgg16_T4_all,layer_01_features_3,fully_associative,0,65536,cout,cout_only,64,0.999052,5
loas,vgg16_T4_all,layer_02_features_7,set_associative,4,16384,cout,cout_only,16,0.105695,5
loas,vgg16_T4_all,layer_02_features_7,set_associative,4,32768,cout,cout_only,16,0.207474,5
loas,vgg16_T4_all,layer_02_features_7,set_associative,4,65536,cout,cout_only,16,0.799483,5
loas,vgg16_T4_all,layer_02_features_7,set_associative,16,16384,cout,cout_only,16,0.246956,5
loas,vgg16_T4_all,layer_02_features_7,set_associative,16,32768,cout,cout_only,16,0.606380,5
loas,vgg16_T4_all,layer_02_features_7,set_associative,16,65536,cout,cout_only,16,0.903037,5
loas,vgg16_T4_all,layer_02_features_7,set_associative,32,16384,cout,cout_only,16,0.276252,5
loas,vgg16_T4_all,layer_02_features_7,set_associative,32,32768,cout,cout_only,16,0.682228,5
loas,vgg16_T4_all,layer_02_features_7,set_associative,32,65536,cout,cout_only,16,0.945749,5
loas,vgg16_T4_all,layer_02_features_7,fully_associative,0,16384,cout,cout_only,16,0.980839,5
loas,vgg16_T4_all,layer_02_features_7,fully_associative,0,32768,cout,cout_only,16,0.980839,5
loas,vgg16_T4_all,layer_02_features_7,fully_associative,0,65536,cout,cout_only,16,0.980839,5
loas,vgg16_T4_all,layer_02_features_7,set_associative,4,16384,cout,cout_only,32,0.105997,5
loas,vgg16_T4_all,layer_02_features_7,set_associative,4,32768,cout,cout_only,32,0.208128,5
loas,vgg16_T4_all,layer_02_features_7,set_associative,4,65536,cout,cout_only,32,0.805837,5
loas,vgg16_T4_all,layer_02_features_7,set_associative,16,16384,cout,cout_only,32,0.247408,5
loas,vgg16_T4_all,layer_02_features_7,set_associative,16,32768,cout,cout_only,32,0.607944,5
loas,vgg16_T4_all,layer_02_features_7,set_associative,16,65536,cout,cout_only,32,0.908792,5
loas,vgg16_T4_all,layer_02_features_7,set_associative,32,16384,cout,cout_only,32,0.276712,5
loas,vgg16_T4_all,layer_02_features_7,set_associative,32,32768,cout,cout_only,32,0.683926,5
loas,vgg16_T4_all,layer_02_features_7,set_associative,32,65536,cout,cout_only,32,0.952429,5
loas,vgg16_T4_all,layer_02_features_7,fully_associative,0,16384,cout,cout_only,32,0.977970,5
loas,vgg16_T4_all,layer_02_features_7,fully_associative,0,32768,cout,cout_only,32,0.990419,5
loas,vgg16_T4_all,layer_02_features_7,fully_associative,0,65536,cout,cout_only,32,0.990419,5
loas,vgg16_T4_all,layer_02_features_7,set_associative,4,16384,cout,cout_only,64,0.106149,5
loas,vgg16_T4_all,layer_02_features_7,set_associative,4,32768,cout,cout_only,64,0.208454,5
loas,vgg16_T4_all,layer_02_features_7,set_associative,4,65536,cout,cout_only,64,0.809015,5
loas,vgg16_T4_all,layer_02_features_7,set_associative,16,16384,cout,cout_only,64,0.247634,5
loas,vgg16_T4_all,layer_02_features_7,set_associative,16,32768,cout,cout_only,64,0.608726,5
loas,vgg16_T4_all,layer_02_features_7,set_associative,16,65536,cout,cout_only,64,0.911669,5
loas,vgg16_T4_all,layer_02_features_7,set_associative,32,16384,cout,cout_only,64,0.276941,5
loas,vgg16_T4_all,layer_02_features_7,set_associative,32,32768,cout,cout_only,64,0.684776,5
loas,vgg16_T4_all,layer_02_features_7,set_associative,32,65536,cout,cout_only,64,0.955770,5
loas,vgg16_T4_all,layer_02_features_7,fully_associative,0,16384,cout,cout_only,64,0.726002,5
loas,vgg16_T4_all,layer_02_features_7,fully_associative,0,32768,cout,cout_only,64,0.981762,5
loas,vgg16_T4_all,layer_02_features_7,fully_associative,0,65536,cout,cout_only,64,0.995210,5
loas,vgg16_T4_all,layer_03_features_10,set_associative,4,16384,cout,cout_only,16,0.007258,5
loas,vgg16_T4_all,layer_03_features_10,set_associative,4,32768,cout,cout_only,16,0.054329,5
loas,vgg16_T4_all,layer_03_features_10,set_associative,4,65536,cout,cout_only,16,0.161687,5
loas,vgg16_T4_all,layer_03_features_10,set_associative,16,16384,cout,cout_only,16,0.001282,5
loas,vgg16_T4_all,layer_03_features_10,set_associative,16,32768,cout,cout_only,16,0.053119,5
loas,vgg16_T4_all,layer_03_features_10,set_associative,16,65536,cout,cout_only,16,0.405506,5
loas,vgg16_T4_all,layer_03_features_10,set_associative,32,16384,cout,cout_only,16,0.000708,5
loas,vgg16_T4_all,layer_03_features_10,set_associative,32,32768,cout,cout_only,16,0.038310,5
loas,vgg16_T4_all,layer_03_features_10,set_associative,32,65536,cout,cout_only,16,0.489720,5
loas,vgg16_T4_all,layer_03_features_10,fully_associative,0,16384,cout,cout_only,16,0.955344,5
loas,vgg16_T4_all,layer_03_features_10,fully_associative,0,32768,cout,cout_only,16,0.988086,5
loas,vgg16_T4_all,layer_03_features_10,fully_associative,0,65536,cout,cout_only,16,0.988086,5
loas,vgg16_T4_all,layer_03_features_10,set_associative,4,16384,cout,cout_only,32,0.007420,5
loas,vgg16_T4_all,layer_03_features_10,set_associative,4,32768,cout,cout_only,32,0.054562,5
loas,vgg16_T4_all,layer_03_features_10,set_associative,4,65536,cout,cout_only,32,0.162300,5
loas,vgg16_T4_all,layer_03_features_10,set_associative,16,16384,cout,cout_only,32,0.001439,5
loas,vgg16_T4_all,layer_03_features_10,set_associative,16,32768,cout,cout_only,32,0.053318,5
loas,vgg16_T4_all,layer_03_features_10,set_associative,16,65536,cout,cout_only,32,0.406302,5
loas,vgg16_T4_all,layer_03_features_10,set_associative,32,16384,cout,cout_only,32,0.000865,5
loas,vgg16_T4_all,layer_03_features_10,set_associative,32,32768,cout,cout_only,32,0.038493,5
loas,vgg16_T4_all,layer_03_features_10,set_associative,32,65536,cout,cout_only,32,0.490484,5
loas,vgg16_T4_all,layer_03_features_10,fully_associative,0,16384,cout,cout_only,32,0.636230,5
loas,vgg16_T4_all,layer_03_features_10,fully_associative,0,32768,cout,cout_only,32,0.959385,5
loas,vgg16_T4_all,layer_03_features_10,fully_associative,0,65536,cout,cout_only,32,0.994043,5
loas,vgg16_T4_all,layer_03_features_10,set_associative,4,16384,cout,cout_only,64,0.007500,5
loas,vgg16_T4_all,layer_03_features_10,set_associative,4,32768,cout,cout_only,64,0.054679,5
loas,vgg16_T4_all,layer_03_features_10,set_associative,4,65536,cout,cout_only,64,0.162606,5
loas,vgg16_T4_all,layer_03_features_10,set_associative,16,16384,cout,cout_only,64,0.001518,5
loas,vgg16_T4_all,layer_03_features_10,set_associative,16,32768,cout,cout_only,64,0.053418,5
loas,vgg16_T4_all,layer_03_features_10,set_associative,16,65536,cout,cout_only,64,0.406700,5
loas,vgg16_T4_all,layer_03_features_10,set_associative,32,16384,cout,cout_only,64,0.000944,5
loas,vgg16_T4_all,layer_03_features_10,set_associative,32,32768,cout,cout_only,64,0.038584,5
loas,vgg16_T4_all,layer_03_features_10,set_associative,32,65536,cout,cout_only,64,0.490866,5
loas,vgg16_T4_all,layer_03_features_10,fully_associative,0,16384,cout,cout_only,64,0.012746,5
loas,vgg16_T4_all,layer_03_features_10,fully_associative,0,32768,cout,cout_only,64,0.636599,5
loas,vgg16_T4_all,layer_03_features_10,fully_associative,0,65536,cout,cout_only,64,0.961405,5
loas,vgg16_T4_all,layer_04_features_14,set_associative,4,16384,cout,cout_only,16,0.002500,5
loas,vgg16_T4_all,layer_04_features_14,set_associative,4,32768,cout,cout_only,16,0.022905,5
loas,vgg16_T4_all,layer_04_features_14,set_associative,4,65536,cout,cout_only,16,0.097122,5
loas,vgg16_T4_all,layer_04_features_14,set_associative,16,16384,cout,cout_only,16,0.002116,5
loas,vgg16_T4_all,layer_04_features_14,set_associative,16,32768,cout,cout_only,16,0.017622,5
loas,vgg16_T4_all,layer_04_features_14,set_associative,16,65536,cout,cout_only,16,0.164803,5
loas,vgg16_T4_all,layer_04_features_14,set_associative,32,16384,cout,cout_only,16,0.000729,5
loas,vgg16_T4_all,layer_04_features_14,set_associative,32,32768,cout,cout_only,16,0.015071,5
loas,vgg16_T4_all,layer_04_features_14,set_associative,32,65536,cout,cout_only,16,0.173354,5
loas,vgg16_T4_all,layer_04_features_14,fully_associative,0,16384,cout,cout_only,16,0.911014,5
loas,vgg16_T4_all,layer_04_features_14,fully_associative,0,32768,cout,cout_only,16,0.926058,5
loas,vgg16_T4_all,layer_04_features_14,fully_associative,0,65536,cout,cout_only,16,0.926058,5
loas,vgg16_T4_all,layer_04_features_14,set_associative,4,16384,cout,cout_only,32,0.002903,5
loas,vgg16_T4_all,layer_04_features_14,set_associative,4,32768,cout,cout_only,32,0.023457,5
loas,vgg16_T4_all,layer_04_features_14,set_associative,4,65536,cout,cout_only,32,0.098421,5
loas,vgg16_T4_all,layer_04_features_14,set_associative,16,16384,cout,cout_only,32,0.002547,5
loas,vgg16_T4_all,layer_04_features_14,set_associative,16,32768,cout,cout_only,32,0.018154,5
loas,vgg16_T4_all,layer_04_features_14,set_associative,16,65536,cout,cout_only,32,0.166194,5
loas,vgg16_T4_all,layer_04_features_14,set_associative,32,16384,cout,cout_only,32,0.001160,5
loas,vgg16_T4_all,layer_04_features_14,set_associative,32,32768,cout,cout_only,32,0.015574,5
loas,vgg16_T4_all,layer_04_features_14,set_associative,32,65536,cout,cout_only,32,0.174727,5
loas,vgg16_T4_all,layer_04_features_14,fully_associative,0,16384,cout,cout_only,32,0.657929,5
loas,vgg16_T4_all,layer_04_features_14,fully_associative,0,32768,cout,cout_only,32,0.937663,5
loas,vgg16_T4_all,layer_04_features_14,fully_associative,0,65536,cout,cout_only,32,0.963029,5
loas,vgg16_T4_all,layer_04_features_14,set_associative,4,16384,cout,cout_only,64,0.003104,5
loas,vgg16_T4_all,layer_04_features_14,set_associative,4,32768,cout,cout_only,64,0.023733,5
loas,vgg16_T4_all,layer_04_features_14,set_associative,4,65536,cout,cout_only,64,0.099071,5
loas,vgg16_T4_all,layer_04_features_14,set_associative,16,16384,cout,cout_only,64,0.002762,5
loas,vgg16_T4_all,layer_04_features_14,set_associative,16,32768,cout,cout_only,64,0.018420,5
loas,vgg16_T4_all,layer_04_features_14,set_associative,16,65536,cout,cout_only,64,0.166890,5
loas,vgg16_T4_all,layer_04_features_14,set_associative,32,16384,cout,cout_only,64,0.001375,5
loas,vgg16_T4_all,layer_04_features_14,set_associative,32,32768,cout,cout_only,64,0.015826,5
loas,vgg16_T4_all,layer_04_features_14,set_associative,32,65536,cout,cout_only,64,0.175414,5
loas,vgg16_T4_all,layer_04_features_14,fully_associative,0,16384,cout,cout_only,64,0.186292,5
loas,vgg16_T4_all,layer_04_features_14,fully_associative,0,32768,cout,cout_only,64,0.660704,5
loas,vgg16_T4_all,layer_04_features_14,fully_associative,0,65536,cout,cout_only,64,0.950987,5
loas,vgg16_T4_all,layer_05_features_17,set_associative,4,16384,cout,cout_only,16,0.000000,5
loas,vgg16_T4_all,layer_05_features_17,set_associative,4,32768,cout,cout_only,16,0.000313,5
loas,vgg16_T4_all,layer_05_features_17,set_associative,4,65536,cout,cout_only,16,0.011774,5
loas,vgg16_T4_all,layer_05_features_17,set_associative,16,16384,cout,cout_only,16,0.000000,5
loas,vgg16_T4_all,layer_05_features_17,set_associative,16,32768,cout,cout_only,16,0.000000,5
loas,vgg16_T4_all,layer_05_features_17,set_associative,16,65536,cout,cout_only,16,0.001792,5
loas,vgg16_T4_all,layer_05_features_17,set_associative,32,16384,cout,cout_only,16,0.000000,5
loas,vgg16_T4_all,layer_05_features_17,set_associative,32,32768,cout,cout_only,16,0.000000,5
loas,vgg16_T4_all,layer_05_features_17,set_associative,32,65536,cout,cout_only,16,0.001062,5
loas,vgg16_T4_all,layer_05_features_17,fully_associative,0,16384,cout,cout_only,16,0.603332,5
loas,vgg16_T4_all,layer_05_features_17,fully_associative,0,32768,cout,cout_only,16,0.921184,5
loas,vgg16_T4_all,layer_05_features_17,fully_associative,0,65536,cout,cout_only,16,0.941722,5
loas,vgg16_T4_all,layer_05_features_17,set_associative,4,16384,cout,cout_only,32,0.000097,5
loas,vgg16_T4_all,layer_05_features_17,set_associative,4,32768,cout,cout_only,32,0.000646,5
loas,vgg16_T4_all,layer_05_features_17,set_associative,4,65536,cout,cout_only,32,0.012271,5
loas,vgg16_T4_all,layer_05_features_17,set_associative,16,16384,cout,cout_only,32,0.000018,5
loas,vgg16_T4_all,layer_05_features_17,set_associative,16,32768,cout,cout_only,32,0.000402,5
loas,vgg16_T4_all,layer_05_features_17,set_associative,16,65536,cout,cout_only,32,0.002222,5
loas,vgg16_T4_all,layer_05_features_17,set_associative,32,16384,cout,cout_only,32,0.000005,5
loas,vgg16_T4_all,layer_05_features_17,set_associative,32,32768,cout,cout_only,32,0.000430,5
loas,vgg16_T4_all,layer_05_features_17,set_associative,32,65536,cout,cout_only,32,0.001492,5
loas,vgg16_T4_all,layer_05_features_17,fully_associative,0,16384,cout,cout_only,32,0.099440,5
loas,vgg16_T4_all,layer_05_features_17,fully_associative,0,32768,cout,cout_only,32,0.606449,5
loas,vgg16_T4_all,layer_05_features_17,fully_associative,0,65536,cout,cout_only,32,0.941116,5
loas,vgg16_T4_all,layer_05_features_17,set_associative,4,16384,cout,cout_only,64,0.000146,5
loas,vgg16_T4_all,layer_05_features_17,set_associative,4,32768,cout,cout_only,64,0.000813,5
loas,vgg16_T4_all,layer_05_features_17,set_associative,4,65536,cout,cout_only,64,0.012520,5
loas,vgg16_T4_all,layer_05_features_17,set_associative,16,16384,cout,cout_only,64,0.000027,5
loas,vgg16_T4_all,layer_05_features_17,set_associative,16,32768,cout,cout_only,64,0.000603,5
loas,vgg16_T4_all,layer_05_features_17,set_associative,16,65536,cout,cout_only,64,0.002437,5
loas,vgg16_T4_all,layer_05_features_17,set_associative,32,16384,cout,cout_only,64,0.000008,5
loas,vgg16_T4_all,layer_05_features_17,set_associative,32,32768,cout,cout_only,64,0.000645,5
loas,vgg16_T4_all,layer_05_features_17,set_associative,32,65536,cout,cout_only,64,0.001707,5
loas,vgg16_T4_all,layer_05_features_17,fully_associative,0,16384,cout,cout_only,64,0.001640,5
loas,vgg16_T4_all,layer_05_features_17,fully_associative,0,32768,cout,cout_only,64,0.099731,5
loas,vgg16_T4_all,layer_05_features_17,fully_associative,0,65536,cout,cout_only,64,0.608008,5
loas,vgg16_T4_all,layer_06_features_20,set_associative,4,16384,cout,cout_only,16,0.000000,5
loas,vgg16_T4_all,layer_06_features_20,set_associative,4,32768,cout,cout_only,16,0.000306,5
loas,vgg16_T4_all,layer_06_features_20,set_associative,4,65536,cout,cout_only,16,0.009919,5
loas,vgg16_T4_all,layer_06_features_20,set_associative,16,16384,cout,cout_only,16,0.000000,5
loas,vgg16_T4_all,layer_06_features_20,set_associative,16,32768,cout,cout_only,16,0.000000,5
loas,vgg16_T4_all,layer_06_features_20,set_associative,16,65536,cout,cout_only,16,0.002040,5
loas,vgg16_T4_all,layer_06_features_20,set_associative,32,16384,cout,cout_only,16,0.000000,5
loas,vgg16_T4_all,layer_06_features_20,set_associative,32,32768,cout,cout_only,16,0.000000,5
loas,vgg16_T4_all,layer_06_features_20,set_associative,32,65536,cout,cout_only,16,0.000853,5
loas,vgg16_T4_all,layer_06_features_20,fully_associative,0,16384,cout,cout_only,16,0.601955,5
loas,vgg16_T4_all,layer_06_features_20,fully_associative,0,32768,cout,cout_only,16,0.927629,5
loas,vgg16_T4_all,layer_06_features_20,fully_associative,0,65536,cout,cout_only,16,0.943914,5
loas,vgg16_T4_all,layer_06_features_20,set_associative,4,16384,cout,cout_only,32,0.000074,5
loas,vgg16_T4_all,layer_06_features_20,set_associative,4,32768,cout,cout_only,32,0.000665,5
loas,vgg16_T4_all,layer_06_features_20,set_associative,4,65536,cout,cout_only,32,0.010480,5
loas,vgg16_T4_all,layer_06_features_20,set_associative,16,16384,cout,cout_only,32,0.000000,5
loas,vgg16_T4_all,layer_06_features_20,set_associative,16,32768,cout,cout_only,32,0.000489,5
loas,vgg16_T4_all,layer_06_features_20,set_associative,16,65536,cout,cout_only,32,0.002564,5
loas,vgg16_T4_all,layer_06_features_20,set_associative,32,16384,cout,cout_only,32,0.000000,5
loas,vgg16_T4_all,layer_06_features_20,set_associative,32,32768,cout,cout_only,32,0.000521,5
loas,vgg16_T4_all,layer_06_features_20,set_associative,32,65536,cout,cout_only,32,0.001375,5
loas,vgg16_T4_all,layer_06_features_20,fully_associative,0,16384,cout,cout_only,32,0.067149,5
loas,vgg16_T4_all,layer_06_features_20,fully_associative,0,32768,cout,cout_only,32,0.605434,5
loas,vgg16_T4_all,layer_06_features_20,fully_associative,0,65536,cout,cout_only,32,0.947322,5
loas,vgg16_T4_all,layer_06_features_20,set_associative,4,16384,cout,cout_only,64,0.000111,5
loas,vgg16_T4_all,layer_06_features_20,set_associative,4,32768,cout,cout_only,64,0.000844,5
loas,vgg16_T4_all,layer_06_features_20,set_associative,4,65536,cout,cout_only,64,0.010761,5
loas,vgg16_T4_all,layer_06_features_20,set_associative,16,16384,cout,cout_only,64,0.000000,5
loas,vgg16_T4_all,layer_06_features_20,set_associative,16,32768,cout,cout_only,64,0.000734,5
loas,vgg16_T4_all,layer_06_features_20,set_associative,16,65536,cout,cout_only,64,0.002826,5
loas,vgg16_T4_all,layer_06_features_20,set_associative,32,16384,cout,cout_only,64,0.000000,5
loas,vgg16_T4_all,layer_06_features_20,set_associative,32,32768,cout,cout_only,64,0.000782,5
loas,vgg16_T4_all,layer_06_features_20,set_associative,32,65536,cout,cout_only,64,0.001635,5
loas,vgg16_T4_all,layer_06_features_20,fully_associative,0,16384,cout,cout_only,64,0.001130,5
loas,vgg16_T4_all,layer_06_features_20,fully_associative,0,32768,cout,cout_only,64,0.067414,5
loas,vgg16_T4_all,layer_06_features_20,fully_associative,0,65536,cout,cout_only,64,0.607173,5
loas,vgg16_T4_all,layer_07_features_24,set_associative,4,16384,cout,cout_only,16,0.000000,5
loas,vgg16_T4_all,layer_07_features_24,set_associative,4,32768,cout,cout_only,16,0.000000,5
loas,vgg16_T4_all,layer_07_features_24,set_associative,4,65536,cout,cout_only,16,0.001340,5
loas,vgg16_T4_all,layer_07_features_24,set_associative,16,16384,cout,cout_only,16,0.000000,5
loas,vgg16_T4_all,layer_07_features_24,set_associative,16,32768,cout,cout_only,16,0.000000,5
loas,vgg16_T4_all,layer_07_features_24,set_associative,16,65536,cout,cout_only,16,0.000157,5
loas,vgg16_T4_all,layer_07_features_24,set_associative,32,16384,cout,cout_only,16,0.000000,5
loas,vgg16_T4_all,layer_07_features_24,set_associative,32,32768,cout,cout_only,16,0.000000,5
loas,vgg16_T4_all,layer_07_features_24,set_associative,32,65536,cout,cout_only,16,0.000152,5
loas,vgg16_T4_all,layer_07_features_24,fully_associative,0,16384,cout,cout_only,16,0.553075,5
loas,vgg16_T4_all,layer_07_features_24,fully_associative,0,32768,cout,cout_only,16,0.758165,5
loas,vgg16_T4_all,layer_07_features_24,fully_associative,0,65536,cout,cout_only,16,0.758165,5
loas,vgg16_T4_all,layer_07_features_24,set_associative,4,16384,cout,cout_only,32,0.000057,5
loas,vgg16_T4_all,layer_07_features_24,set_associative,4,32768,cout,cout_only,32,0.000464,5
loas,vgg16_T4_all,layer_07_features_24,set_associative,4,65536,cout,cout_only,32,0.002683,5
loas,vgg16_T4_all,layer_07_features_24,set_associative,16,16384,cout,cout_only,32,0.000000,5
loas,vgg16_T4_all,layer_07_features_24,set_associative,16,32768,cout,cout_only,32,0.000340,5
loas,vgg16_T4_all,layer_07_features_24,set_associative,16,65536,cout,cout_only,32,0.001712,5
loas,vgg16_T4_all,layer_07_features_24,set_associative,32,16384,cout,cout_only,32,0.000000,5
loas,vgg16_T4_all,layer_07_features_24,set_associative,32,32768,cout,cout_only,32,0.000393,5
loas,vgg16_T4_all,layer_07_features_24,set_associative,32,65536,cout,cout_only,32,0.001707,5
loas,vgg16_T4_all,layer_07_features_24,fully_associative,0,16384,cout,cout_only,32,0.136829,5
loas,vgg16_T4_all,layer_07_features_24,fully_associative,0,32768,cout,cout_only,32,0.570688,5
loas,vgg16_T4_all,layer_07_features_24,fully_associative,0,65536,cout,cout_only,32,0.879082,5
loas,vgg16_T4_all,layer_07_features_24,set_associative,4,16384,cout,cout_only,64,0.000085,5
loas,vgg16_T4_all,layer_07_features_24,set_associative,4,32768,cout,cout_only,64,0.000696,5
loas,vgg16_T4_all,layer_07_features_24,set_associative,4,65536,cout,cout_only,64,0.003354,5
loas,vgg16_T4_all,layer_07_features_24,set_associative,16,16384,cout,cout_only,64,0.000000,5
loas,vgg16_T4_all,layer_07_features_24,set_associative,16,32768,cout,cout_only,64,0.000510,5
loas,vgg16_T4_all,layer_07_features_24,set_associative,16,65536,cout,cout_only,64,0.002490,5
loas,vgg16_T4_all,layer_07_features_24,set_associative,32,16384,cout,cout_only,64,0.000000,5
loas,vgg16_T4_all,layer_07_features_24,set_associative,32,32768,cout,cout_only,64,0.000590,5
loas,vgg16_T4_all,layer_07_features_24,set_associative,32,65536,cout,cout_only,64,0.002485,5
loas,vgg16_T4_all,layer_07_features_24,fully_associative,0,16384,cout,cout_only,64,0.008311,5
loas,vgg16_T4_all,layer_07_features_24,fully_associative,0,32768,cout,cout_only,64,0.138485,5
loas,vgg16_T4_all,layer_07_features_24,fully_associative,0,65536,cout,cout_only,64,0.579494,5
loas,vgg16_T4_all,layer_08_features_27,set_associative,4,16384,cout,cout_only,16,0.000000,5
loas,vgg16_T4_all,layer_08_features_27,set_associative,4,32768,cout,cout_only,16,0.000000,5
loas,vgg16_T4_all,layer_08_features_27,set_associative,4,65536,cout,cout_only,16,0.000000,5
loas,vgg16_T4_all,layer_08_features_27,set_associative,16,16384,cout,cout_only,16,0.000000,5
loas,vgg16_T4_all,layer_08_features_27,set_associative,16,32768,cout,cout_only,16,0.000000,5
loas,vgg16_T4_all,layer_08_features_27,set_associative,16,65536,cout,cout_only,16,0.000000,5
loas,vgg16_T4_all,layer_08_features_27,set_associative,32,16384,cout,cout_only,16,0.000000,5
loas,vgg16_T4_all,layer_08_features_27,set_associative,32,32768,cout,cout_only,16,0.000000,5
loas,vgg16_T4_all,layer_08_features_27,set_associative,32,65536,cout,cout_only,16,0.000000,5
loas,vgg16_T4_all,layer_08_features_27,fully_associative,0,16384,cout,cout_only,16,0.057467,5
loas,vgg16_T4_all,layer_08_features_27,fully_associative,0,32768,cout,cout_only,16,0.536779,5
loas,vgg16_T4_all,layer_08_features_27,fully_associative,0,65536,cout,cout_only,16,0.798667,5
loas,vgg16_T4_all,layer_08_features_27,set_associative,4,16384,cout,cout_only,32,0.000000,5
loas,vgg16_T4_all,layer_08_features_27,set_associative,4,32768,cout,cout_only,32,0.000006,5
loas,vgg16_T4_all,layer_08_features_27,set_associative,4,65536,cout,cout_only,32,0.000335,5
loas,vgg16_T4_all,layer_08_features_27,set_associative,16,16384,cout,cout_only,32,0.000000,5
loas,vgg16_T4_all,layer_08_features_27,set_associative,16,32768,cout,cout_only,32,0.000000,5
loas,vgg16_T4_all,layer_08_features_27,set_associative,16,65536,cout,cout_only,32,0.000082,5
loas,vgg16_T4_all,layer_08_features_27,set_associative,32,16384,cout,cout_only,32,0.000000,5
loas,vgg16_T4_all,layer_08_features_27,set_associative,32,32768,cout,cout_only,32,0.000000,5
loas,vgg16_T4_all,layer_08_features_27,set_associative,32,65536,cout,cout_only,32,0.000040,5
loas,vgg16_T4_all,layer_08_features_27,fully_associative,0,16384,cout,cout_only,32,0.002163,5
loas,vgg16_T4_all,layer_08_features_27,fully_associative,0,32768,cout,cout_only,32,0.061097,5
loas,vgg16_T4_all,layer_08_features_27,fully_associative,0,65536,cout,cout_only,32,0.550818,5
loas,vgg16_T4_all,layer_08_features_27,set_associative,4,16384,cout,cout_only,64,0.000000,5
loas,vgg16_T4_all,layer_08_features_27,set_associative,4,32768,cout,cout_only,64,0.000009,5
loas,vgg16_T4_all,layer_08_features_27,set_associative,4,65536,cout,cout_only,64,0.000503,5
loas,vgg16_T4_all,layer_08_features_27,set_associative,16,16384,cout,cout_only,64,0.000000,5
loas,vgg16_T4_all,layer_08_features_27,set_associative,16,32768,cout,cout_only,64,0.000000,5
loas,vgg16_T4_all,layer_08_features_27,set_associative,16,65536,cout,cout_only,64,0.000124,5
loas,vgg16_T4_all,layer_08_features_27,set_associative,32,16384,cout,cout_only,64,0.000000,5
loas,vgg16_T4_all,layer_08_features_27,set_associative,32,32768,cout,cout_only,64,0.000000,5
loas,vgg16_T4_all,layer_08_features_27,set_associative,32,65536,cout,cout_only,64,0.000060,5
loas,vgg16_T4_all,layer_08_features_27,fully_associative,0,16384,cout,cout_only,64,0.003107,5
loas,vgg16_T4_all,layer_08_features_27,fully_associative,0,32768,cout,cout_only,64,0.003199,5
loas,vgg16_T4_all,layer_08_features_27,fully_associative,0,65536,cout,cout_only,64,0.062912,5
loas,vgg16_T4_all,layer_09_features_30,set_associative,4,16384,cout,cout_only,16,0.000000,5
loas,vgg16_T4_all,layer_09_features_30,set_associative,4,32768,cout,cout_only,16,0.000000,5
loas,vgg16_T4_all,layer_09_features_30,set_associative,4,65536,cout,cout_only,16,0.000000,5
loas,vgg16_T4_all,layer_09_features_30,set_associative,16,16384,cout,cout_only,16,0.000000,5
loas,vgg16_T4_all,layer_09_features_30,set_associative,16,32768,cout,cout_only,16,0.000000,5
loas,vgg16_T4_all,layer_09_features_30,set_associative,16,65536,cout,cout_only,16,0.000000,5
loas,vgg16_T4_all,layer_09_features_30,set_associative,32,16384,cout,cout_only,16,0.000000,5
loas,vgg16_T4_all,layer_09_features_30,set_associative,32,32768,cout,cout_only,16,0.000000,5
loas,vgg16_T4_all,layer_09_features_30,set_associative,32,65536,cout,cout_only,16,0.000000,5
loas,vgg16_T4_all,layer_09_features_30,fully_associative,0,16384,cout,cout_only,16,0.000000,5
loas,vgg16_T4_all,layer_09_features_30,fully_associative,0,32768,cout,cout_only,16,0.094118,5
loas,vgg16_T4_all,layer_09_features_30,fully_associative,0,65536,cout,cout_only,16,0.849099,5
loas,vgg16_T4_all,layer_09_features_30,set_associative,4,16384,cout,cout_only,32,0.000000,5
loas,vgg16_T4_all,layer_09_features_30,set_associative,4,32768,cout,cout_only,32,0.000000,5
loas,vgg16_T4_all,layer_09_features_30,set_associative,4,65536,cout,cout_only,32,0.000000,5
loas,vgg16_T4_all,layer_09_features_30,set_associative,16,16384,cout,cout_only,32,0.000000,5
loas,vgg16_T4_all,layer_09_features_30,set_associative,16,32768,cout,cout_only,32,0.000000,5
loas,vgg16_T4_all,layer_09_features_30,set_associative,16,65536,cout,cout_only,32,0.000000,5
loas,vgg16_T4_all,layer_09_features_30,set_associative,32,16384,cout,cout_only,32,0.000000,5
loas,vgg16_T4_all,layer_09_features_30,set_associative,32,32768,cout,cout_only,32,0.000000,5
loas,vgg16_T4_all,layer_09_features_30,set_associative,32,65536,cout,cout_only,32,0.000000,5
loas,vgg16_T4_all,layer_09_features_30,fully_associative,0,16384,cout,cout_only,32,0.003895,5
loas,vgg16_T4_all,layer_09_features_30,fully_associative,0,32768,cout,cout_only,32,0.003895,5
loas,vgg16_T4_all,layer_09_features_30,fully_associative,0,65536,cout,cout_only,32,0.104435,5
loas,vgg16_T4_all,layer_09_features_30,set_associative,4,16384,cout,cout_only,64,0.000000,5
loas,vgg16_T4_all,layer_09_features_30,set_associative,4,32768,cout,cout_only,64,0.000000,5
loas,vgg16_T4_all,layer_09_features_30,set_associative,4,65536,cout,cout_only,64,0.000000,5
loas,vgg16_T4_all,layer_09_features_30,set_associative,16,16384,cout,cout_only,64,0.000000,5
loas,vgg16_T4_all,layer_09_features_30,set_associative,16,32768,cout,cout_only,64,0.000000,5
loas,vgg16_T4_all,layer_09_features_30,set_associative,16,65536,cout,cout_only,64,0.000000,5
loas,vgg16_T4_all,layer_09_features_30,set_associative,32,16384,cout,cout_only,64,0.000000,5
loas,vgg16_T4_all,layer_09_features_30,set_associative,32,32768,cout,cout_only,64,0.000000,5
loas,vgg16_T4_all,layer_09_features_30,set_associative,32,65536,cout,cout_only,64,0.000000,5
loas,vgg16_T4_all,layer_09_features_30,fully_associative,0,16384,cout,cout_only,64,0.000000,5
loas,vgg16_T4_all,layer_09_features_30,fully_associative,0,32768,cout,cout_only,64,0.005843,5
loas,vgg16_T4_all,layer_09_features_30,fully_associative,0,65536,cout,cout_only,64,0.005843,5
loas,vgg16_T4_all,layer_10_features_34,set_associative,4,16384,cout,cout_only,16,0.000000,5
loas,vgg16_T4_all,layer_10_features_34,set_associative,4,32768,cout,cout_only,16,0.000000,5
loas,vgg16_T4_all,layer_10_features_34,set_associative,4,65536,cout,cout_only,16,0.000000,5
loas,vgg16_T4_all,layer_10_features_34,set_associative,16,16384,cout,cout_only,16,0.000000,5
loas,vgg16_T4_all,layer_10_features_34,set_associative,16,32768,cout,cout_only,16,0.000000,5
loas,vgg16_T4_all,layer_10_features_34,set_associative,16,65536,cout,cout_only,16,0.000000,5
loas,vgg16_T4_all,layer_10_features_34,set_associative,32,16384,cout,cout_only,16,0.000000,5
loas,vgg16_T4_all,layer_10_features_34,set_associative,32,32768,cout,cout_only,16,0.000000,5
loas,vgg16_T4_all,layer_10_features_34,set_associative,32,65536,cout,cout_only,16,0.000000,5
loas,vgg16_T4_all,layer_10_features_34,fully_associative,0,16384,cout,cout_only,16,0.000000,5
loas,vgg16_T4_all,layer_10_features_34,fully_associative,0,32768,cout,cout_only,16,0.309022,5
loas,vgg16_T4_all,layer_10_features_34,fully_associative,0,65536,cout,cout_only,16,0.329207,5
loas,vgg16_T4_all,layer_10_features_34,set_associative,4,16384,cout,cout_only,32,0.000000,5
loas,vgg16_T4_all,layer_10_features_34,set_associative,4,32768,cout,cout_only,32,0.000000,5
loas,vgg16_T4_all,layer_10_features_34,set_associative,4,65536,cout,cout_only,32,0.001333,5
loas,vgg16_T4_all,layer_10_features_34,set_associative,16,16384,cout,cout_only,32,0.000000,5
loas,vgg16_T4_all,layer_10_features_34,set_associative,16,32768,cout,cout_only,32,0.000000,5
loas,vgg16_T4_all,layer_10_features_34,set_associative,16,65536,cout,cout_only,32,0.000000,5
loas,vgg16_T4_all,layer_10_features_34,set_associative,32,16384,cout,cout_only,32,0.000000,5
loas,vgg16_T4_all,layer_10_features_34,set_associative,32,32768,cout,cout_only,32,0.000000,5
loas,vgg16_T4_all,layer_10_features_34,set_associative,32,65536,cout,cout_only,32,0.000000,5
loas,vgg16_T4_all,layer_10_features_34,fully_associative,0,16384,cout,cout_only,32,0.019073,5
loas,vgg16_T4_all,layer_10_features_34,fully_associative,0,32768,cout,cout_only,32,0.019073,5
loas,vgg16_T4_all,layer_10_features_34,fully_associative,0,65536,cout,cout_only,32,0.434144,5
loas,vgg16_T4_all,layer_10_features_34,set_associative,4,16384,cout,cout_only,64,0.000000,5
loas,vgg16_T4_all,layer_10_features_34,set_associative,4,32768,cout,cout_only,64,0.000000,5
loas,vgg16_T4_all,layer_10_features_34,set_associative,4,65536,cout,cout_only,64,0.001999,5
loas,vgg16_T4_all,layer_10_features_34,set_associative,16,16384,cout,cout_only,64,0.000000,5
loas,vgg16_T4_all,layer_10_features_34,set_associative,16,32768,cout,cout_only,64,0.000000,5
loas,vgg16_T4_all,layer_10_features_34,set_associative,16,65536,cout,cout_only,64,0.000000,5
loas,vgg16_T4_all,layer_10_features_34,set_associative,32,16384,cout,cout_only,64,0.000000,5
loas,vgg16_T4_all,layer_10_features_34,set_associative,32,32768,cout,cout_only,64,0.000000,5
loas,vgg16_T4_all,layer_10_features_34,set_associative,32,65536,cout,cout_only,64,0.000000,5
loas,vgg16_T4_all,layer_10_features_34,fully_associative,0,16384,cout,cout_only,64,0.024615,5
loas,vgg16_T4_all,layer_10_features_34,fully_associative,0,32768,cout,cout_only,64,0.028610,5
loas,vgg16_T4_all,layer_10_features_34,fully_associative,0,65536,cout,cout_only,64,0.028610,5
loas,vgg16_T4_all,layer_11_features_37,set_associative,4,16384,cout,cout_only,16,0.000000,5
loas,vgg16_T4_all,layer_11_features_37,set_associative,4,32768,cout,cout_only,16,0.000000,5
loas,vgg16_T4_all,layer_11_features_37,set_associative,4,65536,cout,cout_only,16,0.000000,5
loas,vgg16_T4_all,layer_11_features_37,set_associative,16,16384,cout,cout_only,16,0.000000,5
loas,vgg16_T4_all,layer_11_features_37,set_associative,16,32768,cout,cout_only,16,0.000000,5
loas,vgg16_T4_all,layer_11_features_37,set_associative,16,65536,cout,cout_only,16,0.000000,5
loas,vgg16_T4_all,layer_11_features_37,set_associative,32,16384,cout,cout_only,16,0.000000,5
loas,vgg16_T4_all,layer_11_features_37,set_associative,32,32768,cout,cout_only,16,0.000000,5
loas,vgg16_T4_all,layer_11_features_37,set_associative,32,65536,cout,cout_only,16,0.000000,5
loas,vgg16_T4_all,layer_11_features_37,fully_associative,0,16384,cout,cout_only,16,0.000000,5
loas,vgg16_T4_all,layer_11_features_37,fully_associative,0,32768,cout,cout_only,16,0.224465,5
loas,vgg16_T4_all,layer_11_features_37,fully_associative,0,65536,cout,cout_only,16,0.327836,5
loas,vgg16_T4_all,layer_11_features_37,set_associative,4,16384,cout,cout_only,32,0.000000,5
loas,vgg16_T4_all,layer_11_features_37,set_associative,4,32768,cout,cout_only,32,0.000000,5
loas,vgg16_T4_all,layer_11_features_37,set_associative,4,65536,cout,cout_only,32,0.000022,5
loas,vgg16_T4_all,layer_11_features_37,set_associative,16,16384,cout,cout_only,32,0.000000,5
loas,vgg16_T4_all,layer_11_features_37,set_associative,16,32768,cout,cout_only,32,0.000000,5
loas,vgg16_T4_all,layer_11_features_37,set_associative,16,65536,cout,cout_only,32,0.000000,5
loas,vgg16_T4_all,layer_11_features_37,set_associative,32,16384,cout,cout_only,32,0.000000,5
loas,vgg16_T4_all,layer_11_features_37,set_associative,32,32768,cout,cout_only,32,0.000000,5
loas,vgg16_T4_all,layer_11_features_37,set_associative,32,65536,cout,cout_only,32,0.000000,5
loas,vgg16_T4_all,layer_11_features_37,fully_associative,0,16384,cout,cout_only,32,0.019625,5
loas,vgg16_T4_all,layer_11_features_37,fully_associative,0,32768,cout,cout_only,32,0.019625,5
loas,vgg16_T4_all,layer_11_features_37,fully_associative,0,65536,cout,cout_only,32,0.294602,5
loas,vgg16_T4_all,layer_11_features_37,set_associative,4,16384,cout,cout_only,64,0.000000,5
loas,vgg16_T4_all,layer_11_features_37,set_associative,4,32768,cout,cout_only,64,0.000000,5
loas,vgg16_T4_all,layer_11_features_37,set_associative,4,65536,cout,cout_only,64,0.000033,5
loas,vgg16_T4_all,layer_11_features_37,set_associative,16,16384,cout,cout_only,64,0.000000,5
loas,vgg16_T4_all,layer_11_features_37,set_associative,16,32768,cout,cout_only,64,0.000000,5
loas,vgg16_T4_all,layer_11_features_37,set_associative,16,65536,cout,cout_only,64,0.000000,5
loas,vgg16_T4_all,layer_11_features_37,set_associative,32,16384,cout,cout_only,64,0.000000,5
loas,vgg16_T4_all,layer_11_features_37,set_associative,32,32768,cout,cout_only,64,0.000000,5
loas,vgg16_T4_all,layer_11_features_37,set_associative,32,65536,cout,cout_only,64,0.000000,5
loas,vgg16_T4_all,layer_11_features_37,fully_associative,0,16384,cout,cout_only,64,0.000000,5
loas,vgg16_T4_all,layer_11_features_37,fully_associative,0,32768,cout,cout_only,64,0.029438,5
loas,vgg16_T4_all,layer_11_features_37,fully_associative,0,65536,cout,cout_only,64,0.029438,5
loas,vgg16_T4_all,layer_12_features_40,set_associative,4,16384,cout,cout_only,16,0.000000,5
loas,vgg16_T4_all,layer_12_features_40,set_associative,4,32768,cout,cout_only,16,0.000000,5
loas,vgg16_T4_all,layer_12_features_40,set_associative,4,65536,cout,cout_only,16,0.000000,5
loas,vgg16_T4_all,layer_12_features_40,set_associative,16,16384,cout,cout_only,16,0.000000,5
loas,vgg16_T4_all,layer_12_features_40,set_associative,16,32768,cout,cout_only,16,0.000000,5
loas,vgg16_T4_all,layer_12_features_40,set_associative,16,65536,cout,cout_only,16,0.000000,5
loas,vgg16_T4_all,layer_12_features_40,set_associative,32,16384,cout,cout_only,16,0.000000,5
loas,vgg16_T4_all,layer_12_features_40,set_associative,32,32768,cout,cout_only,16,0.000000,5
loas,vgg16_T4_all,layer_12_features_40,set_associative,32,65536,cout,cout_only,16,0.000000,5
loas,vgg16_T4_all,layer_12_features_40,fully_associative,0,16384,cout,cout_only,16,0.000000,5
loas,vgg16_T4_all,layer_12_features_40,fully_associative,0,32768,cout,cout_only,16,0.220632,5
loas,vgg16_T4_all,layer_12_features_40,fully_associative,0,65536,cout,cout_only,16,0.333333,5
loas,vgg16_T4_all,layer_12_features_40,set_associative,4,16384,cout,cout_only,32,0.000000,5
loas,vgg16_T4_all,layer_12_features_40,set_associative,4,32768,cout,cout_only,32,0.000000,5
loas,vgg16_T4_all,layer_12_features_40,set_associative,4,65536,cout,cout_only,32,0.000039,5
loas,vgg16_T4_all,layer_12_features_40,set_associative,16,16384,cout,cout_only,32,0.000000,5
loas,vgg16_T4_all,layer_12_features_40,set_associative,16,32768,cout,cout_only,32,0.000000,5
loas,vgg16_T4_all,layer_12_features_40,set_associative,16,65536,cout,cout_only,32,0.000000,5
loas,vgg16_T4_all,layer_12_features_40,set_associative,32,16384,cout,cout_only,32,0.000000,5
loas,vgg16_T4_all,layer_12_features_40,set_associative,32,32768,cout,cout_only,32,0.000000,5
loas,vgg16_T4_all,layer_12_features_40,set_associative,32,65536,cout,cout_only,32,0.000000,5
loas,vgg16_T4_all,layer_12_features_40,fully_associative,0,16384,cout,cout_only,32,0.020111,5
loas,vgg16_T4_all,layer_12_features_40,fully_associative,0,32768,cout,cout_only,32,0.020111,5
loas,vgg16_T4_all,layer_12_features_40,fully_associative,0,65536,cout,cout_only,32,0.297131,5
loas,vgg16_T4_all,layer_12_features_40,set_associative,4,16384,cout,cout_only,64,0.000000,5
loas,vgg16_T4_all,layer_12_features_40,set_associative,4,32768,cout,cout_only,64,0.000000,5
loas,vgg16_T4_all,layer_12_features_40,set_associative,4,65536,cout,cout_only,64,0.000059,5
loas,vgg16_T4_all,layer_12_features_40,set_associative,16,16384,cout,cout_only,64,0.000000,5
loas,vgg16_T4_all,layer_12_features_40,set_associative,16,32768,cout,cout_only,64,0.000000,5
loas,vgg16_T4_all,layer_12_features_40,set_associative,16,65536,cout,cout_only,64,0.000000,5
loas,vgg16_T4_all,layer_12_features_40,set_associative,32,16384,cout,cout_only,64,0.000000,5
loas,vgg16_T4_all,layer_12_features_40,set_associative,32,32768,cout,cout_only,64,0.000000,5
loas,vgg16_T4_all,layer_12_features_40,set_associative,32,65536,cout,cout_only,64,0.000000,5
loas,vgg16_T4_all,layer_12_features_40,fully_associative,0,16384,cout,cout_only,64,0.000000,5
loas,vgg16_T4_all,layer_12_features_40,fully_associative,0,32768,cout,cout_only,64,0.030167,5
loas,vgg16_T4_all,layer_12_features_40,fully_associative,0,65536,cout,cout_only,64,0.030167,5
