arch,workload,layer,cache_type,associativity,size_bytes,inner_dim,layout,line_size,mean_hit_rate,n_samples
loas,resnet19_T4_all,layer_01_layer1_0_conv1,set_associative,4,16384,cout,cin_cout_2d,16,0.271467,5
loas,resnet19_T4_all,layer_01_layer1_0_conv1,set_associative,4,32768,cout,cin_cout_2d,16,0.464099,5
loas,resnet19_T4_all,layer_01_layer1_0_conv1,set_associative,4,65536,cout,cin_cout_2d,16,0.862069,5
loas,resnet19_T4_all,layer_01_layer1_0_conv1,set_associative,16,16384,cout,cin_cout_2d,16,0.417131,5
loas,resnet19_T4_all,layer_01_layer1_0_conv1,set_associative,16,32768,cout,cin_cout_2d,16,0.757513,5
loas,resnet19_T4_all,layer_01_layer1_0_conv1,set_associative,16,65536,cout,cin_cout_2d,16,0.930311,5
loas,resnet19_T4_all,layer_01_layer1_0_conv1,set_associative,32,16384,cout,cin_cout_2d,16,0.455898,5
loas,resnet19_T4_all,layer_01_layer1_0_conv1,set_associative,32,32768,cout,cin_cout_2d,16,0.839730,5
loas,resnet19_T4_all,layer_01_layer1_0_conv1,set_associative,32,65536,cout,cin_cout_2d,16,0.981818,5
loas,resnet19_T4_all,layer_01_layer1_0_conv1,fully_associative,0,16384,cout,cin_cout_2d,16,0.995315,5
loas,resnet19_T4_all,layer_01_layer1_0_conv1,fully_associative,0,32768,cout,cin_cout_2d,16,0.995315,5
loas,resnet19_T4_all,layer_01_layer1_0_conv1,fully_associative,0,65536,cout,cin_cout_2d,16,0.995315,5
loas,resnet19_T4_all,layer_01_layer1_0_conv1,set_associative,4,16384,cout,cin_cout_2d,32,0.135222,5
loas,resnet19_T4_all,layer_01_layer1_0_conv1,set_associative,4,32768,cout,cin_cout_2d,32,0.208249,5
loas,resnet19_T4_all,layer_01_layer1_0_conv1,set_associative,4,65536,cout,cin_cout_2d,32,0.753194,5
loas,resnet19_T4_all,layer_01_layer1_0_conv1,set_associative,16,16384,cout,cin_cout_2d,32,0.187176,5
loas,resnet19_T4_all,layer_01_layer1_0_conv1,set_associative,16,32768,cout,cin_cout_2d,32,0.522011,5
loas,resnet19_T4_all,layer_01_layer1_0_conv1,set_associative,16,65536,cout,cin_cout_2d,32,0.858020,5
loas,resnet19_T4_all,layer_01_layer1_0_conv1,set_associative,32,16384,cout,cin_cout_2d,32,0.170996,5
loas,resnet19_T4_all,layer_01_layer1_0_conv1,set_associative,32,32768,cout,cin_cout_2d,32,0.625333,5
loas,resnet19_T4_all,layer_01_layer1_0_conv1,set_associative,32,65536,cout,cin_cout_2d,32,0.966041,5
loas,resnet19_T4_all,layer_01_layer1_0_conv1,fully_associative,0,16384,cout,cin_cout_2d,32,0.997286,5
loas,resnet19_T4_all,layer_01_layer1_0_conv1,fully_associative,0,32768,cout,cin_cout_2d,32,0.997286,5
loas,resnet19_T4_all,layer_01_layer1_0_conv1,fully_associative,0,65536,cout,cin_cout_2d,32,0.997286,5
loas,resnet19_T4_all,layer_01_layer1_0_conv1,set_associative,4,16384,cout,cin_cout_2d,64,0.260889,5
loas,resnet19_T4_all,layer_01_layer1_0_conv1,set_associative,4,32768,cout,cin_cout_2d,64,0.302811,5
loas,resnet19_T4_all,layer_01_layer1_0_conv1,set_associative,4,65536,cout,cin_cout_2d,64,0.756478,5
loas,resnet19_T4_all,layer_01_layer1_0_conv1,set_associative,16,16384,cout,cin_cout_2d,64,0.252197,5
loas,resnet19_T4_all,layer_01_layer1_0_conv1,set_associative,16,32768,cout,cin_cout_2d,64,0.368855,5
loas,resnet19_T4_all,layer_01_layer1_0_conv1,set_associative,16,65536,cout,cin_cout_2d,64,0.768661,5
loas,resnet19_T4_all,layer_01_layer1_0_conv1,set_associative,32,16384,cout,cin_cout_2d,64,0.251881,5
loas,resnet19_T4_all,layer_01_layer1_0_conv1,set_associative,32,32768,cout,cin_cout_2d,64,0.378429,5
loas,resnet19_T4_all,layer_01_layer1_0_conv1,set_associative,32,65536,cout,cin_cout_2d,64,0.932798,5
loas,resnet19_T4_all,layer_01_layer1_0_conv1,fully_associative,0,16384,cout,cin_cout_2d,64,0.998595,5
loas,resnet19_T4_all,layer_01_layer1_0_conv1,fully_associative,0,32768,cout,cin_cout_2d,64,0.998595,5
loas,resnet19_T4_all,layer_01_layer1_0_conv1,fully_associative,0,65536,cout,cin_cout_2d,64,0.998595,5
loas,resnet19_T4_all,layer_02_layer1_0_conv2,set_associative,4,16384,cout,cin_cout_2d,16,0.110943,5
loas,resnet19_T4_all,layer_02_layer1_0_conv2,set_associative,4,32768,cout,cin_cout_2d,16,0.228468,5
loas,resnet19_T4_all,layer_02_layer1_0_conv2,set_associative,4,65536,cout,cin_cout_2d,16,0.819170,5
loas,resnet19_T4_all,layer_02_layer1_0_conv2,set_associative,16,16384,cout,cin_cout_2d,16,0.215567,5
loas,resnet19_T4_all,layer_02_layer1_0_conv2,set_associative,16,32768,cout,cin_cout_2d,16,0.560279,5
loas,resnet19_T4_all,layer_02_layer1_0_conv2,set_associative,16,65536,cout,cin_cout_2d,16,0.880448,5
loas,resnet19_T4_all,layer_02_layer1_0_conv2,set_associative,32,16384,cout,cin_cout_2d,16,0.282147,5
loas,resnet19_T4_all,layer_02_layer1_0_conv2,set_associative,32,32768,cout,cin_cout_2d,16,0.607286,5
loas,resnet19_T4_all,layer_02_layer1_0_conv2,set_associative,32,65536,cout,cin_cout_2d,16,0.923622,5
loas,resnet19_T4_all,layer_02_layer1_0_conv2,fully_associative,0,16384,cout,cin_cout_2d,16,0.960188,5
loas,resnet19_T4_all,layer_02_layer1_0_conv2,fully_associative,0,32768,cout,cin_cout_2d,16,0.977905,5
loas,resnet19_T4_all,layer_02_layer1_0_conv2,fully_associative,0,65536,cout,cin_cout_2d,16,0.977905,5
loas,resnet19_T4_all,layer_02_layer1_0_conv2,set_associative,4,16384,cout,cin_cout_2d,32,0.136056,5
loas,resnet19_T4_all,layer_02_layer1_0_conv2,set_associative,4,32768,cout,cin_cout_2d,32,0.258442,5
loas,resnet19_T4_all,layer_02_layer1_0_conv2,set_associative,4,65536,cout,cin_cout_2d,32,0.828756,5
loas,resnet19_T4_all,layer_02_layer1_0_conv2,set_associative,16,16384,cout,cin_cout_2d,32,0.136353,5
loas,resnet19_T4_all,layer_02_layer1_0_conv2,set_associative,16,32768,cout,cin_cout_2d,32,0.428956,5
loas,resnet19_T4_all,layer_02_layer1_0_conv2,set_associative,16,65536,cout,cin_cout_2d,32,0.876573,5
loas,resnet19_T4_all,layer_02_layer1_0_conv2,set_associative,32,16384,cout,cin_cout_2d,32,0.124104,5
loas,resnet19_T4_all,layer_02_layer1_0_conv2,set_associative,32,32768,cout,cin_cout_2d,32,0.464542,5
loas,resnet19_T4_all,layer_02_layer1_0_conv2,set_associative,32,65536,cout,cin_cout_2d,32,0.918996,5
loas,resnet19_T4_all,layer_02_layer1_0_conv2,fully_associative,0,16384,cout,cin_cout_2d,32,0.941835,5
loas,resnet19_T4_all,layer_02_layer1_0_conv2,fully_associative,0,32768,cout,cin_cout_2d,32,0.988644,5
loas,resnet19_T4_all,layer_02_layer1_0_conv2,fully_associative,0,65536,cout,cin_cout_2d,32,0.988644,5
loas,resnet19_T4_all,layer_02_layer1_0_conv2,set_associative,4,16384,cout,cin_cout_2d,64,0.258037,5
loas,resnet19_T4_all,layer_02_layer1_0_conv2,set_associative,4,32768,cout,cin_cout_2d,64,0.330859,5
loas,resnet19_T4_all,layer_02_layer1_0_conv2,set_associative,4,65536,cout,cin_cout_2d,64,0.830168,5
loas,resnet19_T4_all,layer_02_layer1_0_conv2,set_associative,16,16384,cout,cin_cout_2d,64,0.253903,5
loas,resnet19_T4_all,layer_02_layer1_0_conv2,set_associative,16,32768,cout,cin_cout_2d,64,0.349317,5
loas,resnet19_T4_all,layer_02_layer1_0_conv2,set_associative,16,65536,cout,cin_cout_2d,64,0.858451,5
loas,resnet19_T4_all,layer_02_layer1_0_conv2,set_associative,32,16384,cout,cin_cout_2d,64,0.251547,5
loas,resnet19_T4_all,layer_02_layer1_0_conv2,set_associative,32,32768,cout,cin_cout_2d,64,0.340583,5
loas,resnet19_T4_all,layer_02_layer1_0_conv2,set_associative,32,65536,cout,cin_cout_2d,64,0.907146,5
loas,resnet19_T4_all,layer_02_layer1_0_conv2,fully_associative,0,16384,cout,cin_cout_2d,64,0.933231,5
loas,resnet19_T4_all,layer_02_layer1_0_conv2,fully_associative,0,32768,cout,cin_cout_2d,64,0.994322,5
loas,resnet19_T4_all,layer_02_layer1_0_conv2,fully_associative,0,65536,cout,cin_cout_2d,64,0.994322,5
loas,resnet19_T4_all,layer_03_layer1_0_shortcut_0,set_associative,4,16384,cout,cin_cout_2d,16,0.271467,5
loas,resnet19_T4_all,layer_03_layer1_0_shortcut_0,set_associative,4,32768,cout,cin_cout_2d,16,0.464099,5
loas,resnet19_T4_all,layer_03_layer1_0_shortcut_0,set_associative,4,65536,cout,cin_cout_2d,16,0.862069,5
loas,resnet19_T4_all,layer_03_layer1_0_shortcut_0,set_associative,16,16384,cout,cin_cout_2d,16,0.417131,5
loas,resnet19_T4_all,layer_03_layer1_0_shortcut_0,set_associative,16,32768,cout,cin_cout_2d,16,0.757513,5
loas,resnet19_T4_all,layer_03_layer1_0_shortcut_0,set_associative,16,65536,cout,cin_cout_2d,16,0.930311,5
loas,resnet19_T4_all,layer_03_layer1_0_shortcut_0,set_associative,32,16384,cout,cin_cout_2d,16,0.455898,5
loas,resnet19_T4_all,layer_03_layer1_0_shortcut_0,set_associative,32,32768,cout,cin_cout_2d,16,0.839730,5
loas,resnet19_T4_all,layer_03_layer1_0_shortcut_0,set_associative,32,65536,cout,cin_cout_2d,16,0.981818,5
loas,resnet19_T4_all,layer_03_layer1_0_shortcut_0,fully_associative,0,16384,cout,cin_cout_2d,16,0.995315,5
loas,resnet19_T4_all,layer_03_layer1_0_shortcut_0,fully_associative,0,32768,cout,cin_cout_2d,16,0.995315,5
loas,resnet19_T4_all,layer_03_layer1_0_shortcut_0,fully_associative,0,65536,cout,cin_cout_2d,16,0.995315,5
loas,resnet19_T4_all,layer_03_layer1_0_shortcut_0,set_associative,4,16384,cout,cin_cout_2d,32,0.135222,5
loas,resnet19_T4_all,layer_03_layer1_0_shortcut_0,set_associative,4,32768,cout,cin_cout_2d,32,0.208249,5
loas,resnet19_T4_all,layer_03_layer1_0_shortcut_0,set_associative,4,65536,cout,cin_cout_2d,32,0.753194,5
loas,resnet19_T4_all,layer_03_layer1_0_shortcut_0,set_associative,16,16384,cout,cin_cout_2d,32,0.187176,5
loas,resnet19_T4_all,layer_03_layer1_0_shortcut_0,set_associative,16,32768,cout,cin_cout_2d,32,0.522011,5
loas,resnet19_T4_all,layer_03_layer1_0_shortcut_0,set_associative,16,65536,cout,cin_cout_2d,32,0.858020,5
loas,resnet19_T4_all,layer_03_layer1_0_shortcut_0,set_associative,32,16384,cout,cin_cout_2d,32,0.170996,5
loas,resnet19_T4_all,layer_03_layer1_0_shortcut_0,set_associative,32,32768,cout,cin_cout_2d,32,0.625333,5
loas,resnet19_T4_all,layer_03_layer1_0_shortcut_0,set_associative,32,65536,cout,cin_cout_2d,32,0.966041,5
loas,resnet19_T4_all,layer_03_layer1_0_shortcut_0,fully_associative,0,16384,cout,cin_cout_2d,32,0.997286,5
loas,resnet19_T4_all,layer_03_layer1_0_shortcut_0,fully_associative,0,32768,cout,cin_cout_2d,32,0.997286,5
loas,resnet19_T4_all,layer_03_layer1_0_shortcut_0,fully_associative,0,65536,cout,cin_cout_2d,32,0.997286,5
loas,resnet19_T4_all,layer_03_layer1_0_shortcut_0,set_associative,4,16384,cout,cin_cout_2d,64,0.260889,5
loas,resnet19_T4_all,layer_03_layer1_0_shortcut_0,set_associative,4,32768,cout,cin_cout_2d,64,0.302811,5
loas,resnet19_T4_all,layer_03_layer1_0_shortcut_0,set_associative,4,65536,cout,cin_cout_2d,64,0.756478,5
loas,resnet19_T4_all,layer_03_layer1_0_shortcut_0,set_associative,16,16384,cout,cin_cout_2d,64,0.252197,5
loas,resnet19_T4_all,layer_03_layer1_0_shortcut_0,set_associative,16,32768,cout,cin_cout_2d,64,0.368855,5
loas,resnet19_T4_all,layer_03_layer1_0_shortcut_0,set_associative,16,65536,cout,cin_cout_2d,64,0.768661,5
loas,resnet19_T4_all,layer_03_layer1_0_shortcut_0,set_associative,32,16384,cout,cin_cout_2d,64,0.251881,5
loas,resnet19_T4_all,layer_03_layer1_0_shortcut_0,set_associative,32,32768,cout,cin_cout_2d,64,0.378429,5
loas,resnet19_T4_all,layer_03_layer1_0_shortcut_0,set_associative,32,65536,cout,cin_cout_2d,64,0.932798,5
loas,resnet19_T4_all,layer_03_layer1_0_shortcut_0,fully_associative,0,16384,cout,cin_cout_2d,64,0.998595,5
loas,resnet19_T4_all,layer_03_layer1_0_shortcut_0,fully_associative,0,32768,cout,cin_cout_2d,64,0.998595,5
loas,resnet19_T4_all,layer_03_layer1_0_shortcut_0,fully_associative,0,65536,cout,cin_cout_2d,64,0.998595,5
loas,resnet19_T4_all,layer_04_layer1_1_conv1,set_associative,4,16384,cout,cin_cout_2d,16,0.012849,5
loas,resnet19_T4_all,layer_04_layer1_1_conv1,set_associative,4,32768,cout,cin_cout_2d,16,0.075847,5
loas,resnet19_T4_all,layer_04_layer1_1_conv1,set_associative,4,65536,cout,cin_cout_2d,16,0.200296,5
loas,resnet19_T4_all,layer_04_layer1_1_conv1,set_associative,16,16384,cout,cin_cout_2d,16,0.004146,5
loas,resnet19_T4_all,layer_04_layer1_1_conv1,set_associative,16,32768,cout,cin_cout_2d,16,0.113081,5
loas,resnet19_T4_all,layer_04_layer1_1_conv1,set_associative,16,65536,cout,cin_cout_2d,16,0.494374,5
loas,resnet19_T4_all,layer_04_layer1_1_conv1,set_associative,32,16384,cout,cin_cout_2d,16,0.002570,5
loas,resnet19_T4_all,layer_04_layer1_1_conv1,set_associative,32,32768,cout,cin_cout_2d,16,0.110951,5
loas,resnet19_T4_all,layer_04_layer1_1_conv1,set_associative,32,65536,cout,cin_cout_2d,16,0.566107,5
loas,resnet19_T4_all,layer_04_layer1_1_conv1,fully_associative,0,16384,cout,cin_cout_2d,16,0.947143,5
loas,resnet19_T4_all,layer_04_layer1_1_conv1,fully_associative,0,32768,cout,cin_cout_2d,16,0.984966,5
loas,resnet19_T4_all,layer_04_layer1_1_conv1,fully_associative,0,65536,cout,cin_cout_2d,16,0.984966,5
loas,resnet19_T4_all,layer_04_layer1_1_conv1,set_associative,4,16384,cout,cin_cout_2d,32,0.143964,5
loas,resnet19_T4_all,layer_04_layer1_1_conv1,set_associative,4,32768,cout,cin_cout_2d,32,0.162893,5
loas,resnet19_T4_all,layer_04_layer1_1_conv1,set_associative,4,65536,cout,cin_cout_2d,32,0.258193,5
loas,resnet19_T4_all,layer_04_layer1_1_conv1,set_associative,16,16384,cout,cin_cout_2d,32,0.142977,5
loas,resnet19_T4_all,layer_04_layer1_1_conv1,set_associative,16,32768,cout,cin_cout_2d,32,0.152551,5
loas,resnet19_T4_all,layer_04_layer1_1_conv1,set_associative,16,65536,cout,cin_cout_2d,32,0.338782,5
loas,resnet19_T4_all,layer_04_layer1_1_conv1,set_associative,32,16384,cout,cin_cout_2d,32,0.142897,5
loas,resnet19_T4_all,layer_04_layer1_1_conv1,set_associative,32,32768,cout,cin_cout_2d,32,0.149132,5
loas,resnet19_T4_all,layer_04_layer1_1_conv1,set_associative,32,65536,cout,cin_cout_2d,32,0.345949,5
loas,resnet19_T4_all,layer_04_layer1_1_conv1,fully_associative,0,16384,cout,cin_cout_2d,32,0.938625,5
loas,resnet19_T4_all,layer_04_layer1_1_conv1,fully_associative,0,32768,cout,cin_cout_2d,32,0.992470,5
loas,resnet19_T4_all,layer_04_layer1_1_conv1,fully_associative,0,65536,cout,cin_cout_2d,32,0.992470,5
loas,resnet19_T4_all,layer_04_layer1_1_conv1,set_associative,4,16384,cout,cin_cout_2d,64,0.353045,5
loas,resnet19_T4_all,layer_04_layer1_1_conv1,set_associative,4,32768,cout,cin_cout_2d,64,0.355616,5
loas,resnet19_T4_all,layer_04_layer1_1_conv1,set_associative,4,65536,cout,cin_cout_2d,64,0.391751,5
loas,resnet19_T4_all,layer_04_layer1_1_conv1,set_associative,16,16384,cout,cin_cout_2d,64,0.353026,5
loas,resnet19_T4_all,layer_04_layer1_1_conv1,set_associative,16,32768,cout,cin_cout_2d,64,0.354018,5
loas,resnet19_T4_all,layer_04_layer1_1_conv1,set_associative,16,65536,cout,cin_cout_2d,64,0.380618,5
loas,resnet19_T4_all,layer_04_layer1_1_conv1,set_associative,32,16384,cout,cin_cout_2d,64,0.353026,5
loas,resnet19_T4_all,layer_04_layer1_1_conv1,set_associative,32,32768,cout,cin_cout_2d,64,0.353629,5
loas,resnet19_T4_all,layer_04_layer1_1_conv1,set_associative,32,65536,cout,cin_cout_2d,64,0.372340,5
loas,resnet19_T4_all,layer_04_layer1_1_conv1,fully_associative,0,16384,cout,cin_cout_2d,64,0.911615,5
loas,resnet19_T4_all,layer_04_layer1_1_conv1,fully_associative,0,32768,cout,cin_cout_2d,64,0.996235,5
loas,resnet19_T4_all,layer_04_layer1_1_conv1,fully_associative,0,65536,cout,cin_cout_2d,64,0.996235,5
loas,resnet19_T4_all,layer_05_layer1_1_conv2,set_associative,4,16384,cout,cin_cout_2d,16,0.032823,5
loas,resnet19_T4_all,layer_05_layer1_1_conv2,set_associative,4,32768,cout,cin_cout_2d,16,0.117101,5
loas,resnet19_T4_all,layer_05_layer1_1_conv2,set_associative,4,65536,cout,cin_cout_2d,16,0.238377,5
loas,resnet19_T4_all,layer_05_layer1_1_conv2,set_associative,16,16384,cout,cin_cout_2d,16,0.025461,5
loas,resnet19_T4_all,layer_05_layer1_1_conv2,set_associative,16,32768,cout,cin_cout_2d,16,0.235763,5
loas,resnet19_T4_all,layer_05_layer1_1_conv2,set_associative,16,65536,cout,cin_cout_2d,16,0.583712,5
loas,resnet19_T4_all,layer_05_layer1_1_conv2,set_associative,32,16384,cout,cin_cout_2d,16,0.018699,5
loas,resnet19_T4_all,layer_05_layer1_1_conv2,set_associative,32,32768,cout,cin_cout_2d,16,0.273620,5
loas,resnet19_T4_all,layer_05_layer1_1_conv2,set_associative,32,65536,cout,cin_cout_2d,16,0.644406,5
loas,resnet19_T4_all,layer_05_layer1_1_conv2,fully_associative,0,16384,cout,cin_cout_2d,16,0.946748,5
loas,resnet19_T4_all,layer_05_layer1_1_conv2,fully_associative,0,32768,cout,cin_cout_2d,16,0.978971,5
loas,resnet19_T4_all,layer_05_layer1_1_conv2,fully_associative,0,65536,cout,cin_cout_2d,16,0.978971,5
loas,resnet19_T4_all,layer_05_layer1_1_conv2,set_associative,4,16384,cout,cin_cout_2d,32,0.100019,5
loas,resnet19_T4_all,layer_05_layer1_1_conv2,set_associative,4,32768,cout,cin_cout_2d,32,0.140209,5
loas,resnet19_T4_all,layer_05_layer1_1_conv2,set_associative,4,65536,cout,cin_cout_2d,32,0.263384,5
loas,resnet19_T4_all,layer_05_layer1_1_conv2,set_associative,16,16384,cout,cin_cout_2d,32,0.096314,5
loas,resnet19_T4_all,layer_05_layer1_1_conv2,set_associative,16,32768,cout,cin_cout_2d,32,0.132856,5
loas,resnet19_T4_all,layer_05_layer1_1_conv2,set_associative,16,65536,cout,cin_cout_2d,32,0.429963,5
loas,resnet19_T4_all,layer_05_layer1_1_conv2,set_associative,32,16384,cout,cin_cout_2d,32,0.095780,5
loas,resnet19_T4_all,layer_05_layer1_1_conv2,set_associative,32,32768,cout,cin_cout_2d,32,0.123160,5
loas,resnet19_T4_all,layer_05_layer1_1_conv2,set_associative,32,65536,cout,cin_cout_2d,32,0.489669,5
loas,resnet19_T4_all,layer_05_layer1_1_conv2,fully_associative,0,16384,cout,cin_cout_2d,32,0.939921,5
loas,resnet19_T4_all,layer_05_layer1_1_conv2,fully_associative,0,32768,cout,cin_cout_2d,32,0.989480,5
loas,resnet19_T4_all,layer_05_layer1_1_conv2,fully_associative,0,65536,cout,cin_cout_2d,32,0.989480,5
loas,resnet19_T4_all,layer_05_layer1_1_conv2,set_associative,4,16384,cout,cin_cout_2d,64,0.267416,5
loas,resnet19_T4_all,layer_05_layer1_1_conv2,set_associative,4,32768,cout,cin_cout_2d,64,0.275279,5
loas,resnet19_T4_all,layer_05_layer1_1_conv2,set_associative,4,65536,cout,cin_cout_2d,64,0.344594,5
loas,resnet19_T4_all,layer_05_layer1_1_conv2,set_associative,16,16384,cout,cin_cout_2d,64,0.267189,5
loas,resnet19_T4_all,layer_05_layer1_1_conv2,set_associative,16,32768,cout,cin_cout_2d,64,0.269992,5
loas,resnet19_T4_all,layer_05_layer1_1_conv2,set_associative,16,65536,cout,cin_cout_2d,64,0.351872,5
loas,resnet19_T4_all,layer_05_layer1_1_conv2,set_associative,32,16384,cout,cin_cout_2d,64,0.267189,5
loas,resnet19_T4_all,layer_05_layer1_1_conv2,set_associative,32,32768,cout,cin_cout_2d,64,0.270241,5
loas,resnet19_T4_all,layer_05_layer1_1_conv2,set_associative,32,65536,cout,cin_cout_2d,64,0.337708,5
loas,resnet19_T4_all,layer_05_layer1_1_conv2,fully_associative,0,16384,cout,cin_cout_2d,64,0.925986,5
loas,resnet19_T4_all,layer_05_layer1_1_conv2,fully_associative,0,32768,cout,cin_cout_2d,64,0.994740,5
loas,resnet19_T4_all,layer_05_layer1_1_conv2,fully_associative,0,65536,cout,cin_cout_2d,64,0.994740,5
loas,resnet19_T4_all,layer_06_layer1_2_conv1,set_associative,4,16384,cout,cin_cout_2d,16,0.007897,5
loas,resnet19_T4_all,layer_06_layer1_2_conv1,set_associative,4,32768,cout,cin_cout_2d,16,0.054724,5
loas,resnet19_T4_all,layer_06_layer1_2_conv1,set_associative,4,65536,cout,cin_cout_2d,16,0.162681,5
loas,resnet19_T4_all,layer_06_layer1_2_conv1,set_associative,16,16384,cout,cin_cout_2d,16,0.001622,5
loas,resnet19_T4_all,layer_06_layer1_2_conv1,set_associative,16,32768,cout,cin_cout_2d,16,0.058828,5
loas,resnet19_T4_all,layer_06_layer1_2_conv1,set_associative,16,65536,cout,cin_cout_2d,16,0.405697,5
loas,resnet19_T4_all,layer_06_layer1_2_conv1,set_associative,32,16384,cout,cin_cout_2d,16,0.000939,5
loas,resnet19_T4_all,layer_06_layer1_2_conv1,set_associative,32,32768,cout,cin_cout_2d,16,0.042099,5
loas,resnet19_T4_all,layer_06_layer1_2_conv1,set_associative,32,65536,cout,cin_cout_2d,16,0.488276,5
loas,resnet19_T4_all,layer_06_layer1_2_conv1,fully_associative,0,16384,cout,cin_cout_2d,16,0.951235,5
loas,resnet19_T4_all,layer_06_layer1_2_conv1,fully_associative,0,32768,cout,cin_cout_2d,16,0.987936,5
loas,resnet19_T4_all,layer_06_layer1_2_conv1,fully_associative,0,65536,cout,cin_cout_2d,16,0.987936,5
loas,resnet19_T4_all,layer_06_layer1_2_conv1,set_associative,4,16384,cout,cin_cout_2d,32,0.172588,5
loas,resnet19_T4_all,layer_06_layer1_2_conv1,set_associative,4,32768,cout,cin_cout_2d,32,0.184443,5
loas,resnet19_T4_all,layer_06_layer1_2_conv1,set_associative,4,65536,cout,cin_cout_2d,32,0.255110,5
loas,resnet19_T4_all,layer_06_layer1_2_conv1,set_associative,16,16384,cout,cin_cout_2d,32,0.172112,5
loas,resnet19_T4_all,layer_06_layer1_2_conv1,set_associative,16,32768,cout,cin_cout_2d,32,0.177185,5
loas,resnet19_T4_all,layer_06_layer1_2_conv1,set_associative,16,65536,cout,cin_cout_2d,32,0.283619,5
loas,resnet19_T4_all,layer_06_layer1_2_conv1,set_associative,32,16384,cout,cin_cout_2d,32,0.172095,5
loas,resnet19_T4_all,layer_06_layer1_2_conv1,set_associative,32,32768,cout,cin_cout_2d,32,0.176540,5
loas,resnet19_T4_all,layer_06_layer1_2_conv1,set_associative,32,65536,cout,cin_cout_2d,32,0.268708,5
loas,resnet19_T4_all,layer_06_layer1_2_conv1,fully_associative,0,16384,cout,cin_cout_2d,32,0.942863,5
loas,resnet19_T4_all,layer_06_layer1_2_conv1,fully_associative,0,32768,cout,cin_cout_2d,32,0.993968,5
loas,resnet19_T4_all,layer_06_layer1_2_conv1,fully_associative,0,65536,cout,cin_cout_2d,32,0.993968,5
loas,resnet19_T4_all,layer_06_layer1_2_conv1,set_associative,4,16384,cout,cin_cout_2d,64,0.412150,5
loas,resnet19_T4_all,layer_06_layer1_2_conv1,set_associative,4,32768,cout,cin_cout_2d,64,0.413316,5
loas,resnet19_T4_all,layer_06_layer1_2_conv1,set_associative,4,65536,cout,cin_cout_2d,64,0.435260,5
loas,resnet19_T4_all,layer_06_layer1_2_conv1,set_associative,16,16384,cout,cin_cout_2d,64,0.412150,5
loas,resnet19_T4_all,layer_06_layer1_2_conv1,set_associative,16,32768,cout,cin_cout_2d,64,0.412333,5
loas,resnet19_T4_all,layer_06_layer1_2_conv1,set_associative,16,65536,cout,cin_cout_2d,64,0.423877,5
loas,resnet19_T4_all,layer_06_layer1_2_conv1,set_associative,32,16384,cout,cin_cout_2d,64,0.412150,5
loas,resnet19_T4_all,layer_06_layer1_2_conv1,set_associative,32,32768,cout,cin_cout_2d,64,0.412182,5
loas,resnet19_T4_all,layer_06_layer1_2_conv1,set_associative,32,65536,cout,cin_cout_2d,64,0.419946,5
loas,resnet19_T4_all,layer_06_layer1_2_conv1,fully_associative,0,16384,cout,cin_cout_2d,64,0.903553,5
loas,resnet19_T4_all,layer_06_layer1_2_conv1,fully_associative,0,32768,cout,cin_cout_2d,64,0.996984,5
loas,resnet19_T4_all,layer_06_layer1_2_conv1,fully_associative,0,65536,cout,cin_cout_2d,64,0.996984,5
loas,resnet19_T4_all,layer_07_layer1_2_conv2,set_associative,4,16384,cout,cin_cout_2d,16,0.013825,5
loas,resnet19_T4_all,layer_07_layer1_2_conv2,set_associative,4,32768,cout,cin_cout_2d,16,0.064818,5
loas,resnet19_T4_all,layer_07_layer1_2_conv2,set_associative,4,65536,cout,cin_cout_2d,16,0.158216,5
loas,resnet19_T4_all,layer_07_layer1_2_conv2,set_associative,16,16384,cout,cin_cout_2d,16,0.004614,5
loas,resnet19_T4_all,layer_07_layer1_2_conv2,set_associative,16,32768,cout,cin_cout_2d,16,0.101793,5
loas,resnet19_T4_all,layer_07_layer1_2_conv2,set_associative,16,65536,cout,cin_cout_2d,16,0.455306,5
loas,resnet19_T4_all,layer_07_layer1_2_conv2,set_associative,32,16384,cout,cin_cout_2d,16,0.002529,5
loas,resnet19_T4_all,layer_07_layer1_2_conv2,set_associative,32,32768,cout,cin_cout_2d,16,0.093836,5
loas,resnet19_T4_all,layer_07_layer1_2_conv2,set_associative,32,65536,cout,cin_cout_2d,16,0.562631,5
loas,resnet19_T4_all,layer_07_layer1_2_conv2,fully_associative,0,16384,cout,cin_cout_2d,16,0.959511,5
loas,resnet19_T4_all,layer_07_layer1_2_conv2,fully_associative,0,32768,cout,cin_cout_2d,16,0.986251,5
loas,resnet19_T4_all,layer_07_layer1_2_conv2,fully_associative,0,65536,cout,cin_cout_2d,16,0.986251,5
loas,resnet19_T4_all,layer_07_layer1_2_conv2,set_associative,4,16384,cout,cin_cout_2d,32,0.159629,5
loas,resnet19_T4_all,layer_07_layer1_2_conv2,set_associative,4,32768,cout,cin_cout_2d,32,0.176938,5
loas,resnet19_T4_all,layer_07_layer1_2_conv2,set_associative,4,65536,cout,cin_cout_2d,32,0.250356,5
loas,resnet19_T4_all,layer_07_layer1_2_conv2,set_associative,16,16384,cout,cin_cout_2d,32,0.158466,5
loas,resnet19_T4_all,layer_07_layer1_2_conv2,set_associative,16,32768,cout,cin_cout_2d,32,0.167517,5
loas,resnet19_T4_all,layer_07_layer1_2_conv2,set_associative,16,65536,cout,cin_cout_2d,32,0.323734,5
loas,resnet19_T4_all,layer_07_layer1_2_conv2,set_associative,32,16384,cout,cin_cout_2d,32,0.158346,5
loas,resnet19_T4_all,layer_07_layer1_2_conv2,set_associative,32,32768,cout,cin_cout_2d,32,0.165115,5
loas,resnet19_T4_all,layer_07_layer1_2_conv2,set_associative,32,65536,cout,cin_cout_2d,32,0.323868,5
loas,resnet19_T4_all,layer_07_layer1_2_conv2,fully_associative,0,16384,cout,cin_cout_2d,32,0.959251,5
loas,resnet19_T4_all,layer_07_layer1_2_conv2,fully_associative,0,32768,cout,cin_cout_2d,32,0.993125,5
loas,resnet19_T4_all,layer_07_layer1_2_conv2,fully_associative,0,65536,cout,cin_cout_2d,32,0.993125,5
loas,resnet19_T4_all,layer_07_layer1_2_conv2,set_associative,4,16384,cout,cin_cout_2d,64,0.383595,5
loas,resnet19_T4_all,layer_07_layer1_2_conv2,set_associative,4,32768,cout,cin_cout_2d,64,0.385863,5
loas,resnet19_T4_all,layer_07_layer1_2_conv2,set_associative,4,65536,cout,cin_cout_2d,64,0.416154,5
loas,resnet19_T4_all,layer_07_layer1_2_conv2,set_associative,16,16384,cout,cin_cout_2d,64,0.383576,5
loas,resnet19_T4_all,layer_07_layer1_2_conv2,set_associative,16,32768,cout,cin_cout_2d,64,0.383956,5
loas,resnet19_T4_all,layer_07_layer1_2_conv2,set_associative,16,65536,cout,cin_cout_2d,64,0.406923,5
loas,resnet19_T4_all,layer_07_layer1_2_conv2,set_associative,32,16384,cout,cin_cout_2d,64,0.383576,5
loas,resnet19_T4_all,layer_07_layer1_2_conv2,set_associative,32,32768,cout,cin_cout_2d,64,0.383805,5
loas,resnet19_T4_all,layer_07_layer1_2_conv2,set_associative,32,65536,cout,cin_cout_2d,64,0.399617,5
loas,resnet19_T4_all,layer_07_layer1_2_conv2,fully_associative,0,16384,cout,cin_cout_2d,64,0.928448,5
loas,resnet19_T4_all,layer_07_layer1_2_conv2,fully_associative,0,32768,cout,cin_cout_2d,64,0.996563,5
loas,resnet19_T4_all,layer_07_layer1_2_conv2,fully_associative,0,65536,cout,cin_cout_2d,64,0.996563,5
loas,resnet19_T4_all,layer_08_layer2_0_conv1,set_associative,4,16384,cout,cin_cout_2d,16,0.000023,5
loas,resnet19_T4_all,layer_08_layer2_0_conv1,set_associative,4,32768,cout,cin_cout_2d,16,0.003351,5
loas,resnet19_T4_all,layer_08_layer2_0_conv1,set_associative,4,65536,cout,cin_cout_2d,16,0.032519,5
loas,resnet19_T4_all,layer_08_layer2_0_conv1,set_associative,16,16384,cout,cin_cout_2d,16,0.000000,5
loas,resnet19_T4_all,layer_08_layer2_0_conv1,set_associative,16,32768,cout,cin_cout_2d,16,0.000013,5
loas,resnet19_T4_all,layer_08_layer2_0_conv1,set_associative,16,65536,cout,cin_cout_2d,16,0.020572,5
loas,resnet19_T4_all,layer_08_layer2_0_conv1,set_associative,32,16384,cout,cin_cout_2d,16,0.000000,5
loas,resnet19_T4_all,layer_08_layer2_0_conv1,set_associative,32,32768,cout,cin_cout_2d,16,0.000000,5
loas,resnet19_T4_all,layer_08_layer2_0_conv1,set_associative,32,65536,cout,cin_cout_2d,16,0.006248,5
loas,resnet19_T4_all,layer_08_layer2_0_conv1,fully_associative,0,16384,cout,cin_cout_2d,16,0.976125,5
loas,resnet19_T4_all,layer_08_layer2_0_conv1,fully_associative,0,32768,cout,cin_cout_2d,16,0.990827,5
loas,resnet19_T4_all,layer_08_layer2_0_conv1,fully_associative,0,65536,cout,cin_cout_2d,16,0.990827,5
loas,resnet19_T4_all,layer_08_layer2_0_conv1,set_associative,4,16384,cout,cin_cout_2d,32,0.232630,5
loas,resnet19_T4_all,layer_08_layer2_0_conv1,set_associative,4,32768,cout,cin_cout_2d,32,0.232695,5
loas,resnet19_T4_all,layer_08_layer2_0_conv1,set_associative,4,65536,cout,cin_cout_2d,32,0.236995,5
loas,resnet19_T4_all,layer_08_layer2_0_conv1,set_associative,16,16384,cout,cin_cout_2d,32,0.232630,5
loas,resnet19_T4_all,layer_08_layer2_0_conv1,set_associative,16,32768,cout,cin_cout_2d,32,0.232630,5
loas,resnet19_T4_all,layer_08_layer2_0_conv1,set_associative,16,65536,cout,cin_cout_2d,32,0.232763,5
loas,resnet19_T4_all,layer_08_layer2_0_conv1,set_associative,32,16384,cout,cin_cout_2d,32,0.232630,5
loas,resnet19_T4_all,layer_08_layer2_0_conv1,set_associative,32,32768,cout,cin_cout_2d,32,0.232630,5
loas,resnet19_T4_all,layer_08_layer2_0_conv1,set_associative,32,65536,cout,cin_cout_2d,32,0.232630,5
loas,resnet19_T4_all,layer_08_layer2_0_conv1,fully_associative,0,16384,cout,cin_cout_2d,32,0.956784,5
loas,resnet19_T4_all,layer_08_layer2_0_conv1,fully_associative,0,32768,cout,cin_cout_2d,32,0.995414,5
loas,resnet19_T4_all,layer_08_layer2_0_conv1,fully_associative,0,65536,cout,cin_cout_2d,32,0.995414,5
loas,resnet19_T4_all,layer_08_layer2_0_conv1,set_associative,4,16384,cout,cin_cout_2d,64,0.511192,5
loas,resnet19_T4_all,layer_08_layer2_0_conv1,set_associative,4,32768,cout,cin_cout_2d,64,0.511192,5
loas,resnet19_T4_all,layer_08_layer2_0_conv1,set_associative,4,65536,cout,cin_cout_2d,64,0.511291,5
loas,resnet19_T4_all,layer_08_layer2_0_conv1,set_associative,16,16384,cout,cin_cout_2d,64,0.511192,5
loas,resnet19_T4_all,layer_08_layer2_0_conv1,set_associative,16,32768,cout,cin_cout_2d,64,0.511192,5
loas,resnet19_T4_all,layer_08_layer2_0_conv1,set_associative,16,65536,cout,cin_cout_2d,64,0.511192,5
loas,resnet19_T4_all,layer_08_layer2_0_conv1,set_associative,32,16384,cout,cin_cout_2d,64,0.511192,5
loas,resnet19_T4_all,layer_08_layer2_0_conv1,set_associative,32,32768,cout,cin_cout_2d,64,0.511192,5
loas,resnet19_T4_all,layer_08_layer2_0_conv1,set_associative,32,65536,cout,cin_cout_2d,64,0.511192,5
loas,resnet19_T4_all,layer_08_layer2_0_conv1,fully_associative,0,16384,cout,cin_cout_2d,64,0.718141,5
loas,resnet19_T4_all,layer_08_layer2_0_conv1,fully_associative,0,32768,cout,cin_cout_2d,64,0.997707,5
loas,resnet19_T4_all,layer_08_layer2_0_conv1,fully_associative,0,65536,cout,cin_cout_2d,64,0.997707,5
loas,resnet19_T4_all,layer_09_layer2_0_conv2,set_associative,4,16384,cout,cin_cout_2d,16,0.001344,5
loas,resnet19_T4_all,layer_09_layer2_0_conv2,set_associative,4,32768,cout,cin_cout_2d,16,0.013930,5
loas,resnet19_T4_all,layer_09_layer2_0_conv2,set_associative,4,65536,cout,cin_cout_2d,16,0.071741,5
loas,resnet19_T4_all,layer_09_layer2_0_conv2,set_associative,16,16384,cout,cin_cout_2d,16,0.000293,5
loas,resnet19_T4_all,layer_09_layer2_0_conv2,set_associative,16,32768,cout,cin_cout_2d,16,0.008249,5
loas,resnet19_T4_all,layer_09_layer2_0_conv2,set_associative,16,65536,cout,cin_cout_2d,16,0.104216,5
loas,resnet19_T4_all,layer_09_layer2_0_conv2,set_associative,32,16384,cout,cin_cout_2d,16,0.000185,5
loas,resnet19_T4_all,layer_09_layer2_0_conv2,set_associative,32,32768,cout,cin_cout_2d,16,0.007715,5
loas,resnet19_T4_all,layer_09_layer2_0_conv2,set_associative,32,65536,cout,cin_cout_2d,16,0.103468,5
loas,resnet19_T4_all,layer_09_layer2_0_conv2,fully_associative,0,16384,cout,cin_cout_2d,16,0.651220,5
loas,resnet19_T4_all,layer_09_layer2_0_conv2,fully_associative,0,32768,cout,cin_cout_2d,16,0.926747,5
loas,resnet19_T4_all,layer_09_layer2_0_conv2,fully_associative,0,65536,cout,cin_cout_2d,16,0.942585,5
loas,resnet19_T4_all,layer_09_layer2_0_conv2,set_associative,4,16384,cout,cin_cout_2d,32,0.169668,5
loas,resnet19_T4_all,layer_09_layer2_0_conv2,set_associative,4,32768,cout,cin_cout_2d,32,0.171550,5
loas,resnet19_T4_all,layer_09_layer2_0_conv2,set_associative,4,65536,cout,cin_cout_2d,32,0.191092,5
loas,resnet19_T4_all,layer_09_layer2_0_conv2,set_associative,16,16384,cout,cin_cout_2d,32,0.169552,5
loas,resnet19_T4_all,layer_09_layer2_0_conv2,set_associative,16,32768,cout,cin_cout_2d,32,0.170339,5
loas,resnet19_T4_all,layer_09_layer2_0_conv2,set_associative,16,65536,cout,cin_cout_2d,32,0.186171,5
loas,resnet19_T4_all,layer_09_layer2_0_conv2,set_associative,32,16384,cout,cin_cout_2d,32,0.169552,5
loas,resnet19_T4_all,layer_09_layer2_0_conv2,set_associative,32,32768,cout,cin_cout_2d,32,0.170010,5
loas,resnet19_T4_all,layer_09_layer2_0_conv2,set_associative,32,65536,cout,cin_cout_2d,32,0.181942,5
loas,resnet19_T4_all,layer_09_layer2_0_conv2,fully_associative,0,16384,cout,cin_cout_2d,32,0.338964,5
loas,resnet19_T4_all,layer_09_layer2_0_conv2,fully_associative,0,32768,cout,cin_cout_2d,32,0.932847,5
loas,resnet19_T4_all,layer_09_layer2_0_conv2,fully_associative,0,65536,cout,cin_cout_2d,32,0.970842,5
loas,resnet19_T4_all,layer_09_layer2_0_conv2,set_associative,4,16384,cout,cin_cout_2d,64,0.394544,5
loas,resnet19_T4_all,layer_09_layer2_0_conv2,set_associative,4,32768,cout,cin_cout_2d,64,0.394817,5
loas,resnet19_T4_all,layer_09_layer2_0_conv2,set_associative,4,65536,cout,cin_cout_2d,64,0.398795,5
loas,resnet19_T4_all,layer_09_layer2_0_conv2,set_associative,16,16384,cout,cin_cout_2d,64,0.394528,5
loas,resnet19_T4_all,layer_09_layer2_0_conv2,set_associative,16,32768,cout,cin_cout_2d,64,0.394539,5
loas,resnet19_T4_all,layer_09_layer2_0_conv2,set_associative,16,65536,cout,cin_cout_2d,64,0.397491,5
loas,resnet19_T4_all,layer_09_layer2_0_conv2,set_associative,32,16384,cout,cin_cout_2d,64,0.394528,5
loas,resnet19_T4_all,layer_09_layer2_0_conv2,set_associative,32,32768,cout,cin_cout_2d,64,0.394528,5
loas,resnet19_T4_all,layer_09_layer2_0_conv2,set_associative,32,65536,cout,cin_cout_2d,64,0.397216,5
loas,resnet19_T4_all,layer_09_layer2_0_conv2,fully_associative,0,16384,cout,cin_cout_2d,64,0.418496,5
loas,resnet19_T4_all,layer_09_layer2_0_conv2,fully_associative,0,32768,cout,cin_cout_2d,64,0.909408,5
loas,resnet19_T4_all,layer_09_layer2_0_conv2,fully_associative,0,65536,cout,cin_cout_2d,64,0.985412,5
loas,resnet19_T4_all,layer_10_layer2_0_shortcut_0,set_associative,4,16384,cout,cin_cout_2d,16,0.000023,5
loas,resnet19_T4_all,layer_10_layer2_0_shortcut_0,set_associative,4,32768,cout,cin_cout_2d,16,0.003351,5
loas,resnet19_T4_all,layer_10_layer2_0_shortcut_0,set_associative,4,65536,cout,cin_cout_2d,16,0.032519,5
loas,resnet19_T4_all,layer_10_layer2_0_shortcut_0,set_associative,16,16384,cout,cin_cout_2d,16,0.000000,5
loas,resnet19_T4_all,layer_10_layer2_0_shortcut_0,set_associative,16,32768,cout,cin_cout_2d,16,0.000013,5
loas,resnet19_T4_all,layer_10_layer2_0_shortcut_0,set_associative,16,65536,cout,cin_cout_2d,16,0.020572,5
loas,resnet19_T4_all,layer_10_layer2_0_shortcut_0,set_associative,32,16384,cout,cin_cout_2d,16,0.000000,5
loas,resnet19_T4_all,layer_10_layer2_0_shortcut_0,set_associative,32,32768,cout,cin_cout_2d,16,0.000000,5
loas,resnet19_T4_all,layer_10_layer2_0_shortcut_0,set_associative,32,65536,cout,cin_cout_2d,16,0.006248,5
loas,resnet19_T4_all,layer_10_layer2_0_shortcut_0,fully_associative,0,16384,cout,cin_cout_2d,16,0.976125,5
loas,resnet19_T4_all,layer_10_layer2_0_shortcut_0,fully_associative,0,32768,cout,cin_cout_2d,16,0.990827,5
loas,resnet19_T4_all,layer_10_layer2_0_shortcut_0,fully_associative,0,65536,cout,cin_cout_2d,16,0.990827,5
loas,resnet19_T4_all,layer_10_layer2_0_shortcut_0,set_associative,4,16384,cout,cin_cout_2d,32,0.232630,5
loas,resnet19_T4_all,layer_10_layer2_0_shortcut_0,set_associative,4,32768,cout,cin_cout_2d,32,0.232695,5
loas,resnet19_T4_all,layer_10_layer2_0_shortcut_0,set_associative,4,65536,cout,cin_cout_2d,32,0.236995,5
loas,resnet19_T4_all,layer_10_layer2_0_shortcut_0,set_associative,16,16384,cout,cin_cout_2d,32,0.232630,5
loas,resnet19_T4_all,layer_10_layer2_0_shortcut_0,set_associative,16,32768,cout,cin_cout_2d,32,0.232630,5
loas,resnet19_T4_all,layer_10_layer2_0_shortcut_0,set_associative,16,65536,cout,cin_cout_2d,32,0.232763,5
loas,resnet19_T4_all,layer_10_layer2_0_shortcut_0,set_associative,32,16384,cout,cin_cout_2d,32,0.232630,5
loas,resnet19_T4_all,layer_10_layer2_0_shortcut_0,set_associative,32,32768,cout,cin_cout_2d,32,0.232630,5
loas,resnet19_T4_all,layer_10_layer2_0_shortcut_0,set_associative,32,65536,cout,cin_cout_2d,32,0.232630,5
loas,resnet19_T4_all,layer_10_layer2_0_shortcut_0,fully_associative,0,16384,cout,cin_cout_2d,32,0.956784,5
loas,resnet19_T4_all,layer_10_layer2_0_shortcut_0,fully_associative,0,32768,cout,cin_cout_2d,32,0.995414,5
loas,resnet19_T4_all,layer_10_layer2_0_shortcut_0,fully_associative,0,65536,cout,cin_cout_2d,32,0.995414,5
loas,resnet19_T4_all,layer_10_layer2_0_shortcut_0,set_associative,4,16384,cout,cin_cout_2d,64,0.511192,5
loas,resnet19_T4_all,layer_10_layer2_0_shortcut_0,set_associative,4,32768,cout,cin_cout_2d,64,0.511192,5
loas,resnet19_T4_all,layer_10_layer2_0_shortcut_0,set_associative,4,65536,cout,cin_cout_2d,64,0.511291,5
loas,resnet19_T4_all,layer_10_layer2_0_shortcut_0,set_associative,16,16384,cout,cin_cout_2d,64,0.511192,5
loas,resnet19_T4_all,layer_10_layer2_0_shortcut_0,set_associative,16,32768,cout,cin_cout_2d,64,0.511192,5
loas,resnet19_T4_all,layer_10_layer2_0_shortcut_0,set_associative,16,65536,cout,cin_cout_2d,64,0.511192,5
loas,resnet19_T4_all,layer_10_layer2_0_shortcut_0,set_associative,32,16384,cout,cin_cout_2d,64,0.511192,5
loas,resnet19_T4_all,layer_10_layer2_0_shortcut_0,set_associative,32,32768,cout,cin_cout_2d,64,0.511192,5
loas,resnet19_T4_all,layer_10_layer2_0_shortcut_0,set_associative,32,65536,cout,cin_cout_2d,64,0.511192,5
loas,resnet19_T4_all,layer_10_layer2_0_shortcut_0,fully_associative,0,16384,cout,cin_cout_2d,64,0.718141,5
loas,resnet19_T4_all,layer_10_layer2_0_shortcut_0,fully_associative,0,32768,cout,cin_cout_2d,64,0.997707,5
loas,resnet19_T4_all,layer_10_layer2_0_shortcut_0,fully_associative,0,65536,cout,cin_cout_2d,64,0.997707,5
loas,resnet19_T4_all,layer_11_layer2_1_conv1,set_associative,4,16384,cout,cin_cout_2d,16,0.000000,5
loas,resnet19_T4_all,layer_11_layer2_1_conv1,set_associative,4,32768,cout,cin_cout_2d,16,0.000000,5
loas,resnet19_T4_all,layer_11_layer2_1_conv1,set_associative,4,65536,cout,cin_cout_2d,16,0.000291,5
loas,resnet19_T4_all,layer_11_layer2_1_conv1,set_associative,16,16384,cout,cin_cout_2d,16,0.000000,5
loas,resnet19_T4_all,layer_11_layer2_1_conv1,set_associative,16,32768,cout,cin_cout_2d,16,0.000000,5
loas,resnet19_T4_all,layer_11_layer2_1_conv1,set_associative,16,65536,cout,cin_cout_2d,16,0.000000,5
loas,resnet19_T4_all,layer_11_layer2_1_conv1,set_associative,32,16384,cout,cin_cout_2d,16,0.000000,5
loas,resnet19_T4_all,layer_11_layer2_1_conv1,set_associative,32,32768,cout,cin_cout_2d,16,0.000000,5
loas,resnet19_T4_all,layer_11_layer2_1_conv1,set_associative,32,65536,cout,cin_cout_2d,16,0.000000,5
loas,resnet19_T4_all,layer_11_layer2_1_conv1,fully_associative,0,16384,cout,cin_cout_2d,16,0.144187,5
loas,resnet19_T4_all,layer_11_layer2_1_conv1,fully_associative,0,32768,cout,cin_cout_2d,16,0.950216,5
loas,resnet19_T4_all,layer_11_layer2_1_conv1,fully_associative,0,65536,cout,cin_cout_2d,16,0.970559,5
loas,resnet19_T4_all,layer_11_layer2_1_conv1,set_associative,4,16384,cout,cin_cout_2d,32,0.317636,5
loas,resnet19_T4_all,layer_11_layer2_1_conv1,set_associative,4,32768,cout,cin_cout_2d,32,0.317636,5
loas,resnet19_T4_all,layer_11_layer2_1_conv1,set_associative,4,65536,cout,cin_cout_2d,32,0.317636,5
loas,resnet19_T4_all,layer_11_layer2_1_conv1,set_associative,16,16384,cout,cin_cout_2d,32,0.317636,5
loas,resnet19_T4_all,layer_11_layer2_1_conv1,set_associative,16,32768,cout,cin_cout_2d,32,0.317636,5
loas,resnet19_T4_all,layer_11_layer2_1_conv1,set_associative,16,65536,cout,cin_cout_2d,32,0.317636,5
loas,resnet19_T4_all,layer_11_layer2_1_conv1,set_associative,32,16384,cout,cin_cout_2d,32,0.317636,5
loas,resnet19_T4_all,layer_11_layer2_1_conv1,set_associative,32,32768,cout,cin_cout_2d,32,0.317636,5
loas,resnet19_T4_all,layer_11_layer2_1_conv1,set_associative,32,65536,cout,cin_cout_2d,32,0.317636,5
loas,resnet19_T4_all,layer_11_layer2_1_conv1,fully_associative,0,16384,cout,cin_cout_2d,32,0.321804,5
loas,resnet19_T4_all,layer_11_layer2_1_conv1,fully_associative,0,32768,cout,cin_cout_2d,32,0.841812,5
loas,resnet19_T4_all,layer_11_layer2_1_conv1,fully_associative,0,65536,cout,cin_cout_2d,32,0.985199,5
loas,resnet19_T4_all,layer_11_layer2_1_conv1,set_associative,4,16384,cout,cin_cout_2d,64,0.607984,5
loas,resnet19_T4_all,layer_11_layer2_1_conv1,set_associative,4,32768,cout,cin_cout_2d,64,0.607984,5
loas,resnet19_T4_all,layer_11_layer2_1_conv1,set_associative,4,65536,cout,cin_cout_2d,64,0.607984,5
loas,resnet19_T4_all,layer_11_layer2_1_conv1,set_associative,16,16384,cout,cin_cout_2d,64,0.607984,5
loas,resnet19_T4_all,layer_11_layer2_1_conv1,set_associative,16,32768,cout,cin_cout_2d,64,0.607984,5
loas,resnet19_T4_all,layer_11_layer2_1_conv1,set_associative,16,65536,cout,cin_cout_2d,64,0.607984,5
loas,resnet19_T4_all,layer_11_layer2_1_conv1,set_associative,32,16384,cout,cin_cout_2d,64,0.607984,5
loas,resnet19_T4_all,layer_11_layer2_1_conv1,set_associative,32,32768,cout,cin_cout_2d,64,0.607984,5
loas,resnet19_T4_all,layer_11_layer2_1_conv1,set_associative,32,65536,cout,cin_cout_2d,64,0.607984,5
loas,resnet19_T4_all,layer_11_layer2_1_conv1,fully_associative,0,16384,cout,cin_cout_2d,64,0.610441,5
loas,resnet19_T4_all,layer_11_layer2_1_conv1,fully_associative,0,32768,cout,cin_cout_2d,64,0.735841,5
loas,resnet19_T4_all,layer_11_layer2_1_conv1,fully_associative,0,65536,cout,cin_cout_2d,64,0.992600,5
loas,resnet19_T4_all,layer_12_layer2_1_conv2,set_associative,4,16384,cout,cin_cout_2d,16,0.000000,5
loas,resnet19_T4_all,layer_12_layer2_1_conv2,set_associative,4,32768,cout,cin_cout_2d,16,0.000000,5
loas,resnet19_T4_all,layer_12_layer2_1_conv2,set_associative,4,65536,cout,cin_cout_2d,16,0.000018,5
loas,resnet19_T4_all,layer_12_layer2_1_conv2,set_associative,16,16384,cout,cin_cout_2d,16,0.000000,5
loas,resnet19_T4_all,layer_12_layer2_1_conv2,set_associative,16,32768,cout,cin_cout_2d,16,0.000000,5
loas,resnet19_T4_all,layer_12_layer2_1_conv2,set_associative,16,65536,cout,cin_cout_2d,16,0.000000,5
loas,resnet19_T4_all,layer_12_layer2_1_conv2,set_associative,32,16384,cout,cin_cout_2d,16,0.000000,5
loas,resnet19_T4_all,layer_12_layer2_1_conv2,set_associative,32,32768,cout,cin_cout_2d,16,0.000000,5
loas,resnet19_T4_all,layer_12_layer2_1_conv2,set_associative,32,65536,cout,cin_cout_2d,16,0.000000,5
loas,resnet19_T4_all,layer_12_layer2_1_conv2,fully_associative,0,16384,cout,cin_cout_2d,16,0.006277,5
loas,resnet19_T4_all,layer_12_layer2_1_conv2,fully_associative,0,32768,cout,cin_cout_2d,16,0.867354,5
loas,resnet19_T4_all,layer_12_layer2_1_conv2,fully_associative,0,65536,cout,cin_cout_2d,16,0.977229,5
loas,resnet19_T4_all,layer_12_layer2_1_conv2,set_associative,4,16384,cout,cin_cout_2d,32,0.408742,5
loas,resnet19_T4_all,layer_12_layer2_1_conv2,set_associative,4,32768,cout,cin_cout_2d,32,0.408742,5
loas,resnet19_T4_all,layer_12_layer2_1_conv2,set_associative,4,65536,cout,cin_cout_2d,32,0.408742,5
loas,resnet19_T4_all,layer_12_layer2_1_conv2,set_associative,16,16384,cout,cin_cout_2d,32,0.408742,5
loas,resnet19_T4_all,layer_12_layer2_1_conv2,set_associative,16,32768,cout,cin_cout_2d,32,0.408742,5
loas,resnet19_T4_all,layer_12_layer2_1_conv2,set_associative,16,65536,cout,cin_cout_2d,32,0.408742,5
loas,resnet19_T4_all,layer_12_layer2_1_conv2,set_associative,32,16384,cout,cin_cout_2d,32,0.408742,5
loas,resnet19_T4_all,layer_12_layer2_1_conv2,set_associative,32,32768,cout,cin_cout_2d,32,0.408742,5
loas,resnet19_T4_all,layer_12_layer2_1_conv2,set_associative,32,65536,cout,cin_cout_2d,32,0.408742,5
loas,resnet19_T4_all,layer_12_layer2_1_conv2,fully_associative,0,16384,cout,cin_cout_2d,32,0.412469,5
loas,resnet19_T4_all,layer_12_layer2_1_conv2,fully_associative,0,32768,cout,cin_cout_2d,32,0.600451,5
loas,resnet19_T4_all,layer_12_layer2_1_conv2,fully_associative,0,65536,cout,cin_cout_2d,32,0.988581,5
loas,resnet19_T4_all,layer_12_layer2_1_conv2,set_associative,4,16384,cout,cin_cout_2d,64,0.693364,5
loas,resnet19_T4_all,layer_12_layer2_1_conv2,set_associative,4,32768,cout,cin_cout_2d,64,0.693364,5
loas,resnet19_T4_all,layer_12_layer2_1_conv2,set_associative,4,65536,cout,cin_cout_2d,64,0.693364,5
loas,resnet19_T4_all,layer_12_layer2_1_conv2,set_associative,16,16384,cout,cin_cout_2d,64,0.693364,5
loas,resnet19_T4_all,layer_12_layer2_1_conv2,set_associative,16,32768,cout,cin_cout_2d,64,0.693364,5
loas,resnet19_T4_all,layer_12_layer2_1_conv2,set_associative,16,65536,cout,cin_cout_2d,64,0.693364,5
loas,resnet19_T4_all,layer_12_layer2_1_conv2,set_associative,32,16384,cout,cin_cout_2d,64,0.693364,5
loas,resnet19_T4_all,layer_12_layer2_1_conv2,set_associative,32,32768,cout,cin_cout_2d,64,0.693364,5
loas,resnet19_T4_all,layer_12_layer2_1_conv2,set_associative,32,65536,cout,cin_cout_2d,64,0.693364,5
loas,resnet19_T4_all,layer_12_layer2_1_conv2,fully_associative,0,16384,cout,cin_cout_2d,64,0.695267,5
loas,resnet19_T4_all,layer_12_layer2_1_conv2,fully_associative,0,32768,cout,cin_cout_2d,64,0.794056,5
loas,resnet19_T4_all,layer_12_layer2_1_conv2,fully_associative,0,65536,cout,cin_cout_2d,64,0.994290,5
loas,resnet19_T4_all,layer_13_layer2_2_conv1,set_associative,4,16384,cout,cin_cout_2d,16,0.000000,5
loas,resnet19_T4_all,layer_13_layer2_2_conv1,set_associative,4,32768,cout,cin_cout_2d,16,0.000000,5
loas,resnet19_T4_all,layer_13_layer2_2_conv1,set_associative,4,65536,cout,cin_cout_2d,16,0.000009,5
loas,resnet19_T4_all,layer_13_layer2_2_conv1,set_associative,16,16384,cout,cin_cout_2d,16,0.000000,5
loas,resnet19_T4_all,layer_13_layer2_2_conv1,set_associative,16,32768,cout,cin_cout_2d,16,0.000000,5
loas,resnet19_T4_all,layer_13_layer2_2_conv1,set_associative,16,65536,cout,cin_cout_2d,16,0.000000,5
loas,resnet19_T4_all,layer_13_layer2_2_conv1,set_associative,32,16384,cout,cin_cout_2d,16,0.000000,5
loas,resnet19_T4_all,layer_13_layer2_2_conv1,set_associative,32,32768,cout,cin_cout_2d,16,0.000000,5
loas,resnet19_T4_all,layer_13_layer2_2_conv1,set_associative,32,65536,cout,cin_cout_2d,16,0.000000,5
loas,resnet19_T4_all,layer_13_layer2_2_conv1,fully_associative,0,16384,cout,cin_cout_2d,16,0.005877,5
loas,resnet19_T4_all,layer_13_layer2_2_conv1,fully_associative,0,32768,cout,cin_cout_2d,16,0.424368,5
loas,resnet19_T4_all,layer_13_layer2_2_conv1,fully_associative,0,65536,cout,cin_cout_2d,16,0.979539,5
loas,resnet19_T4_all,layer_13_layer2_2_conv1,set_associative,4,16384,cout,cin_cout_2d,32,0.451102,5
loas,resnet19_T4_all,layer_13_layer2_2_conv1,set_associative,4,32768,cout,cin_cout_2d,32,0.451102,5
loas,resnet19_T4_all,layer_13_layer2_2_conv1,set_associative,4,65536,cout,cin_cout_2d,32,0.451102,5
loas,resnet19_T4_all,layer_13_layer2_2_conv1,set_associative,16,16384,cout,cin_cout_2d,32,0.451102,5
loas,resnet19_T4_all,layer_13_layer2_2_conv1,set_associative,16,32768,cout,cin_cout_2d,32,0.451102,5
loas,resnet19_T4_all,layer_13_layer2_2_conv1,set_associative,16,65536,cout,cin_cout_2d,32,0.451102,5
loas,resnet19_T4_all,layer_13_layer2_2_conv1,set_associative,32,16384,cout,cin_cout_2d,32,0.451102,5
loas,resnet19_T4_all,layer_13_layer2_2_conv1,set_associative,32,32768,cout,cin_cout_2d,32,0.451102,5
loas,resnet19_T4_all,layer_13_layer2_2_conv1,set_associative,32,65536,cout,cin_cout_2d,32,0.451102,5
loas,resnet19_T4_all,layer_13_layer2_2_conv1,fully_associative,0,16384,cout,cin_cout_2d,32,0.454494,5
loas,resnet19_T4_all,layer_13_layer2_2_conv1,fully_associative,0,32768,cout,cin_cout_2d,32,0.631006,5
loas,resnet19_T4_all,layer_13_layer2_2_conv1,fully_associative,0,65536,cout,cin_cout_2d,32,0.989740,5
loas,resnet19_T4_all,layer_13_layer2_2_conv1,set_associative,4,16384,cout,cin_cout_2d,64,0.724169,5
loas,resnet19_T4_all,layer_13_layer2_2_conv1,set_associative,4,32768,cout,cin_cout_2d,64,0.724169,5
loas,resnet19_T4_all,layer_13_layer2_2_conv1,set_associative,4,65536,cout,cin_cout_2d,64,0.724169,5
loas,resnet19_T4_all,layer_13_layer2_2_conv1,set_associative,16,16384,cout,cin_cout_2d,64,0.724169,5
loas,resnet19_T4_all,layer_13_layer2_2_conv1,set_associative,16,32768,cout,cin_cout_2d,64,0.724169,5
loas,resnet19_T4_all,layer_13_layer2_2_conv1,set_associative,16,65536,cout,cin_cout_2d,64,0.724169,5
loas,resnet19_T4_all,layer_13_layer2_2_conv1,set_associative,32,16384,cout,cin_cout_2d,64,0.724169,5
loas,resnet19_T4_all,layer_13_layer2_2_conv1,set_associative,32,32768,cout,cin_cout_2d,64,0.724169,5
loas,resnet19_T4_all,layer_13_layer2_2_conv1,set_associative,32,65536,cout,cin_cout_2d,64,0.724169,5
loas,resnet19_T4_all,layer_13_layer2_2_conv1,fully_associative,0,16384,cout,cin_cout_2d,64,0.725879,5
loas,resnet19_T4_all,layer_13_layer2_2_conv1,fully_associative,0,32768,cout,cin_cout_2d,64,0.814776,5
loas,resnet19_T4_all,layer_13_layer2_2_conv1,fully_associative,0,65536,cout,cin_cout_2d,64,0.994870,5
loas,resnet19_T4_all,layer_14_layer2_2_conv2,set_associative,4,16384,cout,cin_cout_2d,16,0.000000,5
loas,resnet19_T4_all,layer_14_layer2_2_conv2,set_associative,4,32768,cout,cin_cout_2d,16,0.000000,5
loas,resnet19_T4_all,layer_14_layer2_2_conv2,set_associative,4,65536,cout,cin_cout_2d,16,0.000000,5
loas,resnet19_T4_all,layer_14_layer2_2_conv2,set_associative,16,16384,cout,cin_cout_2d,16,0.000000,5
loas,resnet19_T4_all,layer_14_layer2_2_conv2,set_associative,16,32768,cout,cin_cout_2d,16,0.000000,5
loas,resnet19_T4_all,layer_14_layer2_2_conv2,set_associative,16,65536,cout,cin_cout_2d,16,0.000000,5
loas,resnet19_T4_all,layer_14_layer2_2_conv2,set_associative,32,16384,cout,cin_cout_2d,16,0.000000,5
loas,resnet19_T4_all,layer_14_layer2_2_conv2,set_associative,32,32768,cout,cin_cout_2d,16,0.000000,5
loas,resnet19_T4_all,layer_14_layer2_2_conv2,set_associative,32,65536,cout,cin_cout_2d,16,0.000000,5
loas,resnet19_T4_all,layer_14_layer2_2_conv2,fully_associative,0,16384,cout,cin_cout_2d,16,0.006240,5
loas,resnet19_T4_all,layer_14_layer2_2_conv2,fully_associative,0,32768,cout,cin_cout_2d,16,0.324187,5
loas,resnet19_T4_all,layer_14_layer2_2_conv2,fully_associative,0,65536,cout,cin_cout_2d,16,0.980580,5
loas,resnet19_T4_all,layer_14_layer2_2_conv2,set_associative,4,16384,cout,cin_cout_2d,32,0.479506,5
loas,resnet19_T4_all,layer_14_layer2_2_conv2,set_associative,4,32768,cout,cin_cout_2d,32,0.479506,5
loas,resnet19_T4_all,layer_14_layer2_2_conv2,set_associative,4,65536,cout,cin_cout_2d,32,0.479506,5
loas,resnet19_T4_all,layer_14_layer2_2_conv2,set_associative,16,16384,cout,cin_cout_2d,32,0.479506,5
loas,resnet19_T4_all,layer_14_layer2_2_conv2,set_associative,16,32768,cout,cin_cout_2d,32,0.479506,5
loas,resnet19_T4_all,layer_14_layer2_2_conv2,set_associative,16,65536,cout,cin_cout_2d,32,0.479506,5
loas,resnet19_T4_all,layer_14_layer2_2_conv2,set_associative,32,16384,cout,cin_cout_2d,32,0.479506,5
loas,resnet19_T4_all,layer_14_layer2_2_conv2,set_associative,32,32768,cout,cin_cout_2d,32,0.479506,5
loas,resnet19_T4_all,layer_14_layer2_2_conv2,set_associative,32,65536,cout,cin_cout_2d,32,0.479506,5
loas,resnet19_T4_all,layer_14_layer2_2_conv2,fully_associative,0,16384,cout,cin_cout_2d,32,0.482739,5
loas,resnet19_T4_all,layer_14_layer2_2_conv2,fully_associative,0,32768,cout,cin_cout_2d,32,0.650276,5
loas,resnet19_T4_all,layer_14_layer2_2_conv2,fully_associative,0,65536,cout,cin_cout_2d,32,0.990288,5
loas,resnet19_T4_all,layer_14_layer2_2_conv2,set_associative,4,16384,cout,cin_cout_2d,64,0.738877,5
loas,resnet19_T4_all,layer_14_layer2_2_conv2,set_associative,4,32768,cout,cin_cout_2d,64,0.738877,5
loas,resnet19_T4_all,layer_14_layer2_2_conv2,set_associative,4,65536,cout,cin_cout_2d,64,0.738877,5
loas,resnet19_T4_all,layer_14_layer2_2_conv2,set_associative,16,16384,cout,cin_cout_2d,64,0.738877,5
loas,resnet19_T4_all,layer_14_layer2_2_conv2,set_associative,16,32768,cout,cin_cout_2d,64,0.738877,5
loas,resnet19_T4_all,layer_14_layer2_2_conv2,set_associative,16,65536,cout,cin_cout_2d,64,0.738877,5
loas,resnet19_T4_all,layer_14_layer2_2_conv2,set_associative,32,16384,cout,cin_cout_2d,64,0.738877,5
loas,resnet19_T4_all,layer_14_layer2_2_conv2,set_associative,32,32768,cout,cin_cout_2d,64,0.738877,5
loas,resnet19_T4_all,layer_14_layer2_2_conv2,set_associative,32,65536,cout,cin_cout_2d,64,0.738877,5
loas,resnet19_T4_all,layer_14_layer2_2_conv2,fully_associative,0,16384,cout,cin_cout_2d,64,0.740496,5
loas,resnet19_T4_all,layer_14_layer2_2_conv2,fully_associative,0,32768,cout,cin_cout_2d,64,0.824646,5
loas,resnet19_T4_all,layer_14_layer2_2_conv2,fully_associative,0,65536,cout,cin_cout_2d,64,0.995144,5
loas,resnet19_T4_all,layer_15_layer3_0_conv1,set_associative,4,16384,cout,cin_cout_2d,16,0.000000,5
loas,resnet19_T4_all,layer_15_layer3_0_conv1,set_associative,4,32768,cout,cin_cout_2d,16,0.000000,5
loas,resnet19_T4_all,layer_15_layer3_0_conv1,set_associative,4,65536,cout,cin_cout_2d,16,0.000000,5
loas,resnet19_T4_all,layer_15_layer3_0_conv1,set_associative,16,16384,cout,cin_cout_2d,16,0.000000,5
loas,resnet19_T4_all,layer_15_layer3_0_conv1,set_associative,16,32768,cout,cin_cout_2d,16,0.000000,5
loas,resnet19_T4_all,layer_15_layer3_0_conv1,set_associative,16,65536,cout,cin_cout_2d,16,0.000000,5
loas,resnet19_T4_all,layer_15_layer3_0_conv1,set_associative,32,16384,cout,cin_cout_2d,16,0.000000,5
loas,resnet19_T4_all,layer_15_layer3_0_conv1,set_associative,32,32768,cout,cin_cout_2d,16,0.000000,5
loas,resnet19_T4_all,layer_15_layer3_0_conv1,set_associative,32,65536,cout,cin_cout_2d,16,0.000000,5
loas,resnet19_T4_all,layer_15_layer3_0_conv1,fully_associative,0,16384,cout,cin_cout_2d,16,0.016900,5
loas,resnet19_T4_all,layer_15_layer3_0_conv1,fully_associative,0,32768,cout,cin_cout_2d,16,0.579177,5
loas,resnet19_T4_all,layer_15_layer3_0_conv1,fully_associative,0,65536,cout,cin_cout_2d,16,0.979245,5
loas,resnet19_T4_all,layer_15_layer3_0_conv1,set_associative,4,16384,cout,cin_cout_2d,32,0.443149,5
loas,resnet19_T4_all,layer_15_layer3_0_conv1,set_associative,4,32768,cout,cin_cout_2d,32,0.443149,5
loas,resnet19_T4_all,layer_15_layer3_0_conv1,set_associative,4,65536,cout,cin_cout_2d,32,0.443149,5
loas,resnet19_T4_all,layer_15_layer3_0_conv1,set_associative,16,16384,cout,cin_cout_2d,32,0.443149,5
loas,resnet19_T4_all,layer_15_layer3_0_conv1,set_associative,16,32768,cout,cin_cout_2d,32,0.443149,5
loas,resnet19_T4_all,layer_15_layer3_0_conv1,set_associative,16,65536,cout,cin_cout_2d,32,0.443149,5
loas,resnet19_T4_all,layer_15_layer3_0_conv1,set_associative,32,16384,cout,cin_cout_2d,32,0.443149,5
loas,resnet19_T4_all,layer_15_layer3_0_conv1,set_associative,32,32768,cout,cin_cout_2d,32,0.443149,5
loas,resnet19_T4_all,layer_15_layer3_0_conv1,set_associative,32,65536,cout,cin_cout_2d,32,0.443149,5
loas,resnet19_T4_all,layer_15_layer3_0_conv1,fully_associative,0,16384,cout,cin_cout_2d,32,0.453348,5
loas,resnet19_T4_all,layer_15_layer3_0_conv1,fully_associative,0,32768,cout,cin_cout_2d,32,0.604756,5
loas,resnet19_T4_all,layer_15_layer3_0_conv1,fully_associative,0,65536,cout,cin_cout_2d,32,0.989524,5
loas,resnet19_T4_all,layer_15_layer3_0_conv1,set_associative,4,16384,cout,cin_cout_2d,64,0.718317,5
loas,resnet19_T4_all,layer_15_layer3_0_conv1,set_associative,4,32768,cout,cin_cout_2d,64,0.718317,5
loas,resnet19_T4_all,layer_15_layer3_0_conv1,set_associative,4,65536,cout,cin_cout_2d,64,0.718317,5
loas,resnet19_T4_all,layer_15_layer3_0_conv1,set_associative,16,16384,cout,cin_cout_2d,64,0.718317,5
loas,resnet19_T4_all,layer_15_layer3_0_conv1,set_associative,16,32768,cout,cin_cout_2d,64,0.718317,5
loas,resnet19_T4_all,layer_15_layer3_0_conv1,set_associative,16,65536,cout,cin_cout_2d,64,0.718317,5
loas,resnet19_T4_all,layer_15_layer3_0_conv1,set_associative,32,16384,cout,cin_cout_2d,64,0.718317,5
loas,resnet19_T4_all,layer_15_layer3_0_conv1,set_associative,32,32768,cout,cin_cout_2d,64,0.718317,5
loas,resnet19_T4_all,layer_15_layer3_0_conv1,set_associative,32,65536,cout,cin_cout_2d,64,0.718317,5
loas,resnet19_T4_all,layer_15_layer3_0_conv1,fully_associative,0,16384,cout,cin_cout_2d,64,0.723555,5
loas,resnet19_T4_all,layer_15_layer3_0_conv1,fully_associative,0,32768,cout,cin_cout_2d,64,0.800378,5
loas,resnet19_T4_all,layer_15_layer3_0_conv1,fully_associative,0,65536,cout,cin_cout_2d,64,0.994762,5
loas,resnet19_T4_all,layer_16_layer3_0_conv2,set_associative,4,16384,cout,cin_cout_2d,16,0.000000,5
loas,resnet19_T4_all,layer_16_layer3_0_conv2,set_associative,4,32768,cout,cin_cout_2d,16,0.000000,5
loas,resnet19_T4_all,layer_16_layer3_0_conv2,set_associative,4,65536,cout,cin_cout_2d,16,0.000000,5
loas,resnet19_T4_all,layer_16_layer3_0_conv2,set_associative,16,16384,cout,cin_cout_2d,16,0.000000,5
loas,resnet19_T4_all,layer_16_layer3_0_conv2,set_associative,16,32768,cout,cin_cout_2d,16,0.000000,5
loas,resnet19_T4_all,layer_16_layer3_0_conv2,set_associative,16,65536,cout,cin_cout_2d,16,0.000000,5
loas,resnet19_T4_all,layer_16_layer3_0_conv2,set_associative,32,16384,cout,cin_cout_2d,16,0.000000,5
loas,resnet19_T4_all,layer_16_layer3_0_conv2,set_associative,32,32768,cout,cin_cout_2d,16,0.000000,5
loas,resnet19_T4_all,layer_16_layer3_0_conv2,set_associative,32,65536,cout,cin_cout_2d,16,0.000000,5
loas,resnet19_T4_all,layer_16_layer3_0_conv2,fully_associative,0,16384,cout,cin_cout_2d,16,0.000000,5
loas,resnet19_T4_all,layer_16_layer3_0_conv2,fully_associative,0,32768,cout,cin_cout_2d,16,0.390587,5
loas,resnet19_T4_all,layer_16_layer3_0_conv2,fully_associative,0,65536,cout,cin_cout_2d,16,0.867588,5
loas,resnet19_T4_all,layer_16_layer3_0_conv2,set_associative,4,16384,cout,cin_cout_2d,32,0.297052,5
loas,resnet19_T4_all,layer_16_layer3_0_conv2,set_associative,4,32768,cout,cin_cout_2d,32,0.297052,5
loas,resnet19_T4_all,layer_16_layer3_0_conv2,set_associative,4,65536,cout,cin_cout_2d,32,0.297052,5
loas,resnet19_T4_all,layer_16_layer3_0_conv2,set_associative,16,16384,cout,cin_cout_2d,32,0.297052,5
loas,resnet19_T4_all,layer_16_layer3_0_conv2,set_associative,16,32768,cout,cin_cout_2d,32,0.297052,5
loas,resnet19_T4_all,layer_16_layer3_0_conv2,set_associative,16,65536,cout,cin_cout_2d,32,0.297052,5
loas,resnet19_T4_all,layer_16_layer3_0_conv2,set_associative,32,16384,cout,cin_cout_2d,32,0.297052,5
loas,resnet19_T4_all,layer_16_layer3_0_conv2,set_associative,32,32768,cout,cin_cout_2d,32,0.297052,5
loas,resnet19_T4_all,layer_16_layer3_0_conv2,set_associative,32,65536,cout,cin_cout_2d,32,0.297052,5
loas,resnet19_T4_all,layer_16_layer3_0_conv2,fully_associative,0,16384,cout,cin_cout_2d,32,0.297052,5
loas,resnet19_T4_all,layer_16_layer3_0_conv2,fully_associative,0,32768,cout,cin_cout_2d,32,0.302578,5
loas,resnet19_T4_all,layer_16_layer3_0_conv2,fully_associative,0,65536,cout,cin_cout_2d,32,0.857049,5
loas,resnet19_T4_all,layer_16_layer3_0_conv2,set_associative,4,16384,cout,cin_cout_2d,64,0.593024,5
loas,resnet19_T4_all,layer_16_layer3_0_conv2,set_associative,4,32768,cout,cin_cout_2d,64,0.593024,5
loas,resnet19_T4_all,layer_16_layer3_0_conv2,set_associative,4,65536,cout,cin_cout_2d,64,0.593024,5
loas,resnet19_T4_all,layer_16_layer3_0_conv2,set_associative,16,16384,cout,cin_cout_2d,64,0.593024,5
loas,resnet19_T4_all,layer_16_layer3_0_conv2,set_associative,16,32768,cout,cin_cout_2d,64,0.593024,5
loas,resnet19_T4_all,layer_16_layer3_0_conv2,set_associative,16,65536,cout,cin_cout_2d,64,0.593024,5
loas,resnet19_T4_all,layer_16_layer3_0_conv2,set_associative,32,16384,cout,cin_cout_2d,64,0.593024,5
loas,resnet19_T4_all,layer_16_layer3_0_conv2,set_associative,32,32768,cout,cin_cout_2d,64,0.593024,5
loas,resnet19_T4_all,layer_16_layer3_0_conv2,set_associative,32,65536,cout,cin_cout_2d,64,0.593024,5
loas,resnet19_T4_all,layer_16_layer3_0_conv2,fully_associative,0,16384,cout,cin_cout_2d,64,0.593024,5
loas,resnet19_T4_all,layer_16_layer3_0_conv2,fully_associative,0,32768,cout,cin_cout_2d,64,0.593024,5
loas,resnet19_T4_all,layer_16_layer3_0_conv2,fully_associative,0,65536,cout,cin_cout_2d,64,0.782349,5
loas,resnet19_T4_all,layer_17_layer3_0_shortcut_0,set_associative,4,16384,cout,cin_cout_2d,16,0.000000,5
loas,resnet19_T4_all,layer_17_layer3_0_shortcut_0,set_associative,4,32768,cout,cin_cout_2d,16,0.000000,5
loas,resnet19_T4_all,layer_17_layer3_0_shortcut_0,set_associative,4,65536,cout,cin_cout_2d,16,0.000000,5
loas,resnet19_T4_all,layer_17_layer3_0_shortcut_0,set_associative,16,16384,cout,cin_cout_2d,16,0.000000,5
loas,resnet19_T4_all,layer_17_layer3_0_shortcut_0,set_associative,16,32768,cout,cin_cout_2d,16,0.000000,5
loas,resnet19_T4_all,layer_17_layer3_0_shortcut_0,set_associative,16,65536,cout,cin_cout_2d,16,0.000000,5
loas,resnet19_T4_all,layer_17_layer3_0_shortcut_0,set_associative,32,16384,cout,cin_cout_2d,16,0.000000,5
loas,resnet19_T4_all,layer_17_layer3_0_shortcut_0,set_associative,32,32768,cout,cin_cout_2d,16,0.000000,5
loas,resnet19_T4_all,layer_17_layer3_0_shortcut_0,set_associative,32,65536,cout,cin_cout_2d,16,0.000000,5
loas,resnet19_T4_all,layer_17_layer3_0_shortcut_0,fully_associative,0,16384,cout,cin_cout_2d,16,0.016900,5
loas,resnet19_T4_all,layer_17_layer3_0_shortcut_0,fully_associative,0,32768,cout,cin_cout_2d,16,0.579177,5
loas,resnet19_T4_all,layer_17_layer3_0_shortcut_0,fully_associative,0,65536,cout,cin_cout_2d,16,0.979245,5
loas,resnet19_T4_all,layer_17_layer3_0_shortcut_0,set_associative,4,16384,cout,cin_cout_2d,32,0.443149,5
loas,resnet19_T4_all,layer_17_layer3_0_shortcut_0,set_associative,4,32768,cout,cin_cout_2d,32,0.443149,5
loas,resnet19_T4_all,layer_17_layer3_0_shortcut_0,set_associative,4,65536,cout,cin_cout_2d,32,0.443149,5
loas,resnet19_T4_all,layer_17_layer3_0_shortcut_0,set_associative,16,16384,cout,cin_cout_2d,32,0.443149,5
loas,resnet19_T4_all,layer_17_layer3_0_shortcut_0,set_associative,16,32768,cout,cin_cout_2d,32,0.443149,5
loas,resnet19_T4_all,layer_17_layer3_0_shortcut_0,set_associative,16,65536,cout,cin_cout_2d,32,0.443149,5
loas,resnet19_T4_all,layer_17_layer3_0_shortcut_0,set_associative,32,16384,cout,cin_cout_2d,32,0.443149,5
loas,resnet19_T4_all,layer_17_layer3_0_shortcut_0,set_associative,32,32768,cout,cin_cout_2d,32,0.443149,5
loas,resnet19_T4_all,layer_17_layer3_0_shortcut_0,set_associative,32,65536,cout,cin_cout_2d,32,0.443149,5
loas,resnet19_T4_all,layer_17_layer3_0_shortcut_0,fully_associative,0,16384,cout,cin_cout_2d,32,0.453348,5
loas,resnet19_T4_all,layer_17_layer3_0_shortcut_0,fully_associative,0,32768,cout,cin_cout_2d,32,0.604756,5
loas,resnet19_T4_all,layer_17_layer3_0_shortcut_0,fully_associative,0,65536,cout,cin_cout_2d,32,0.989524,5
loas,resnet19_T4_all,layer_17_layer3_0_shortcut_0,set_associative,4,16384,cout,cin_cout_2d,64,0.718317,5
loas,resnet19_T4_all,layer_17_layer3_0_shortcut_0,set_associative,4,32768,cout,cin_cout_2d,64,0.718317,5
loas,resnet19_T4_all,layer_17_layer3_0_shortcut_0,set_associative,4,65536,cout,cin_cout_2d,64,0.718317,5
loas,resnet19_T4_all,layer_17_layer3_0_shortcut_0,set_associative,16,16384,cout,cin_cout_2d,64,0.718317,5
loas,resnet19_T4_all,layer_17_layer3_0_shortcut_0,set_associative,16,32768,cout,cin_cout_2d,64,0.718317,5
loas,resnet19_T4_all,layer_17_layer3_0_shortcut_0,set_associative,16,65536,cout,cin_cout_2d,64,0.718317,5
loas,resnet19_T4_all,layer_17_layer3_0_shortcut_0,set_associative,32,16384,cout,cin_cout_2d,64,0.718317,5
loas,resnet19_T4_all,layer_17_layer3_0_shortcut_0,set_associative,32,32768,cout,cin_cout_2d,64,0.718317,5
loas,resnet19_T4_all,layer_17_layer3_0_shortcut_0,set_associative,32,65536,cout,cin_cout_2d,64,0.718317,5
loas,resnet19_T4_all,layer_17_layer3_0_shortcut_0,fully_associative,0,16384,cout,cin_cout_2d,64,0.723555,5
loas,resnet19_T4_all,layer_17_layer3_0_shortcut_0,fully_associative,0,32768,cout,cin_cout_2d,64,0.800378,5
loas,resnet19_T4_all,layer_17_layer3_0_shortcut_0,fully_associative,0,65536,cout,cin_cout_2d,64,0.994762,5
loas,resnet19_T4_all,layer_18_layer3_1_conv1,set_associative,4,16384,cout,cin_cout_2d,16,0.000000,5
loas,resnet19_T4_all,layer_18_layer3_1_conv1,set_associative,4,32768,cout,cin_cout_2d,16,0.000000,5
loas,resnet19_T4_all,layer_18_layer3_1_conv1,set_associative,4,65536,cout,cin_cout_2d,16,0.000000,5
loas,resnet19_T4_all,layer_18_layer3_1_conv1,set_associative,16,16384,cout,cin_cout_2d,16,0.000000,5
loas,resnet19_T4_all,layer_18_layer3_1_conv1,set_associative,16,32768,cout,cin_cout_2d,16,0.000000,5
loas,resnet19_T4_all,layer_18_layer3_1_conv1,set_associative,16,65536,cout,cin_cout_2d,16,0.000000,5
loas,resnet19_T4_all,layer_18_layer3_1_conv1,set_associative,32,16384,cout,cin_cout_2d,16,0.000000,5
loas,resnet19_T4_all,layer_18_layer3_1_conv1,set_associative,32,32768,cout,cin_cout_2d,16,0.000000,5
loas,resnet19_T4_all,layer_18_layer3_1_conv1,set_associative,32,65536,cout,cin_cout_2d,16,0.000000,5
loas,resnet19_T4_all,layer_18_layer3_1_conv1,fully_associative,0,16384,cout,cin_cout_2d,16,0.021411,5
loas,resnet19_T4_all,layer_18_layer3_1_conv1,fully_associative,0,32768,cout,cin_cout_2d,16,0.521028,5
loas,resnet19_T4_all,layer_18_layer3_1_conv1,fully_associative,0,65536,cout,cin_cout_2d,16,0.866796,5
loas,resnet19_T4_all,layer_18_layer3_1_conv1,set_associative,4,16384,cout,cin_cout_2d,32,0.246642,5
loas,resnet19_T4_all,layer_18_layer3_1_conv1,set_associative,4,32768,cout,cin_cout_2d,32,0.246642,5
loas,resnet19_T4_all,layer_18_layer3_1_conv1,set_associative,4,65536,cout,cin_cout_2d,32,0.246642,5
loas,resnet19_T4_all,layer_18_layer3_1_conv1,set_associative,16,16384,cout,cin_cout_2d,32,0.246642,5
loas,resnet19_T4_all,layer_18_layer3_1_conv1,set_associative,16,32768,cout,cin_cout_2d,32,0.246642,5
loas,resnet19_T4_all,layer_18_layer3_1_conv1,set_associative,16,65536,cout,cin_cout_2d,32,0.246642,5
loas,resnet19_T4_all,layer_18_layer3_1_conv1,set_associative,32,16384,cout,cin_cout_2d,32,0.246642,5
loas,resnet19_T4_all,layer_18_layer3_1_conv1,set_associative,32,32768,cout,cin_cout_2d,32,0.246642,5
loas,resnet19_T4_all,layer_18_layer3_1_conv1,set_associative,32,65536,cout,cin_cout_2d,32,0.246642,5
loas,resnet19_T4_all,layer_18_layer3_1_conv1,fully_associative,0,16384,cout,cin_cout_2d,32,0.247228,5
loas,resnet19_T4_all,layer_18_layer3_1_conv1,fully_associative,0,32768,cout,cin_cout_2d,32,0.320735,5
loas,resnet19_T4_all,layer_18_layer3_1_conv1,fully_associative,0,65536,cout,cin_cout_2d,32,0.913440,5
loas,resnet19_T4_all,layer_18_layer3_1_conv1,set_associative,4,16384,cout,cin_cout_2d,64,0.521569,5
loas,resnet19_T4_all,layer_18_layer3_1_conv1,set_associative,4,32768,cout,cin_cout_2d,64,0.521569,5
loas,resnet19_T4_all,layer_18_layer3_1_conv1,set_associative,4,65536,cout,cin_cout_2d,64,0.521569,5
loas,resnet19_T4_all,layer_18_layer3_1_conv1,set_associative,16,16384,cout,cin_cout_2d,64,0.521569,5
loas,resnet19_T4_all,layer_18_layer3_1_conv1,set_associative,16,32768,cout,cin_cout_2d,64,0.521569,5
loas,resnet19_T4_all,layer_18_layer3_1_conv1,set_associative,16,65536,cout,cin_cout_2d,64,0.521569,5
loas,resnet19_T4_all,layer_18_layer3_1_conv1,set_associative,32,16384,cout,cin_cout_2d,64,0.521569,5
loas,resnet19_T4_all,layer_18_layer3_1_conv1,set_associative,32,32768,cout,cin_cout_2d,64,0.521569,5
loas,resnet19_T4_all,layer_18_layer3_1_conv1,set_associative,32,65536,cout,cin_cout_2d,64,0.521569,5
loas,resnet19_T4_all,layer_18_layer3_1_conv1,fully_associative,0,16384,cout,cin_cout_2d,64,0.521569,5
loas,resnet19_T4_all,layer_18_layer3_1_conv1,fully_associative,0,32768,cout,cin_cout_2d,64,0.534820,5
loas,resnet19_T4_all,layer_18_layer3_1_conv1,fully_associative,0,65536,cout,cin_cout_2d,64,0.813277,5
loas,resnet19_T4_all,layer_19_layer3_1_conv2,set_associative,4,16384,cout,cin_cout_2d,16,0.000000,5
loas,resnet19_T4_all,layer_19_layer3_1_conv2,set_associative,4,32768,cout,cin_cout_2d,16,0.000000,5
loas,resnet19_T4_all,layer_19_layer3_1_conv2,set_associative,4,65536,cout,cin_cout_2d,16,0.000000,5
loas,resnet19_T4_all,layer_19_layer3_1_conv2,set_associative,16,16384,cout,cin_cout_2d,16,0.000000,5
loas,resnet19_T4_all,layer_19_layer3_1_conv2,set_associative,16,32768,cout,cin_cout_2d,16,0.000000,5
loas,resnet19_T4_all,layer_19_layer3_1_conv2,set_associative,16,65536,cout,cin_cout_2d,16,0.000000,5
loas,resnet19_T4_all,layer_19_layer3_1_conv2,set_associative,32,16384,cout,cin_cout_2d,16,0.000000,5
loas,resnet19_T4_all,layer_19_layer3_1_conv2,set_associative,32,32768,cout,cin_cout_2d,16,0.000000,5
loas,resnet19_T4_all,layer_19_layer3_1_conv2,set_associative,32,65536,cout,cin_cout_2d,16,0.000000,5
loas,resnet19_T4_all,layer_19_layer3_1_conv2,fully_associative,0,16384,cout,cin_cout_2d,16,0.000000,5
loas,resnet19_T4_all,layer_19_layer3_1_conv2,fully_associative,0,32768,cout,cin_cout_2d,16,0.056305,5
loas,resnet19_T4_all,layer_19_layer3_1_conv2,fully_associative,0,65536,cout,cin_cout_2d,16,0.883873,5
loas,resnet19_T4_all,layer_19_layer3_1_conv2,set_associative,4,16384,cout,cin_cout_2d,32,0.400818,5
loas,resnet19_T4_all,layer_19_layer3_1_conv2,set_associative,4,32768,cout,cin_cout_2d,32,0.400818,5
loas,resnet19_T4_all,layer_19_layer3_1_conv2,set_associative,4,65536,cout,cin_cout_2d,32,0.400818,5
loas,resnet19_T4_all,layer_19_layer3_1_conv2,set_associative,16,16384,cout,cin_cout_2d,32,0.400818,5
loas,resnet19_T4_all,layer_19_layer3_1_conv2,set_associative,16,32768,cout,cin_cout_2d,32,0.400818,5
loas,resnet19_T4_all,layer_19_layer3_1_conv2,set_associative,16,65536,cout,cin_cout_2d,32,0.400818,5
loas,resnet19_T4_all,layer_19_layer3_1_conv2,set_associative,32,16384,cout,cin_cout_2d,32,0.400818,5
loas,resnet19_T4_all,layer_19_layer3_1_conv2,set_associative,32,32768,cout,cin_cout_2d,32,0.400818,5
loas,resnet19_T4_all,layer_19_layer3_1_conv2,set_associative,32,65536,cout,cin_cout_2d,32,0.400818,5
loas,resnet19_T4_all,layer_19_layer3_1_conv2,fully_associative,0,16384,cout,cin_cout_2d,32,0.400818,5
loas,resnet19_T4_all,layer_19_layer3_1_conv2,fully_associative,0,32768,cout,cin_cout_2d,32,0.418176,5
loas,resnet19_T4_all,layer_19_layer3_1_conv2,fully_associative,0,65536,cout,cin_cout_2d,32,0.771371,5
loas,resnet19_T4_all,layer_19_layer3_1_conv2,set_associative,4,16384,cout,cin_cout_2d,64,0.687579,5
loas,resnet19_T4_all,layer_19_layer3_1_conv2,set_associative,4,32768,cout,cin_cout_2d,64,0.687579,5
loas,resnet19_T4_all,layer_19_layer3_1_conv2,set_associative,4,65536,cout,cin_cout_2d,64,0.687579,5
loas,resnet19_T4_all,layer_19_layer3_1_conv2,set_associative,16,16384,cout,cin_cout_2d,64,0.687579,5
loas,resnet19_T4_all,layer_19_layer3_1_conv2,set_associative,16,32768,cout,cin_cout_2d,64,0.687579,5
loas,resnet19_T4_all,layer_19_layer3_1_conv2,set_associative,16,65536,cout,cin_cout_2d,64,0.687579,5
loas,resnet19_T4_all,layer_19_layer3_1_conv2,set_associative,32,16384,cout,cin_cout_2d,64,0.687579,5
loas,resnet19_T4_all,layer_19_layer3_1_conv2,set_associative,32,32768,cout,cin_cout_2d,64,0.687579,5
loas,resnet19_T4_all,layer_19_layer3_1_conv2,set_associative,32,65536,cout,cin_cout_2d,64,0.687579,5
loas,resnet19_T4_all,layer_19_layer3_1_conv2,fully_associative,0,16384,cout,cin_cout_2d,64,0.687579,5
loas,resnet19_T4_all,layer_19_layer3_1_conv2,fully_associative,0,32768,cout,cin_cout_2d,64,0.696935,5
loas,resnet19_T4_all,layer_19_layer3_1_conv2,fully_associative,0,65536,cout,cin_cout_2d,64,0.884327,5
loas,vgg16_T4_all,layer_01_features_3,set_associative,4,16384,cout,cin_cout_2d,16,0.120707,5
loas,vgg16_T4_all,layer_01_features_3,set_associative,4,32768,cout,cin_cout_2d,16,0.734557,5
loas,vgg16_T4_all,layer_01_features_3,set_associative,4,65536,cout,cin_cout_2d,16,0.996210,5
loas,vgg16_T4_all,layer_01_features_3,set_associative,16,16384,cout,cin_cout_2d,16,0.672385,5
loas,vgg16_T4_all,layer_01_features_3,set_associative,16,32768,cout,cin_cout_2d,16,0.921114,5
loas,vgg16_T4_all,layer_01_features_3,set_associative,16,65536,cout,cin_cout_2d,16,0.996210,5
loas,vgg16_T4_all,layer_01_features_3,set_associative,32,16384,cout,cin_cout_2d,16,0.834601,5
loas,vgg16_T4_all,layer_01_features_3,set_associative,32,32768,cout,cin_cout_2d,16,0.988261,5
loas,vgg16_T4_all,layer_01_features_3,set_associative,32,65536,cout,cin_cout_2d,16,0.996210,5
loas,vgg16_T4_all,layer_01_features_3,fully_associative,0,16384,cout,cin_cout_2d,16,0.996210,5
loas,vgg16_T4_all,layer_01_features_3,fully_associative,0,32768,cout,cin_cout_2d,16,0.996210,5
loas,vgg16_T4_all,layer_01_features_3,fully_associative,0,65536,cout,cin_cout_2d,16,0.996210,5
loas,vgg16_T4_all,layer_01_features_3,set_associative,4,16384,cout,cin_cout_2d,32,0.201404,5
loas,vgg16_T4_all,layer_01_features_3,set_associative,4,32768,cout,cin_cout_2d,32,0.745277,5
loas,vgg16_T4_all,layer_01_features_3,set_associative,4,65536,cout,cin_cout_2d,32,0.997848,5
loas,vgg16_T4_all,layer_01_features_3,set_associative,16,16384,cout,cin_cout_2d,32,0.438950,5
loas,vgg16_T4_all,layer_01_features_3,set_associative,16,32768,cout,cin_cout_2d,32,0.868650,5
loas,vgg16_T4_all,layer_01_features_3,set_associative,16,65536,cout,cin_cout_2d,32,0.997848,5
loas,vgg16_T4_all,layer_01_features_3,set_associative,32,16384,cout,cin_cout_2d,32,0.509746,5
loas,vgg16_T4_all,layer_01_features_3,set_associative,32,32768,cout,cin_cout_2d,32,0.926710,5
loas,vgg16_T4_all,layer_01_features_3,set_associative,32,65536,cout,cin_cout_2d,32,0.997848,5
loas,vgg16_T4_all,layer_01_features_3,fully_associative,0,16384,cout,cin_cout_2d,32,0.997848,5
loas,vgg16_T4_all,layer_01_features_3,fully_associative,0,32768,cout,cin_cout_2d,32,0.997848,5
loas,vgg16_T4_all,layer_01_features_3,fully_associative,0,65536,cout,cin_cout_2d,32,0.997848,5
loas,vgg16_T4_all,layer_01_features_3,set_associative,4,16384,cout,cin_cout_2d,64,0.330292,5
loas,vgg16_T4_all,layer_01_features_3,set_associative,4,32768,cout,cin_cout_2d,64,0.757384,5
loas,vgg16_T4_all,layer_01_features_3,set_associative,4,65536,cout,cin_cout_2d,64,0.998874,5
loas,vgg16_T4_all,layer_01_features_3,set_associative,16,16384,cout,cin_cout_2d,64,0.379005,5
loas,vgg16_T4_all,layer_01_features_3,set_associative,16,32768,cout,cin_cout_2d,64,0.805561,5
loas,vgg16_T4_all,layer_01_features_3,set_associative,16,65536,cout,cin_cout_2d,64,0.998874,5
loas,vgg16_T4_all,layer_01_features_3,set_associative,32,16384,cout,cin_cout_2d,64,0.360134,5
loas,vgg16_T4_all,layer_01_features_3,set_associative,32,32768,cout,cin_cout_2d,64,0.884596,5
loas,vgg16_T4_all,layer_01_features_3,set_associative,32,65536,cout,cin_cout_2d,64,0.998874,5
loas,vgg16_T4_all,layer_01_features_3,fully_associative,0,16384,cout,cin_cout_2d,64,0.998874,5
loas,vgg16_T4_all,layer_01_features_3,fully_associative,0,32768,cout,cin_cout_2d,64,0.998874,5
loas,vgg16_T4_all,layer_01_features_3,fully_associative,0,65536,cout,cin_cout_2d,64,0.998874,5
loas,vgg16_T4_all,layer_02_features_7,set_associative,4,16384,cout,cin_cout_2d,16,0.105695,5
loas,vgg16_T4_all,layer_02_features_7,set_associative,4,32768,cout,cin_cout_2d,16,0.207474,5
loas,vgg16_T4_all,layer_02_features_7,set_associative,4,65536,cout,cin_cout_2d,16,0.799483,5
loas,vgg16_T4_all,layer_02_features_7,set_associative,16,16384,cout,cin_cout_2d,16,0.246956,5
loas,vgg16_T4_all,layer_02_features_7,set_associative,16,32768,cout,cin_cout_2d,16,0.606380,5
loas,vgg16_T4_all,layer_02_features_7,set_associative,16,65536,cout,cin_cout_2d,16,0.903037,5
loas,vgg16_T4_all,layer_02_features_7,set_associative,32,16384,cout,cin_cout_2d,16,0.276252,5
loas,vgg16_T4_all,layer_02_features_7,set_associative,32,32768,cout,cin_cout_2d,16,0.682228,5
loas,vgg16_T4_all,layer_02_features_7,set_associative,32,65536,cout,cin_cout_2d,16,0.945749,5
loas,vgg16_T4_all,layer_02_features_7,fully_associative,0,16384,cout,cin_cout_2d,16,0.980839,5
loas,vgg16_T4_all,layer_02_features_7,fully_associative,0,32768,cout,cin_cout_2d,16,0.980839,5
loas,vgg16_T4_all,layer_02_features_7,fully_associative,0,65536,cout,cin_cout_2d,16,0.980839,5
loas,vgg16_T4_all,layer_02_features_7,set_associative,4,16384,cout,cin_cout_2d,32,0.135343,5
loas,vgg16_T4_all,layer_02_features_7,set_associative,4,32768,cout,cin_cout_2d,32,0.238677,5
loas,vgg16_T4_all,layer_02_features_7,set_associative,4,65536,cout,cin_cout_2d,32,0.805048,5
loas,vgg16_T4_all,layer_02_features_7,set_associative,16,16384,cout,cin_cout_2d,32,0.141887,5
loas,vgg16_T4_all,layer_02_features_7,set_associative,16,32768,cout,cin_cout_2d,32,0.426688,5
loas,vgg16_T4_all,layer_02_features_7,set_associative,16,65536,cout,cin_cout_2d,32,0.868054,5
loas,vgg16_T4_all,layer_02_features_7,set_associative,32,16384,cout,cin_cout_2d,32,0.136405,5
loas,vgg16_T4_all,layer_02_features_7,set_associative,32,32768,cout,cin_cout_2d,32,0.477616,5
loas,vgg16_T4_all,layer_02_features_7,set_associative,32,65536,cout,cin_cout_2d,32,0.932457,5
loas,vgg16_T4_all,layer_02_features_7,fully_associative,0,16384,cout,cin_cout_2d,32,0.990066,5
loas,vgg16_T4_all,layer_02_features_7,fully_associative,0,32768,cout,cin_cout_2d,32,0.990066,5
loas,vgg16_T4_all,layer_02_features_7,fully_associative,0,65536,cout,cin_cout_2d,32,0.990066,5
loas,vgg16_T4_all,layer_02_features_7,set_associative,4,16384,cout,cin_cout_2d,64,0.292955,5
loas,vgg16_T4_all,layer_02_features_7,set_associative,4,32768,cout,cin_cout_2d,64,0.346287,5
loas,vgg16_T4_all,layer_02_features_7,set_associative,4,65536,cout,cin_cout_2d,64,0.809888,5
loas,vgg16_T4_all,layer_02_features_7,set_associative,16,16384,cout,cin_cout_2d,64,0.288278,5
loas,vgg16_T4_all,layer_02_features_7,set_associative,16,32768,cout,cin_cout_2d,64,0.370255,5
loas,vgg16_T4_all,layer_02_features_7,set_associative,16,65536,cout,cin_cout_2d,64,0.827441,5
loas,vgg16_T4_all,layer_02_features_7,set_associative,32,16384,cout,cin_cout_2d,64,0.287494,5
loas,vgg16_T4_all,layer_02_features_7,set_associative,32,32768,cout,cin_cout_2d,64,0.367359,5
loas,vgg16_T4_all,layer_02_features_7,set_associative,32,65536,cout,cin_cout_2d,64,0.910513,5
loas,vgg16_T4_all,layer_02_features_7,fully_associative,0,16384,cout,cin_cout_2d,64,0.994999,5
loas,vgg16_T4_all,layer_02_features_7,fully_associative,0,32768,cout,cin_cout_2d,64,0.994999,5
loas,vgg16_T4_all,layer_02_features_7,fully_associative,0,65536,cout,cin_cout_2d,64,0.994999,5
loas,vgg16_T4_all,layer_03_features_10,set_associative,4,16384,cout,cin_cout_2d,16,0.007258,5
loas,vgg16_T4_all,layer_03_features_10,set_associative,4,32768,cout,cin_cout_2d,16,0.054329,5
loas,vgg16_T4_all,layer_03_features_10,set_associative,4,65536,cout,cin_cout_2d,16,0.161687,5
loas,vgg16_T4_all,layer_03_features_10,set_associative,16,16384,cout,cin_cout_2d,16,0.001282,5
loas,vgg16_T4_all,layer_03_features_10,set_associative,16,32768,cout,cin_cout_2d,16,0.053119,5
loas,vgg16_T4_all,layer_03_features_10,set_associative,16,65536,cout,cin_cout_2d,16,0.405506,5
loas,vgg16_T4_all,layer_03_features_10,set_associative,32,16384,cout,cin_cout_2d,16,0.000708,5
loas,vgg16_T4_all,layer_03_features_10,set_associative,32,32768,cout,cin_cout_2d,16,0.038310,5
loas,vgg16_T4_all,layer_03_features_10,set_associative,32,65536,cout,cin_cout_2d,16,0.489720,5
loas,vgg16_T4_all,layer_03_features_10,fully_associative,0,16384,cout,cin_cout_2d,16,0.955344,5
loas,vgg16_T4_all,layer_03_features_10,fully_associative,0,32768,cout,cin_cout_2d,16,0.988086,5
loas,vgg16_T4_all,layer_03_features_10,fully_associative,0,65536,cout,cin_cout_2d,16,0.988086,5
loas,vgg16_T4_all,layer_03_features_10,set_associative,4,16384,cout,cin_cout_2d,32,0.188285,5
loas,vgg16_T4_all,layer_03_features_10,set_associative,4,32768,cout,cin_cout_2d,32,0.199969,5
loas,vgg16_T4_all,layer_03_features_10,set_associative,4,65536,cout,cin_cout_2d,32,0.270361,5
loas,vgg16_T4_all,layer_03_features_10,set_associative,16,16384,cout,cin_cout_2d,32,0.187948,5
loas,vgg16_T4_all,layer_03_features_10,set_associative,16,32768,cout,cin_cout_2d,32,0.192200,5
loas,vgg16_T4_all,layer_03_features_10,set_associative,16,65536,cout,cin_cout_2d,32,0.299008,5
loas,vgg16_T4_all,layer_03_features_10,set_associative,32,16384,cout,cin_cout_2d,32,0.187948,5
loas,vgg16_T4_all,layer_03_features_10,set_associative,32,32768,cout,cin_cout_2d,32,0.191927,5
loas,vgg16_T4_all,layer_03_features_10,set_associative,32,65536,cout,cin_cout_2d,32,0.281953,5
loas,vgg16_T4_all,layer_03_features_10,fully_associative,0,16384,cout,cin_cout_2d,32,0.951311,5
loas,vgg16_T4_all,layer_03_features_10,fully_associative,0,32768,cout,cin_cout_2d,32,0.994034,5
loas,vgg16_T4_all,layer_03_features_10,fully_associative,0,65536,cout,cin_cout_2d,32,0.994034,5
loas,vgg16_T4_all,layer_03_features_10,set_associative,4,16384,cout,cin_cout_2d,64,0.416845,5
loas,vgg16_T4_all,layer_03_features_10,set_associative,4,32768,cout,cin_cout_2d,64,0.417942,5
loas,vgg16_T4_all,layer_03_features_10,set_associative,4,65536,cout,cin_cout_2d,64,0.439406,5
loas,vgg16_T4_all,layer_03_features_10,set_associative,16,16384,cout,cin_cout_2d,64,0.416841,5
loas,vgg16_T4_all,layer_03_features_10,set_associative,16,32768,cout,cin_cout_2d,64,0.416969,5
loas,vgg16_T4_all,layer_03_features_10,set_associative,16,65536,cout,cin_cout_2d,64,0.426940,5
loas,vgg16_T4_all,layer_03_features_10,set_associative,32,16384,cout,cin_cout_2d,64,0.416841,5
loas,vgg16_T4_all,layer_03_features_10,set_associative,32,32768,cout,cin_cout_2d,64,0.416845,5
loas,vgg16_T4_all,layer_03_features_10,set_associative,32,65536,cout,cin_cout_2d,64,0.423621,5
loas,vgg16_T4_all,layer_03_features_10,fully_associative,0,16384,cout,cin_cout_2d,64,0.901128,5
loas,vgg16_T4_all,layer_03_features_10,fully_associative,0,32768,cout,cin_cout_2d,64,0.997017,5
loas,vgg16_T4_all,layer_03_features_10,fully_associative,0,65536,cout,cin_cout_2d,64,0.997017,5
loas,vgg16_T4_all,layer_04_features_14,set_associative,4,16384,cout,cin_cout_2d,16,0.002500,5
loas,vgg16_T4_all,layer_04_features_14,set_associative,4,32768,cout,cin_cout_2d,16,0.022905,5
loas,vgg16_T4_all,layer_04_features_14,set_associative,4,65536,cout,cin_cout_2d,16,0.097122,5
loas,vgg16_T4_all,layer_04_features_14,set_associative,16,16384,cout,cin_cout_2d,16,0.002116,5
loas,vgg16_T4_all,layer_04_features_14,set_associative,16,32768,cout,cin_cout_2d,16,0.017622,5
loas,vgg16_T4_all,layer_04_features_14,set_associative,16,65536,cout,cin_cout_2d,16,0.164803,5
loas,vgg16_T4_all,layer_04_features_14,set_associative,32,16384,cout,cin_cout_2d,16,0.000729,5
loas,vgg16_T4_all,layer_04_features_14,set_associative,32,32768,cout,cin_cout_2d,16,0.015071,5
loas,vgg16_T4_all,layer_04_features_14,set_associative,32,65536,cout,cin_cout_2d,16,0.173354,5
loas,vgg16_T4_all,layer_04_features_14,fully_associative,0,16384,cout,cin_cout_2d,16,0.911014,5
loas,vgg16_T4_all,layer_04_features_14,fully_associative,0,32768,cout,cin_cout_2d,16,0.926058,5
loas,vgg16_T4_all,layer_04_features_14,fully_associative,0,65536,cout,cin_cout_2d,16,0.926058,5
loas,vgg16_T4_all,layer_04_features_14,set_associative,4,16384,cout,cin_cout_2d,32,0.127014,5
loas,vgg16_T4_all,layer_04_features_14,set_associative,4,32768,cout,cin_cout_2d,32,0.131076,5
loas,vgg16_T4_all,layer_04_features_14,set_associative,4,65536,cout,cin_cout_2d,32,0.161678,5
loas,vgg16_T4_all,layer_04_features_14,set_associative,16,16384,cout,cin_cout_2d,32,0.126878,5
loas,vgg16_T4_all,layer_04_features_14,set_associative,16,32768,cout,cin_cout_2d,32,0.128545,5
loas,vgg16_T4_all,layer_04_features_14,set_associative,16,65536,cout,cin_cout_2d,32,0.155024,5
loas,vgg16_T4_all,layer_04_features_14,set_associative,32,16384,cout,cin_cout_2d,32,0.126878,5
loas,vgg16_T4_all,layer_04_features_14,set_associative,32,32768,cout,cin_cout_2d,32,0.128176,5
loas,vgg16_T4_all,layer_04_features_14,set_associative,32,65536,cout,cin_cout_2d,32,0.149143,5
loas,vgg16_T4_all,layer_04_features_14,fully_associative,0,16384,cout,cin_cout_2d,32,0.917299,5
loas,vgg16_T4_all,layer_04_features_14,fully_associative,0,32768,cout,cin_cout_2d,32,0.962323,5
loas,vgg16_T4_all,layer_04_features_14,fully_associative,0,65536,cout,cin_cout_2d,32,0.962323,5
loas,vgg16_T4_all,layer_04_features_14,set_associative,4,16384,cout,cin_cout_2d,64,0.311479,5
loas,vgg16_T4_all,layer_04_features_14,set_associative,4,32768,cout,cin_cout_2d,64,0.311849,5
loas,vgg16_T4_all,layer_04_features_14,set_associative,4,65536,cout,cin_cout_2d,64,0.318583,5
loas,vgg16_T4_all,layer_04_features_14,set_associative,16,16384,cout,cin_cout_2d,64,0.311479,5
loas,vgg16_T4_all,layer_04_features_14,set_associative,16,32768,cout,cin_cout_2d,64,0.311560,5
loas,vgg16_T4_all,layer_04_features_14,set_associative,16,65536,cout,cin_cout_2d,64,0.315806,5
loas,vgg16_T4_all,layer_04_features_14,set_associative,32,16384,cout,cin_cout_2d,64,0.311519,5
loas,vgg16_T4_all,layer_04_features_14,set_associative,32,32768,cout,cin_cout_2d,64,0.311519,5
loas,vgg16_T4_all,layer_04_features_14,set_associative,32,65536,cout,cin_cout_2d,64,0.314785,5
loas,vgg16_T4_all,layer_04_features_14,fully_associative,0,16384,cout,cin_cout_2d,64,0.902839,5
loas,vgg16_T4_all,layer_04_features_14,fully_associative,0,32768,cout,cin_cout_2d,64,0.981094,5
loas,vgg16_T4_all,layer_04_features_14,fully_associative,0,65536,cout,cin_cout_2d,64,0.981094,5
loas,vgg16_T4_all,layer_05_features_17,set_associative,4,16384,cout,cin_cout_2d,16,0.000000,5
loas,vgg16_T4_all,layer_05_features_17,set_associative,4,32768,cout,cin_cout_2d,16,0.000313,5
loas,vgg16_T4_all,layer_05_features_17,set_associative,4,65536,cout,cin_cout_2d,16,0.011774,5
loas,vgg16_T4_all,layer_05_features_17,set_associative,16,16384,cout,cin_cout_2d,16,0.000000,5
loas,vgg16_T4_all,layer_05_features_17,set_associative,16,32768,cout,cin_cout_2d,16,0.000000,5
loas,vgg16_T4_all,layer_05_features_17,set_associative,16,65536,cout,cin_cout_2d,16,0.001792,5
loas,vgg16_T4_all,layer_05_features_17,set_associative,32,16384,cout,cin_cout_2d,16,0.000000,5
loas,vgg16_T4_all,layer_05_features_17,set_associative,32,32768,cout,cin_cout_2d,16,0.000000,5
loas,vgg16_T4_all,layer_05_features_17,set_associative,32,65536,cout,cin_cout_2d,16,0.001062,5
loas,vgg16_T4_all,layer_05_features_17,fully_associative,0,16384,cout,cin_cout_2d,16,0.603332,5
loas,vgg16_T4_all,layer_05_features_17,fully_associative,0,32768,cout,cin_cout_2d,16,0.921184,5
loas,vgg16_T4_all,layer_05_features_17,fully_associative,0,65536,cout,cin_cout_2d,16,0.941722,5
loas,vgg16_T4_all,layer_05_features_17,set_associative,4,16384,cout,cin_cout_2d,32,0.163679,5
loas,vgg16_T4_all,layer_05_features_17,set_associative,4,32768,cout,cin_cout_2d,32,0.163679,5
loas,vgg16_T4_all,layer_05_features_17,set_associative,4,65536,cout,cin_cout_2d,32,0.164186,5
loas,vgg16_T4_all,layer_05_features_17,set_associative,16,16384,cout,cin_cout_2d,32,0.163679,5
loas,vgg16_T4_all,layer_05_features_17,set_associative,16,32768,cout,cin_cout_2d,32,0.163679,5
loas,vgg16_T4_all,layer_05_features_17,set_associative,16,65536,cout,cin_cout_2d,32,0.163684,5
loas,vgg16_T4_all,layer_05_features_17,set_associative,32,16384,cout,cin_cout_2d,32,0.163679,5
loas,vgg16_T4_all,layer_05_features_17,set_associative,32,32768,cout,cin_cout_2d,32,0.163679,5
loas,vgg16_T4_all,layer_05_features_17,set_associative,32,65536,cout,cin_cout_2d,32,0.163679,5
loas,vgg16_T4_all,layer_05_features_17,fully_associative,0,16384,cout,cin_cout_2d,32,0.319425,5
loas,vgg16_T4_all,layer_05_features_17,fully_associative,0,32768,cout,cin_cout_2d,32,0.928702,5
loas,vgg16_T4_all,layer_05_features_17,fully_associative,0,65536,cout,cin_cout_2d,32,0.970660,5
loas,vgg16_T4_all,layer_05_features_17,set_associative,4,16384,cout,cin_cout_2d,64,0.382200,5
loas,vgg16_T4_all,layer_05_features_17,set_associative,4,32768,cout,cin_cout_2d,64,0.382200,5
loas,vgg16_T4_all,layer_05_features_17,set_associative,4,65536,cout,cin_cout_2d,64,0.382200,5
loas,vgg16_T4_all,layer_05_features_17,set_associative,16,16384,cout,cin_cout_2d,64,0.382200,5
loas,vgg16_T4_all,layer_05_features_17,set_associative,16,32768,cout,cin_cout_2d,64,0.382200,5
loas,vgg16_T4_all,layer_05_features_17,set_associative,16,65536,cout,cin_cout_2d,64,0.382200,5
loas,vgg16_T4_all,layer_05_features_17,set_associative,32,16384,cout,cin_cout_2d,64,0.382200,5
loas,vgg16_T4_all,layer_05_features_17,set_associative,32,32768,cout,cin_cout_2d,64,0.382200,5
loas,vgg16_T4_all,layer_05_features_17,set_associative,32,65536,cout,cin_cout_2d,64,0.382200,5
loas,vgg16_T4_all,layer_05_features_17,fully_associative,0,16384,cout,cin_cout_2d,64,0.390805,5
loas,vgg16_T4_all,layer_05_features_17,fully_associative,0,32768,cout,cin_cout_2d,64,0.885489,5
loas,vgg16_T4_all,layer_05_features_17,fully_associative,0,65536,cout,cin_cout_2d,64,0.985330,5
loas,vgg16_T4_all,layer_06_features_20,set_associative,4,16384,cout,cin_cout_2d,16,0.000000,5
loas,vgg16_T4_all,layer_06_features_20,set_associative,4,32768,cout,cin_cout_2d,16,0.000306,5
loas,vgg16_T4_all,layer_06_features_20,set_associative,4,65536,cout,cin_cout_2d,16,0.009919,5
loas,vgg16_T4_all,layer_06_features_20,set_associative,16,16384,cout,cin_cout_2d,16,0.000000,5
loas,vgg16_T4_all,layer_06_features_20,set_associative,16,32768,cout,cin_cout_2d,16,0.000000,5
loas,vgg16_T4_all,layer_06_features_20,set_associative,16,65536,cout,cin_cout_2d,16,0.002040,5
loas,vgg16_T4_all,layer_06_features_20,set_associative,32,16384,cout,cin_cout_2d,16,0.000000,5
loas,vgg16_T4_all,layer_06_features_20,set_associative,32,32768,cout,cin_cout_2d,16,0.000000,5
loas,vgg16_T4_all,layer_06_features_20,set_associative,32,65536,cout,cin_cout_2d,16,0.000853,5
loas,vgg16_T4_all,layer_06_features_20,fully_associative,0,16384,cout,cin_cout_2d,16,0.601955,5
loas,vgg16_T4_all,layer_06_features_20,fully_associative,0,32768,cout,cin_cout_2d,16,0.927629,5
loas,vgg16_T4_all,layer_06_features_20,fully_associative,0,65536,cout,cin_cout_2d,16,0.943914,5
loas,vgg16_T4_all,layer_06_features_20,set_associative,4,16384,cout,cin_cout_2d,32,0.169159,5
loas,vgg16_T4_all,layer_06_features_20,set_associative,4,32768,cout,cin_cout_2d,32,0.169164,5
loas,vgg16_T4_all,layer_06_features_20,set_associative,4,65536,cout,cin_cout_2d,32,0.169773,5
loas,vgg16_T4_all,layer_06_features_20,set_associative,16,16384,cout,cin_cout_2d,32,0.169159,5
loas,vgg16_T4_all,layer_06_features_20,set_associative,16,32768,cout,cin_cout_2d,32,0.169159,5
loas,vgg16_T4_all,layer_06_features_20,set_associative,16,65536,cout,cin_cout_2d,32,0.169159,5
loas,vgg16_T4_all,layer_06_features_20,set_associative,32,16384,cout,cin_cout_2d,32,0.169159,5
loas,vgg16_T4_all,layer_06_features_20,set_associative,32,32768,cout,cin_cout_2d,32,0.169159,5
loas,vgg16_T4_all,layer_06_features_20,set_associative,32,65536,cout,cin_cout_2d,32,0.169159,5
loas,vgg16_T4_all,layer_06_features_20,fully_associative,0,16384,cout,cin_cout_2d,32,0.326913,5
loas,vgg16_T4_all,layer_06_features_20,fully_associative,0,32768,cout,cin_cout_2d,32,0.932985,5
loas,vgg16_T4_all,layer_06_features_20,fully_associative,0,65536,cout,cin_cout_2d,32,0.971544,5
loas,vgg16_T4_all,layer_06_features_20,set_associative,4,16384,cout,cin_cout_2d,64,0.396709,5
loas,vgg16_T4_all,layer_06_features_20,set_associative,4,32768,cout,cin_cout_2d,64,0.396709,5
loas,vgg16_T4_all,layer_06_features_20,set_associative,4,65536,cout,cin_cout_2d,64,0.396743,5
loas,vgg16_T4_all,layer_06_features_20,set_associative,16,16384,cout,cin_cout_2d,64,0.396709,5
loas,vgg16_T4_all,layer_06_features_20,set_associative,16,32768,cout,cin_cout_2d,64,0.396709,5
loas,vgg16_T4_all,layer_06_features_20,set_associative,16,65536,cout,cin_cout_2d,64,0.396709,5
loas,vgg16_T4_all,layer_06_features_20,set_associative,32,16384,cout,cin_cout_2d,64,0.396709,5
loas,vgg16_T4_all,layer_06_features_20,set_associative,32,32768,cout,cin_cout_2d,64,0.396709,5
loas,vgg16_T4_all,layer_06_features_20,set_associative,32,65536,cout,cin_cout_2d,64,0.396709,5
loas,vgg16_T4_all,layer_06_features_20,fully_associative,0,16384,cout,cin_cout_2d,64,0.403340,5
loas,vgg16_T4_all,layer_06_features_20,fully_associative,0,32768,cout,cin_cout_2d,64,0.889974,5
loas,vgg16_T4_all,layer_06_features_20,fully_associative,0,65536,cout,cin_cout_2d,64,0.985767,5
loas,vgg16_T4_all,layer_07_features_24,set_associative,4,16384,cout,cin_cout_2d,16,0.000000,5
loas,vgg16_T4_all,layer_07_features_24,set_associative,4,32768,cout,cin_cout_2d,16,0.000000,5
loas,vgg16_T4_all,layer_07_features_24,set_associative,4,65536,cout,cin_cout_2d,16,0.001340,5
loas,vgg16_T4_all,layer_07_features_24,set_associative,16,16384,cout,cin_cout_2d,16,0.000000,5
loas,vgg16_T4_all,layer_07_features_24,set_associative,16,32768,cout,cin_cout_2d,16,0.000000,5
loas,vgg16_T4_all,layer_07_features_24,set_associative,16,65536,cout,cin_cout_2d,16,0.000157,5
loas,vgg16_T4_all,layer_07_features_24,set_associative,32,16384,cout,cin_cout_2d,16,0.000000,5
loas,vgg16_T4_all,layer_07_features_24,set_associative,32,32768,cout,cin_cout_2d,16,0.000000,5
loas,vgg16_T4_all,layer_07_features_24,set_associative,32,65536,cout,cin_cout_2d,16,0.000152,5
loas,vgg16_T4_all,layer_07_features_24,fully_associative,0,16384,cout,cin_cout_2d,16,0.553075,5
loas,vgg16_T4_all,layer_07_features_24,fully_associative,0,32768,cout,cin_cout_2d,16,0.758165,5
loas,vgg16_T4_all,layer_07_features_24,fully_associative,0,65536,cout,cin_cout_2d,16,0.758165,5
loas,vgg16_T4_all,layer_07_features_24,set_associative,4,16384,cout,cin_cout_2d,32,0.154059,5
loas,vgg16_T4_all,layer_07_features_24,set_associative,4,32768,cout,cin_cout_2d,32,0.154059,5
loas,vgg16_T4_all,layer_07_features_24,set_associative,4,65536,cout,cin_cout_2d,32,0.154146,5
loas,vgg16_T4_all,layer_07_features_24,set_associative,16,16384,cout,cin_cout_2d,32,0.154059,5
loas,vgg16_T4_all,layer_07_features_24,set_associative,16,32768,cout,cin_cout_2d,32,0.154059,5
loas,vgg16_T4_all,layer_07_features_24,set_associative,16,65536,cout,cin_cout_2d,32,0.154059,5
loas,vgg16_T4_all,layer_07_features_24,set_associative,32,16384,cout,cin_cout_2d,32,0.154059,5
loas,vgg16_T4_all,layer_07_features_24,set_associative,32,32768,cout,cin_cout_2d,32,0.154059,5
loas,vgg16_T4_all,layer_07_features_24,set_associative,32,65536,cout,cin_cout_2d,32,0.154059,5
loas,vgg16_T4_all,layer_07_features_24,fully_associative,0,16384,cout,cin_cout_2d,32,0.399991,5
loas,vgg16_T4_all,layer_07_features_24,fully_associative,0,32768,cout,cin_cout_2d,32,0.838291,5
loas,vgg16_T4_all,layer_07_features_24,fully_associative,0,65536,cout,cin_cout_2d,32,0.857709,5
loas,vgg16_T4_all,layer_07_features_24,set_associative,4,16384,cout,cin_cout_2d,64,0.381430,5
loas,vgg16_T4_all,layer_07_features_24,set_associative,4,32768,cout,cin_cout_2d,64,0.381430,5
loas,vgg16_T4_all,layer_07_features_24,set_associative,4,65536,cout,cin_cout_2d,64,0.381430,5
loas,vgg16_T4_all,layer_07_features_24,set_associative,16,16384,cout,cin_cout_2d,64,0.381430,5
loas,vgg16_T4_all,layer_07_features_24,set_associative,16,32768,cout,cin_cout_2d,64,0.381430,5
loas,vgg16_T4_all,layer_07_features_24,set_associative,16,65536,cout,cin_cout_2d,64,0.381430,5
loas,vgg16_T4_all,layer_07_features_24,set_associative,32,16384,cout,cin_cout_2d,64,0.381430,5
loas,vgg16_T4_all,layer_07_features_24,set_associative,32,32768,cout,cin_cout_2d,64,0.381430,5
loas,vgg16_T4_all,layer_07_features_24,set_associative,32,65536,cout,cin_cout_2d,64,0.381430,5
loas,vgg16_T4_all,layer_07_features_24,fully_associative,0,16384,cout,cin_cout_2d,64,0.435968,5
loas,vgg16_T4_all,layer_07_features_24,fully_associative,0,32768,cout,cin_cout_2d,64,0.856118,5
loas,vgg16_T4_all,layer_07_features_24,fully_associative,0,65536,cout,cin_cout_2d,64,0.927111,5
loas,vgg16_T4_all,layer_08_features_27,set_associative,4,16384,cout,cin_cout_2d,16,0.000000,5
loas,vgg16_T4_all,layer_08_features_27,set_associative,4,32768,cout,cin_cout_2d,16,0.000000,5
loas,vgg16_T4_all,layer_08_features_27,set_associative,4,65536,cout,cin_cout_2d,16,0.000000,5
loas,vgg16_T4_all,layer_08_features_27,set_associative,16,16384,cout,cin_cout_2d,16,0.000000,5
loas,vgg16_T4_all,layer_08_features_27,set_associative,16,32768,cout,cin_cout_2d,16,0.000000,5
loas,vgg16_T4_all,layer_08_features_27,set_associative,16,65536,cout,cin_cout_2d,16,0.000000,5
loas,vgg16_T4_all,layer_08_features_27,set_associative,32,16384,cout,cin_cout_2d,16,0.000000,5
loas,vgg16_T4_all,layer_08_features_27,set_associative,32,32768,cout,cin_cout_2d,16,0.000000,5
loas,vgg16_T4_all,layer_08_features_27,set_associative,32,65536,cout,cin_cout_2d,16,0.000000,5
loas,vgg16_T4_all,layer_08_features_27,fully_associative,0,16384,cout,cin_cout_2d,16,0.057467,5
loas,vgg16_T4_all,layer_08_features_27,fully_associative,0,32768,cout,cin_cout_2d,16,0.536779,5
loas,vgg16_T4_all,layer_08_features_27,fully_associative,0,65536,cout,cin_cout_2d,16,0.798667,5
loas,vgg16_T4_all,layer_08_features_27,set_associative,4,16384,cout,cin_cout_2d,32,0.188660,5
loas,vgg16_T4_all,layer_08_features_27,set_associative,4,32768,cout,cin_cout_2d,32,0.188660,5
loas,vgg16_T4_all,layer_08_features_27,set_associative,4,65536,cout,cin_cout_2d,32,0.188660,5
loas,vgg16_T4_all,layer_08_features_27,set_associative,16,16384,cout,cin_cout_2d,32,0.188660,5
loas,vgg16_T4_all,layer_08_features_27,set_associative,16,32768,cout,cin_cout_2d,32,0.188660,5
loas,vgg16_T4_all,layer_08_features_27,set_associative,16,65536,cout,cin_cout_2d,32,0.188660,5
loas,vgg16_T4_all,layer_08_features_27,set_associative,32,16384,cout,cin_cout_2d,32,0.188660,5
loas,vgg16_T4_all,layer_08_features_27,set_associative,32,32768,cout,cin_cout_2d,32,0.188660,5
loas,vgg16_T4_all,layer_08_features_27,set_associative,32,65536,cout,cin_cout_2d,32,0.188660,5
loas,vgg16_T4_all,layer_08_features_27,fully_associative,0,16384,cout,cin_cout_2d,32,0.202911,5
loas,vgg16_T4_all,layer_08_features_27,fully_associative,0,32768,cout,cin_cout_2d,32,0.373125,5
loas,vgg16_T4_all,layer_08_features_27,fully_associative,0,65536,cout,cin_cout_2d,32,0.865569,5
loas,vgg16_T4_all,layer_08_features_27,set_associative,4,16384,cout,cin_cout_2d,64,0.441692,5
loas,vgg16_T4_all,layer_08_features_27,set_associative,4,32768,cout,cin_cout_2d,64,0.441692,5
loas,vgg16_T4_all,layer_08_features_27,set_associative,4,65536,cout,cin_cout_2d,64,0.441692,5
loas,vgg16_T4_all,layer_08_features_27,set_associative,16,16384,cout,cin_cout_2d,64,0.441692,5
loas,vgg16_T4_all,layer_08_features_27,set_associative,16,32768,cout,cin_cout_2d,64,0.441692,5
loas,vgg16_T4_all,layer_08_features_27,set_associative,16,65536,cout,cin_cout_2d,64,0.441692,5
loas,vgg16_T4_all,layer_08_features_27,set_associative,32,16384,cout,cin_cout_2d,64,0.441692,5
loas,vgg16_T4_all,layer_08_features_27,set_associative,32,32768,cout,cin_cout_2d,64,0.441692,5
loas,vgg16_T4_all,layer_08_features_27,set_associative,32,65536,cout,cin_cout_2d,64,0.441692,5
loas,vgg16_T4_all,layer_08_features_27,fully_associative,0,16384,cout,cin_cout_2d,64,0.441692,5
loas,vgg16_T4_all,layer_08_features_27,fully_associative,0,32768,cout,cin_cout_2d,64,0.461722,5
loas,vgg16_T4_all,layer_08_features_27,fully_associative,0,65536,cout,cin_cout_2d,64,0.833549,5
loas,vgg16_T4_all,layer_09_features_30,set_associative,4,16384,cout,cin_cout_2d,16,0.000000,5
loas,vgg16_T4_all,layer_09_features_30,set_associative,4,32768,cout,cin_cout_2d,16,0.000000,5
loas,vgg16_T4_all,layer_09_features_30,set_associative,4,65536,cout,cin_cout_2d,16,0.000000,5
loas,vgg16_T4_all,layer_09_features_30,set_associative,16,16384,cout,cin_cout_2d,16,0.000000,5
loas,vgg16_T4_all,layer_09_features_30,set_associative,16,32768,cout,cin_cout_2d,16,0.000000,5
loas,vgg16_T4_all,layer_09_features_30,set_associative,16,65536,cout,cin_cout_2d,16,0.000000,5
loas,vgg16_T4_all,layer_09_features_30,set_associative,32,16384,cout,cin_cout_2d,16,0.000000,5
loas,vgg16_T4_all,layer_09_features_30,set_associative,32,32768,cout,cin_cout_2d,16,0.000000,5
loas,vgg16_T4_all,layer_09_features_30,set_associative,32,65536,cout,cin_cout_2d,16,0.000000,5
loas,vgg16_T4_all,layer_09_features_30,fully_associative,0,16384,cout,cin_cout_2d,16,0.000000,5
loas,vgg16_T4_all,layer_09_features_30,fully_associative,0,32768,cout,cin_cout_2d,16,0.094118,5
loas,vgg16_T4_all,layer_09_features_30,fully_associative,0,65536,cout,cin_cout_2d,16,0.849099,5
loas,vgg16_T4_all,layer_09_features_30,set_associative,4,16384,cout,cin_cout_2d,32,0.372532,5
loas,vgg16_T4_all,layer_09_features_30,set_associative,4,32768,cout,cin_cout_2d,32,0.372532,5
loas,vgg16_T4_all,layer_09_features_30,set_associative,4,65536,cout,cin_cout_2d,32,0.372532,5
loas,vgg16_T4_all,layer_09_features_30,set_associative,16,16384,cout,cin_cout_2d,32,0.372532,5
loas,vgg16_T4_all,layer_09_features_30,set_associative,16,32768,cout,cin_cout_2d,32,0.372532,5
loas,vgg16_T4_all,layer_09_features_30,set_associative,16,65536,cout,cin_cout_2d,32,0.372532,5
loas,vgg16_T4_all,layer_09_features_30,set_associative,32,16384,cout,cin_cout_2d,32,0.372532,5
loas,vgg16_T4_all,layer_09_features_30,set_associative,32,32768,cout,cin_cout_2d,32,0.372532,5
loas,vgg16_T4_all,layer_09_features_30,set_associative,32,65536,cout,cin_cout_2d,32,0.372532,5
loas,vgg16_T4_all,layer_09_features_30,fully_associative,0,16384,cout,cin_cout_2d,32,0.372532,5
loas,vgg16_T4_all,layer_09_features_30,fully_associative,0,32768,cout,cin_cout_2d,32,0.390354,5
loas,vgg16_T4_all,layer_09_features_30,fully_associative,0,65536,cout,cin_cout_2d,32,0.752213,5
loas,vgg16_T4_all,layer_09_features_30,set_associative,4,16384,cout,cin_cout_2d,64,0.666242,5
loas,vgg16_T4_all,layer_09_features_30,set_associative,4,32768,cout,cin_cout_2d,64,0.666242,5
loas,vgg16_T4_all,layer_09_features_30,set_associative,4,65536,cout,cin_cout_2d,64,0.666242,5
loas,vgg16_T4_all,layer_09_features_30,set_associative,16,16384,cout,cin_cout_2d,64,0.666242,5
loas,vgg16_T4_all,layer_09_features_30,set_associative,16,32768,cout,cin_cout_2d,64,0.666242,5
loas,vgg16_T4_all,layer_09_features_30,set_associative,16,65536,cout,cin_cout_2d,64,0.666242,5
loas,vgg16_T4_all,layer_09_features_30,set_associative,32,16384,cout,cin_cout_2d,64,0.666242,5
loas,vgg16_T4_all,layer_09_features_30,set_associative,32,32768,cout,cin_cout_2d,64,0.666242,5
loas,vgg16_T4_all,layer_09_features_30,set_associative,32,65536,cout,cin_cout_2d,64,0.666242,5
loas,vgg16_T4_all,layer_09_features_30,fully_associative,0,16384,cout,cin_cout_2d,64,0.666242,5
loas,vgg16_T4_all,layer_09_features_30,fully_associative,0,32768,cout,cin_cout_2d,64,0.676207,5
loas,vgg16_T4_all,layer_09_features_30,fully_associative,0,65536,cout,cin_cout_2d,64,0.875901,5
loas,vgg16_T4_all,layer_10_features_34,set_associative,4,16384,cout,cin_cout_2d,16,0.000000,5
loas,vgg16_T4_all,layer_10_features_34,set_associative,4,32768,cout,cin_cout_2d,16,0.000000,5
loas,vgg16_T4_all,layer_10_features_34,set_associative,4,65536,cout,cin_cout_2d,16,0.000000,5
loas,vgg16_T4_all,layer_10_features_34,set_associative,16,16384,cout,cin_cout_2d,16,0.000000,5
loas,vgg16_T4_all,layer_10_features_34,set_associative,16,32768,cout,cin_cout_2d,16,0.000000,5
loas,vgg16_T4_all,layer_10_features_34,set_associative,16,65536,cout,cin_cout_2d,16,0.000000,5
loas,vgg16_T4_all,layer_10_features_34,set_associative,32,16384,cout,cin_cout_2d,16,0.000000,5
loas,vgg16_T4_all,layer_10_features_34,set_associative,32,32768,cout,cin_cout_2d,16,0.000000,5
loas,vgg16_T4_all,layer_10_features_34,set_associative,32,65536,cout,cin_cout_2d,16,0.000000,5
loas,vgg16_T4_all,layer_10_features_34,fully_associative,0,16384,cout,cin_cout_2d,16,0.000000,5
loas,vgg16_T4_all,layer_10_features_34,fully_associative,0,32768,cout,cin_cout_2d,16,0.309022,5
loas,vgg16_T4_all,layer_10_features_34,fully_associative,0,65536,cout,cin_cout_2d,16,0.329207,5
loas,vgg16_T4_all,layer_10_features_34,set_associative,4,16384,cout,cin_cout_2d,32,0.216406,5
loas,vgg16_T4_all,layer_10_features_34,set_associative,4,32768,cout,cin_cout_2d,32,0.216406,5
loas,vgg16_T4_all,layer_10_features_34,set_associative,4,65536,cout,cin_cout_2d,32,0.216406,5
loas,vgg16_T4_all,layer_10_features_34,set_associative,16,16384,cout,cin_cout_2d,32,0.216406,5
loas,vgg16_T4_all,layer_10_features_34,set_associative,16,32768,cout,cin_cout_2d,32,0.216406,5
loas,vgg16_T4_all,layer_10_features_34,set_associative,16,65536,cout,cin_cout_2d,32,0.216406,5
loas,vgg16_T4_all,layer_10_features_34,set_associative,32,16384,cout,cin_cout_2d,32,0.216406,5
loas,vgg16_T4_all,layer_10_features_34,set_associative,32,32768,cout,cin_cout_2d,32,0.216406,5
loas,vgg16_T4_all,layer_10_features_34,set_associative,32,65536,cout,cin_cout_2d,32,0.216406,5
loas,vgg16_T4_all,layer_10_features_34,fully_associative,0,16384,cout,cin_cout_2d,32,0.216406,5
loas,vgg16_T4_all,layer_10_features_34,fully_associative,0,32768,cout,cin_cout_2d,32,0.421261,5
loas,vgg16_T4_all,layer_10_features_34,fully_associative,0,65536,cout,cin_cout_2d,32,0.507788,5
loas,vgg16_T4_all,layer_10_features_34,set_associative,4,16384,cout,cin_cout_2d,64,0.474769,5
loas,vgg16_T4_all,layer_10_features_34,set_associative,4,32768,cout,cin_cout_2d,64,0.474769,5
loas,vgg16_T4_all,layer_10_features_34,set_associative,4,65536,cout,cin_cout_2d,64,0.474769,5
loas,vgg16_T4_all,layer_10_features_34,set_associative,16,16384,cout,cin_cout_2d,64,0.474769,5
loas,vgg16_T4_all,layer_10_features_34,set_associative,16,32768,cout,cin_cout_2d,64,0.474769,5
loas,vgg16_T4_all,layer_10_features_34,set_associative,16,65536,cout,cin_cout_2d,64,0.474769,5
loas,vgg16_T4_all,layer_10_features_34,set_associative,32,16384,cout,cin_cout_2d,64,0.474769,5
loas,vgg16_T4_all,layer_10_features_34,set_associative,32,32768,cout,cin_cout_2d,64,0.474769,5
loas,vgg16_T4_all,layer_10_features_34,set_associative,32,65536,cout,cin_cout_2d,64,0.474769,5
loas,vgg16_T4_all,layer_10_features_34,fully_associative,0,16384,cout,cin_cout_2d,64,0.474769,5
loas,vgg16_T4_all,layer_10_features_34,fully_associative,0,32768,cout,cin_cout_2d,64,0.474769,5
loas,vgg16_T4_all,layer_10_features_34,fully_associative,0,65536,cout,cin_cout_2d,64,0.694165,5
loas,vgg16_T4_all,layer_11_features_37,set_associative,4,16384,cout,cin_cout_2d,16,0.000000,5
loas,vgg16_T4_all,layer_11_features_37,set_associative,4,32768,cout,cin_cout_2d,16,0.000000,5
loas,vgg16_T4_all,layer_11_features_37,set_associative,4,65536,cout,cin_cout_2d,16,0.000000,5
loas,vgg16_T4_all,layer_11_features_37,set_associative,16,16384,cout,cin_cout_2d,16,0.000000,5
loas,vgg16_T4_all,layer_11_features_37,set_associative,16,32768,cout,cin_cout_2d,16,0.000000,5
loas,vgg16_T4_all,layer_11_features_37,set_associative,16,65536,cout,cin_cout_2d,16,0.000000,5
loas,vgg16_T4_all,layer_11_features_37,set_associative,32,16384,cout,cin_cout_2d,16,0.000000,5
loas,vgg16_T4_all,layer_11_features_37,set_associative,32,32768,cout,cin_cout_2d,16,0.000000,5
loas,vgg16_T4_all,layer_11_features_37,set_associative,32,65536,cout,cin_cout_2d,16,0.000000,5
loas,vgg16_T4_all,layer_11_features_37,fully_associative,0,16384,cout,cin_cout_2d,16,0.000000,5
loas,vgg16_T4_all,layer_11_features_37,fully_associative,0,32768,cout,cin_cout_2d,16,0.224465,5
loas,vgg16_T4_all,layer_11_features_37,fully_associative,0,65536,cout,cin_cout_2d,16,0.327836,5
loas,vgg16_T4_all,layer_11_features_37,set_associative,4,16384,cout,cin_cout_2d,32,0.313763,5
loas,vgg16_T4_all,layer_11_features_37,set_associative,4,32768,cout,cin_cout_2d,32,0.313763,5
loas,vgg16_T4_all,layer_11_features_37,set_associative,4,65536,cout,cin_cout_2d,32,0.313763,5
loas,vgg16_T4_all,layer_11_features_37,set_associative,16,16384,cout,cin_cout_2d,32,0.313763,5
loas,vgg16_T4_all,layer_11_features_37,set_associative,16,32768,cout,cin_cout_2d,32,0.313763,5
loas,vgg16_T4_all,layer_11_features_37,set_associative,16,65536,cout,cin_cout_2d,32,0.313763,5
loas,vgg16_T4_all,layer_11_features_37,set_associative,32,16384,cout,cin_cout_2d,32,0.313763,5
loas,vgg16_T4_all,layer_11_features_37,set_associative,32,32768,cout,cin_cout_2d,32,0.313763,5
loas,vgg16_T4_all,layer_11_features_37,set_associative,32,65536,cout,cin_cout_2d,32,0.313763,5
loas,vgg16_T4_all,layer_11_features_37,fully_associative,0,16384,cout,cin_cout_2d,32,0.313763,5
loas,vgg16_T4_all,layer_11_features_37,fully_associative,0,32768,cout,cin_cout_2d,32,0.316258,5
loas,vgg16_T4_all,layer_11_features_37,fully_associative,0,65536,cout,cin_cout_2d,32,0.583490,5
loas,vgg16_T4_all,layer_11_features_37,set_associative,4,16384,cout,cin_cout_2d,64,0.605892,5
loas,vgg16_T4_all,layer_11_features_37,set_associative,4,32768,cout,cin_cout_2d,64,0.605892,5
loas,vgg16_T4_all,layer_11_features_37,set_associative,4,65536,cout,cin_cout_2d,64,0.605892,5
loas,vgg16_T4_all,layer_11_features_37,set_associative,16,16384,cout,cin_cout_2d,64,0.605892,5
loas,vgg16_T4_all,layer_11_features_37,set_associative,16,32768,cout,cin_cout_2d,64,0.605892,5
loas,vgg16_T4_all,layer_11_features_37,set_associative,16,65536,cout,cin_cout_2d,64,0.605892,5
loas,vgg16_T4_all,layer_11_features_37,set_associative,32,16384,cout,cin_cout_2d,64,0.605892,5
loas,vgg16_T4_all,layer_11_features_37,set_associative,32,32768,cout,cin_cout_2d,64,0.605892,5
loas,vgg16_T4_all,layer_11_features_37,set_associative,32,65536,cout,cin_cout_2d,64,0.605892,5
loas,vgg16_T4_all,layer_11_features_37,fully_associative,0,16384,cout,cin_cout_2d,64,0.605892,5
loas,vgg16_T4_all,layer_11_features_37,fully_associative,0,32768,cout,cin_cout_2d,64,0.605892,5
loas,vgg16_T4_all,layer_11_features_37,fully_associative,0,65536,cout,cin_cout_2d,64,0.775039,5
loas,vgg16_T4_all,layer_12_features_40,set_associative,4,16384,cout,cin_cout_2d,16,0.000000,5
loas,vgg16_T4_all,layer_12_features_40,set_associative,4,32768,cout,cin_cout_2d,16,0.000000,5
loas,vgg16_T4_all,layer_12_features_40,set_associative,4,65536,cout,cin_cout_2d,16,0.000000,5
loas,vgg16_T4_all,layer_12_features_40,set_associative,16,16384,cout,cin_cout_2d,16,0.000000,5
loas,vgg16_T4_all,layer_12_features_40,set_associative,16,32768,cout,cin_cout_2d,16,0.000000,5
loas,vgg16_T4_all,layer_12_features_40,set_associative,16,65536,cout,cin_cout_2d,16,0.000000,5
loas,vgg16_T4_all,layer_12_features_40,set_associative,32,16384,cout,cin_cout_2d,16,0.000000,5
loas,vgg16_T4_all,layer_12_features_40,set_associative,32,32768,cout,cin_cout_2d,16,0.000000,5
loas,vgg16_T4_all,layer_12_features_40,set_associative,32,65536,cout,cin_cout_2d,16,0.000000,5
loas,vgg16_T4_all,layer_12_features_40,fully_associative,0,16384,cout,cin_cout_2d,16,0.000000,5
loas,vgg16_T4_all,layer_12_features_40,fully_associative,0,32768,cout,cin_cout_2d,16,0.220632,5
loas,vgg16_T4_all,layer_12_features_40,fully_associative,0,65536,cout,cin_cout_2d,16,0.333333,5
loas,vgg16_T4_all,layer_12_features_40,set_associative,4,16384,cout,cin_cout_2d,32,0.324633,5
loas,vgg16_T4_all,layer_12_features_40,set_associative,4,32768,cout,cin_cout_2d,32,0.324633,5
loas,vgg16_T4_all,layer_12_features_40,set_associative,4,65536,cout,cin_cout_2d,32,0.324633,5
loas,vgg16_T4_all,layer_12_features_40,set_associative,16,16384,cout,cin_cout_2d,32,0.324633,5
loas,vgg16_T4_all,layer_12_features_40,set_associative,16,32768,cout,cin_cout_2d,32,0.324633,5
loas,vgg16_T4_all,layer_12_features_40,set_associative,16,65536,cout,cin_cout_2d,32,0.324633,5
loas,vgg16_T4_all,layer_12_features_40,set_associative,32,16384,cout,cin_cout_2d,32,0.324633,5
loas,vgg16_T4_all,layer_12_features_40,set_associative,32,32768,cout,cin_cout_2d,32,0.324633,5
loas,vgg16_T4_all,layer_12_features_40,set_associative,32,65536,cout,cin_cout_2d,32,0.324633,5
loas,vgg16_T4_all,layer_12_features_40,fully_associative,0,16384,cout,cin_cout_2d,32,0.324633,5
loas,vgg16_T4_all,layer_12_features_40,fully_associative,0,32768,cout,cin_cout_2d,32,0.324633,5
loas,vgg16_T4_all,layer_12_features_40,fully_associative,0,65536,cout,cin_cout_2d,32,0.595146,5
loas,vgg16_T4_all,layer_12_features_40,set_associative,4,16384,cout,cin_cout_2d,64,0.620483,5
loas,vgg16_T4_all,layer_12_features_40,set_associative,4,32768,cout,cin_cout_2d,64,0.620483,5
loas,vgg16_T4_all,layer_12_features_40,set_associative,4,65536,cout,cin_cout_2d,64,0.620483,5
loas,vgg16_T4_all,layer_12_features_40,set_associative,16,16384,cout,cin_cout_2d,64,0.620483,5
loas,vgg16_T4_all,layer_12_features_40,set_associative,16,32768,cout,cin_cout_2d,64,0.620483,5
loas,vgg16_T4_all,layer_12_features_40,set_associative,16,65536,cout,cin_cout_2d,64,0.620483,5
loas,vgg16_T4_all,layer_12_features_40,set_associative,32,16384,cout,cin_cout_2d,64,0.620483,5
loas,vgg16_T4_all,layer_12_features_40,set_associative,32,32768,cout,cin_cout_2d,64,0.620483,5
loas,vgg16_T4_all,layer_12_features_40,set_associative,32,65536,cout,cin_cout_2d,64,0.620483,5
loas,vgg16_T4_all,layer_12_features_40,fully_associative,0,16384,cout,cin_cout_2d,64,0.620483,5
loas,vgg16_T4_all,layer_12_features_40,fully_associative,0,32768,cout,cin_cout_2d,64,0.620483,5
loas,vgg16_T4_all,layer_12_features_40,fully_associative,0,65536,cout,cin_cout_2d,64,0.784610,5
