run_id,git_commit,arm,tier,arch,n_cores,workload,layer,sample_idx,l1_size_bytes,l1_assoc,l1_num_lines,l1_num_sets,l2_size_bytes,l2_assoc,l2_num_lines,l2_num_sets,line_size_bytes,cin_block,cout_block,weight_bytes,l1_mshrs,l1_tgts_per_mshr,l2_mshrs,l2_tgts_per_mshr,l1_demand_reserve,prefetch_policy,prefetch_distance,l1_latency,l1_ii,l2_latency,l2_to_l1_latency,l2_miss_latency,l2_banks,l2_ii,dram_ii,core_accept_ii,inclusion,policy,total_cycles,tick_base_total,stretch_cycles,l1_hits,l1_accesses,l1_hit_rate,l2_hits,l2_accesses,l2_hit_rate,dram_accesses,dram_bytes,stall_l1_slot,stall_l1_line,stall_l1_port,stall_l2_slot,stall_l2_line,stall_l2_port,stall_channel,stall_barrier,stall_total,core_stall_sum,fetch_latency_sum,hidden_latency,hidden_fraction,pf_issued,pf_timely,pf_late,pf_wasted,pf_dropped_array_hit,pf_dropped_matching,pf_dropped_no_slot,pf_dropped_targets_full,pf_dropped_reserve,pf_coverage,pf_coverage_ceiling,pf_budget_exhausted,pf_pollution_evictions,padding_fraction,port_bound_threshold,l1_mshr_occ_p50,l1_mshr_occ_p95,l1_mshr_occ_max,l2_mshr_occ_p50,l2_mshr_occ_p95,l2_mshr_occ_max,max_wait_depth,hits_downgraded_to_miss,events,events_per_cycle,sim_wall_seconds,distinct_addr_per_core_tile_p50,distinct_addr_per_core_tile_max
dedce5b4-156d-4d01-8479-6cb43f0a17cf,adc154abe3cea812fb9fedff32206f3a879c9e26,cache,cache16_l1_16k,loas,16,resnet19_T4_all,layer_01_layer1_0_conv1,0,16384,8,1024,128,262144,16,16384,1024,16,1,16,1,16,20,20,12,1,none,0,0,1,10,0,100,1,1,1,1,non_inclusive,lru,2644850,205924,2438926,724096,3294784,0.219770,2563344,2570688,0.997143,3672,58752,0,0,0,0,0,37701242,819159,535183,39055584,38520401,38520401,0,0.000000,0,0,0,0,0,0,0,0,0,0.000000,0.990055,0,0,0.000000,78.022960,1,1,1,4,8,8,0,0,11736664,4.437554,1.710716,101,174
dedce5b4-156d-4d01-8479-6cb43f0a17cf,adc154abe3cea812fb9fedff32206f3a879c9e26,cache,cache16_l1_16k,loas,16,resnet19_T4_all,layer_01_layer1_0_conv1,0,16384,8,1024,128,262144,16,16384,1024,16,1,16,1,16,20,20,12,1,next_burst,2,0,1,10,0,100,1,1,1,1,non_inclusive,lru,2615346,205924,2409422,889731,3294784,0.270042,25961,26041,0.996928,3672,58752,0,0,333819,0,0,37679743,9360,560598,38583520,38022922,104419171,66396249,0.635863,3262016,165637,2379012,0,717367,0,0,0,0,0.772327,0.990055,0,0,0.000000,72.995771,2,3,3,6,17,20,13,0,15000048,5.735397,2.710198,101,174
dedce5b4-156d-4d01-8479-6cb43f0a17cf,adc154abe3cea812fb9fedff32206f3a879c9e26,cache,cache16_l1_16k,loas,16,resnet19_T4_all,layer_01_layer1_0_conv1,0,16384,8,1024,128,262144,16,16384,1024,16,1,16,1,16,20,20,12,1,next_burst,4,0,1,10,0,100,1,1,1,1,non_inclusive,lru,2606864,205924,2400940,924070,3294784,0.280465,36830,36910,0.997833,3672,58752,0,0,347330,0,0,37423104,9360,668014,38447808,37779794,166779184,128999390,0.773474,3262016,200010,2333804,0,728202,0,0,0,0,0.769038,0.990055,0,0,0.000000,71.953548,4,5,5,6,17,20,47,0,15000356,5.754177,2.795054,101,174
dedce5b4-156d-4d01-8479-6cb43f0a17cf,adc154abe3cea812fb9fedff32206f3a879c9e26,cache,cache16_l1_16k,loas,16,resnet19_T4_all,layer_01_layer1_0_conv1,0,16384,8,1024,128,262144,16,16384,1024,16,1,16,1,16,20,20,12,1,next_burst,8,0,1,10,0,100,1,1,1,1,non_inclusive,lru,2602404,205924,2396480,1073524,3294784,0.325825,79222,79302,0.998991,3672,58752,0,0,498672,0,0,37095954,9360,772462,38376448,37603986,284486790,246882804,0.867818,3262016,350366,2141958,0,769692,0,0,0,0,0.756445,0.990055,0,0,0.000000,67.417470,6,9,9,7,17,20,114,0,15002212,5.764751,2.936497,101,174
8deceb74-bede-46b5-86fa-a1c72e251fc4,adc154abe3cea812fb9fedff32206f3a879c9e26,cache,cache16_l1_16k,loas,16,resnet19_T4_all,layer_01_layer1_0_conv1,0,16384,8,512,64,262144,16,8192,512,32,2,16,1,16,20,20,12,1,none,0,0,1,10,0,100,1,1,1,1,non_inclusive,lru,2835042,205924,2629118,513840,3294784,0.155956,2776624,2780944,0.998447,2160,69120,0,0,0,0,0,41125375,482190,491091,42098656,41607565,41607565,0,0.000000,0,0,0,0,0,0,0,0,0,0.000000,0.990055,0,0,0.150000,84.404440,1,1,1,4,8,8,0,0,12155664,4.287649,1.752450,101,174
8deceb74-bede-46b5-86fa-a1c72e251fc4,adc154abe3cea812fb9fedff32206f3a879c9e26,cache,cache16_l1_16k,loas,16,resnet19_T4_all,layer_01_layer1_0_conv1,0,16384,8,512,64,262144,16,8192,512,32,2,16,1,16,20,20,12,1,next_burst,2,0,1,10,0,100,1,1,1,1,non_inclusive,lru,2814060,205924,2608136,656848,3294784,0.199360,31757,31821,0.997989,2160,69120,0,0,185460,0,0,41075493,7488,494503,41762944,41268441,116675116,75406675,0.646296,3262016,143008,2606115,0,261747,251146,0,0,0,0.834386,0.990055,0,0,0.150000,80.064004,2,3,3,7,18,20,13,0,15418966,5.479260,2.721196,101,174
8deceb74-bede-46b5-86fa-a1c72e251fc4,adc154abe3cea812fb9fedff32206f3a879c9e26,cache,cache16_l1_16k,loas,16,resnet19_T4_all,layer_01_layer1_0_conv1,0,16384,8,512,64,262144,16,8192,512,32,2,16,1,16,20,20,12,1,next_burst,4,0,1,10,0,100,1,1,1,1,non_inclusive,lru,2809806,205924,2603882,677613,3294784,0.205662,39036,39100,0.998363,2160,69120,0,0,168500,0,0,40925461,7488,593431,41694880,41101449,188819204,147717755,0.782324,3262016,163773,2578071,0,269204,250968,0,0,0,0.832177,0.990055,0,0,0.150000,79.433766,4,5,5,7,18,20,47,0,15419212,5.487643,2.799775,101,174
8deceb74-bede-46b5-86fa-a1c72e251fc4,adc154abe3cea812fb9fedff32206f3a879c9e26,cache,cache16_l1_16k,loas,16,resnet19_T4_all,layer_01_layer1_0_conv1,0,16384,8,512,64,262144,16,8192,512,32,2,16,1,16,20,20,12,1,next_burst,8,0,1,10,0,100,1,1,1,1,non_inclusive,lru,2808568,205924,2602644,783917,3294784,0.237927,65954,66018,0.999031,2160,69120,0,0,268426,0,0,40710044,7488,689114,41675072,40985958,327258179,286272221,0.874760,3262016,270575,2444849,0,299296,247296,0,0,0,0.824158,0.990055,0,0,0.150000,76.207333,7,9,9,8,17,20,114,0,15420270,5.490439,2.924990,101,174
8da7a6e6-9544-493a-8048-6b781b1611b5,adc154abe3cea812fb9fedff32206f3a879c9e26,cache,cache16_l1_16k,loas,16,resnet19_T4_all,layer_01_layer1_0_conv1,0,16384,8,256,32,262144,16,4096,256,64,4,16,1,16,20,20,12,1,none,0,0,1,10,0,100,1,1,1,1,non_inclusive,lru,2498919,205924,2292995,843168,3294784,0.255910,2449312,2451616,0.999060,1152,73728,0,0,0,0,0,35868204,256242,596242,36720688,36124446,36124446,0,0.000000,0,0,0,0,0,0,0,0,0,0.000000,0.990055,0,0,0.203125,74.409005,1,1,1,4,8,8,0,0,11496000,4.600389,1.666996,101,174
8da7a6e6-9544-493a-8048-6b781b1611b5,adc154abe3cea812fb9fedff32206f3a879c9e26,cache,cache16_l1_16k,loas,16,resnet19_T4_all,layer_01_layer1_0_conv1,0,16384,8,256,32,262144,16,4096,256,64,4,16,1,16,20,20,12,1,next_burst,2,0,1,10,0,100,1,1,1,1,non_inclusive,lru,2479820,205924,2273896,1073862,3294784,0.325928,32810,32874,0.998053,1152,73728,0,0,339701,0,0,35595042,7488,472873,36415104,35942231,94089084,58146853,0.617998,3262016,230694,2188048,0,60585,782689,0,0,0,0.734112,0.990055,0,0,0.203125,67.407211,2,3,3,9,19,20,8,0,14758100,5.951279,2.702195,101,174
8da7a6e6-9544-493a-8048-6b781b1611b5,adc154abe3cea812fb9fedff32206f3a879c9e26,cache,cache16_l1_16k,loas,16,resnet19_T4_all,layer_01_layer1_0_conv1,0,16384,8,256,32,262144,16,4096,256,64,4,16,1,16,20,20,12,1,next_burst,4,0,1,10,0,100,1,1,1,1,non_inclusive,lru,2478335,205924,2272411,1022102,3294784,0.310218,34646,34710,0.998156,1152,73728,0,0,244649,0,0,35570187,7488,569020,36391344,35822324,150191449,114369125,0.761489,3262016,178934,2237972,0,31154,813956,0,0,0,0.733555,0.990055,0,0,0.203125,68.978179,3,5,5,10,18,20,38,0,14759062,5.955233,2.713218,101,174
8da7a6e6-9544-493a-8048-6b781b1611b5,adc154abe3cea812fb9fedff32206f3a879c9e26,cache,cache16_l1_16k,loas,16,resnet19_T4_all,layer_01_layer1_0_conv1,0,16384,8,256,32,262144,16,4096,256,64,4,16,1,16,20,20,12,1,next_burst,8,0,1,10,0,100,1,1,1,1,non_inclusive,lru,2476727,205924,2270803,994562,3294784,0.301860,40568,40632,0.998425,1152,73728,0,0,206179,0,0,35604515,7488,547434,36365616,35818182,259266374,223448192,0.861848,3262016,151394,2259590,0,39671,811361,0,0,0,0.731758,0.990055,0,0,0.203125,69.814045,6,8,9,10,18,20,90,0,14759084,5.959108,2.787704,101,174
45b8f870-c01e-4895-91bf-684d257fe4ba,adc154abe3cea812fb9fedff32206f3a879c9e26,cache,cache16_l1_16k,loas,16,resnet19_T4_all,layer_01_layer1_0_conv1,1,16384,8,1024,128,262144,16,16384,1024,16,1,16,1,16,20,20,12,1,none,0,0,1,10,0,100,1,1,1,1,non_inclusive,lru,3208762,233160,2975602,605072,3730560,0.162193,3116272,3125488,0.997051,4608,73728,0,0,0,0,0,46112138,1028058,502204,47642400,47140196,47140196,0,0.000000,0,0,0,0,0,0,0,0,0,0.000000,0.991216,0,0,0.000000,83.780666,1,1,1,4,8,8,0,0,13718752,4.275403,1.997357,114,205
45b8f870-c01e-4895-91bf-684d257fe4ba,adc154abe3cea812fb9fedff32206f3a879c9e26,cache,cache16_l1_16k,loas,16,resnet19_T4_all,layer_01_layer1_0_conv1,1,16384,8,1024,128,262144,16,16384,1024,16,1,16,1,16,20,20,12,1,next_burst,2,0,1,10,0,100,1,1,1,1,non_inclusive,lru,3173746,233160,2940586,754596,3730560,0.202274,29044,29284,0.991804,4608,73728,0,0,275519,0,0,46223005,28080,555540,47082144,46526604,132954365,86427761,0.650056,3697792,149524,2946680,0,601588,0,0,0,0,0.829957,0.991216,0,0,0.000000,79.772581,2,3,3,6,17,20,13,0,17418272,5.488238,3.095357,114,205
45b8f870-c01e-4895-91bf-684d257fe4ba,adc154abe3cea812fb9fedff32206f3a879c9e26,cache,cache16_l1_16k,loas,16,resnet19_T4_all,layer_01_layer1_0_conv1,1,16384,8,1024,128,262144,16,16384,1024,16,1,16,1,16,20,20,12,1,next_burst,4,0,1,10,0,100,1,1,1,1,non_inclusive,lru,3163246,233160,2930086,777600,3730560,0.208441,38478,38718,0.993801,4608,73728,0,0,271051,0,0,45952620,28080,662393,46914144,46251751,214788276,168536525,0.784664,3697792,172580,2914242,0,610970,0,0,0,0,0.827442,0.991216,0,0,0.000000,79.155944,4,5,5,6,17,20,47,0,17418532,5.506537,3.224124,114,205
45b8f870-c01e-4895-91bf-684d257fe4ba,adc154abe3cea812fb9fedff32206f3a879c9e26,cache,cache16_l1_16k,loas,16,resnet19_T4_all,layer_01_layer1_0_conv1,1,16384,8,1024,128,262144,16,16384,1024,16,1,16,1,16,20,20,12,1,next_burst,8,0,1,10,0,100,1,1,1,1,non_inclusive,lru,3157831,233160,2924671,919901,3730560,0.246585,77741,77981,0.996922,4608,73728,0,0,406955,0,0,45665349,28080,727120,46827504,46100384,371978033,325877649,0.876067,3697792,315701,2732678,0,649413,0,0,0,0,0.817137,0.991216,0,0,0.000000,75.341477,7,9,9,7,17,20,114,0,17420258,5.516526,3.356694,114,205
61a05f83-6788-4322-a0e2-ee618672670e,adc154abe3cea812fb9fedff32206f3a879c9e26,cache,cache16_l1_16k,loas,16,resnet19_T4_all,layer_01_layer1_0_conv1,1,16384,8,512,64,262144,16,8192,512,32,2,16,1,16,20,20,12,1,none,0,0,1,10,0,100,1,1,1,1,non_inclusive,lru,3177080,233160,2943920,610688,3730560,0.163699,3115264,3119872,0.998523,2304,73728,0,0,0,0,0,46092679,513551,529258,47135488,46606230,46606230,0,0.000000,0,0,0,0,0,0,0,0,0,0.000000,0.991216,0,0,0.000000,83.630125,1,1,1,4,8,8,0,0,13705216,4.313777,1.971359,114,205
61a05f83-6788-4322-a0e2-ee618672670e,adc154abe3cea812fb9fedff32206f3a879c9e26,cache,cache16_l1_16k,loas,16,resnet19_T4_all,layer_01_layer1_0_conv1,1,16384,8,512,64,262144,16,8192,512,32,2,16,1,16,20,20,12,1,next_burst,2,0,1,10,0,100,1,1,1,1,non_inclusive,lru,3154448,233160,2921288,782063,3730560,0.209637,31206,31382,0.994392,2304,73728,0,0,236313,0,0,45985549,20592,530922,46773376,46242454,131353102,85110648,0.647953,3697792,171375,2917115,0,218627,390675,0,0,0,0.827889,0.991216,0,0,0.000000,79.036311,2,3,3,7,18,20,14,0,17404020,5.517295,3.059941,114,205
61a05f83-6788-4322-a0e2-ee618672670e,adc154abe3cea812fb9fedff32206f3a879c9e26,cache,cache16_l1_16k,loas,16,resnet19_T4_all,layer_01_layer1_0_conv1,1,16384,8,512,64,262144,16,8192,512,32,2,16,1,16,20,20,12,1,next_burst,4,0,1,10,0,100,1,1,1,1,non_inclusive,lru,3149969,233160,2916809,770338,3730560,0.206494,36797,36973,0.995240,2304,73728,0,0,192922,0,0,45859118,20592,629080,46701712,46072632,210926837,164854205,0.781571,3697792,159688,2923249,0,226704,388151,0,0,0,0.826401,0.991216,0,0,0.000000,79.350607,4,5,5,7,17,20,42,0,17404740,5.525369,3.170784,114,205
61a05f83-6788-4322-a0e2-ee618672670e,adc154abe3cea812fb9fedff32206f3a879c9e26,cache,cache16_l1_16k,loas,16,resnet19_T4_all,layer_01_layer1_0_conv1,1,16384,8,512,64,262144,16,8192,512,32,2,16,1,16,20,20,12,1,next_burst,8,0,1,10,0,100,1,1,1,1,non_inclusive,lru,3147845,233160,2914685,845150,3730560,0.226548,62946,63122,0.997212,2304,73728,0,0,259018,0,0,45680379,20592,707739,46667728,45959989,367440243,321480254,0.874918,3697792,234778,2822288,0,254995,385731,0,0,0,0.819466,0.991216,0,0,0.000000,77.345224,7,9,9,7,17,20,106,0,17405306,5.529277,3.296349,114,205
08b877bf-341b-4975-b38e-8be084682ebf,adc154abe3cea812fb9fedff32206f3a879c9e26,cache,cache16_l1_16k,loas,16,resnet19_T4_all,layer_01_layer1_0_conv1,1,16384,8,256,32,262144,16,4096,256,64,4,16,1,16,20,20,12,1,none,0,0,1,10,0,100,1,1,1,1,non_inclusive,lru,2800571,233160,2567411,979104,3730560,0.262455,2749152,2751456,0.999163,1152,73728,0,0,0,0,0,40205372,255685,650287,41111344,40461057,40461057,0,0.000000,0,0,0,0,0,0,0,0,0,0.000000,0.991216,0,0,0.000000,73.754503,1,1,1,4,8,8,0,0,12967232,4.630210,1.865388,114,205
08b877bf-341b-4975-b38e-8be084682ebf,adc154abe3cea812fb9fedff32206f3a879c9e26,cache,cache16_l1_16k,loas,16,resnet19_T4_all,layer_01_layer1_0_conv1,1,16384,8,256,32,262144,16,4096,256,64,4,16,1,16,20,20,12,1,next_burst,2,0,1,10,0,100,1,1,1,1,non_inclusive,lru,2778593,233160,2545433,1245985,3730560,0.333994,32290,32402,0.996543,1152,73728,0,0,408311,0,0,39844648,13104,493633,40759696,40266063,106208611,65942548,0.620878,3697792,266881,2452173,0,62267,916471,0,0,0,0.728859,0.991216,0,0,0.000000,66.600591,2,3,3,10,18,20,13,0,16665290,5.997744,3.005452,114,205
08b877bf-341b-4975-b38e-8be084682ebf,adc154abe3cea812fb9fedff32206f3a879c9e26,cache,cache16_l1_16k,loas,16,resnet19_T4_all,layer_01_layer1_0_conv1,1,16384,8,256,32,262144,16,4096,256,64,4,16,1,16,20,20,12,1,next_burst,4,0,1,10,0,100,1,1,1,1,non_inclusive,lru,2777457,233160,2544297,1185214,3730560,0.317704,34192,34304,0.996735,1152,73728,0,0,315736,0,0,39784365,13104,628315,40741520,40113205,167791355,127678150,0.760934,3697792,206110,2511042,0,17310,963330,0,0,0,0.728350,0.991216,0,0,0.000000,68.229596,3,5,5,15,18,20,43,0,16666398,6.000596,3.062338,114,205
08b877bf-341b-4975-b38e-8be084682ebf,adc154abe3cea812fb9fedff32206f3a879c9e26,cache,cache16_l1_16k,loas,16,resnet19_T4_all,layer_01_layer1_0_conv1,1,16384,8,256,32,262144,16,4096,256,64,4,16,1,16,20,20,12,1,next_burst,8,0,1,10,0,100,1,1,1,1,non_inclusive,lru,2776605,233160,2543445,1172536,3730560,0.314306,44746,44858,0.997503,1152,73728,0,0,273460,0,0,39815117,13104,626207,40727888,40101681,290496796,250395115,0.861955,3697792,193528,2513166,0,31005,960093,0,0,0,0.725546,0.991216,0,0,0.000000,68.569437,6,8,9,15,18,20,106,0,16666590,6.002507,3.130037,114,205
46a4b3dc-2a69-42cf-9653-538d30bd6e04,adc154abe3cea812fb9fedff32206f3a879c9e26,cache,cache16_l1_16k,loas,16,resnet19_T4_all,layer_01_layer1_0_conv1,2,16384,8,1024,128,262144,16,16384,1024,16,1,16,1,16,20,20,12,1,none,0,0,1,10,0,100,1,1,1,1,non_inclusive,lru,2773065,205848,2567217,595376,3293568,0.180769,2690336,2698192,0.997088,3928,62848,0,0,0,0,0,39731918,875456,500866,41108240,40607374,40607374,0,0.000000,0,0,0,0,0,0,0,0,0,0.000000,0.990051,0,0,0.000000,81.923069,1,1,1,4,8,8,0,0,11989496,4.323554,1.735149,103,173
46a4b3dc-2a69-42cf-9653-538d30bd6e04,adc154abe3cea812fb9fedff32206f3a879c9e26,cache,cache16_l1_16k,loas,16,resnet19_T4_all,layer_01_layer1_0_conv1,2,16384,8,1024,128,262144,16,16384,1024,16,1,16,1,16,20,20,12,1,next_burst,2,0,1,10,0,100,1,1,1,1,non_inclusive,lru,2740568,205848,2534720,748179,3293568,0.227164,30884,31044,0.994846,3928,62848,0,0,261759,0,0,39744203,18720,563606,40588288,40024682,112508059,72483377,0.644251,3260800,152803,2514345,0,593652,0,0,0,0,0.809805,0.990051,0,0,0.000000,77.283633,2,3,3,7,17,20,13,0,15252114,5.565311,2.725386,103,173
46a4b3dc-2a69-42cf-9653-538d30bd6e04,adc154abe3cea812fb9fedff32206f3a879c9e26,cache,cache16_l1_16k,loas,16,resnet19_T4_all,layer_01_layer1_0_conv1,2,16384,8,1024,128,262144,16,16384,1024,16,1,16,1,16,20,20,12,1,next_burst,4,0,1,10,0,100,1,1,1,1,non_inclusive,lru,2733168,205848,2527320,768634,3293568,0.233374,39050,39210,0.995919,3928,62848,0,0,257528,0,0,39536000,18720,657640,40469888,39812248,180681393,140869145,0.779655,3260800,173288,2485724,0,601788,0,0,0,0,0.807335,0.990051,0,0,0.000000,76.662574,4,5,5,7,17,20,47,0,15252354,5.580467,2.814410,103,173
46a4b3dc-2a69-42cf-9653-538d30bd6e04,adc154abe3cea812fb9fedff32206f3a879c9e26,cache,cache16_l1_16k,loas,16,resnet19_T4_all,layer_01_layer1_0_conv1,2,16384,8,1024,128,262144,16,16384,1024,16,1,16,1,16,20,20,12,1,next_burst,8,0,1,10,0,100,1,1,1,1,non_inclusive,lru,2730084,205848,2524236,953046,3293568,0.289366,86532,86692,0.998154,3928,62848,0,0,429001,0,0,39195371,18720,777452,40420544,39643092,309360635,269717543,0.871855,3260800,358654,2253830,0,648316,0,0,0,0,0.793208,0.990051,0,0,0.000000,71.063418,7,9,9,7,17,20,114,0,15254628,5.587604,2.950180,103,173
226c3701-6b22-4035-8d79-b64460698b68,adc154abe3cea812fb9fedff32206f3a879c9e26,cache,cache16_l1_16k,loas,16,resnet19_T4_all,layer_01_layer1_0_conv1,2,16384,8,512,64,262144,16,8192,512,32,2,16,1,16,20,20,12,1,none,0,0,1,10,0,100,1,1,1,1,non_inclusive,lru,2860245,205848,2654397,487488,3293568,0.148012,2801616,2806080,0.998409,2232,71424,0,0,0,0,0,41528601,497101,477418,42503120,42025702,42025702,0,0.000000,0,0,0,0,0,0,0,0,0,0.000000,0.990051,0,0,0.120072,85.198787,1,1,1,4,8,8,0,0,12203576,4.266619,1.760131,103,173
226c3701-6b22-4035-8d79-b64460698b68,adc154abe3cea812fb9fedff32206f3a879c9e26,cache,cache16_l1_16k,loas,16,resnet19_T4_all,layer_01_layer1_0_conv1,2,16384,8,512,64,262144,16,8192,512,32,2,16,1,16,20,20,12,1,next_burst,2,0,1,10,0,100,1,1,1,1,non_inclusive,lru,2839120,205848,2633272,623028,3293568,0.189165,32928,33056,0.996128,2232,71424,0,0,182845,0,0,41462991,14976,504308,42165120,41660812,118649865,76989053,0.648876,3260800,135540,2637484,0,257879,229897,0,0,0,0.841951,0.990051,0,0,0.120072,81.083494,2,3,3,8,18,20,13,0,15465424,5.447260,2.711731,103,173
226c3701-6b22-4035-8d79-b64460698b68,adc154abe3cea812fb9fedff32206f3a879c9e26,cache,cache16_l1_16k,loas,16,resnet19_T4_all,layer_01_layer1_0_conv1,2,16384,8,512,64,262144,16,8192,512,32,2,16,1,16,20,20,12,1,next_burst,4,0,1,10,0,100,1,1,1,1,non_inclusive,lru,2835474,205848,2629626,628013,3293568,0.190679,38643,38771,0.996699,2232,71424,0,0,154101,0,0,41346717,14976,590990,42106784,41515794,192188491,150672697,0.783984,3260800,140525,2626784,0,264587,228904,0,0,0,0.840216,0.990051,0,0,0.120072,80.932138,4,5,5,9,17,20,47,0,15466162,5.454524,2.796285,103,173
226c3701-6b22-4035-8d79-b64460698b68,adc154abe3cea812fb9fedff32206f3a879c9e26,cache,cache16_l1_16k,loas,16,resnet19_T4_all,layer_01_layer1_0_conv1,2,16384,8,512,64,262144,16,8192,512,32,2,16,1,16,20,20,12,1,next_burst,8,0,1,10,0,100,1,1,1,1,non_inclusive,lru,2833552,205848,2627704,752964,3293568,0.228617,68501,68629,0.998135,2232,71424,0,0,274994,0,0,41084959,14976,701103,42076032,41374929,332590025,291215096,0.875598,3260800,265830,2471975,0,296846,226149,0,0,0,0.831258,0.990051,0,0,0.120072,77.138350,7,9,9,10,17,20,106,0,15466934,5.458497,2.980937,103,173
dcc9dfea-5f3b-40a3-836c-2a778aa435f7,adc154abe3cea812fb9fedff32206f3a879c9e26,cache,cache16_l1_16k,loas,16,resnet19_T4_all,layer_01_layer1_0_conv1,2,16384,8,256,32,262144,16,4096,256,64,4,16,1,16,20,20,12,1,none,0,0,1,10,0,100,1,1,1,1,non_inclusive,lru,2577754,205848,2371906,761840,3293568,0.231311,2529424,2531728,0.999090,1152,73728,0,0,0,0,0,37144283,255605,583376,37983264,37399888,37399888,0,0.000000,0,0,0,0,0,0,0,0,0,0.000000,0.990051,0,0,0.147569,76.868855,1,1,1,4,8,8,0,0,11653792,4.520909,1.663897,103,173
dcc9dfea-5f3b-40a3-836c-2a778aa435f7,adc154abe3cea812fb9fedff32206f3a879c9e26,cache,cache16_l1_16k,loas,16,resnet19_T4_all,layer_01_layer1_0_conv1,2,16384,8,256,32,262144,16,4096,256,64,4,16,1,16,20,20,12,1,next_burst,2,0,1,10,0,100,1,1,1,1,non_inclusive,lru,2558907,205848,2353059,997128,3293568,0.302750,32972,33052,0.997580,1152,73728,0,0,306774,0,0,36874545,9360,491033,37681712,37190679,99027580,61836901,0.624441,3260800,235288,2263388,0,43014,719110,0,0,0,0.758653,0.990051,0,0,0.147569,69.724991,2,3,3,11,18,20,9,0,14914760,5.828567,2.650484,103,173
dcc9dfea-5f3b-40a3-836c-2a778aa435f7,adc154abe3cea812fb9fedff32206f3a879c9e26,cache,cache16_l1_16k,loas,16,resnet19_T4_all,layer_01_layer1_0_conv1,2,16384,8,256,32,262144,16,4096,256,64,4,16,1,16,20,20,12,1,next_burst,4,0,1,10,0,100,1,1,1,1,non_inclusive,lru,2556992,205848,2351144,948696,3293568,0.288045,34834,34914,0.997709,1152,73728,0,0,204869,0,0,36877792,9360,559051,37651072,37092021,158822906,121730885,0.766457,3260800,186856,2309958,0,21546,742440,0,0,0,0.758088,0.990051,0,0,0.147569,71.195494,3,5,5,16,17,20,40,0,14915974,5.833407,2.739576,103,173
dcc9dfea-5f3b-40a3-836c-2a778aa435f7,adc154abe3cea812fb9fedff32206f3a879c9e26,cache,cache16_l1_16k,loas,16,resnet19_T4_all,layer_01_layer1_0_conv1,2,16384,8,256,32,262144,16,4096,256,64,4,16,1,16,20,20,12,1,next_burst,8,0,1,10,0,100,1,1,1,1,non_inclusive,lru,2556199,205848,2350351,913607,3293568,0.277391,41620,41700,0.998082,1152,73728,0,0,171058,0,0,36908496,9360,549470,37638384,37088914,275149502,238060588,0.865205,3260800,151767,2338261,0,30424,740348,0,0,0,0.756028,0.990051,0,0,0.147569,72.260873,6,8,9,16,18,20,89,0,14915988,5.835222,2.761947,103,173
1caba054-2c27-46fa-a856-ff5283a97392,adc154abe3cea812fb9fedff32206f3a879c9e26,cache,cache16_l1_16k,loas,16,resnet19_T4_all,layer_01_layer1_0_conv1,3,16384,8,1024,128,262144,16,16384,1024,16,1,16,1,16,20,20,12,1,none,0,0,1,10,0,100,1,1,1,1,non_inclusive,lru,2736977,198888,2538089,511744,3182208,0.160814,2663840,2670464,0.997520,3312,52992,0,0,0,0,0,39439423,737868,464901,40642192,40177291,40177291,0,0.000000,0,0,0,0,0,0,0,0,0,0.000000,0.989703,0,0,0.000000,83.918587,1,1,1,4,8,8,0,0,11710704,4.278700,1.747204,100,155
1caba054-2c27-46fa-a856-ff5283a97392,adc154abe3cea812fb9fedff32206f3a879c9e26,cache,cache16_l1_16k,loas,16,resnet19_T4_all,layer_01_layer1_0_conv1,3,16384,8,1024,128,262144,16,16384,1024,16,1,16,1,16,20,20,12,1,next_burst,2,0,1,10,0,100,1,1,1,1,non_inclusive,lru,2709103,198888,2510215,639273,3182208,0.200890,32357,32453,0.997042,3312,52992,0,0,227362,0,0,39409466,11232,548148,40196208,39648060,113133399,73485339,0.649546,3149440,127529,2510482,0,511429,0,0,0,0,0.828988,0.989703,0,0,0.000000,79.911024,2,3,3,6,17,20,13,0,14861470,5.485753,2.721604,100,155
1caba054-2c27-46fa-a856-ff5283a97392,adc154abe3cea812fb9fedff32206f3a879c9e26,cache,cache16_l1_16k,loas,16,resnet19_T4_all,layer_01_layer1_0_conv1,3,16384,8,1024,128,262144,16,16384,1024,16,1,16,1,16,20,20,12,1,next_burst,4,0,1,10,0,100,1,1,1,1,non_inclusive,lru,2702469,198888,2503581,665736,3182208,0.209206,44696,44792,0.997857,3312,52992,0,0,232443,0,0,39204179,11232,642210,40090064,39447854,182181239,142733385,0.783469,3149440,153992,2471680,0,523768,0,0,0,0,0.825110,0.989703,0,0,0.000000,79.079432,4,5,5,7,17,20,47,0,14861660,5.499290,2.746856,100,155
1caba054-2c27-46fa-a856-ff5283a97392,adc154abe3cea812fb9fedff32206f3a879c9e26,cache,cache16_l1_16k,loas,16,resnet19_T4_all,layer_01_layer1_0_conv1,3,16384,8,1024,128,262144,16,16384,1024,16,1,16,1,16,20,20,12,1,next_burst,8,0,1,10,0,100,1,1,1,1,non_inclusive,lru,2700259,198888,2501371,817936,3182208,0.257034,80613,80709,0.998811,3312,52992,0,0,368227,0,0,38962173,11232,713072,40054704,39341632,314339835,274998203,0.874844,3149440,306962,2283563,0,558915,0,0,0,0,0.814065,0.989703,0,0,0.000000,74.296589,7,9,9,7,17,20,114,0,14863417,5.504441,2.924601,100,155
9bcba70c-e8c7-4be2-a2c6-3fc404f283fd,adc154abe3cea812fb9fedff32206f3a879c9e26,cache,cache16_l1_16k,loas,16,resnet19_T4_all,layer_01_layer1_0_conv1,3,16384,8,512,64,262144,16,8192,512,32,2,16,1,16,20,20,12,1,none,0,0,1,10,0,100,1,1,1,1,non_inclusive,lru,2748163,198888,2549275,488112,3182208,0.153388,2689632,2694096,0.998343,2232,71424,0,0,0,0,0,39853707,497716,469745,40821168,40351423,40351423,0,0.000000,0,0,0,0,0,0,0,0,0,0.000000,0.989703,0,0,0.258065,84.661216,1,1,1,4,8,8,0,0,11756888,4.278090,1.757286,100,155
9bcba70c-e8c7-4be2-a2c6-3fc404f283fd,adc154abe3cea812fb9fedff32206f3a879c9e26,cache,cache16_l1_16k,loas,16,resnet19_T4_all,layer_01_layer1_0_conv1,3,16384,8,512,64,262144,16,8192,512,32,2,16,1,16,20,20,12,1,next_burst,2,0,1,10,0,100,1,1,1,1,non_inclusive,lru,2727508,198888,2528620,619307,3182208,0.194615,33238,33334,0.997120,2232,71424,0,0,182087,0,0,39782922,11232,514447,40490688,39976241,113806006,73829765,0.648733,3149440,131195,2529567,0,259291,229387,0,0,0,0.836137,0.989703,0,0,0.258065,80.538450,2,3,3,6,17,20,13,0,14906934,5.465404,2.626288,100,155
9bcba70c-e8c7-4be2-a2c6-3fc404f283fd,adc154abe3cea812fb9fedff32206f3a879c9e26,cache,cache16_l1_16k,loas,16,resnet19_T4_all,layer_01_layer1_0_conv1,3,16384,8,512,64,262144,16,8192,512,32,2,16,1,16,20,20,12,1,next_burst,4,0,1,10,0,100,1,1,1,1,non_inclusive,lru,2723652,198888,2524764,629060,3182208,0.197680,41237,41333,0.997677,2232,71424,0,0,163677,0,0,39646703,11232,607380,40428992,39821612,183824668,144003056,0.783372,3149440,140948,2511815,0,267320,229357,0,0,0,0.833623,0.989703,0,0,0.258065,80.231965,4,5,5,6,17,20,47,0,14907510,5.473353,3.127808,100,155
9bcba70c-e8c7-4be2-a2c6-3fc404f283fd,adc154abe3cea812fb9fedff32206f3a879c9e26,cache,cache16_l1_16k,loas,16,resnet19_T4_all,layer_01_layer1_0_conv1,3,16384,8,512,64,262144,16,8192,512,32,2,16,1,16,20,20,12,1,next_burst,8,0,1,10,0,100,1,1,1,1,non_inclusive,lru,2721565,198888,2522677,728003,3182208,0.228773,67958,68054,0.998589,2232,71424,0,0,255211,0,0,39460939,11232,668218,40395600,39727382,318099831,278372449,0.875110,3149440,240437,2386151,0,296557,226295,0,0,0,0.825398,0.989703,0,0,0.258065,77.122709,7,9,9,7,17,20,103,0,14908734,5.478000,2.871628,100,155
f06ae4d9-d887-4689-9f7d-48e802837ece,adc154abe3cea812fb9fedff32206f3a879c9e26,cache,cache16_l1_16k,loas,16,resnet19_T4_all,layer_01_layer1_0_conv1,3,16384,8,256,32,262144,16,4096,256,64,4,16,1,16,20,20,12,1,none,0,0,1,10,0,100,1,1,1,1,non_inclusive,lru,2537083,198888,2338195,689776,3182208,0.216760,2490128,2492432,0.999076,1152,73728,0,0,0,0,0,36643187,255941,544760,37443888,36899128,36899128,0,0.000000,0,0,0,0,0,0,0,0,0,0.000000,0.989703,0,0,0.281250,78.323981,1,1,1,4,8,8,0,0,11352480,4.474619,1.731164,100,155
f06ae4d9-d887-4689-9f7d-48e802837ece,adc154abe3cea812fb9fedff32206f3a879c9e26,cache,cache16_l1_16k,loas,16,resnet19_T4_all,layer_01_layer1_0_conv1,3,16384,8,256,32,262144,16,4096,256,64,4,16,1,16,20,20,12,1,next_burst,2,0,1,10,0,100,1,1,1,1,non_inclusive,lru,2520890,198888,2322002,885692,3182208,0.278326,33132,33212,0.997591,1152,73728,0,0,259804,0,0,36432008,9360,483628,37184800,36701172,99137475,62436303,0.629795,3149440,195916,2263304,0,54778,635442,0,0,0,0.772803,0.989703,0,0,0.281250,72.167376,2,3,3,7,16,20,8,0,14501990,5.752726,2.592646,100,155
f06ae4d9-d887-4689-9f7d-48e802837ece,adc154abe3cea812fb9fedff32206f3a879c9e26,cache,cache16_l1_16k,loas,16,resnet19_T4_all,layer_01_layer1_0_conv1,3,16384,8,256,32,262144,16,4096,256,64,4,16,1,16,20,20,12,1,next_burst,4,0,1,10,0,100,1,1,1,1,non_inclusive,lru,2518550,198888,2319662,853983,3182208,0.268362,36164,36244,0.997793,1152,73728,0,0,186409,0,0,36400251,9360,551340,37147360,36596020,159600292,123004272,0.770702,3149440,164207,2291981,0,41792,651460,0,0,0,0.771850,0.989703,0,0,0.281250,73.163822,3,5,5,8,18,20,40,0,14502652,5.758334,2.651446,100,155
f06ae4d9-d887-4689-9f7d-48e802837ece,adc154abe3cea812fb9fedff32206f3a879c9e26,cache,cache16_l1_16k,loas,16,resnet19_T4_all,layer_01_layer1_0_conv1,3,16384,8,256,32,262144,16,4096,256,64,4,16,1,16,20,20,12,1,next_burst,8,0,1,10,0,100,1,1,1,1,non_inclusive,lru,2517004,198888,2318116,834083,3182208,0.262108,43828,43908,0.998178,1152,73728,0,0,167635,0,0,36407377,9360,538252,37122624,36584372,276264975,239680603,0.867575,3149440,144531,2304217,0,51464,649228,0,0,0,0.769512,0.989703,0,0,0.281250,73.789174,6,9,9,10,18,20,75,0,14503332,5.762141,2.783454,100,155
08038eba-fad9-452b-a15a-cdab6b52d221,adc154abe3cea812fb9fedff32206f3a879c9e26,cache,cache16_l1_16k,loas,16,resnet19_T4_all,layer_01_layer1_0_conv1,4,16384,8,1024,128,262144,16,16384,1024,16,1,16,1,16,20,20,12,1,none,0,0,1,10,0,100,1,1,1,1,non_inclusive,lru,2678968,210636,2468332,767696,3370176,0.227791,2594848,2602480,0.997067,3816,61056,0,0,0,0,0,38126698,849297,550085,39526080,38975995,38975995,0,0.000000,0,0,0,0,0,0,0,0,0,0.000000,0.990277,0,0,0.000000,77.220893,1,1,1,4,8,8,0,0,11951176,4.461112,1.768875,105,169
08038eba-fad9-452b-a15a-cdab6b52d221,adc154abe3cea812fb9fedff32206f3a879c9e26,cache,cache16_l1_16k,loas,16,resnet19_T4_all,layer_01_layer1_0_conv1,4,16384,8,1024,128,262144,16,16384,1024,16,1,16,1,16,20,20,12,1,next_burst,2,0,1,10,0,100,1,1,1,1,non_inclusive,lru,2645453,210636,2434817,939381,3370176,0.278734,25503,25615,0.995628,3816,61056,0,0,358747,0,0,38071944,13104,546045,38989840,38443795,105125476,66681681,0.634306,3337408,171685,2405180,0,760543,0,0,0,0,0.764608,0.990277,0,0,0.000000,72.126649,2,3,3,7,17,20,13,0,15290368,5.779868,2.816772,105,169
08038eba-fad9-452b-a15a-cdab6b52d221,adc154abe3cea812fb9fedff32206f3a879c9e26,cache,cache16_l1_16k,loas,16,resnet19_T4_all,layer_01_layer1_0_conv1,4,16384,8,1024,128,262144,16,16384,1024,16,1,16,1,16,20,20,12,1,next_burst,4,0,1,10,0,100,1,1,1,1,non_inclusive,lru,2638168,210636,2427532,969867,3370176,0.287779,37246,37358,0.997002,3816,61056,0,0,365592,0,0,37830255,13104,664329,38873280,38208951,167594746,129385795,0.772016,3337408,202261,2362951,0,772196,0,0,0,0,0.761151,0.990277,0,0,0.000000,71.222067,3,5,5,7,17,20,47,0,15290848,5.796010,2.911732,105,169
08038eba-fad9-452b-a15a-cdab6b52d221,adc154abe3cea812fb9fedff32206f3a879c9e26,cache,cache16_l1_16k,loas,16,resnet19_T4_all,layer_01_layer1_0_conv1,4,16384,8,1024,128,262144,16,16384,1024,16,1,16,1,16,20,20,12,1,next_burst,8,0,1,10,0,100,1,1,1,1,non_inclusive,lru,2635649,210636,2425013,1128990,3370176,0.334994,78324,78436,0.998572,3816,61056,0,0,523319,0,0,37490461,13104,806092,38832976,38026884,286291015,248264131,0.867174,3337408,362407,2162750,0,812251,0,0,0,0,0.749266,0.990277,0,0,0.000000,66.500563,6,9,9,8,17,20,114,0,15293380,5.802510,3.036620,105,169
45f9212c-c373-47db-9181-4b1a9adb1172,adc154abe3cea812fb9fedff32206f3a879c9e26,cache,cache16_l1_16k,loas,16,resnet19_T4_all,layer_01_layer1_0_conv1,4,16384,8,512,64,262144,16,8192,512,32,2,16,1,16,20,20,12,1,none,0,0,1,10,0,100,1,1,1,1,non_inclusive,lru,2908815,210636,2698179,514512,3370176,0.152666,2851488,2855664,0.998538,2088,66816,0,0,0,0,0,42241656,463954,498022,43203632,42705610,42705610,0,0.000000,0,0,0,0,0,0,0,0,0,0.000000,0.990277,0,0,0.086207,84.733379,1,1,1,4,8,8,0,0,12455816,4.282093,1.781694,105,169
45f9212c-c373-47db-9181-4b1a9adb1172,adc154abe3cea812fb9fedff32206f3a879c9e26,cache,cache16_l1_16k,loas,16,resnet19_T4_all,layer_01_layer1_0_conv1,4,16384,8,512,64,262144,16,8192,512,32,2,16,1,16,20,20,12,1,next_burst,2,0,1,10,0,100,1,1,1,1,non_inclusive,lru,2886846,210636,2676210,661831,3370176,0.196379,30580,30644,0.997911,2088,66816,0,0,183525,0,0,42160820,7488,500295,42852128,42351833,119841714,77489881,0.646602,3337408,147319,2677701,0,221516,290872,0,0,0,0.838241,0.990277,0,0,0.086207,80.362124,2,3,3,9,18,20,13,0,15794464,5.471183,2.807863,105,169
45f9212c-c373-47db-9181-4b1a9adb1172,adc154abe3cea812fb9fedff32206f3a879c9e26,cache,cache16_l1_16k,loas,16,resnet19_T4_all,layer_01_layer1_0_conv1,4,16384,8,512,64,262144,16,8192,512,32,2,16,1,16,20,20,12,1,next_burst,4,0,1,10,0,100,1,1,1,1,non_inclusive,lru,2884044,210636,2673408,674247,3370176,0.200063,36899,36963,0.998269,2088,66816,0,0,150641,0,0,42068425,7488,580742,42807296,42226554,194454873,152228319,0.782847,3337408,159735,2658966,0,228395,290312,0,0,0,0.836366,0.990277,0,0,0.086207,79.993715,4,5,5,11,17,20,43,0,15795084,5.476714,2.863803,105,169
45f9212c-c373-47db-9181-4b1a9adb1172,adc154abe3cea812fb9fedff32206f3a879c9e26,cache,cache16_l1_16k,loas,16,resnet19_T4_all,layer_01_layer1_0_conv1,4,16384,8,512,64,262144,16,8192,512,32,2,16,1,16,20,20,12,1,next_burst,8,0,1,10,0,100,1,1,1,1,non_inclusive,lru,2883398,210636,2672762,755775,3370176,0.224254,60611,60675,0.998945,2088,66816,0,0,234721,0,0,41903546,7488,651205,42796960,42145755,337868438,295722683,0.875260,3337408,242075,2553726,0,253892,287715,0,0,0,0.829571,0.990277,0,0,0.086207,77.574613,7,9,9,14,18,20,107,0,15796888,5.478567,3.021432,105,169
059bc17d-0822-4d6a-88ad-84e416d77a6f,adc154abe3cea812fb9fedff32206f3a879c9e26,cache,cache16_l1_16k,loas,16,resnet19_T4_all,layer_01_layer1_0_conv1,4,16384,8,256,32,262144,16,4096,256,64,4,16,1,16,20,20,12,1,none,0,0,1,10,0,100,1,1,1,1,non_inclusive,lru,2547461,210636,2336825,870000,3370176,0.258147,2497872,2500176,0.999078,1152,73728,0,0,0,0,0,36558347,255413,608208,37421968,36813760,36813760,0,0.000000,0,0,0,0,0,0,0,0,0,0.000000,0.990277,0,0,0.171875,74.185324,1,1,1,4,8,8,0,0,11743904,4.610043,1.740102,105,169
059bc17d-0822-4d6a-88ad-84e416d77a6f,adc154abe3cea812fb9fedff32206f3a879c9e26,cache,cache16_l1_16k,loas,16,resnet19_T4_all,layer_01_layer1_0_conv1,4,16384,8,256,32,262144,16,4096,256,64,4,16,1,16,20,20,12,1,next_burst,2,0,1,10,0,100,1,1,1,1,non_inclusive,lru,2527550,210636,2316914,1096433,3370176,0.325334,32802,32866,0.998053,1152,73728,0,0,358744,0,0,36265577,7488,471583,37103392,36631809,95944161,59312352,0.618197,3337408,226433,2240877,0,68661,801437,0,0,0,0.732101,0.990277,0,0,0.171875,67.466595,2,3,3,9,15,20,8,0,15081342,5.966783,2.728774,105,169
059bc17d-0822-4d6a-88ad-84e416d77a6f,adc154abe3cea812fb9fedff32206f3a879c9e26,cache,cache16_l1_16k,loas,16,resnet19_T4_all,layer_01_layer1_0_conv1,4,16384,8,256,32,262144,16,4096,256,64,4,16,1,16,20,20,12,1,next_burst,4,0,1,10,0,100,1,1,1,1,non_inclusive,lru,2525511,210636,2314875,1052961,3370176,0.312435,34306,34370,0.998138,1152,73728,0,0,276313,0,0,36208877,7488,578090,37070768,36492678,152757566,116264888,0.761107,3337408,182961,2282845,0,26248,845354,0,0,0,0.731655,0.990277,0,0,0.171875,68.756498,3,5,5,11,18,20,40,0,15082120,5.971908,2.806451,105,169
059bc17d-0822-4d6a-88ad-84e416d77a6f,adc154abe3cea812fb9fedff32206f3a879c9e26,cache,cache16_l1_16k,loas,16,resnet19_T4_all,layer_01_layer1_0_conv1,4,16384,8,256,32,262144,16,4096,256,64,4,16,1,16,20,20,12,1,next_burst,8,0,1,10,0,100,1,1,1,1,non_inclusive,lru,2524691,210636,2314055,1018230,3370176,0.302130,40386,40450,0.998418,1152,73728,0,0,226972,0,0,36272221,7488,550967,37057648,36506681,262940806,226434125,0.861160,3337408,148326,2311496,0,34798,842788,0,0,0,0.729879,0.990277,0,0,0.171875,69.787038,6,8,9,14,17,20,74,0,15082688,5.974073,2.845134,105,169
008849ba-67cd-44a0-9545-cc7e16f80045,adc154abe3cea812fb9fedff32206f3a879c9e26,cache,cache16_l1_16k,loas,16,resnet19_T4_all,layer_16_layer3_0_conv2,0,16384,8,1024,128,262144,16,16384,1024,16,1,16,1,16,20,20,12,1,none,0,0,1,10,0,100,1,1,1,1,non_inclusive,lru,12624181,118456,12505725,0,1895296,0.000000,84848,1895296,0.044768,1810448,28967168,0,0,0,0,0,896926,199169892,25806,200092624,200066818,200066818,0,0.000000,0,0,0,0,0,0,0,0,0,0.000000,0.999460,0,0,0.000000,100.000000,1,1,1,11,15,16,0,0,9391696,0.743945,1.659003,1818,2753
008849ba-67cd-44a0-9545-cc7e16f80045,adc154abe3cea812fb9fedff32206f3a879c9e26,cache,cache16_l1_16k,loas,16,resnet19_T4_all,layer_16_layer3_0_conv2,0,16384,8,1024,128,262144,16,16384,1024,16,1,16,1,16,20,20,12,1,next_burst,2,0,1,10,0,100,1,1,1,1,non_inclusive,lru,9969802,118456,9851346,121830,1895296,0.064280,112,1024,0.109375,1810448,28967168,0,0,26009,0,0,157395230,107160,94161,157622560,157528399,476179163,318650764,0.669183,1894272,121830,1772442,0,0,0,0,0,0,0.999460,0.999460,0,0,0.000000,93.571980,2,3,3,16,19,20,28,0,13086098,1.312574,2.491162,1818,2753
008849ba-67cd-44a0-9545-cc7e16f80045,adc154abe3cea812fb9fedff32206f3a879c9e26,cache,cache16_l1_16k,loas,16,resnet19_T4_all,layer_16_layer3_0_conv2,0,16384,8,1024,128,262144,16,16384,1024,16,1,16,1,16,20,20,12,1,next_burst,4,0,1,10,0,100,1,1,1,1,non_inclusive,lru,9965257,118456,9846801,156682,1895296,0.082669,112,1024,0.109375,1810448,28967168,0,0,50587,0,0,157296765,107160,95328,157549840,157454512,794057470,636602958,0.801709,1894272,156682,1737590,0,0,0,0,0,0,0.999460,0.999460,0,0,0.000000,91.733112,4,5,5,16,19,20,60,0,13093099,1.313875,2.517388,1818,2753
008849ba-67cd-44a0-9545-cc7e16f80045,adc154abe3cea812fb9fedff32206f3a879c9e26,cache,cache16_l1_16k,loas,16,resnet19_T4_all,layer_16_layer3_0_conv2,0,16384,8,1024,128,262144,16,16384,1024,16,1,16,1,16,20,20,12,1,next_burst,8,0,1,10,0,100,1,1,1,1,non_inclusive,lru,9966636,118456,9848180,135498,1895296,0.071492,112,1024,0.109375,1810448,28967168,0,0,56626,0,0,157278953,107160,129165,157571904,157442739,1429569106,1272126367,0.889867,1894272,135498,1758774,0,0,0,0,0,0,0.999460,0.999460,0,0,0.000000,92.850826,8,9,9,16,19,20,124,0,13094937,1.313877,2.691959,1818,2753
957fc8ce-61f6-4ff6-b4a5-7faab9c93558,adc154abe3cea812fb9fedff32206f3a879c9e26,cache,cache16_l1_16k,loas,16,resnet19_T4_all,layer_16_layer3_0_conv2,0,16384,8,512,64,262144,16,8192,512,32,2,16,1,16,20,20,12,1,none,0,0,1,10,0,100,1,1,1,1,non_inclusive,lru,9389815,118456,9271359,534784,1895296,0.282164,13600,1360512,0.009996,1346912,43101184,0,0,0,0,0,158917,148170771,13080,148342768,148329688,148329688,0,0.000000,0,0,0,0,0,0,0,0,0,0.000000,0.999460,0,0,0.154590,71.783616,1,1,1,9,15,16,0,0,7858592,0.836927,1.356225,1818,2753
957fc8ce-61f6-4ff6-b4a5-7faab9c93558,adc154abe3cea812fb9fedff32206f3a879c9e26,cache,cache16_l1_16k,loas,16,resnet19_T4_all,layer_16_layer3_0_conv2,0,16384,8,512,64,262144,16,8192,512,32,2,16,1,16,20,20,12,1,next_burst,2,0,1,10,0,100,1,1,1,1,non_inclusive,lru,7422374,118456,7303918,646595,1895296,0.341158,48,1024,0.046875,1346912,43101184,0,0,113128,0,0,116438202,114680,197702,116863712,116666010,283943152,167277142,0.589122,1894272,111811,1247677,0,25418,509366,0,0,0,0.717296,0.999460,0,0,0.154590,65.884221,2,3,3,17,19,20,28,0,11093931,1.494661,2.190161,1818,2753
957fc8ce-61f6-4ff6-b4a5-7faab9c93558,adc154abe3cea812fb9fedff32206f3a879c9e26,cache,cache16_l1_16k,loas,16,resnet19_T4_all,layer_16_layer3_0_conv2,0,16384,8,512,64,262144,16,8192,512,32,2,16,1,16,20,20,12,1,next_burst,4,0,1,10,0,100,1,1,1,1,non_inclusive,lru,7417296,118456,7298840,755685,1895296,0.398716,48,1024,0.046875,1346912,43101184,0,0,247890,0,0,116313327,114680,106567,116782464,116675897,452849942,336174045,0.742352,1894272,220901,1138587,0,1560,533224,0,0,0,0.717296,0.999460,0,0,0.154590,60.128392,3,4,5,17,19,20,60,0,11097547,1.496172,2.191988,1818,2753
957fc8ce-61f6-4ff6-b4a5-7faab9c93558,adc154abe3cea812fb9fedff32206f3a879c9e26,cache,cache16_l1_16k,loas,16,resnet19_T4_all,layer_16_layer3_0_conv2,0,16384,8,512,64,262144,16,8192,512,32,2,16,1,16,20,20,12,1,next_burst,8,0,1,10,0,100,1,1,1,1,non_inclusive,lru,7415931,118456,7297475,755812,1895296,0.398783,48,1024,0.046875,1346912,43101184,0,0,260119,0,0,116238903,114680,146922,116760624,116613702,793047376,676433674,0.852955,1894272,221028,1138460,0,968,533816,0,0,0,0.717296,0.999460,0,0,0.154590,60.121691,6,7,9,17,19,20,124,0,11097814,1.496483,2.244306,1818,2753
5fb0bd28-9db8-4806-a2da-d47181f45bdf,adc154abe3cea812fb9fedff32206f3a879c9e26,cache,cache16_l1_16k,loas,16,resnet19_T4_all,layer_16_layer3_0_conv2,0,16384,8,256,32,262144,16,4096,256,64,4,16,1,16,20,20,12,1,none,0,0,1,10,0,100,1,1,1,1,non_inclusive,lru,5551524,118456,5433068,1100352,1895296,0.580570,5520,794944,0.006944,789424,50523136,0,0,0,0,0,75747,86844248,10117,86930112,86919995,86919995,0,0.000000,0,0,0,0,0,0,0,0,0,0.000000,0.999460,0,0,0.184679,41.943000,1,1,1,8,15,16,0,0,6169968,1.111401,1.007685,1818,2753
5fb0bd28-9db8-4806-a2da-d47181f45bdf,adc154abe3cea812fb9fedff32206f3a879c9e26,cache,cache16_l1_16k,loas,16,resnet19_T4_all,layer_16_layer3_0_conv2,0,16384,8,256,32,262144,16,4096,256,64,4,16,1,16,20,20,12,1,next_burst,2,0,1,10,0,100,1,1,1,1,non_inclusive,lru,4422788,118456,4304332,1147907,1895296,0.605661,48,1024,0.046875,789424,50523136,0,0,517095,0,0,67622903,114680,615658,68870336,68254678,111971363,43716685,0.390427,1894272,47555,746365,0,154734,945618,0,0,0,0.418890,0.999460,0,0,0.184679,39.433893,1,2,3,13,19,20,27,0,8348283,1.887561,1.763725,1818,2753
5fb0bd28-9db8-4806-a2da-d47181f45bdf,adc154abe3cea812fb9fedff32206f3a879c9e26,cache,cache16_l1_16k,loas,16,resnet19_T4_all,layer_16_layer3_0_conv2,0,16384,8,256,32,262144,16,4096,256,64,4,16,1,16,20,20,12,1,next_burst,4,0,1,10,0,100,1,1,1,1,non_inclusive,lru,4354741,118456,4236285,1199283,1895296,0.632768,48,1024,0.046875,789424,50523136,0,0,613115,0,0,66932444,114680,121345,67781584,67660239,174072812,106412573,0.611311,1894272,98931,694989,0,17713,1082639,0,0,0,0.418890,0.999460,0,0,0.184679,36.723182,2,3,5,17,19,20,57,0,8851443,2.032599,1.710362,1818,2753
5fb0bd28-9db8-4806-a2da-d47181f45bdf,adc154abe3cea812fb9fedff32206f3a879c9e26,cache,cache16_l1_16k,loas,16,resnet19_T4_all,layer_16_layer3_0_conv2,0,16384,8,256,32,262144,16,4096,256,64,4,16,1,16,20,20,12,1,next_burst,8,0,1,10,0,100,1,1,1,1,non_inclusive,lru,4352905,118456,4234449,1234303,1895296,0.651246,48,1024,0.046875,789424,50523136,0,0,674853,0,0,66882100,114680,80575,67752208,67671633,289850310,222178677,0.766529,1894272,133951,659969,0,156,1100196,0,0,0,0.418890,0.999460,0,0,0.184679,34.875450,3,5,7,17,19,20,92,0,8852124,2.033613,1.734420,1818,2753
ef192c26-2ea1-4ee7-b0a6-68b8a805a019,adc154abe3cea812fb9fedff32206f3a879c9e26,cache,cache16_l1_16k,loas,16,resnet19_T4_all,layer_16_layer3_0_conv2,1,16384,8,1024,128,262144,16,16384,1024,16,1,16,1,16,20,20,12,1,none,0,0,1,10,0,100,1,1,1,1,non_inclusive,lru,13526054,126100,13399954,0,2017600,0.000000,76096,2017600,0.037716,1941504,31064064,0,0,0,0,0,798088,213581845,20355,214400288,214379933,214379933,0,0.000000,0,0,0,0,0,0,0,0,0,0.000000,0.999492,0,0,0.000000,100.000000,1,1,1,10,15,16,0,0,10011968,0.740199,1.730405,1907,2937
ef192c26-2ea1-4ee7-b0a6-68b8a805a019,adc154abe3cea812fb9fedff32206f3a879c9e26,cache,cache16_l1_16k,loas,16,resnet19_T4_all,layer_16_layer3_0_conv2,1,16384,8,1024,128,262144,16,16384,1024,16,1,16,1,16,20,20,12,1,next_burst,2,0,1,10,0,100,1,1,1,1,non_inclusive,lru,10688878,126100,10562778,93758,2017600,0.046470,112,1024,0.109375,1941504,31064064,0,0,19183,0,0,168796020,107160,83109,169005472,168922363,510591622,341669259,0.669163,2016576,93758,1922818,0,0,0,0,0,0,0.999492,0.999492,0,0,0.000000,95.352994,2,3,3,16,19,20,28,0,13960549,1.306082,2.628206,1907,2937
ef192c26-2ea1-4ee7-b0a6-68b8a805a019,adc154abe3cea812fb9fedff32206f3a879c9e26,cache,cache16_l1_16k,loas,16,resnet19_T4_all,layer_16_layer3_0_conv2,1,16384,8,1024,128,262144,16,16384,1024,16,1,16,1,16,20,20,12,1,next_burst,4,0,1,10,0,100,1,1,1,1,non_inclusive,lru,10685509,126100,10559409,123527,2017600,0.061225,112,1024,0.109375,1941504,31064064,0,0,41233,0,0,168706086,107160,97089,168951568,168854479,851646471,682791992,0.801732,2016576,123527,1893049,0,0,0,0,0,0,0.999492,0.999492,0,0,0.000000,93.877528,4,5,5,16,19,20,60,0,13966936,1.307091,2.690146,1907,2937
ef192c26-2ea1-4ee7-b0a6-68b8a805a019,adc154abe3cea812fb9fedff32206f3a879c9e26,cache,cache16_l1_16k,loas,16,resnet19_T4_all,layer_16_layer3_0_conv2,1,16384,8,1024,128,262144,16,16384,1024,16,1,16,1,16,20,20,12,1,next_burst,8,0,1,10,0,100,1,1,1,1,non_inclusive,lru,10687349,126100,10561249,126845,2017600,0.062869,112,1024,0.109375,1941504,31064064,0,0,54107,0,0,168737605,107160,82136,168981008,168898872,1533225196,1364326324,0.889841,2016576,126845,1889731,0,0,0,0,0,0,0.999492,0.999492,0,0,0.000000,93.713075,8,9,9,16,19,20,124,0,13968601,1.307022,2.821281,1907,2937
4aa4810e-3d99-4d08-8073-6cc084add3ca,adc154abe3cea812fb9fedff32206f3a879c9e26,cache,cache16_l1_16k,loas,16,resnet19_T4_all,layer_16_layer3_0_conv2,1,16384,8,512,64,262144,16,8192,512,32,2,16,1,16,20,20,12,1,none,0,0,1,10,0,100,1,1,1,1,non_inclusive,lru,9682222,126100,9556122,616064,2017600,0.305345,13200,1401536,0.009418,1388336,44426752,0,0,0,0,0,158752,152727292,12932,152898976,152886044,152886044,0,0.000000,0,0,0,0,0,0,0,0,0,0.000000,0.999492,0,0,0.126432,69.465504,1,1,1,9,15,16,0,0,8226672,0.849668,1.385776,1907,2937
4aa4810e-3d99-4d08-8073-6cc084add3ca,adc154abe3cea812fb9fedff32206f3a879c9e26,cache,cache16_l1_16k,loas,16,resnet19_T4_all,layer_16_layer3_0_conv2,1,16384,8,512,64,262144,16,8192,512,32,2,16,1,16,20,20,12,1,next_burst,2,0,1,10,0,100,1,1,1,1,non_inclusive,lru,7648999,126100,7522899,729792,2017600,0.361713,48,1024,0.046875,1388336,44426752,0,0,120062,0,0,119963379,114680,169287,120367408,120198121,286925429,166727308,0.581082,2016576,113728,1286784,0,26461,589603,0,0,0,0.694148,0.999492,0,0,0.126432,63.828707,2,3,3,17,19,20,28,0,11625446,1.519865,2.275456,1907,2937
4aa4810e-3d99-4d08-8073-6cc084add3ca,adc154abe3cea812fb9fedff32206f3a879c9e26,cache,cache16_l1_16k,loas,16,resnet19_T4_all,layer_16_layer3_0_conv2,1,16384,8,512,64,262144,16,8192,512,32,2,16,1,16,20,20,12,1,next_burst,4,0,1,10,0,100,1,1,1,1,non_inclusive,lru,7645418,126100,7519318,836135,2017600,0.414421,48,1024,0.046875,1388336,44426752,0,0,269193,0,0,119786803,114680,139436,120310112,120170676,456024799,335854123,0.736482,2016576,220071,1180441,0,1771,614293,0,0,0,0.694148,0.999492,0,0,0.126432,58.557940,3,4,5,17,19,20,60,0,11629283,1.521079,2.291510,1907,2937
4aa4810e-3d99-4d08-8073-6cc084add3ca,adc154abe3cea812fb9fedff32206f3a879c9e26,cache,cache16_l1_16k,loas,16,resnet19_T4_all,layer_16_layer3_0_conv2,1,16384,8,512,64,262144,16,8192,512,32,2,16,1,16,20,20,12,1,next_burst,8,0,1,10,0,100,1,1,1,1,non_inclusive,lru,7644405,126100,7518305,873933,2017600,0.433155,48,1024,0.046875,1388336,44426752,0,0,325651,0,0,119693733,114680,159840,120293904,120134064,793744360,673610296,0.848649,2016576,257869,1142643,0,455,615609,0,0,0,0.694148,0.999492,0,0,0.126432,56.684526,6,7,9,17,19,20,124,0,11629595,1.521321,2.348633,1907,2937
9d26d7f2-c4c4-45d0-9ce8-f1ab5ca7e2b0,adc154abe3cea812fb9fedff32206f3a879c9e26,cache,cache16_l1_16k,loas,16,resnet19_T4_all,layer_16_layer3_0_conv2,1,16384,8,256,32,262144,16,4096,256,64,4,16,1,16,20,20,12,1,none,0,0,1,10,0,100,1,1,1,1,non_inclusive,lru,5599178,126100,5473078,1216832,2017600,0.603109,5520,800768,0.006893,795248,50895872,0,0,0,0,0,74952,87484720,10600,87570272,87559672,87559672,0,0.000000,0,0,0,0,0,0,0,0,0,0.000000,0.999492,0,0,0.139323,39.689136,1,1,1,8,15,16,0,0,6432048,1.148749,1.058750,1907,2937
9d26d7f2-c4c4-45d0-9ce8-f1ab5ca7e2b0,adc154abe3cea812fb9fedff32206f3a879c9e26,cache,cache16_l1_16k,loas,16,resnet19_T4_all,layer_16_layer3_0_conv2,1,16384,8,256,32,262144,16,4096,256,64,4,16,1,16,20,20,12,1,next_burst,2,0,1,10,0,100,1,1,1,1,non_inclusive,lru,4483487,126100,4357387,1262482,2017600,0.625735,48,1024,0.046875,795248,50895872,0,0,596515,0,0,68371769,114680,636252,69719216,69082964,107500405,38417441,0.357370,2016576,45650,754094,0,185096,1031736,0,0,0,0.396384,0.999492,0,0,0.139323,37.426546,1,2,3,13,19,20,28,0,8663430,1.932297,1.827875,1907,2937
9d26d7f2-c4c4-45d0-9ce8-f1ab5ca7e2b0,adc154abe3cea812fb9fedff32206f3a879c9e26,cache,cache16_l1_16k,loas,16,resnet19_T4_all,layer_16_layer3_0_conv2,1,16384,8,256,32,262144,16,4096,256,64,4,16,1,16,20,20,12,1,next_burst,4,0,1,10,0,100,1,1,1,1,non_inclusive,lru,4387294,126100,4261194,1304367,2017600,0.646494,48,1024,0.046875,795248,50895872,0,0,677232,0,0,67247233,114680,140983,68180128,68039145,166653393,98614248,0.591733,2016576,87535,712209,0,21693,1195139,0,0,0,0.396384,0.999492,0,0,0.139323,35.350565,2,3,5,17,19,20,44,0,9240448,2.106184,1.795437,1907,2937
9d26d7f2-c4c4-45d0-9ce8-f1ab5ca7e2b0,adc154abe3cea812fb9fedff32206f3a879c9e26,cache,cache16_l1_16k,loas,16,resnet19_T4_all,layer_16_layer3_0_conv2,1,16384,8,256,32,262144,16,4096,256,64,4,16,1,16,20,20,12,1,next_burst,8,0,1,10,0,100,1,1,1,1,non_inclusive,lru,4384689,126100,4258589,1356864,2017600,0.672514,48,1024,0.046875,795248,50895872,0,0,774871,0,0,67130865,114680,118032,68138448,68020416,280005227,211984811,0.757074,2016576,140032,659712,0,177,1216655,0,0,0,0.396384,0.999492,0,0,0.139323,32.748612,3,5,7,17,19,20,87,0,9242433,2.107888,1.797845,1907,2937
40eea0f2-6496-4c5e-bfdf-c1f06b289510,adc154abe3cea812fb9fedff32206f3a879c9e26,cache,cache16_l1_16k,loas,16,resnet19_T4_all,layer_16_layer3_0_conv2,2,16384,8,1024,128,262144,16,16384,1024,16,1,16,1,16,20,20,12,1,none,0,0,1,10,0,100,1,1,1,1,non_inclusive,lru,13656132,126864,13529268,0,2029824,0.000000,68752,2029824,0.033871,1961072,31377152,0,0,0,0,0,716584,215733364,19364,216469312,216449948,216449948,0,0.000000,0,0,0,0,0,0,0,0,0,0.000000,0.999496,0,0,0.000000,100.000000,1,1,1,10,15,16,0,0,10080432,0.738162,1.752550,1922,2925
40eea0f2-6496-4c5e-bfdf-c1f06b289510,adc154abe3cea812fb9fedff32206f3a879c9e26,cache,cache16_l1_16k,loas,16,resnet19_T4_all,layer_16_layer3_0_conv2,2,16384,8,1024,128,262144,16,16384,1024,16,1,16,1,16,20,20,12,1,next_burst,2,0,1,10,0,100,1,1,1,1,non_inclusive,lru,10795476,126864,10668612,85750,2029824,0.042245,0,1024,0.000000,1961072,31377152,0,0,17859,0,0,170495692,120320,64945,170698816,170633871,515711052,345077181,0.669129,2028800,85750,1943050,0,0,0,0,0,0,0.999496,0.999496,0,0,0.000000,95.775496,2,3,3,16,19,20,28,0,14060876,1.302479,2.643754,1922,2925
40eea0f2-6496-4c5e-bfdf-c1f06b289510,adc154abe3cea812fb9fedff32206f3a879c9e26,cache,cache16_l1_16k,loas,16,resnet19_T4_all,layer_16_layer3_0_conv2,2,16384,8,1024,128,262144,16,16384,1024,16,1,16,1,16,20,20,12,1,next_burst,4,0,1,10,0,100,1,1,1,1,non_inclusive,lru,10792131,126864,10665267,97808,2029824,0.048185,0,1024,0.000000,1961072,31377152,0,0,35108,0,0,170411624,120320,78244,170645296,170567052,860174407,689607355,0.801706,2028800,97808,1930992,0,0,0,0,0,0,0.999496,0.999496,0,0,0.000000,95.181454,4,5,5,16,19,20,60,0,14067417,1.303488,2.687082,1922,2925
40eea0f2-6496-4c5e-bfdf-c1f06b289510,adc154abe3cea812fb9fedff32206f3a879c9e26,cache,cache16_l1_16k,loas,16,resnet19_T4_all,layer_16_layer3_0_conv2,2,16384,8,1024,128,262144,16,16384,1024,16,1,16,1,16,20,20,12,1,next_burst,8,0,1,10,0,100,1,1,1,1,non_inclusive,lru,10793417,126864,10666553,106326,2029824,0.052382,0,1024,0.000000,1961072,31377152,0,0,47857,0,0,170399781,120320,97914,170665872,170567958,1548506307,1377938349,0.889850,2028800,106326,1922474,0,0,0,0,0,0,0.999496,0.999496,0,0,0.000000,94.761812,8,9,9,16,19,20,124,0,14068865,1.303467,2.809414,1922,2925
472e314d-179f-4b15-b772-b4b84ec7ebc2,adc154abe3cea812fb9fedff32206f3a879c9e26,cache,cache16_l1_16k,loas,16,resnet19_T4_all,layer_16_layer3_0_conv2,2,16384,8,512,64,262144,16,8192,512,32,2,16,1,16,20,20,12,1,none,0,0,1,10,0,100,1,1,1,1,non_inclusive,lru,9729866,126864,9603002,623360,2029824,0.307101,11072,1406464,0.007872,1395392,44652544,0,0,0,0,0,132574,153503920,12562,153649056,153636494,153636494,0,0.000000,0,0,0,0,0,0,0,0,0,0.000000,0.999496,0,0,0.079063,69.289948,1,1,1,9,15,16,0,0,8268032,0.849758,1.398423,1922,2925
472e314d-179f-4b15-b772-b4b84ec7ebc2,adc154abe3cea812fb9fedff32206f3a879c9e26,cache,cache16_l1_16k,loas,16,resnet19_T4_all,layer_16_layer3_0_conv2,2,16384,8,512,64,262144,16,8192,512,32,2,16,1,16,20,20,12,1,next_burst,2,0,1,10,0,100,1,1,1,1,non_inclusive,lru,7689216,126864,7562352,720932,2029824,0.355170,0,1024,0.000000,1395392,44652544,0,0,109443,0,0,120594704,120320,174189,120998656,120824467,286343966,165519499,0.578044,2028800,97572,1307868,0,26551,596809,0,0,0,0.692395,0.999496,0,0,0.079063,64.483029,2,3,3,17,19,20,28,0,11685891,1.519777,2.305134,1922,2925
472e314d-179f-4b15-b772-b4b84ec7ebc2,adc154abe3cea812fb9fedff32206f3a879c9e26,cache,cache16_l1_16k,loas,16,resnet19_T4_all,layer_16_layer3_0_conv2,2,16384,8,512,64,262144,16,8192,512,32,2,16,1,16,20,20,12,1,next_burst,4,0,1,10,0,100,1,1,1,1,non_inclusive,lru,7684329,126864,7557465,835493,2029824,0.411609,0,1024,0.000000,1395392,44652544,0,0,258814,0,0,120418338,120320,122992,120920464,120797472,456249045,335451573,0.735238,2028800,212133,1193307,0,1511,621849,0,0,0,0.692395,0.999496,0,0,0.079063,58.839141,3,4,5,17,19,20,60,0,11690003,1.521278,2.325620,1922,2925
472e314d-179f-4b15-b772-b4b84ec7ebc2,adc154abe3cea812fb9fedff32206f3a879c9e26,cache,cache16_l1_16k,loas,16,resnet19_T4_all,layer_16_layer3_0_conv2,2,16384,8,512,64,262144,16,8192,512,32,2,16,1,16,20,20,12,1,next_burst,8,0,1,10,0,100,1,1,1,1,non_inclusive,lru,7682771,126864,7555907,872492,2029824,0.429836,0,1024,0.000000,1395392,44652544,0,0,315225,0,0,120314885,120320,145106,120895536,120750430,791812343,671061913,0.847501,2028800,249132,1156308,0,428,622932,0,0,0,0.692395,0.999496,0,0,0.079063,57.016372,6,7,9,17,19,20,124,0,11690319,1.521628,2.363387,1922,2925
4f3023b2-f1fa-448a-8d67-18dae9757325,adc154abe3cea812fb9fedff32206f3a879c9e26,cache,cache16_l1_16k,loas,16,resnet19_T4_all,layer_16_layer3_0_conv2,2,16384,8,256,32,262144,16,4096,256,64,4,16,1,16,20,20,12,1,none,0,0,1,10,0,100,1,1,1,1,non_inclusive,lru,5608820,126864,5481956,1227776,2029824,0.604868,5520,802048,0.006882,796528,50977792,0,0,0,0,0,76353,87625967,10000,87712320,87702320,87702320,0,0.000000,0,0,0,0,0,0,0,0,0,0.000000,0.999496,0,0,0.087457,39.513179,1,1,1,8,15,16,0,0,6460336,1.151817,1.084795,1922,2925
4f3023b2-f1fa-448a-8d67-18dae9757325,adc154abe3cea812fb9fedff32206f3a879c9e26,cache,cache16_l1_16k,loas,16,resnet19_T4_all,layer_16_layer3_0_conv2,2,16384,8,256,32,262144,16,4096,256,64,4,16,1,16,20,20,12,1,next_burst,2,0,1,10,0,100,1,1,1,1,non_inclusive,lru,4507620,126864,4380756,1271582,2029824,0.626449,0,1024,0.000000,796528,50977792,0,0,603253,0,0,68727421,120320,642126,70093120,69450994,107652997,38202003,0.354862,2028800,43806,757218,0,192662,1035114,0,0,0,0.394627,0.999496,0,0,0.087457,37.355061,1,2,3,13,19,20,22,0,8692365,1.928371,1.897369,1922,2925
4f3023b2-f1fa-448a-8d67-18dae9757325,adc154abe3cea812fb9fedff32206f3a879c9e26,cache,cache16_l1_16k,loas,16,resnet19_T4_all,layer_16_layer3_0_conv2,2,16384,8,256,32,262144,16,4096,256,64,4,16,1,16,20,20,12,1,next_burst,4,0,1,10,0,100,1,1,1,1,non_inclusive,lru,4395223,126864,4268359,1313558,2029824,0.647129,0,1024,0.000000,796528,50977792,0,0,684158,0,0,67346665,120320,143625,68294768,68151143,165887295,97736152,0.589172,2028800,85782,715242,0,22941,1204835,0,0,0,0.394627,0.999496,0,0,0.087457,35.287099,2,3,5,17,19,20,44,0,9282157,2.111874,1.791954,1922,2925
4f3023b2-f1fa-448a-8d67-18dae9757325,adc154abe3cea812fb9fedff32206f3a879c9e26,cache,cache16_l1_16k,loas,16,resnet19_T4_all,layer_16_layer3_0_conv2,2,16384,8,256,32,262144,16,4096,256,64,4,16,1,16,20,20,12,1,next_burst,8,0,1,10,0,100,1,1,1,1,non_inclusive,lru,4391746,126864,4264882,1361979,2029824,0.670984,0,1024,0.000000,796528,50977792,0,0,772230,0,0,67233681,120320,112905,68239136,68126231,278332904,210206673,0.755235,2028800,134203,666821,0,169,1227607,0,0,0,0.394627,0.999496,0,0,0.087457,32.901621,3,5,7,17,19,20,92,0,9284212,2.114014,1.802396,1922,2925
47eeb35f-7635-4e59-9fef-b07abde3d70c,adc154abe3cea812fb9fedff32206f3a879c9e26,cache,cache16_l1_16k,loas,16,resnet19_T4_all,layer_16_layer3_0_conv2,3,16384,8,1024,128,262144,16,16384,1024,16,1,16,1,16,20,20,12,1,none,0,0,1,10,0,100,1,1,1,1,non_inclusive,lru,13450946,125044,13325902,0,2000704,0.000000,69312,2000704,0.034644,1931392,30902272,0,0,0,0,0,727544,212469049,18863,213215456,213196593,213196593,0,0.000000,0,0,0,0,0,0,0,0,0,0.000000,0.999488,0,0,0.000000,100.000000,1,1,1,10,15,16,0,0,9934272,0.738556,1.703314,1868,2895
47eeb35f-7635-4e59-9fef-b07abde3d70c,adc154abe3cea812fb9fedff32206f3a879c9e26,cache,cache16_l1_16k,loas,16,resnet19_T4_all,layer_16_layer3_0_conv2,3,16384,8,1024,128,262144,16,16384,1024,16,1,16,1,16,20,20,12,1,next_burst,2,0,1,10,0,100,1,1,1,1,non_inclusive,lru,10633119,125044,10508075,80179,2000704,0.040075,48,1024,0.046875,1931392,30902272,0,0,16561,0,0,167928596,114680,70387,168130224,168059837,507909950,339850113,0.669115,1999680,80179,1919501,0,0,0,0,0,0,0.999488,0.999488,0,0,0.000000,95.992461,2,3,3,16,19,20,28,0,13856559,1.303151,2.573338,1868,2895
47eeb35f-7635-4e59-9fef-b07abde3d70c,adc154abe3cea812fb9fedff32206f3a879c9e26,cache,cache16_l1_16k,loas,16,resnet19_T4_all,layer_16_layer3_0_conv2,3,16384,8,1024,128,262144,16,16384,1024,16,1,16,1,16,20,20,12,1,next_burst,4,0,1,10,0,100,1,1,1,1,non_inclusive,lru,10629107,125044,10504063,92987,2000704,0.046477,48,1024,0.046875,1931392,30902272,0,0,34702,0,0,167857230,114680,59420,168066032,168006612,847151129,679144517,0.801680,1999680,92987,1906693,0,0,0,0,0,0,0.999488,0.999488,0,0,0.000000,95.352286,4,5,5,16,19,20,60,0,13862665,1.304217,2.648313,1868,2895
47eeb35f-7635-4e59-9fef-b07abde3d70c,adc154abe3cea812fb9fedff32206f3a879c9e26,cache,cache16_l1_16k,loas,16,resnet19_T4_all,layer_16_layer3_0_conv2,3,16384,8,1024,128,262144,16,16384,1024,16,1,16,1,16,20,20,12,1,next_burst,8,0,1,10,0,100,1,1,1,1,non_inclusive,lru,10631367,125044,10506323,106944,2000704,0.053453,48,1024,0.046875,1931392,30902272,0,0,48819,0,0,167861287,114680,77406,168102192,168024786,1525155758,1357130972,0.889831,1999680,106944,1892736,0,0,0,0,0,0,0.999488,0.999488,0,0,0.000000,94.654682,8,9,9,16,19,20,124,0,13863921,1.304058,2.781193,1868,2895
5b967052-a065-4310-9b06-9132a0c39352,adc154abe3cea812fb9fedff32206f3a879c9e26,cache,cache16_l1_16k,loas,16,resnet19_T4_all,layer_16_layer3_0_conv2,3,16384,8,512,64,262144,16,8192,512,32,2,16,1,16,20,20,12,1,none,0,0,1,10,0,100,1,1,1,1,non_inclusive,lru,9690564,125044,9565520,596544,2000704,0.298167,14560,1404160,0.010369,1389600,44467200,0,0,0,0,0,169062,152866660,13622,153049344,153035722,153035722,0,0.000000,0,0,0,0,0,0,0,0,0,0.000000,0.999488,0,0,0.080722,70.183295,1,1,1,9,15,16,0,0,8199392,0.846121,1.389177,1868,2895
5b967052-a065-4310-9b06-9132a0c39352,adc154abe3cea812fb9fedff32206f3a879c9e26,cache,cache16_l1_16k,loas,16,resnet19_T4_all,layer_16_layer3_0_conv2,3,16384,8,512,64,262144,16,8192,512,32,2,16,1,16,20,20,12,1,next_burst,2,0,1,10,0,100,1,1,1,1,non_inclusive,lru,7658648,125044,7533604,710433,2000704,0.355092,48,1024,0.046875,1389600,44467200,0,0,121144,0,0,120122141,114680,180723,120538688,120357965,288086739,167728774,0.582216,1999680,113889,1289247,0,28609,567935,0,0,0,0.701321,0.999488,0,0,0.080722,64.490849,2,3,3,17,19,20,28,0,11582435,1.512334,2.271818,1868,2895
5b967052-a065-4310-9b06-9132a0c39352,adc154abe3cea812fb9fedff32206f3a879c9e26,cache,cache16_l1_16k,loas,16,resnet19_T4_all,layer_16_layer3_0_conv2,3,16384,8,512,64,262144,16,8192,512,32,2,16,1,16,20,20,12,1,next_burst,4,0,1,10,0,100,1,1,1,1,non_inclusive,lru,7652256,125044,7527212,809588,2000704,0.404652,48,1024,0.046875,1389600,44467200,0,0,252879,0,0,119928720,114680,140137,120436416,120296279,460499264,340202985,0.738770,1999680,213044,1190092,0,1875,594669,0,0,0,0.701321,0.999488,0,0,0.080722,59.534844,3,4,5,17,19,20,60,0,11586526,1.514132,2.279401,1868,2895
5b967052-a065-4310-9b06-9132a0c39352,adc154abe3cea812fb9fedff32206f3a879c9e26,cache,cache16_l1_16k,loas,16,resnet19_T4_all,layer_16_layer3_0_conv2,3,16384,8,512,64,262144,16,8192,512,32,2,16,1,16,20,20,12,1,next_burst,8,0,1,10,0,100,1,1,1,1,non_inclusive,lru,7651881,125044,7526837,847992,2000704,0.423847,48,1024,0.046875,1389600,44467200,0,0,309221,0,0,119855982,114680,150533,120430416,120279883,801036993,680757110,0.849845,1999680,251448,1151688,0,940,595604,0,0,0,0.701321,0.999488,0,0,0.080722,57.615319,6,7,9,17,19,20,124,0,11586708,1.514230,2.334937,1868,2895
a8e8640b-6ab2-40d5-8fa1-490d2a83bda0,adc154abe3cea812fb9fedff32206f3a879c9e26,cache,cache16_l1_16k,loas,16,resnet19_T4_all,layer_16_layer3_0_conv2,3,16384,8,256,32,262144,16,4096,256,64,4,16,1,16,20,20,12,1,none,0,0,1,10,0,100,1,1,1,1,non_inclusive,lru,5569456,125044,5444412,1203904,2000704,0.601740,5760,796800,0.007229,791040,50626560,0,0,0,0,0,79272,87021795,10549,87111616,87101067,87101067,0,0.000000,0,0,0,0,0,0,0,0,0,0.000000,0.999488,0,0,0.083116,39.825981,1,1,1,8,15,16,0,0,6386112,1.146631,1.053495,1868,2895
a8e8640b-6ab2-40d5-8fa1-490d2a83bda0,adc154abe3cea812fb9fedff32206f3a879c9e26,cache,cache16_l1_16k,loas,16,resnet19_T4_all,layer_16_layer3_0_conv2,3,16384,8,256,32,262144,16,4096,256,64,4,16,1,16,20,20,12,1,next_burst,2,0,1,10,0,100,1,1,1,1,non_inclusive,lru,4464883,125044,4339839,1248763,2000704,0.624162,48,1024,0.046875,791040,50626560,0,0,593640,0,0,68138834,114680,591294,69438448,68847154,107823365,38976211,0.361482,1999680,44859,750917,0,193838,1010066,0,0,0,0.397748,0.999488,0,0,0.083116,37.583820,1,2,3,13,19,20,21,0,8617192,1.929993,1.820074,1868,2895
a8e8640b-6ab2-40d5-8fa1-490d2a83bda0,adc154abe3cea812fb9fedff32206f3a879c9e26,cache,cache16_l1_16k,loas,16,resnet19_T4_all,layer_16_layer3_0_conv2,3,16384,8,256,32,262144,16,4096,256,64,4,16,1,16,20,20,12,1,next_burst,4,0,1,10,0,100,1,1,1,1,non_inclusive,lru,4365507,125044,4240463,1289088,2000704,0.644317,48,1024,0.046875,791040,50626560,0,0,670010,0,0,66927765,114680,135977,67848432,67712455,167750664,100038209,0.596351,1999680,85184,710592,0,21556,1182348,0,0,0,0.397748,0.999488,0,0,0.083116,35.568280,2,3,5,17,19,20,44,0,9172965,2.101237,1.785419,1868,2895
a8e8640b-6ab2-40d5-8fa1-490d2a83bda0,adc154abe3cea812fb9fedff32206f3a879c9e26,cache,cache16_l1_16k,loas,16,resnet19_T4_all,layer_16_layer3_0_conv2,3,16384,8,256,32,262144,16,4096,256,64,4,16,1,16,20,20,12,1,next_burst,8,0,1,10,0,100,1,1,1,1,non_inclusive,lru,4361734,125044,4236690,1343145,2000704,0.671336,48,1024,0.046875,791040,50626560,0,0,768824,0,0,66782685,114680,121875,67788064,67666189,279050116,211383927,0.757512,1999680,139241,656535,0,118,1203786,0,0,0,0.397748,0.999488,0,0,0.083116,32.866381,3,5,7,17,19,20,89,0,9175480,2.103631,1.791653,1868,2895
f0002519-eee0-4349-bf07-7661c57cda19,adc154abe3cea812fb9fedff32206f3a879c9e26,cache,cache16_l1_16k,loas,16,resnet19_T4_all,layer_16_layer3_0_conv2,4,16384,8,1024,128,262144,16,16384,1024,16,1,16,1,16,20,20,12,1,none,0,0,1,10,0,100,1,1,1,1,non_inclusive,lru,12890080,120532,12769548,0,1928512,0.000000,79104,1928512,0.041018,1849408,29590528,0,0,0,0,0,834198,203453767,25827,204313792,204287965,204287965,0,0.000000,0,0,0,0,0,0,0,0,0,0.000000,0.999469,0,0,0.000000,100.000000,1,1,1,10,15,16,0,0,9563520,0.741929,1.659671,1830,2817
f0002519-eee0-4349-bf07-7661c57cda19,adc154abe3cea812fb9fedff32206f3a879c9e26,cache,cache16_l1_16k,loas,16,resnet19_T4_all,layer_16_layer3_0_conv2,4,16384,8,1024,128,262144,16,16384,1024,16,1,16,1,16,20,20,12,1,next_burst,2,0,1,10,0,100,1,1,1,1,non_inclusive,lru,10184751,120532,10064219,90682,1928512,0.047022,0,1024,0.000000,1849408,29590528,0,0,21187,0,0,160813655,120320,73366,161028528,160955162,486451877,325496715,0.669124,1927488,90682,1836806,0,0,0,0,0,0,0.999469,0.999469,0,0,0.000000,95.297825,2,3,3,16,19,20,28,0,13328787,1.308700,2.519895,1830,2817
f0002519-eee0-4349-bf07-7661c57cda19,adc154abe3cea812fb9fedff32206f3a879c9e26,cache,cache16_l1_16k,loas,16,resnet19_T4_all,layer_16_layer3_0_conv2,4,16384,8,1024,128,262144,16,16384,1024,16,1,16,1,16,20,20,12,1,next_burst,4,0,1,10,0,100,1,1,1,1,non_inclusive,lru,10178764,120532,10058232,94025,1928512,0.048755,0,1024,0.000000,1849408,29590528,0,0,37445,0,0,160694649,120320,80322,160932736,160852414,811197082,650344668,0.801710,1927488,94025,1833463,0,0,0,0,0,0,0.999469,0.999469,0,0,0.000000,95.124479,4,5,5,16,19,20,60,0,13337655,1.310341,2.567899,1830,2817
f0002519-eee0-4349-bf07-7661c57cda19,adc154abe3cea812fb9fedff32206f3a879c9e26,cache,cache16_l1_16k,loas,16,resnet19_T4_all,layer_16_layer3_0_conv2,4,16384,8,1024,128,262144,16,16384,1024,16,1,16,1,16,20,20,12,1,next_burst,8,0,1,10,0,100,1,1,1,1,non_inclusive,lru,10181083,120532,10060551,103251,1928512,0.053539,0,1024,0.000000,1849408,29590528,0,0,53214,0,0,160724174,120320,72132,160969840,160897708,1460375679,1299477971,0.889824,1927488,103251,1824237,0,0,0,0,0,0,0.999469,0.999469,0,0,0.000000,94.646079,8,9,9,16,19,20,124,0,13338864,1.310162,2.687028,1830,2817
eb505057-7f32-4be1-b8d7-b294295b7e74,adc154abe3cea812fb9fedff32206f3a879c9e26,cache,cache16_l1_16k,loas,16,resnet19_T4_all,layer_16_layer3_0_conv2,4,16384,8,512,64,262144,16,8192,512,32,2,16,1,16,20,20,12,1,none,0,0,1,10,0,100,1,1,1,1,non_inclusive,lru,9302644,120532,9182112,578240,1928512,0.299837,16640,1350272,0.012323,1333632,42676224,0,0,0,0,0,191088,146710210,13518,146914816,146901298,146901298,0,0.000000,0,0,0,0,0,0,0,0,0,0.000000,0.999469,0,0,0.119508,70.016261,1,1,1,9,15,16,0,0,7891264,0.848282,1.347177,1830,2817
eb505057-7f32-4be1-b8d7-b294295b7e74,adc154abe3cea812fb9fedff32206f3a879c9e26,cache,cache16_l1_16k,loas,16,resnet19_T4_all,layer_16_layer3_0_conv2,4,16384,8,512,64,262144,16,8192,512,32,2,16,1,16,20,20,12,1,next_burst,2,0,1,10,0,100,1,1,1,1,non_inclusive,lru,7349632,120532,7229100,682035,1928512,0.353659,0,1024,0.000000,1333632,42676224,0,0,112760,0,0,115226575,120320,206969,115666624,115459655,276197460,160737805,0.581967,1927488,103795,1245453,0,28584,549656,0,0,0,0.699632,0.999469,0,0,0.119508,64.634132,2,3,3,17,19,20,28,0,11144076,1.516277,2.211371,1830,2817
eb505057-7f32-4be1-b8d7-b294295b7e74,adc154abe3cea812fb9fedff32206f3a879c9e26,cache,cache16_l1_16k,loas,16,resnet19_T4_all,layer_16_layer3_0_conv2,4,16384,8,512,64,262144,16,8192,512,32,2,16,1,16,20,20,12,1,next_burst,4,0,1,10,0,100,1,1,1,1,non_inclusive,lru,7343442,120532,7222910,779780,1928512,0.404343,0,1024,0.000000,1333632,42676224,0,0,244122,0,0,115079695,120320,123447,115567584,115444137,439126814,323682677,0.737105,1927488,201540,1147708,0,1858,576382,0,0,0,0.699632,0.999469,0,0,0.119508,59.565717,3,4,5,17,19,20,60,0,11150320,1.518405,2.204730,1830,2817
eb505057-7f32-4be1-b8d7-b294295b7e74,adc154abe3cea812fb9fedff32206f3a879c9e26,cache,cache16_l1_16k,loas,16,resnet19_T4_all,layer_16_layer3_0_conv2,4,16384,8,512,64,262144,16,8192,512,32,2,16,1,16,20,20,12,1,next_burst,8,0,1,10,0,100,1,1,1,1,non_inclusive,lru,7343054,120532,7222522,836553,1928512,0.433782,0,1024,0.000000,1333632,42676224,0,0,328075,0,0,114918579,120320,194402,115561376,115366974,765166817,649799843,0.849226,1927488,258313,1090935,0,931,577309,0,0,0,0.699632,0.999469,0,0,0.119508,56.621841,6,7,9,17,19,20,124,0,11150600,1.518523,2.265917,1830,2817
7a5aa68b-78c0-45fb-92fc-db7d92acf537,adc154abe3cea812fb9fedff32206f3a879c9e26,cache,cache16_l1_16k,loas,16,resnet19_T4_all,layer_16_layer3_0_conv2,4,16384,8,256,32,262144,16,4096,256,64,4,16,1,16,20,20,12,1,none,0,0,1,10,0,100,1,1,1,1,non_inclusive,lru,5505602,120532,5385070,1140800,1928512,0.591544,5232,787712,0.006642,782480,50078720,0,0,0,0,0,71136,86080831,10177,86162144,86151967,86151967,0,0.000000,0,0,0,0,0,0,0,0,0,0.000000,0.999469,0,0,0.127937,40.845585,1,1,1,8,15,16,0,0,6214992,1.128849,1.023108,1830,2817
7a5aa68b-78c0-45fb-92fc-db7d92acf537,adc154abe3cea812fb9fedff32206f3a879c9e26,cache,cache16_l1_16k,loas,16,resnet19_T4_all,layer_16_layer3_0_conv2,4,16384,8,256,32,262144,16,4096,256,64,4,16,1,16,20,20,12,1,next_burst,2,0,1,10,0,100,1,1,1,1,non_inclusive,lru,4402864,120532,4282332,1187496,1928512,0.615758,0,1024,0.000000,782480,50078720,0,0,568256,0,0,67265521,120320,564239,68518336,67954097,109314508,41360411,0.378362,1927488,46696,739992,0,192031,948769,0,0,0,0.407925,0.999469,0,0,0.127937,38.424236,1,2,3,13,19,20,26,0,8413724,1.910966,1.775890,1830,2817
7a5aa68b-78c0-45fb-92fc-db7d92acf537,adc154abe3cea812fb9fedff32206f3a879c9e26,cache,cache16_l1_16k,loas,16,resnet19_T4_all,layer_16_layer3_0_conv2,4,16384,8,256,32,262144,16,4096,256,64,4,16,1,16,20,20,12,1,next_burst,4,0,1,10,0,100,1,1,1,1,non_inclusive,lru,4316673,120532,4196141,1228444,1928512,0.636991,0,1024,0.000000,782480,50078720,0,0,645264,0,0,66247355,120320,126341,67139280,67012939,169600720,102587781,0.604878,1927488,87644,699044,0,22336,1118464,0,0,0,0.407925,0.999469,0,0,0.127937,36.300941,2,3,5,17,19,20,60,0,8922455,2.066975,1.726965,1830,2817
7a5aa68b-78c0-45fb-92fc-db7d92acf537,adc154abe3cea812fb9fedff32206f3a879c9e26,cache,cache16_l1_16k,loas,16,resnet19_T4_all,layer_16_layer3_0_conv2,4,16384,8,256,32,262144,16,4096,256,64,4,16,1,16,20,20,12,1,next_burst,8,0,1,10,0,100,1,1,1,1,non_inclusive,lru,4314192,120532,4193660,1275269,1928512,0.661271,0,1024,0.000000,782480,50078720,0,0,729793,0,0,66141470,120320,108001,67099584,66991583,281214093,214222510,0.761777,1927488,134469,652219,0,419,1140381,0,0,0,0.407925,0.999469,0,0,0.127937,33.872903,3,5,8,17,19,20,108,0,8923425,2.068388,1.751130,1830,2817
81091622-ba88-448d-9731-cb6b974dffea,adc154abe3cea812fb9fedff32206f3a879c9e26,cache,cache16_l1_16k,loas,16,vgg16_T4_all,layer_01_features_3,0,16384,8,1024,128,262144,16,16384,1024,16,1,16,1,16,20,20,12,1,none,0,0,1,10,0,100,1,1,1,1,non_inclusive,lru,1150077,118912,1031165,813440,1902592,0.427543,1082528,1089152,0.993918,1656,26496,0,0,0,0,0,15433727,728313,352984,16515024,16162040,16162040,0,0.000000,0,0,0,0,0,0,0,0,0,0.000000,0.991389,0,0,0.000000,57.245694,1,1,1,2,4,4,0,0,5986168,5.205015,0.948817,116,170
81091622-ba88-448d-9731-cb6b974dffea,adc154abe3cea812fb9fedff32206f3a879c9e26,cache,cache16_l1_16k,loas,16,vgg16_T4_all,layer_01_features_3,0,16384,8,1024,128,262144,16,16384,1024,16,1,16,1,16,20,20,12,1,next_burst,2,0,1,10,0,100,1,1,1,1,non_inclusive,lru,1124101,118912,1005189,910225,1902592,0.478413,12208,12384,0.985788,1656,26496,0,0,471926,0,0,15318243,20416,288823,16099408,15810585,38054059,22243474,0.584523,1886208,96785,979983,0,809440,0,0,0,0,0.565948,0.991389,0,0,0.000000,52.158687,2,3,3,5,10,12,0,0,7872376,7.003264,1.574971,116,170
81091622-ba88-448d-9731-cb6b974dffea,adc154abe3cea812fb9fedff32206f3a879c9e26,cache,cache16_l1_16k,loas,16,vgg16_T4_all,layer_01_features_3,0,16384,8,1024,128,262144,16,16384,1024,16,1,16,1,16,20,20,12,1,next_burst,4,0,1,10,0,100,1,1,1,1,non_inclusive,lru,1113508,118912,994596,924855,1902592,0.486103,12946,13122,0.986587,1656,26496,0,0,490502,0,0,15104832,20416,314170,15929920,15615750,58441486,42825736,0.732797,1886208,111415,964615,0,810178,0,0,0,0,0.565560,0.991389,0,0,0.000000,51.389736,3,5,5,7,17,20,0,0,7872376,7.069887,1.605660,116,170
81091622-ba88-448d-9731-cb6b974dffea,adc154abe3cea812fb9fedff32206f3a879c9e26,cache,cache16_l1_16k,loas,16,vgg16_T4_all,layer_01_features_3,0,16384,8,1024,128,262144,16,16384,1024,16,1,16,1,16,20,20,12,1,next_burst,8,0,1,10,0,100,1,1,1,1,non_inclusive,lru,1109741,118912,990829,941007,1902592,0.494592,26116,26292,0.993306,1656,26496,0,0,502786,0,0,14971251,20416,375195,15869648,15494453,96605277,81110824,0.839611,1886208,127647,935293,0,823268,0,0,0,0,0.558680,0.991389,0,0,0.000000,50.540789,5,8,9,9,16,20,105,0,7875140,7.096377,1.641120,116,170
91a63f2f-4426-40b2-9464-81f38f4fa952,adc154abe3cea812fb9fedff32206f3a879c9e26,cache,cache16_l1_16k,loas,16,vgg16_T4_all,layer_01_features_3,0,16384,8,512,64,262144,16,8192,512,32,2,16,1,16,20,20,12,1,none,0,0,1,10,0,100,1,1,1,1,non_inclusive,lru,1263346,118912,1144434,683488,1902592,0.359240,1215072,1219104,0.996693,1008,32256,0,0,0,0,0,17530945,443853,352530,18327328,17974798,17974798,0,0.000000,0,0,0,0,0,0,0,0,0,0.000000,0.991389,0,0,0.178571,64.075955,1,1,1,2,4,4,0,0,6245424,4.943558,0.933808,116,170
91a63f2f-4426-40b2-9464-81f38f4fa952,adc154abe3cea812fb9fedff32206f3a879c9e26,cache,cache16_l1_16k,loas,16,vgg16_T4_all,layer_01_features_3,0,16384,8,512,64,262144,16,8192,512,32,2,16,1,16,20,20,12,1,next_burst,2,0,1,10,0,100,1,1,1,1,non_inclusive,lru,1242496,118912,1123584,811308,1902592,0.426422,13456,13600,0.989412,1008,32256,0,0,338540,0,0,17370940,16704,267544,17993728,17726184,43762414,26036230,0.594945,1886208,127820,1077684,0,468057,212647,0,0,0,0.633611,0.991389,0,0,0.178571,57.357752,2,3,3,6,11,12,0,0,8131632,6.544594,1.536799,116,170
91a63f2f-4426-40b2-9464-81f38f4fa952,adc154abe3cea812fb9fedff32206f3a879c9e26,cache,cache16_l1_16k,loas,16,vgg16_T4_all,layer_01_features_3,0,16384,8,512,64,262144,16,8192,512,32,2,16,1,16,20,20,12,1,next_burst,4,0,1,10,0,100,1,1,1,1,non_inclusive,lru,1236981,118912,1118069,800575,1902592,0.420781,14342,14486,0.990059,1008,32256,0,0,319687,0,0,17255591,16704,313506,17905488,17591982,68318447,50726465,0.742500,1886208,117087,1087531,0,468440,213150,0,0,0,0.633146,0.991389,0,0,0.178571,57.921877,3,5,5,8,17,20,0,0,8131632,6.573773,1.556652,116,170
91a63f2f-4426-40b2-9464-81f38f4fa952,adc154abe3cea812fb9fedff32206f3a879c9e26,cache,cache16_l1_16k,loas,16,vgg16_T4_all,layer_01_features_3,0,16384,8,512,64,262144,16,8192,512,32,2,16,1,16,20,20,12,1,next_burst,8,0,1,10,0,100,1,1,1,1,non_inclusive,lru,1235372,118912,1116460,825852,1902592,0.434067,28955,29099,0.995051,1008,32256,0,0,343492,0,0,17151562,16704,367986,17879744,17511758,115182290,97670532,0.847965,1886208,142546,1047641,0,487361,208660,0,0,0,0.625561,0.991389,0,0,0.178571,56.593321,5,8,9,9,16,20,105,0,8133592,6.583921,1.610880,116,170
e22d3f0e-85c3-4efb-84b0-9fd47d2d9f12,adc154abe3cea812fb9fedff32206f3a879c9e26,cache,cache16_l1_16k,loas,16,vgg16_T4_all,layer_01_features_3,0,16384,8,256,32,262144,16,4096,256,64,4,16,1,16,20,20,12,1,none,0,0,1,10,0,100,1,1,1,1,non_inclusive,lru,1172594,118912,1053682,764016,1902592,0.401566,1136416,1138576,0.998103,540,34560,0,0,0,0,0,16272014,238011,365271,16875296,16510025,16510025,0,0.000000,0,0,0,0,0,0,0,0,0,0.000000,0.991389,0,0,0.233333,59.843414,1,1,1,2,4,4,0,0,6083900,5.188411,0.908081,116,170
e22d3f0e-85c3-4efb-84b0-9fd47d2d9f12,adc154abe3cea812fb9fedff32206f3a879c9e26,cache,cache16_l1_16k,loas,16,vgg16_T4_all,layer_01_features_3,0,16384,8,256,32,262144,16,4096,256,64,4,16,1,16,20,20,12,1,next_burst,2,0,1,10,0,100,1,1,1,1,non_inclusive,lru,1157528,118912,1038616,891654,1902592,0.468652,15731,15811,0.994940,540,34560,0,0,379459,0,0,15988442,9280,257059,16634240,16377181,38602802,22225621,0.575751,1886208,127638,995127,0,298371,465072,0,0,0,0.590124,0.991389,0,0,0.233333,53.134776,1,3,3,5,10,12,0,0,7970108,6.885456,1.506263,116,170
e22d3f0e-85c3-4efb-84b0-9fd47d2d9f12,adc154abe3cea812fb9fedff32206f3a879c9e26,cache,cache16_l1_16k,loas,16,vgg16_T4_all,layer_01_features_3,0,16384,8,256,32,262144,16,4096,256,64,4,16,1,16,20,20,12,1,next_burst,4,0,1,10,0,100,1,1,1,1,non_inclusive,lru,1154350,118912,1035438,879134,1902592,0.462072,16579,16659,0.995198,540,34560,0,0,361499,0,0,15908650,9280,303963,16583392,16279429,59707930,43428501,0.727349,1886208,115118,1006799,0,259037,505254,0,0,0,0.589678,0.991389,0,0,0.233333,53.792826,3,4,5,8,16,20,0,0,7970108,6.904412,1.514115,116,170
e22d3f0e-85c3-4efb-84b0-9fd47d2d9f12,adc154abe3cea812fb9fedff32206f3a879c9e26,cache,cache16_l1_16k,loas,16,vgg16_T4_all,layer_01_features_3,0,16384,8,256,32,262144,16,4096,256,64,4,16,1,16,20,20,12,1,next_burst,8,0,1,10,0,100,1,1,1,1,non_inclusive,lru,1153113,118912,1034201,886767,1902592,0.466084,27294,27374,0.997078,540,34560,0,0,357963,0,0,15859257,9280,337100,16563600,16226500,100318319,84091819,0.838250,1886208,122875,988451,0,276479,498403,0,0,0,0.584112,0.991389,0,0,0.233333,53.391636,5,7,9,10,17,20,76,0,7971272,6.912828,1.550424,116,170
159d1e9d-c9fe-4d8b-a0b6-38b99ef6adc8,adc154abe3cea812fb9fedff32206f3a879c9e26,cache,cache16_l1_16k,loas,16,vgg16_T4_all,layer_01_features_3,1,16384,8,1024,128,262144,16,16384,1024,16,1,16,1,16,20,20,12,1,none,0,0,1,10,0,100,1,1,1,1,non_inclusive,lru,1574648,135303,1439345,661904,2164848,0.305751,1493920,1502944,0.993996,2256,36096,0,0,0,0,0,21710174,991716,344014,23045904,22701890,22701890,0,0.000000,0,0,0,0,0,0,0,0,0,0.000000,0.992432,0,0,0.000000,69.424920,1,1,1,2,4,4,0,0,7338864,4.660638,1.125986,129,248
159d1e9d-c9fe-4d8b-a0b6-38b99ef6adc8,adc154abe3cea812fb9fedff32206f3a879c9e26,cache,cache16_l1_16k,loas,16,vgg16_T4_all,layer_01_features_3,1,16384,8,1024,128,262144,16,16384,1024,16,1,16,1,16,20,20,12,1,next_burst,2,0,1,10,0,100,1,1,1,1,non_inclusive,lru,1537343,135303,1402040,779284,2164848,0.359972,13936,14080,0.989773,2256,36096,0,0,347084,0,0,21798381,16704,286855,22449024,22162169,58058705,35896536,0.618280,2148464,117380,1371484,0,659600,0,0,0,0,0.687745,0.992432,0,0,0.000000,64.002831,2,3,3,5,10,12,0,0,9487328,6.171250,1.791391,129,248
159d1e9d-c9fe-4d8b-a0b6-38b99ef6adc8,adc154abe3cea812fb9fedff32206f3a879c9e26,cache,cache16_l1_16k,loas,16,vgg16_T4_all,layer_01_features_3,1,16384,8,1024,128,262144,16,16384,1024,16,1,16,1,16,20,20,12,1,next_burst,4,0,1,10,0,100,1,1,1,1,non_inclusive,lru,1526054,135303,1390751,785386,2164848,0.362790,14254,14398,0.989999,2256,36096,0,0,347345,0,0,21569954,16704,334397,22268400,21934003,91899157,69965154,0.761325,2148464,123482,1365064,0,659918,0,0,0,0,0.687598,0.992432,0,0,0.000000,63.720963,3,5,5,7,17,20,0,0,9487328,6.216902,1.840606,129,248
159d1e9d-c9fe-4d8b-a0b6-38b99ef6adc8,adc154abe3cea812fb9fedff32206f3a879c9e26,cache,cache16_l1_16k,loas,16,vgg16_T4_all,layer_01_features_3,1,16384,8,1024,128,262144,16,16384,1024,16,1,16,1,16,20,20,12,1,next_burst,8,0,1,10,0,100,1,1,1,1,non_inclusive,lru,1520952,135303,1385649,799572,2164848,0.369343,26875,27019,0.994670,2256,36096,0,0,356323,0,0,21441162,16704,372579,22186768,21814189,156670544,134856355,0.860764,2148464,137764,1338257,0,672443,0,0,0,0,0.681813,0.992432,0,0,0.000000,63.065675,6,9,9,8,17,20,105,0,9490160,6.239618,1.895248,129,248
7cf43ab6-ddc4-40f6-aefd-85c7bb4d5274,adc154abe3cea812fb9fedff32206f3a879c9e26,cache,cache16_l1_16k,loas,16,vgg16_T4_all,layer_01_features_3,1,16384,8,512,64,262144,16,8192,512,32,2,16,1,16,20,20,12,1,none,0,0,1,10,0,100,1,1,1,1,non_inclusive,lru,1598775,135303,1463472,612880,2164848,0.283105,1547360,1551968,0.997031,1152,36864,0,0,0,0,0,22567095,506841,358000,23431936,23073936,23073936,0,0.000000,0,0,0,0,0,0,0,0,0,0.000000,0.992432,0,0,0.020833,71.689467,1,1,1,2,4,4,0,0,7435808,4.650941,1.136978,129,248
7cf43ab6-ddc4-40f6-aefd-85c7bb4d5274,adc154abe3cea812fb9fedff32206f3a879c9e26,cache,cache16_l1_16k,loas,16,vgg16_T4_all,layer_01_features_3,1,16384,8,512,64,262144,16,8192,512,32,2,16,1,16,20,20,12,1,next_burst,2,0,1,10,0,100,1,1,1,1,non_inclusive,lru,1574997,135303,1439694,758633,2164848,0.350432,14800,14912,0.992489,1152,36864,0,0,285352,0,0,22473296,12992,279848,23051488,22771640,59723619,36951979,0.618716,2148464,145753,1391303,0,354755,256653,0,0,0,0.710006,0.992432,0,0,0.020833,64.956754,2,3,3,5,11,12,0,0,9584272,6.085264,1.837508,129,248
7cf43ab6-ddc4-40f6-aefd-85c7bb4d5274,adc154abe3cea812fb9fedff32206f3a879c9e26,cache,cache16_l1_16k,loas,16,vgg16_T4_all,layer_01_features_3,1,16384,8,512,64,262144,16,8192,512,32,2,16,1,16,20,20,12,1,next_burst,4,0,1,10,0,100,1,1,1,1,non_inclusive,lru,1569524,135303,1434221,748003,2164848,0.345522,15235,15347,0.992702,1152,36864,0,0,258815,0,0,22381790,12992,310323,22963920,22653597,94739785,72086188,0.760886,2148464,135123,1401498,0,354048,257795,0,0,0,0.709805,0.992432,0,0,0.020833,65.447782,3,5,5,7,17,20,0,0,9584272,6.106483,1.810774,129,248
7cf43ab6-ddc4-40f6-aefd-85c7bb4d5274,adc154abe3cea812fb9fedff32206f3a879c9e26,cache,cache16_l1_16k,loas,16,vgg16_T4_all,layer_01_features_3,1,16384,8,512,64,262144,16,8192,512,32,2,16,1,16,20,20,12,1,next_burst,8,0,1,10,0,100,1,1,1,1,non_inclusive,lru,1567411,135303,1432108,752583,2164848,0.347638,26811,26923,0.995840,1152,36864,0,0,259674,0,0,22311696,12992,345750,22930112,22584362,162696563,140112201,0.861187,2148464,139783,1385342,0,368395,254944,0,0,0,0.704495,0.992432,0,0,0.020833,65.236220,6,8,9,9,16,20,105,0,9586020,6.115831,1.947041,129,248
feee766c-256e-43b1-9255-b0b3071b5ed0,adc154abe3cea812fb9fedff32206f3a879c9e26,cache,cache16_l1_16k,loas,16,vgg16_T4_all,layer_01_features_3,1,16384,8,256,32,262144,16,4096,256,64,4,16,1,16,20,20,12,1,none,0,0,1,10,0,100,1,1,1,1,non_inclusive,lru,1446512,135303,1311209,753120,2164848,0.347886,1409424,1411728,0.998368,576,36864,0,0,0,0,0,20359748,253787,382193,20995728,20613535,20613535,0,0.000000,0,0,0,0,0,0,0,0,0,0.000000,0.992432,0,0,0.020833,65.211414,1,1,1,2,4,4,0,0,7154752,4.946210,1.074092,129,248
feee766c-256e-43b1-9255-b0b3071b5ed0,adc154abe3cea812fb9fedff32206f3a879c9e26,cache,cache16_l1_16k,loas,16,vgg16_T4_all,layer_01_features_3,1,16384,8,256,32,262144,16,4096,256,64,4,16,1,16,20,20,12,1,next_burst,2,0,1,10,0,100,1,1,1,1,non_inclusive,lru,1429517,135303,1294214,905936,2164848,0.418476,15920,16016,0.994006,576,36864,0,0,356339,0,0,20090822,11136,265511,20723808,20458297,50436919,29978622,0.594379,2148464,152816,1242896,0,193532,559220,0,0,0,0.644716,0.992432,0,0,0.020833,58.152443,2,3,3,6,11,12,0,0,9303216,6.507944,1.744005,129,248
feee766c-256e-43b1-9255-b0b3071b5ed0,adc154abe3cea812fb9fedff32206f3a879c9e26,cache,cache16_l1_16k,loas,16,vgg16_T4_all,layer_01_features_3,1,16384,8,256,32,262144,16,4096,256,64,4,16,1,16,20,20,12,1,next_burst,4,0,1,10,0,100,1,1,1,1,non_inclusive,lru,1426733,135303,1291430,893187,2164848,0.412586,16140,16236,0.994087,576,36864,0,0,333825,0,0,20032004,11136,302299,20679264,20376965,79335615,58958650,0.743155,2148464,140067,1255425,0,135661,617311,0,0,0,0.644614,0.992432,0,0,0.020833,58.741353,3,5,5,10,17,20,0,0,9303216,6.520643,1.754260,129,248
feee766c-256e-43b1-9255-b0b3071b5ed0,adc154abe3cea812fb9fedff32206f3a879c9e26,cache,cache16_l1_16k,loas,16,vgg16_T4_all,layer_01_features_3,1,16384,8,256,32,262144,16,4096,256,64,4,16,1,16,20,20,12,1,next_burst,8,0,1,10,0,100,1,1,1,1,non_inclusive,lru,1425384,135303,1290081,883001,2164848,0.407881,23266,23362,0.995891,576,36864,0,0,309167,0,0,20025321,11136,312056,20657680,20345624,135617954,115272330,0.849978,2148464,129915,1258485,0,146476,613588,0,0,0,0.641338,0.992432,0,0,0.020833,59.211871,5,8,9,11,17,20,101,0,9304340,6.527602,1.792235,129,248
40319abd-2727-4ee9-86f5-ac9e70ef24b4,adc154abe3cea812fb9fedff32206f3a879c9e26,cache,cache16_l1_16k,loas,16,vgg16_T4_all,layer_01_features_3,2,16384,8,1024,128,262144,16,16384,1024,16,1,16,1,16,20,20,12,1,none,0,0,1,10,0,100,1,1,1,1,non_inclusive,lru,1275621,122789,1152832,759216,1964624,0.386443,1196960,1205408,0.992992,2112,33792,0,0,0,0,0,17179913,926940,354843,18461696,18106853,18106853,0,0.000000,0,0,0,0,0,0,0,0,0,0.000000,0.991660,0,0,0.000000,61.355659,1,1,1,2,4,4,0,0,6343200,4.972637,0.969977,122,206
40319abd-2727-4ee9-86f5-ac9e70ef24b4,adc154abe3cea812fb9fedff32206f3a879c9e26,cache,cache16_l1_16k,loas,16,vgg16_T4_all,layer_01_features_3,2,16384,8,1024,128,262144,16,16384,1024,16,1,16,1,16,20,20,12,1,next_burst,2,0,1,10,0,100,1,1,1,1,non_inclusive,lru,1244276,122789,1121487,868360,1964624,0.441998,12800,12944,0.988875,2112,33792,0,0,435451,0,0,17205070,16704,302951,17960176,17657225,43676185,26018960,0.595724,1948240,109144,1083320,0,755776,0,0,0,0,0.606968,0.991660,0,0,0.000000,55.800194,2,3,3,4,10,12,0,0,8291440,6.663666,1.609483,122,206
40319abd-2727-4ee9-86f5-ac9e70ef24b4,adc154abe3cea812fb9fedff32206f3a879c9e26,cache,cache16_l1_16k,loas,16,vgg16_T4_all,layer_01_features_3,2,16384,8,1024,128,262144,16,16384,1024,16,1,16,1,16,20,20,12,1,next_burst,4,0,1,10,0,100,1,1,1,1,non_inclusive,lru,1232831,122789,1110042,890134,1964624,0.453081,13049,13193,0.989085,2112,33792,0,0,462307,0,0,16961828,16704,336217,17777056,17440839,67618901,50178062,0.742072,1948240,130918,1061297,0,756025,0,0,0,0,0.606841,0.991660,0,0,0.000000,54.691890,3,5,5,4,17,20,0,0,8291440,6.725528,1.636103,122,206
40319abd-2727-4ee9-86f5-ac9e70ef24b4,adc154abe3cea812fb9fedff32206f3a879c9e26,cache,cache16_l1_16k,loas,16,vgg16_T4_all,layer_01_features_3,2,16384,8,1024,128,262144,16,16384,1024,16,1,16,1,16,20,20,12,1,next_burst,8,0,1,10,0,100,1,1,1,1,non_inclusive,lru,1226517,122789,1103728,894525,1964624,0.455316,25576,25720,0.994401,2112,33792,0,0,462856,0,0,16797151,16704,399321,17676032,17276711,112128178,94851467,0.845920,1948240,135346,1044379,0,768515,0,0,0,0,0.600484,0.991660,0,0,0.000000,54.468387,5,8,9,6,15,20,105,0,8293918,6.762171,1.688800,122,206
c3c18012-6e84-42dc-a178-830ef3cd2062,adc154abe3cea812fb9fedff32206f3a879c9e26,cache,cache16_l1_16k,loas,16,vgg16_T4_all,layer_01_features_3,2,16384,8,512,64,262144,16,8192,512,32,2,16,1,16,20,20,12,1,none,0,0,1,10,0,100,1,1,1,1,non_inclusive,lru,1354959,122789,1232170,656544,1964624,0.334183,1303472,1308080,0.996477,1152,36864,0,0,0,0,0,18869374,506876,354854,19731104,19376250,19376250,0,0.000000,0,0,0,0,0,0,0,0,0,0.000000,0.991660,0,0,0.083333,66.581697,1,1,1,2,4,4,0,0,6547584,4.832312,0.961586,122,206
c3c18012-6e84-42dc-a178-830ef3cd2062,adc154abe3cea812fb9fedff32206f3a879c9e26,cache,cache16_l1_16k,loas,16,vgg16_T4_all,layer_01_features_3,2,16384,8,512,64,262144,16,8192,512,32,2,16,1,16,20,20,12,1,next_burst,2,0,1,10,0,100,1,1,1,1,non_inclusive,lru,1332182,122789,1209393,801353,1964624,0.407891,13760,13856,0.993072,1152,36864,0,0,315137,0,0,18764011,11136,276388,19366672,19090284,47815102,28724818,0.600748,1948240,144809,1149415,0,417438,236578,0,0,0,0.658764,0.991660,0,0,0.083333,59.210872,2,3,3,5,10,12,0,0,8495824,6.377375,1.577557,122,206
c3c18012-6e84-42dc-a178-830ef3cd2062,adc154abe3cea812fb9fedff32206f3a879c9e26,cache,cache16_l1_16k,loas,16,vgg16_T4_all,layer_01_features_3,2,16384,8,512,64,262144,16,8192,512,32,2,16,1,16,20,20,12,1,next_burst,4,0,1,10,0,100,1,1,1,1,non_inclusive,lru,1326387,122789,1203598,778466,1964624,0.396242,14285,14381,0.993325,1152,36864,0,0,279498,0,0,18653705,11136,329613,19273952,18944339,75046876,56102537,0.747567,1948240,121922,1171777,0,416841,237700,0,0,0,0.658497,0.991660,0,0,0.083333,60.375828,3,5,5,6,17,20,0,0,8495824,6.405238,1.597574,122,206
c3c18012-6e84-42dc-a178-830ef3cd2062,adc154abe3cea812fb9fedff32206f3a879c9e26,cache,cache16_l1_16k,loas,16,vgg16_T4_all,layer_01_features_3,2,16384,8,512,64,262144,16,8192,512,32,2,16,1,16,20,20,12,1,next_burst,8,0,1,10,0,100,1,1,1,1,non_inclusive,lru,1324443,122789,1201654,802643,1964624,0.408548,28418,28514,0.996633,1152,36864,0,0,306093,0,0,18546756,11136,378863,19242848,18863985,127563148,108699163,0.852120,1948240,146207,1133467,0,434016,234550,0,0,0,0.651358,0.991660,0,0,0.083333,59.145210,6,8,9,7,16,20,105,0,8497784,6.416119,1.640050,122,206
55ec6a9e-19ff-4c0c-a061-71e059641758,adc154abe3cea812fb9fedff32206f3a879c9e26,cache,cache16_l1_16k,loas,16,vgg16_T4_all,layer_01_features_3,2,16384,8,256,32,262144,16,4096,256,64,4,16,1,16,20,20,12,1,none,0,0,1,10,0,100,1,1,1,1,non_inclusive,lru,1265592,122789,1142803,732976,1964624,0.373087,1229344,1231648,0.998129,576,36864,0,0,0,0,0,17684165,253851,363216,18301232,17938016,17938016,0,0.000000,0,0,0,0,0,0,0,0,0,0.000000,0.991660,0,0,0.083333,62.691283,1,1,1,2,4,4,0,0,6394144,5.052295,0.949935,122,206
55ec6a9e-19ff-4c0c-a061-71e059641758,adc154abe3cea812fb9fedff32206f3a879c9e26,cache,cache16_l1_16k,loas,16,vgg16_T4_all,layer_01_features_3,2,16384,8,256,32,262144,16,4096,256,64,4,16,1,16,20,20,12,1,next_burst,2,0,1,10,0,100,1,1,1,1,non_inclusive,lru,1250076,122789,1127287,872267,1964624,0.443987,15856,15936,0.994980,576,36864,0,0,362097,0,0,17420247,9280,261352,18052976,17791624,42856104,25064480,0.584852,1948240,139291,1076421,0,236864,495664,0,0,0,0.618801,0.991660,0,0,0.083333,55.601326,1,3,3,5,10,12,0,0,8342384,6.673501,1.567276,122,206
55ec6a9e-19ff-4c0c-a061-71e059641758,adc154abe3cea812fb9fedff32206f3a879c9e26,cache,cache16_l1_16k,loas,16,vgg16_T4_all,layer_01_features_3,2,16384,8,256,32,262144,16,4096,256,64,4,16,1,16,20,20,12,1,next_burst,4,0,1,10,0,100,1,1,1,1,non_inclusive,lru,1246982,122789,1124193,860986,1964624,0.438245,16126,16206,0.995064,576,36864,0,0,347097,0,0,17316390,9280,330705,18003472,17672767,66705576,49032809,0.735063,1948240,128010,1087432,0,177629,555169,0,0,0,0.618664,0.991660,0,0,0.083333,56.175533,3,4,5,8,15,20,0,0,8342384,6.690060,1.578601,122,206
55ec6a9e-19ff-4c0c-a061-71e059641758,adc154abe3cea812fb9fedff32206f3a879c9e26,cache,cache16_l1_16k,loas,16,vgg16_T4_all,layer_01_features_3,2,16384,8,256,32,262144,16,4096,256,64,4,16,1,16,20,20,12,1,next_burst,8,0,1,10,0,100,1,1,1,1,non_inclusive,lru,1245669,122789,1122880,859988,1964624,0.437737,26359,26439,0.996974,576,36864,0,0,328525,0,0,17295611,9280,349048,17982464,17633416,112691440,95058024,0.843525,1948240,127060,1078197,0,193831,549152,0,0,0,0.613480,0.991660,0,0,0.083333,56.226331,5,7,9,10,17,20,68,0,8343500,6.698007,1.604456,122,206
2f1c916d-35fa-4e83-bf66-86888b6a3bb3,adc154abe3cea812fb9fedff32206f3a879c9e26,cache,cache16_l1_16k,loas,16,vgg16_T4_all,layer_01_features_3,3,16384,8,1024,128,262144,16,16384,1024,16,1,16,1,16,20,20,12,1,none,0,0,1,10,0,100,1,1,1,1,non_inclusive,lru,1324951,122744,1202207,695248,1963904,0.354013,1262464,1268656,0.995119,1548,24768,0,0,0,0,0,18226189,681072,344435,19251696,18907261,18907261,0,0.000000,0,0,0,0,0,0,0,0,0,0.000000,0.991657,0,0,0.000000,64.598677,1,1,1,2,4,4,0,0,6467692,4.881458,0.987036,126,173
2f1c916d-35fa-4e83-bf66-86888b6a3bb3,adc154abe3cea812fb9fedff32206f3a879c9e26,cache,cache16_l1_16k,loas,16,vgg16_T4_all,layer_01_features_3,3,16384,8,1024,128,262144,16,16384,1024,16,1,16,1,16,20,20,12,1,next_burst,2,0,1,10,0,100,1,1,1,1,non_inclusive,lru,1299172,122744,1176428,802576,1963904,0.408664,12640,12816,0.986267,1548,24768,0,0,377676,0,0,18164330,20416,276810,18839232,18562422,47040184,28477762,0.605392,1947520,107328,1148512,0,691680,0,0,0,0,0.639461,0.991657,0,0,0.000000,59.133644,2,3,3,4,10,12,0,0,8415212,6.477366,1.596927,126,173
2f1c916d-35fa-4e83-bf66-86888b6a3bb3,adc154abe3cea812fb9fedff32206f3a879c9e26,cache,cache16_l1_16k,loas,16,vgg16_T4_all,layer_01_features_3,3,16384,8,1024,128,262144,16,16384,1024,16,1,16,1,16,20,20,12,1,next_burst,4,0,1,10,0,100,1,1,1,1,non_inclusive,lru,1290742,122744,1167998,807877,1963904,0.411363,12906,13082,0.986546,1548,24768,0,0,380299,0,0,17978507,20416,325130,18704352,18379222,73619416,55240194,0.750348,1947520,112629,1142945,0,691946,0,0,0,0,0.639326,0.991657,0,0,0.000000,58.863722,3,5,5,5,17,20,0,0,8415212,6.519670,1.629448,126,173
2f1c916d-35fa-4e83-bf66-86888b6a3bb3,adc154abe3cea812fb9fedff32206f3a879c9e26,cache,cache16_l1_16k,loas,16,vgg16_T4_all,layer_01_features_3,3,16384,8,1024,128,262144,16,16384,1024,16,1,16,1,16,20,20,12,1,next_burst,8,0,1,10,0,100,1,1,1,1,non_inclusive,lru,1287358,122744,1164614,844924,1963904,0.430227,33164,33340,0.994721,1548,24768,0,0,416922,0,0,17833736,20416,379134,18650208,18271074,123478019,105206945,0.852030,1947520,149763,1085640,0,712117,0,0,0,0,0.629055,0.991657,0,0,0.000000,56.977327,5,8,9,7,15,20,105,0,8417138,6.538304,1.667966,126,173
4aa7b2a9-6809-4786-bff2-8265b4a07339,adc154abe3cea812fb9fedff32206f3a879c9e26,cache,cache16_l1_16k,loas,16,vgg16_T4_all,layer_01_features_3,3,16384,8,512,64,262144,16,8192,512,32,2,16,1,16,20,20,12,1,none,0,0,1,10,0,100,1,1,1,1,non_inclusive,lru,1376815,122744,1254071,628656,1963904,0.320105,1331504,1335248,0.997196,936,29952,0,0,0,0,0,19317045,411909,352566,20081520,19728954,19728954,0,0.000000,0,0,0,0,0,0,0,0,0,0.000000,0.991657,0,0,0.173077,67.989474,1,1,1,2,4,4,0,0,6600264,4.793864,0.987436,126,173
4aa7b2a9-6809-4786-bff2-8265b4a07339,adc154abe3cea812fb9fedff32206f3a879c9e26,cache,cache16_l1_16k,loas,16,vgg16_T4_all,layer_01_features_3,3,16384,8,512,64,262144,16,8192,512,32,2,16,1,16,20,20,12,1,next_burst,2,0,1,10,0,100,1,1,1,1,non_inclusive,lru,1356495,122744,1233751,766255,1963904,0.390169,13936,14064,0.990899,936,29952,0,0,304895,0,0,19163623,14848,273034,19756400,19483366,49571799,30088433,0.606967,1947520,137599,1183585,0,377362,248974,0,0,0,0.672733,0.991657,0,0,0.173077,60.983072,2,3,3,5,11,12,0,0,8547784,6.301375,1.604200,126,173
4aa7b2a9-6809-4786-bff2-8265b4a07339,adc154abe3cea812fb9fedff32206f3a879c9e26,cache,cache16_l1_16k,loas,16,vgg16_T4_all,layer_01_features_3,3,16384,8,512,64,262144,16,8192,512,32,2,16,1,16,20,20,12,1,next_burst,4,0,1,10,0,100,1,1,1,1,non_inclusive,lru,1352252,122744,1229508,756719,1963904,0.385314,14480,14608,0.991238,936,29952,0,0,281570,0,0,19079722,14848,312372,19688512,19376140,77609311,58233171,0.750337,1947520,128063,1192577,0,376734,250146,0,0,0,0.672456,0.991657,0,0,0.173077,61.468636,3,5,5,7,17,20,0,0,8547784,6.321147,1.628309,126,173
4aa7b2a9-6809-4786-bff2-8265b4a07339,adc154abe3cea812fb9fedff32206f3a879c9e26,cache,cache16_l1_16k,loas,16,vgg16_T4_all,layer_01_features_3,3,16384,8,512,64,262144,16,8192,512,32,2,16,1,16,20,20,12,1,next_burst,8,0,1,10,0,100,1,1,1,1,non_inclusive,lru,1350979,122744,1228235,801882,1963904,0.408310,34259,34387,0.996278,936,29952,0,0,324460,0,0,18949969,14848,378867,19668144,19289277,132087401,112798124,0.853966,1947520,173325,1127635,0,401412,245148,0,0,0,0.662436,0.991657,0,0,0.173077,59.168982,6,8,9,9,15,20,87,0,8549402,6.328301,1.681351,126,173
ba242404-182d-49f8-a007-d13d00d38ea6,adc154abe3cea812fb9fedff32206f3a879c9e26,cache,cache16_l1_16k,loas,16,vgg16_T4_all,layer_01_features_3,3,16384,8,256,32,262144,16,4096,256,64,4,16,1,16,20,20,12,1,none,0,0,1,10,0,100,1,1,1,1,non_inclusive,lru,1294236,122744,1171492,702448,1963904,0.357679,1259296,1261456,0.998288,540,34560,0,0,0,0,0,18164128,238086,358042,18760256,18402214,18402214,0,0.000000,0,0,0,0,0,0,0,0,0,0.000000,0.991657,0,0,0.283333,64.232060,1,1,1,2,4,4,0,0,6452284,4.985400,0.960862,126,173
ba242404-182d-49f8-a007-d13d00d38ea6,adc154abe3cea812fb9fedff32206f3a879c9e26,cache,cache16_l1_16k,loas,16,vgg16_T4_all,layer_01_features_3,3,16384,8,256,32,262144,16,4096,256,64,4,16,1,16,20,20,12,1,next_burst,2,0,1,10,0,100,1,1,1,1,non_inclusive,lru,1278936,122744,1156192,831548,1963904,0.423416,15632,15744,0.992886,540,34560,0,0,342629,0,0,17882872,12992,276963,18515456,18238493,45026841,26788348,0.594942,1947520,129100,1116612,0,217875,483933,0,0,0,0.634304,0.991657,0,0,0.283333,57.658419,2,3,3,5,11,12,0,0,8399804,6.567806,1.570863,126,173
ba242404-182d-49f8-a007-d13d00d38ea6,adc154abe3cea812fb9fedff32206f3a879c9e26,cache,cache16_l1_16k,loas,16,vgg16_T4_all,layer_01_features_3,3,16384,8,256,32,262144,16,4096,256,64,4,16,1,16,20,20,12,1,next_burst,4,0,1,10,0,100,1,1,1,1,non_inclusive,lru,1276044,122744,1153300,833409,1963904,0.424363,16075,16187,0.993081,540,34560,0,0,340256,0,0,17818368,12992,297568,18469184,18171616,69883843,51712227,0.739974,1947520,130961,1114308,0,164262,537989,0,0,0,0.634078,0.991657,0,0,0.283333,57.563659,3,4,5,9,17,20,0,0,8399804,6.582692,1.588265,126,173
ba242404-182d-49f8-a007-d13d00d38ea6,adc154abe3cea812fb9fedff32206f3a879c9e26,cache,cache16_l1_16k,loas,16,vgg16_T4_all,layer_01_features_3,3,16384,8,256,32,262144,16,4096,256,64,4,16,1,16,20,20,12,1,next_burst,8,0,1,10,0,100,1,1,1,1,non_inclusive,lru,1275335,122744,1152591,847945,1963904,0.431765,29661,29773,0.996238,540,34560,0,0,340131,0,0,17760749,12992,343968,18457840,18113872,118209798,100095926,0.846765,1947520,145577,1086186,0,185206,530551,0,0,0,0.627201,0.991657,0,0,0.283333,56.823501,5,7,9,10,17,20,96,0,8401016,6.587301,1.619883,126,173
78e58419-b8f5-4d21-9e98-68516ab80f47,adc154abe3cea812fb9fedff32206f3a879c9e26,cache,cache16_l1_16k,loas,16,vgg16_T4_all,layer_01_features_3,4,16384,8,1024,128,262144,16,16384,1024,16,1,16,1,16,20,20,12,1,none,0,0,1,10,0,100,1,1,1,1,non_inclusive,lru,1121726,122610,999116,907584,1961760,0.462638,1046640,1054176,0.992851,1884,30144,0,0,0,0,0,14811667,826746,363827,16002240,15638413,15638413,0,0.000000,0,0,0,0,0,0,0,0,0,0.000000,0.991648,0,0,0.000000,53.736237,1,1,1,2,4,4,0,0,6034780,5.379906,0.923007,124,170
78e58419-b8f5-4d21-9e98-68516ab80f47,adc154abe3cea812fb9fedff32206f3a879c9e26,cache,cache16_l1_16k,loas,16,vgg16_T4_all,layer_01_features_3,4,16384,8,1024,128,262144,16,16384,1024,16,1,16,1,16,20,20,12,1,next_burst,2,0,1,10,0,100,1,1,1,1,non_inclusive,lru,1095650,122610,973040,1006798,1961760,0.513212,9904,10000,0.990400,1884,30144,0,0,545339,0,0,14719022,11136,309527,15585024,15275497,35754748,20479251,0.572770,1945376,99214,944962,0,901200,0,0,0,0,0.532265,0.991648,0,0,0.000000,48.678839,1,3,3,4,10,12,0,0,7980156,7.283490,1.576590,124,170
78e58419-b8f5-4d21-9e98-68516ab80f47,adc154abe3cea812fb9fedff32206f3a879c9e26,cache,cache16_l1_16k,loas,16,vgg16_T4_all,layer_01_features_3,4,16384,8,1024,128,262144,16,16384,1024,16,1,16,1,16,20,20,12,1,next_burst,4,0,1,10,0,100,1,1,1,1,non_inclusive,lru,1083423,122610,960813,1016904,1961760,0.518363,10197,10293,0.990673,1884,30144,0,0,567746,0,0,14455225,11136,355285,15389392,15034107,54220819,39186712,0.722724,1945376,109320,934563,0,901493,0,0,0,0,0.532116,0.991648,0,0,0.000000,48.163690,3,4,5,6,17,20,0,0,7980156,7.365688,1.591012,124,170
78e58419-b8f5-4d21-9e98-68516ab80f47,adc154abe3cea812fb9fedff32206f3a879c9e26,cache,cache16_l1_16k,loas,16,vgg16_T4_all,layer_01_features_3,4,16384,8,1024,128,262144,16,16384,1024,16,1,16,1,16,20,20,12,1,next_burst,8,0,1,10,0,100,1,1,1,1,non_inclusive,lru,1077192,122610,954582,1032652,1961760,0.526391,23012,23108,0.995846,1884,30144,0,0,581814,0,0,14295695,11136,401051,15289696,14888645,89333035,74444390,0.833336,1945376,125216,906000,0,914160,0,0,0,0,0.525659,0.991648,0,0,0.000000,47.360941,5,7,9,8,16,20,105,0,7982604,7.410567,1.619315,124,170
e6a25761-558d-4e04-a17c-d27bb69a0769,adc154abe3cea812fb9fedff32206f3a879c9e26,cache,cache16_l1_16k,loas,16,vgg16_T4_all,layer_01_features_3,4,16384,8,512,64,262144,16,8192,512,32,2,16,1,16,20,20,12,1,none,0,0,1,10,0,100,1,1,1,1,non_inclusive,lru,1301169,122610,1178559,708304,1961760,0.361055,1248896,1253456,0.996362,1140,36480,0,0,0,0,0,18018322,501270,353736,18873328,18519592,18519592,0,0.000000,0,0,0,0,0,0,0,0,0,0.000000,0.991648,0,0,0.173684,63.894462,1,1,1,2,4,4,0,0,6432596,4.943705,0.968182,124,170
e6a25761-558d-4e04-a17c-d27bb69a0769,adc154abe3cea812fb9fedff32206f3a879c9e26,cache,cache16_l1_16k,loas,16,vgg16_T4_all,layer_01_features_3,4,16384,8,512,64,262144,16,8192,512,32,2,16,1,16,20,20,12,1,next_burst,2,0,1,10,0,100,1,1,1,1,non_inclusive,lru,1280114,122610,1157504,833093,1961760,0.424666,13136,13216,0.993947,1140,36480,0,0,361351,0,0,17889267,9280,276550,18536448,18259898,45393824,27133926,0.597745,1945376,124789,1115451,0,494178,210958,0,0,0,0.632208,0.991648,0,0,0.173684,57.533388,2,3,3,5,10,12,0,0,8377972,6.544708,1.604229,124,170
e6a25761-558d-4e04-a17c-d27bb69a0769,adc154abe3cea812fb9fedff32206f3a879c9e26,cache,cache16_l1_16k,loas,16,vgg16_T4_all,layer_01_features_3,4,16384,8,512,64,262144,16,8192,512,32,2,16,1,16,20,20,12,1,next_burst,4,0,1,10,0,100,1,1,1,1,non_inclusive,lru,1273894,122610,1151284,821766,1961760,0.418892,13698,13778,0.994194,1140,36480,0,0,344397,0,0,17760154,9280,323097,18436928,18113831,71022822,52908991,0.744958,1945376,113462,1126216,0,493915,211783,0,0,0,0.631921,0.991648,0,0,0.173684,58.110778,3,5,5,7,17,20,0,0,8377972,6.576663,1.620326,124,170
e6a25761-558d-4e04-a17c-d27bb69a0769,adc154abe3cea812fb9fedff32206f3a879c9e26,cache,cache16_l1_16k,loas,16,vgg16_T4_all,layer_01_features_3,4,16384,8,512,64,262144,16,8192,512,32,2,16,1,16,20,20,12,1,next_burst,8,0,1,10,0,100,1,1,1,1,non_inclusive,lru,1270788,122610,1148178,859227,1961760,0.437988,29382,29462,0.997285,1140,36480,0,0,383981,0,0,17603478,9280,390493,18387232,17996739,119878602,101881863,0.849875,1945376,151086,1073071,0,513497,207722,0,0,0,0.624010,0.991648,0,0,0.173684,56.201217,5,8,9,9,15,20,87,0,8379830,6.594200,1.675032,124,170
3db200ae-7951-4c64-8bd4-5147c1455a1c,adc154abe3cea812fb9fedff32206f3a879c9e26,cache,cache16_l1_16k,loas,16,vgg16_T4_all,layer_01_features_3,4,16384,8,256,32,262144,16,4096,256,64,4,16,1,16,20,20,12,1,none,0,0,1,10,0,100,1,1,1,1,non_inclusive,lru,1191629,122610,1069019,805152,1961760,0.410423,1154304,1156608,0.998008,576,36864,0,0,0,0,0,16501568,253504,365616,17120688,16755072,16755072,0,0.000000,0,0,0,0,0,0,0,0,0,0.000000,0.991648,0,0,0.182292,58.957671,1,1,1,2,4,4,0,0,6238336,5.235133,0.926505,124,170
3db200ae-7951-4c64-8bd4-5147c1455a1c,adc154abe3cea812fb9fedff32206f3a879c9e26,cache,cache16_l1_16k,loas,16,vgg16_T4_all,layer_01_features_3,4,16384,8,256,32,262144,16,4096,256,64,4,16,1,16,20,20,12,1,next_burst,2,0,1,10,0,100,1,1,1,1,non_inclusive,lru,1176732,122610,1054122,935510,1961760,0.476873,15623,15687,0.995920,576,36864,0,0,388667,0,0,16224583,7424,261662,16882336,16620674,38629136,22008462,0.569737,1945376,130358,1010563,0,246982,557473,0,0,0,0.581580,0.991648,0,0,0.182292,52.312719,1,3,3,5,10,12,0,0,8183712,6.954610,1.552420,124,170
3db200ae-7951-4c64-8bd4-5147c1455a1c,adc154abe3cea812fb9fedff32206f3a879c9e26,cache,cache16_l1_16k,loas,16,vgg16_T4_all,layer_01_features_3,4,16384,8,256,32,262144,16,4096,256,64,4,16,1,16,20,20,12,1,next_burst,4,0,1,10,0,100,1,1,1,1,non_inclusive,lru,1172688,122610,1050078,925133,1961760,0.471583,16079,16143,0.996035,576,36864,0,0,377760,0,0,16124626,7424,307822,16817632,16509810,60242862,43733052,0.725946,1945376,119981,1020484,0,206794,598117,0,0,0,0.581348,0.991648,0,0,0.182292,52.841683,3,4,5,9,14,20,0,0,8183712,6.978593,1.557597,124,170
3db200ae-7951-4c64-8bd4-5147c1455a1c,adc154abe3cea812fb9fedff32206f3a879c9e26,cache,cache16_l1_16k,loas,16,vgg16_T4_all,layer_01_features_3,4,16384,8,256,32,262144,16,4096,256,64,4,16,1,16,20,20,12,1,next_burst,8,0,1,10,0,100,1,1,1,1,non_inclusive,lru,1171473,122610,1048863,932133,1961760,0.475151,27722,27786,0.997697,576,36864,0,0,371345,0,0,16073283,7424,346140,16798192,16452052,101184033,84731981,0.837405,1945376,127050,1001841,0,226325,590160,0,0,0,0.575448,0.991648,0,0,0.182292,52.484861,5,7,9,9,18,20,75,0,8184730,6.986700,1.591025,124,170
34a7d4a0-7c10-43e2-8645-308731d6b6fb,adc154abe3cea812fb9fedff32206f3a879c9e26,cache,cache16_l1_16k,loas,16,vgg16_T4_all,layer_09_features_30,0,16384,8,1024,128,262144,16,16384,1024,16,1,16,1,16,20,20,12,1,none,0,0,1,10,0,100,1,1,1,1,non_inclusive,lru,32643480,295576,32347904,0,4729216,0.000000,27360,4729216,0.005785,4701856,75229696,0,0,0,0,0,320364,517223510,24638,517568512,517543874,517543874,0,0.000000,0,0,0,0,0,0,0,0,0,0.000000,0.999567,0,0,0.000000,100.000000,1,1,1,8,15,16,0,0,23618848,0.723540,4.057181,2236,3407
34a7d4a0-7c10-43e2-8645-308731d6b6fb,adc154abe3cea812fb9fedff32206f3a879c9e26,cache,cache16_l1_16k,loas,16,vgg16_T4_all,layer_09_features_30,0,16384,8,1024,128,262144,16,16384,1024,16,1,16,1,16,20,20,12,1,next_burst,2,0,1,10,0,100,1,1,1,1,non_inclusive,lru,25876850,295576,25581274,11310,4729216,0.002392,0,2048,0.000000,4701856,75229696,0,0,3564,0,0,408981762,240640,76466,409302432,409225966,1236586000,827360034,0.669068,4727168,11310,4715858,0,0,0,0,0,0,0.999567,0.999567,0,0,0.000000,99.760848,2,3,3,15,19,20,28,0,33041316,1.276868,6.088159,2236,3407
34a7d4a0-7c10-43e2-8645-308731d6b6fb,adc154abe3cea812fb9fedff32206f3a879c9e26,cache,cache16_l1_16k,loas,16,vgg16_T4_all,layer_09_features_30,0,16384,8,1024,128,262144,16,16384,1024,16,1,16,1,16,20,20,12,1,next_burst,4,0,1,10,0,100,1,1,1,1,non_inclusive,lru,25875026,295576,25579450,15180,4729216,0.003210,0,2048,0.000000,4701856,75229696,0,0,9204,0,0,408932178,240640,91226,409273248,409182022,2063065840,1653883818,0.801663,4727168,15180,4711988,0,0,0,0,0,0,0.999567,0.999567,0,0,0.000000,99.679017,4,5,5,15,19,20,60,0,33042852,1.277017,6.238774,2236,3407
34a7d4a0-7c10-43e2-8645-308731d6b6fb,adc154abe3cea812fb9fedff32206f3a879c9e26,cache,cache16_l1_16k,loas,16,vgg16_T4_all,layer_09_features_30,0,16384,8,1024,128,262144,16,16384,1024,16,1,16,1,16,20,20,12,1,next_burst,8,0,1,10,0,100,1,1,1,1,non_inclusive,lru,25880254,295576,25584678,23352,4729216,0.004938,0,2048,0.000000,4701856,75229696,0,0,15882,0,0,409014488,240640,85886,409356896,409271010,3714842384,3305571374,0.889828,4727168,23352,4703816,0,0,0,0,0,0,0.999567,0.999567,0,0,0.000000,99.506218,8,9,9,15,19,20,124,0,33044232,1.276813,6.553947,2236,3407
094ba5ee-f647-4c13-80a8-f8cd54945252,adc154abe3cea812fb9fedff32206f3a879c9e26,cache,cache16_l1_16k,loas,16,vgg16_T4_all,layer_09_features_30,0,16384,8,512,64,262144,16,8192,512,32,2,16,1,16,20,20,12,1,none,0,0,1,10,0,100,1,1,1,1,non_inclusive,lru,20848888,295576,20553312,1721344,4729216,0.363981,21216,3007872,0.007053,2986656,95572992,0,0,0,0,0,283740,328548828,22472,328855040,328832568,328832568,0,0.000000,0,0,0,0,0,0,0,0,0,0.000000,0.999567,0,0,0.015842,63.601916,1,1,1,8,15,16,0,0,18460960,0.885465,3.059106,2236,3407
094ba5ee-f647-4c13-80a8-f8cd54945252,adc154abe3cea812fb9fedff32206f3a879c9e26,cache,cache16_l1_16k,loas,16,vgg16_T4_all,layer_09_features_30,0,16384,8,512,64,262144,16,8192,512,32,2,16,1,16,20,20,12,1,next_burst,2,0,1,10,0,100,1,1,1,1,non_inclusive,lru,16473812,295576,16178236,1917164,4729216,0.405387,96,2048,0.046875,2986656,95572992,0,0,258566,0,0,257758628,229360,607270,258853824,258246554,580112136,321865582,0.554833,4727168,195820,2810004,0,81540,1639804,0,0,0,0.635586,0.999567,0,0,0.015842,59.461272,2,3,3,17,19,20,28,0,26161252,1.588051,5.090429,2236,3407
094ba5ee-f647-4c13-80a8-f8cd54945252,adc154abe3cea812fb9fedff32206f3a879c9e26,cache,cache16_l1_16k,loas,16,vgg16_T4_all,layer_09_features_30,0,16384,8,512,64,262144,16,8192,512,32,2,16,1,16,20,20,12,1,next_burst,4,0,1,10,0,100,1,1,1,1,non_inclusive,lru,16454360,295576,16158784,2173468,4729216,0.459583,96,2048,0.046875,2986656,95572992,0,0,642488,0,0,257346324,229360,324420,258542592,258218172,909096890,650878718,0.715962,4727168,452124,2553700,0,4810,1716534,0,0,0,0.635586,0.999567,0,0,0.015842,54.041685,3,4,5,17,19,20,60,0,26170504,1.590491,5.099904,2236,3407
094ba5ee-f647-4c13-80a8-f8cd54945252,adc154abe3cea812fb9fedff32206f3a879c9e26,cache,cache16_l1_16k,loas,16,vgg16_T4_all,layer_09_features_30,0,16384,8,512,64,262144,16,8192,512,32,2,16,1,16,20,20,12,1,next_burst,8,0,1,10,0,100,1,1,1,1,non_inclusive,lru,16452008,295576,16156432,2323524,4729216,0.491313,96,2048,0.046875,2986656,95572992,0,0,875820,0,0,257138990,229360,260790,258504960,258244170,1574861064,1316616894,0.836021,4727168,602180,2403644,0,552,1720792,0,0,0,0.635586,0.999567,0,0,0.015842,50.868728,5,7,9,17,19,20,123,0,26170894,1.590742,5.214670,2236,3407
7060631e-d047-4298-8db6-219523ad7f07,adc154abe3cea812fb9fedff32206f3a879c9e26,cache,cache16_l1_16k,loas,16,vgg16_T4_all,layer_09_features_30,0,16384,8,256,32,262144,16,4096,256,64,4,16,1,16,20,20,12,1,none,0,0,1,10,0,100,1,1,1,1,non_inclusive,lru,11420358,295576,11124782,3100800,4729216,0.655669,12000,1628416,0.007369,1616416,103450624,0,0,0,0,0,157608,177820820,20132,177998560,177978428,177978428,0,0.000000,0,0,0,0,0,0,0,0,0,0.000000,0.999567,0,0,0.015842,34.433107,1,1,1,8,15,16,0,0,14331808,1.254935,2.313197,2236,3407
7060631e-d047-4298-8db6-219523ad7f07,adc154abe3cea812fb9fedff32206f3a879c9e26,cache,cache16_l1_16k,loas,16,vgg16_T4_all,layer_09_features_30,0,16384,8,256,32,262144,16,4096,256,64,4,16,1,16,20,20,12,1,next_burst,2,0,1,10,0,100,1,1,1,1,non_inclusive,lru,9547772,295576,9252196,3160376,4729216,0.668266,96,2048,0.046875,1616416,103450624,0,0,1693428,0,0,145089538,229360,1024858,148037184,147012326,199993628,52981302,0.264915,4727168,59576,1566792,0,641534,2459266,0,0,0,0.343898,0.999567,0,0,0.015842,33.173363,1,2,3,13,19,20,21,0,19283198,2.019654,4.002635,2236,3407
7060631e-d047-4298-8db6-219523ad7f07,adc154abe3cea812fb9fedff32206f3a879c9e26,cache,cache16_l1_16k,loas,16,vgg16_T4_all,layer_09_features_30,0,16384,8,256,32,262144,16,4096,256,64,4,16,1,16,20,20,12,1,next_burst,4,0,1,10,0,100,1,1,1,1,non_inclusive,lru,8925540,295576,8629964,3228186,4729216,0.682605,96,2048,0.046875,1616416,103450624,0,0,1825192,0,0,135681268,229360,345652,138081472,137735820,309861900,172126080,0.555493,4727168,127386,1498982,0,56206,3044594,0,0,0,0.343898,0.999567,0,0,0.015842,31.739510,2,3,4,17,19,20,41,0,20663754,2.315126,4.000477,2236,3407
7060631e-d047-4298-8db6-219523ad7f07,adc154abe3cea812fb9fedff32206f3a879c9e26,cache,cache16_l1_16k,loas,16,vgg16_T4_all,layer_09_features_30,0,16384,8,256,32,262144,16,4096,256,64,4,16,1,16,20,20,12,1,next_burst,8,0,1,10,0,100,1,1,1,1,non_inclusive,lru,8913854,295576,8618278,3361176,4729216,0.710726,96,2048,0.046875,1616416,103450624,0,0,2078344,0,0,135353460,229360,233332,137894496,137661164,500547548,362886384,0.724979,4727168,260376,1365992,0,392,3100408,0,0,0,0.343898,0.999567,0,0,0.015842,28.927416,3,4,6,17,19,20,75,0,20672694,2.319165,4.090999,2236,3407
e9eb1efc-cabe-47b5-8666-cc5ac8fe9085,adc154abe3cea812fb9fedff32206f3a879c9e26,cache,cache16_l1_16k,loas,16,vgg16_T4_all,layer_09_features_30,1,16384,8,1024,128,262144,16,16384,1024,16,1,16,1,16,20,20,12,1,none,0,0,1,10,0,100,1,1,1,1,non_inclusive,lru,33968652,307600,33661052,0,4921600,0.000000,28704,4921600,0.005832,4892896,78286336,0,0,0,0,0,316044,538237586,25250,538578880,538553630,538553630,0,0.000000,0,0,0,0,0,0,0,0,0,0.000000,0.999584,0,0,0.000000,100.000000,1,1,1,8,15,16,0,0,24579424,0.723591,4.262111,2322,3515
e9eb1efc-cabe-47b5-8666-cc5ac8fe9085,adc154abe3cea812fb9fedff32206f3a879c9e26,cache,cache16_l1_16k,loas,16,vgg16_T4_all,layer_09_features_30,1,16384,8,1024,128,262144,16,16384,1024,16,1,16,1,16,20,20,12,1,next_burst,2,0,1,10,0,100,1,1,1,1,non_inclusive,lru,26927282,307600,26619682,16272,4921600,0.003306,0,2048,0.000000,4892896,78286336,0,0,4770,0,0,425573974,240640,97576,425916960,425819384,1286763878,860944494,0.669077,4919552,16272,4903280,0,0,0,0,0,0,0.999584,0.999584,0,0,0.000000,99.669376,2,3,3,15,19,20,28,0,34384194,1.276928,6.337662,2322,3515
e9eb1efc-cabe-47b5-8666-cc5ac8fe9085,adc154abe3cea812fb9fedff32206f3a879c9e26,cache,cache16_l1_16k,loas,16,vgg16_T4_all,layer_09_features_30,1,16384,8,1024,128,262144,16,16384,1024,16,1,16,1,16,20,20,12,1,next_burst,4,0,1,10,0,100,1,1,1,1,non_inclusive,lru,26923688,307600,26616088,18600,4921600,0.003779,0,2048,0.000000,4892896,78286336,0,0,11250,0,0,425498206,240640,109360,425859456,425750096,2146698952,1720948856,0.801672,4919552,18600,4900952,0,0,0,0,0,0,0.999584,0.999584,0,0,0.000000,99.622074,4,5,5,15,19,20,60,0,34387296,1.277213,6.483309,2322,3515
e9eb1efc-cabe-47b5-8666-cc5ac8fe9085,adc154abe3cea812fb9fedff32206f3a879c9e26,cache,cache16_l1_16k,loas,16,vgg16_T4_all,layer_09_features_30,1,16384,8,1024,128,262144,16,16384,1024,16,1,16,1,16,20,20,12,1,next_burst,8,0,1,10,0,100,1,1,1,1,non_inclusive,lru,26928976,307600,26621376,30816,4921600,0.006261,0,2048,0.000000,4892896,78286336,0,0,20106,0,0,425557494,240640,125824,425944064,425818240,3865553522,3439735282,0.889843,4919552,30816,4888736,0,0,0,0,0,0,0.999584,0.999584,0,0,0.000000,99.373862,8,9,9,15,19,20,124,0,34388424,1.277005,6.859322,2322,3515
bff5ca84-e63b-4429-aeae-d742b83a06e2,adc154abe3cea812fb9fedff32206f3a879c9e26,cache,cache16_l1_16k,loas,16,vgg16_T4_all,layer_09_features_30,1,16384,8,512,64,262144,16,8192,512,32,2,16,1,16,20,20,12,1,none,0,0,1,10,0,100,1,1,1,1,non_inclusive,lru,21378506,307600,21070906,1837568,4921600,0.373368,22176,3084032,0.007191,3061856,97979392,0,0,0,0,0,293586,336820570,22388,337136544,337114156,337114156,0,0.000000,0,0,0,0,0,0,0,0,0,0.000000,0.999584,0,0,0.016493,62.663199,1,1,1,8,15,16,0,0,19073248,0.892169,3.189133,2322,3515
bff5ca84-e63b-4429-aeae-d742b83a06e2,adc154abe3cea812fb9fedff32206f3a879c9e26,cache,cache16_l1_16k,loas,16,vgg16_T4_all,layer_09_features_30,1,16384,8,512,64,262144,16,8192,512,32,2,16,1,16,20,20,12,1,next_burst,2,0,1,10,0,100,1,1,1,1,non_inclusive,lru,16887854,307600,16580254,2039920,4921600,0.414483,96,2048,0.046875,3061856,97979392,0,0,272462,0,0,264266580,229360,517710,265286112,264768402,583281392,318512990,0.546071,4919552,202352,2879632,0,83366,1754202,0,0,0,0.626216,0.999584,0,0,0.016493,58.551691,2,3,3,17,19,20,28,0,27040534,1.601182,5.310481,2322,3515
bff5ca84-e63b-4429-aeae-d742b83a06e2,adc154abe3cea812fb9fedff32206f3a879c9e26,cache,cache16_l1_16k,loas,16,vgg16_T4_all,layer_09_features_30,1,16384,8,512,64,262144,16,8192,512,32,2,16,1,16,20,20,12,1,next_burst,4,0,1,10,0,100,1,1,1,1,non_inclusive,lru,16871914,307600,16564314,2336840,4921600,0.474813,96,2048,0.046875,3061856,97979392,0,0,727850,0,0,263776954,229360,296908,265031072,264734164,920838034,656103870,0.712507,4919552,499272,2582712,0,4510,1833058,0,0,0,0.626216,0.999584,0,0,0.016493,52.518693,3,4,5,17,19,20,60,0,27050286,1.603273,5.287383,2322,3515
bff5ca84-e63b-4429-aeae-d742b83a06e2,adc154abe3cea812fb9fedff32206f3a879c9e26,cache,cache16_l1_16k,loas,16,vgg16_T4_all,layer_09_features_30,1,16384,8,512,64,262144,16,8192,512,32,2,16,1,16,20,20,12,1,next_burst,8,0,1,10,0,100,1,1,1,1,non_inclusive,lru,16866530,307600,16558930,2405842,4921600,0.488833,96,2048,0.046875,3061856,97979392,0,0,841264,0,0,263597674,229360,276630,264944928,264668298,1591447398,1326779100,0.833693,4919552,568274,2513710,0,144,1837424,0,0,0,0.626216,0.999584,0,0,0.016493,51.116669,5,7,9,17,19,20,122,0,27050880,1.603820,5.382718,2322,3515
cf985652-14f4-4546-9031-119cd8593947,adc154abe3cea812fb9fedff32206f3a879c9e26,cache,cache16_l1_16k,loas,16,vgg16_T4_all,layer_09_features_30,1,16384,8,256,32,262144,16,4096,256,64,4,16,1,16,20,20,12,1,none,0,0,1,10,0,100,1,1,1,1,non_inclusive,lru,11477114,307600,11169514,3286400,4921600,0.667750,12288,1635200,0.007515,1622912,103866368,0,0,0,0,0,158298,178535032,20942,178714272,178693330,178693330,0,0.000000,0,0,0,0,0,0,0,0,0,0.000000,0.999584,0,0,0.016493,33.224967,1,1,1,8,15,16,0,0,14736640,1.284002,2.391294,2322,3515
cf985652-14f4-4546-9031-119cd8593947,adc154abe3cea812fb9fedff32206f3a879c9e26,cache,cache16_l1_16k,loas,16,vgg16_T4_all,layer_09_features_30,1,16384,8,256,32,262144,16,4096,256,64,4,16,1,16,20,20,12,1,next_burst,2,0,1,10,0,100,1,1,1,1,non_inclusive,lru,9810216,307600,9502616,3335808,4921600,0.677789,96,2048,0.046875,1622912,103866368,0,0,1810648,0,0,149083226,229360,920670,152043904,151123234,195810424,44687190,0.228217,4919552,49408,1583744,0,669854,2616546,0,0,0,0.331834,0.999584,0,0,0.016493,32.221066,1,2,3,13,19,20,22,0,19827926,2.021151,4.086663,2322,3515
cf985652-14f4-4546-9031-119cd8593947,adc154abe3cea812fb9fedff32206f3a879c9e26,cache,cache16_l1_16k,loas,16,vgg16_T4_all,layer_09_features_30,1,16384,8,256,32,262144,16,4096,256,64,4,16,1,16,20,20,12,1,next_burst,4,0,1,10,0,100,1,1,1,1,non_inclusive,lru,8959794,307600,8652194,3420052,4921600,0.694907,96,2048,0.046875,1622912,103866368,0,0,1975582,0,0,135848896,229360,383314,138437152,138053838,300331534,162277696,0.540329,4919552,133652,1499500,0,63786,3222614,0,0,0,0.331834,0.999584,0,0,0.016493,30.509347,2,2,4,17,19,20,40,0,21268650,2.373788,4.196117,2322,3515
cf985652-14f4-4546-9031-119cd8593947,adc154abe3cea812fb9fedff32206f3a879c9e26,cache,cache16_l1_16k,loas,16,vgg16_T4_all,layer_09_features_30,1,16384,8,256,32,262144,16,4096,256,64,4,16,1,16,20,20,12,1,next_burst,8,0,1,10,0,100,1,1,1,1,non_inclusive,lru,8951596,307600,8643996,3550904,4921600,0.721494,96,2048,0.046875,1622912,103866368,0,0,2228984,0,0,135617826,229360,229814,138305984,138076170,482653618,344577448,0.713923,4919552,264504,1368648,0,72,3286328,0,0,0,0.331834,0.999584,0,0,0.016493,27.850618,3,4,6,17,19,20,62,0,21276360,2.376823,4.196349,2322,3515
70f1b8c5-4266-4254-b242-ae4329391436,adc154abe3cea812fb9fedff32206f3a879c9e26,cache,cache16_l1_16k,loas,16,vgg16_T4_all,layer_09_features_30,2,16384,8,1024,128,262144,16,16384,1024,16,1,16,1,16,20,20,12,1,none,0,0,1,10,0,100,1,1,1,1,non_inclusive,lru,35032182,317208,34714974,0,5075328,0.000000,29280,5075328,0.005769,5046048,80736768,0,0,0,0,0,331086,555084780,25766,555441632,555415866,555415866,0,0.000000,0,0,0,0,0,0,0,0,0,0.000000,0.999596,0,0,0.000000,100.000000,1,1,1,8,15,16,0,0,25347488,0.723549,4.464371,2382,3590
70f1b8c5-4266-4254-b242-ae4329391436,adc154abe3cea812fb9fedff32206f3a879c9e26,cache,cache16_l1_16k,loas,16,vgg16_T4_all,layer_09_features_30,2,16384,8,1024,128,262144,16,16384,1024,16,1,16,1,16,20,20,12,1,next_burst,2,0,1,10,0,100,1,1,1,1,non_inclusive,lru,27768590,317208,27451382,11436,5075328,0.002253,0,2048,0.000000,5046048,80736768,0,0,4038,0,0,438891168,240640,88314,439224160,439135846,1327028908,887893062,0.669083,5073280,11436,5061844,0,0,0,0,0,0,0.999596,0.999596,0,0,0.000000,99.774675,2,3,3,15,19,20,28,0,35459480,1.276964,6.466075,2382,3590
70f1b8c5-4266-4254-b242-ae4329391436,adc154abe3cea812fb9fedff32206f3a879c9e26,cache,cache16_l1_16k,loas,16,vgg16_T4_all,layer_09_features_30,2,16384,8,1024,128,262144,16,16384,1024,16,1,16,1,16,20,20,12,1,next_burst,4,0,1,10,0,100,1,1,1,1,non_inclusive,lru,27766118,317208,27448910,17322,5075328,0.003413,0,2048,0.000000,5046048,80736768,0,0,10404,0,0,438833466,240640,100098,439184608,439084510,2213956074,1774871564,0.801674,5073280,17322,5055958,0,0,0,0,0,0,0.999596,0.999596,0,0,0.000000,99.658702,4,5,5,15,19,20,60,0,35461928,1.277166,6.626873,2382,3590
70f1b8c5-4266-4254-b242-ae4329391436,adc154abe3cea812fb9fedff32206f3a879c9e26,cache,cache16_l1_16k,loas,16,vgg16_T4_all,layer_09_features_30,2,16384,8,1024,128,262144,16,16384,1024,16,1,16,1,16,20,20,12,1,next_burst,8,0,1,10,0,100,1,1,1,1,non_inclusive,lru,27772228,317208,27455020,24198,5075328,0.004768,0,2048,0.000000,5046048,80736768,0,0,17880,0,0,438927926,240640,95922,439282368,439186446,3986950546,3547764100,0.889844,5073280,24198,5049082,0,0,0,0,0,0,0.999596,0.999596,0,0,0.000000,99.523223,8,9,9,15,19,20,124,0,35463014,1.276924,6.966728,2382,3590
c921d40c-9ebb-4312-aee5-a8e9e88ef0f2,adc154abe3cea812fb9fedff32206f3a879c9e26,cache,cache16_l1_16k,loas,16,vgg16_T4_all,layer_09_features_30,2,16384,8,512,64,262144,16,8192,512,32,2,16,1,16,20,20,12,1,none,0,0,1,10,0,100,1,1,1,1,non_inclusive,lru,21572424,317208,21255216,1964544,5075328,0.387077,22176,3110784,0.007129,3088608,98835456,0,0,0,0,0,300384,339763146,21974,340085504,340063530,340063530,0,0.000000,0,0,0,0,0,0,0,0,0,0.000000,0.999596,0,0,0.009332,61.292275,1,1,1,8,15,16,0,0,19460960,0.902122,3.233073,2382,3590
c921d40c-9ebb-4312-aee5-a8e9e88ef0f2,adc154abe3cea812fb9fedff32206f3a879c9e26,cache,cache16_l1_16k,loas,16,vgg16_T4_all,layer_09_features_30,2,16384,8,512,64,262144,16,8192,512,32,2,16,1,16,20,20,12,1,next_burst,2,0,1,10,0,100,1,1,1,1,non_inclusive,lru,17043634,317208,16726426,2162802,5075328,0.426140,96,2048,0.046875,3088608,98835456,0,0,278908,0,0,266450156,229360,666440,267624864,266958424,580032756,313074332,0.539753,5073280,198258,2910478,0,87344,1877200,0,0,0,0.612519,0.999596,0,0,0.009332,57.385966,2,3,3,17,19,20,28,0,27608604,1.619878,5.426604,2382,3590
c921d40c-9ebb-4312-aee5-a8e9e88ef0f2,adc154abe3cea812fb9fedff32206f3a879c9e26,cache,cache16_l1_16k,loas,16,vgg16_T4_all,layer_09_features_30,2,16384,8,512,64,262144,16,8192,512,32,2,16,1,16,20,20,12,1,next_burst,4,0,1,10,0,100,1,1,1,1,non_inclusive,lru,17018542,317208,16701334,2432204,5075328,0.479221,96,2048,0.046875,3088608,98835456,0,0,704096,0,0,265947884,229360,342052,267223392,266881340,904661288,637779948,0.704993,5073280,467660,2641076,0,4386,1960158,0,0,0,0.612519,0.999596,0,0,0.009332,52.077895,3,4,5,17,19,20,60,0,27618674,1.622858,5.400522,2382,3590
c921d40c-9ebb-4312-aee5-a8e9e88ef0f2,adc154abe3cea812fb9fedff32206f3a879c9e26,cache,cache16_l1_16k,loas,16,vgg16_T4_all,layer_09_features_30,2,16384,8,512,64,262144,16,8192,512,32,2,16,1,16,20,20,12,1,next_burst,8,0,1,10,0,100,1,1,1,1,non_inclusive,lru,17015202,317208,16697994,2610506,5075328,0.514352,96,2048,0.046875,3088608,98835456,0,0,993644,0,0,265572326,229360,374622,267169952,266795330,1566572462,1299777132,0.829695,5073280,645962,2462774,0,588,1963956,0,0,0,0.612519,0.999596,0,0,0.009332,48.564782,5,7,9,17,19,20,121,0,27619176,1.623206,5.507797,2382,3590
a4789e24-66ee-4a00-84f7-63551d9de178,adc154abe3cea812fb9fedff32206f3a879c9e26,cache,cache16_l1_16k,loas,16,vgg16_T4_all,layer_09_features_30,2,16384,8,256,32,262144,16,4096,256,64,4,16,1,16,20,20,12,1,none,0,0,1,10,0,100,1,1,1,1,non_inclusive,lru,11496954,317208,11179746,3438720,5075328,0.677537,12192,1636608,0.007450,1624416,103962624,0,0,0,0,0,156828,178700820,20336,178877984,178857648,178857648,0,0.000000,0,0,0,0,0,0,0,0,0,0.000000,0.999596,0,0,0.009332,32.246349,1,1,1,8,15,16,0,0,15048416,1.308905,2.437111,2382,3590
a4789e24-66ee-4a00-84f7-63551d9de178,adc154abe3cea812fb9fedff32206f3a879c9e26,cache,cache16_l1_16k,loas,16,vgg16_T4_all,layer_09_features_30,2,16384,8,256,32,262144,16,4096,256,64,4,16,1,16,20,20,12,1,next_burst,2,0,1,10,0,100,1,1,1,1,non_inclusive,lru,10019318,317208,9702110,3476898,5075328,0.685059,96,2048,0.046875,1624416,103962624,0,0,1919724,0,0,152299080,229360,787644,155235808,154448164,192265564,37817400,0.196694,5073280,38178,1596382,0,720260,2718460,0,0,0,0.322060,0.999596,0,0,0.009332,31.494122,1,2,3,13,19,20,12,0,20251216,2.021217,4.124999,2382,3590
a4789e24-66ee-4a00-84f7-63551d9de178,adc154abe3cea812fb9fedff32206f3a879c9e26,cache,cache16_l1_16k,loas,16,vgg16_T4_all,layer_09_features_30,2,16384,8,256,32,262144,16,4096,256,64,4,16,1,16,20,20,12,1,next_burst,4,0,1,10,0,100,1,1,1,1,non_inclusive,lru,8966734,317208,8649526,3572968,5075328,0.703988,96,2048,0.046875,1624416,103962624,0,0,2107646,0,0,135666872,229360,390586,138394464,138003878,296853220,158849342,0.535111,5073280,134248,1500312,0,72246,3366474,0,0,0,0.322060,0.999596,0,0,0.009332,29.601240,1,2,4,17,19,20,38,0,21736502,2.424127,4.197315,2382,3590
a4789e24-66ee-4a00-84f7-63551d9de178,adc154abe3cea812fb9fedff32206f3a879c9e26,cache,cache16_l1_16k,loas,16,vgg16_T4_all,layer_09_features_30,2,16384,8,256,32,262144,16,4096,256,64,4,16,1,16,20,20,12,1,next_burst,8,0,1,10,0,100,1,1,1,1,non_inclusive,lru,8959232,317208,8642024,3699208,5075328,0.728861,96,2048,0.046875,1624416,103962624,0,0,2355072,0,0,135435764,229360,254236,138274432,138020196,469721016,331700820,0.706166,5073280,260488,1374072,0,184,3438536,0,0,0,0.322060,0.999596,0,0,0.009332,27.113913,3,4,5,17,19,20,60,0,21743256,2.426911,4.214269,2382,3590
7cbb3bd7-2751-45a1-be05-2ef2a368c8ca,adc154abe3cea812fb9fedff32206f3a879c9e26,cache,cache16_l1_16k,loas,16,vgg16_T4_all,layer_09_features_30,3,16384,8,1024,128,262144,16,16384,1024,16,1,16,1,16,20,20,12,1,none,0,0,1,10,0,100,1,1,1,1,non_inclusive,lru,35437620,320904,35116716,0,5134464,0.000000,30048,5134464,0.005852,5104416,81670656,0,0,0,0,0,339324,561505002,25178,561869504,561844326,561844326,0,0.000000,0,0,0,0,0,0,0,0,0,0.000000,0.999601,0,0,0.000000,100.000000,1,1,1,8,15,16,0,0,25642400,0.723593,4.427663,2408,3642
7cbb3bd7-2751-45a1-be05-2ef2a368c8ca,adc154abe3cea812fb9fedff32206f3a879c9e26,cache,cache16_l1_16k,loas,16,vgg16_T4_all,layer_09_features_30,3,16384,8,1024,128,262144,16,16384,1024,16,1,16,1,16,20,20,12,1,next_burst,2,0,1,10,0,100,1,1,1,1,non_inclusive,lru,28091188,320904,27770284,14856,5134464,0.002893,0,2048,0.000000,5104416,81670656,0,0,5142,0,0,444001424,240640,79386,444326592,444247206,1342494580,898247374,0.669088,5132416,14856,5117560,0,0,0,0,0,0,0.999601,0.999601,0,0,0.000000,99.710661,2,3,3,15,19,20,28,0,35871206,1.276956,6.639205,2408,3642
7cbb3bd7-2751-45a1-be05-2ef2a368c8ca,adc154abe3cea812fb9fedff32206f3a879c9e26,cache,cache16_l1_16k,loas,16,vgg16_T4_all,layer_09_features_30,3,16384,8,1024,128,262144,16,16384,1024,16,1,16,1,16,20,20,12,1,next_burst,4,0,1,10,0,100,1,1,1,1,non_inclusive,lru,28085686,320904,27764782,18600,5134464,0.003623,0,2048,0.000000,5104416,81670656,0,0,11022,0,0,443892344,240640,94554,444238560,444144006,2239478790,1795334784,0.801675,5132416,18600,5113816,0,0,0,0,0,0,0.999601,0.999601,0,0,0.000000,99.637742,4,5,5,15,19,20,60,0,35874548,1.277325,6.724911,2408,3642
7cbb3bd7-2751-45a1-be05-2ef2a368c8ca,adc154abe3cea812fb9fedff32206f3a879c9e26,cache,cache16_l1_16k,loas,16,vgg16_T4_all,layer_09_features_30,3,16384,8,1024,128,262144,16,16384,1024,16,1,16,1,16,20,20,12,1,next_burst,8,0,1,10,0,100,1,1,1,1,non_inclusive,lru,28091490,320904,27770586,26010,5134464,0.005066,0,2048,0.000000,5104416,81670656,0,0,19146,0,0,443978374,240640,93264,444331424,444238160,4032916920,3588678760,0.889847,5132416,26010,5106406,0,0,0,0,0,0,0.999601,0.999601,0,0,0.000000,99.493423,8,9,9,15,19,20,124,0,35876084,1.277116,7.056237,2408,3642
9fa41cf4-3b03-4162-99c4-777f007b5970,adc154abe3cea812fb9fedff32206f3a879c9e26,cache,cache16_l1_16k,loas,16,vgg16_T4_all,layer_09_features_30,3,16384,8,512,64,262144,16,8192,512,32,2,16,1,16,20,20,12,1,none,0,0,1,10,0,100,1,1,1,1,non_inclusive,lru,21656322,320904,21335418,2012160,5134464,0.391893,21984,3122304,0.007041,3100320,99210240,0,0,0,0,0,294540,341051844,22352,341368736,341346384,341346384,0,0.000000,0,0,0,0,0,0,0,0,0,0.000000,0.999601,0,0,0.008681,60.810710,1,1,1,8,15,16,0,0,19613984,0.905693,3.250418,2408,3642
9fa41cf4-3b03-4162-99c4-777f007b5970,adc154abe3cea812fb9fedff32206f3a879c9e26,cache,cache16_l1_16k,loas,16,vgg16_T4_all,layer_09_features_30,3,16384,8,512,64,262144,16,8192,512,32,2,16,1,16,20,20,12,1,next_burst,2,0,1,10,0,100,1,1,1,1,non_inclusive,lru,17109152,320904,16788248,2224626,5134464,0.433273,96,2048,0.046875,3100320,99210240,0,0,308272,0,0,267330772,229360,745612,268614016,267868404,578650852,310782448,0.537081,5132416,212466,2907790,0,99874,1912286,0,0,0,0.607708,0.999601,0,0,0.008681,56.672673,1,3,3,17,19,20,28,0,27830346,1.626635,5.425519,2408,3642
9fa41cf4-3b03-4162-99c4-777f007b5970,adc154abe3cea812fb9fedff32206f3a879c9e26,cache,cache16_l1_16k,loas,16,vgg16_T4_all,layer_09_features_30,3,16384,8,512,64,262144,16,8192,512,32,2,16,1,16,20,20,12,1,next_burst,4,0,1,10,0,100,1,1,1,1,non_inclusive,lru,17081512,320904,16760608,2507610,5134464,0.488388,96,2048,0.046875,3100320,99210240,0,0,752574,0,0,266853500,229360,336342,268171776,267835434,900223808,632388374,0.702479,5132416,495450,2624806,0,5354,2006806,0,0,0,0.607708,0.999601,0,0,0.008681,51.161212,3,4,5,17,19,20,60,0,27842300,1.629967,5.454114,2408,3642
9fa41cf4-3b03-4162-99c4-777f007b5970,adc154abe3cea812fb9fedff32206f3a879c9e26,cache,cache16_l1_16k,loas,16,vgg16_T4_all,layer_09_features_30,3,16384,8,512,64,262144,16,8192,512,32,2,16,1,16,20,20,12,1,next_burst,8,0,1,10,0,100,1,1,1,1,non_inclusive,lru,17077552,320904,16756648,2624928,5134464,0.511237,96,2048,0.046875,3100320,99210240,0,0,940852,0,0,266652890,229360,285314,268108416,267823102,1564963036,1297139934,0.828863,5132416,612768,2507488,0,702,2011458,0,0,0,0.607708,0.999601,0,0,0.008681,48.876299,5,6,9,17,19,20,122,0,27842904,1.630380,5.548765,2408,3642
fbd1f0b6-3006-4f93-b22f-3e79e0f3b816,adc154abe3cea812fb9fedff32206f3a879c9e26,cache,cache16_l1_16k,loas,16,vgg16_T4_all,layer_09_features_30,3,16384,8,256,32,262144,16,4096,256,64,4,16,1,16,20,20,12,1,none,0,0,1,10,0,100,1,1,1,1,non_inclusive,lru,11496118,320904,11175214,3498496,5134464,0.681375,12192,1635968,0.007452,1623776,103921664,0,0,0,0,0,154830,178630264,20378,178805472,178785094,178785094,0,0.000000,0,0,0,0,0,0,0,0,0,0.000000,0.999601,0,0,0.008681,31.862488,1,1,1,8,15,16,0,0,15164768,1.319121,2.455865,2408,3642
fbd1f0b6-3006-4f93-b22f-3e79e0f3b816,adc154abe3cea812fb9fedff32206f3a879c9e26,cache,cache16_l1_16k,loas,16,vgg16_T4_all,layer_09_features_30,3,16384,8,256,32,262144,16,4096,256,64,4,16,1,16,20,20,12,1,next_burst,2,0,1,10,0,100,1,1,1,1,non_inclusive,lru,10060780,320904,9739876,3536104,5134464,0.688700,96,2048,0.046875,1623776,103921664,0,0,1973252,0,0,152835010,229360,802442,155840064,155037622,191908084,36870462,0.192126,5132416,37608,1596312,0,753966,2744530,0,0,0,0.318226,0.999601,0,0,0.008681,31.130026,1,2,3,13,19,20,18,0,20419842,2.029648,4.178595,2408,3642
fbd1f0b6-3006-4f93-b22f-3e79e0f3b816,adc154abe3cea812fb9fedff32206f3a879c9e26,cache,cache16_l1_16k,loas,16,vgg16_T4_all,layer_09_features_30,3,16384,8,256,32,262144,16,4096,256,64,4,16,1,16,20,20,12,1,next_burst,4,0,1,10,0,100,1,1,1,1,non_inclusive,lru,8964286,320904,8643382,3637096,5134464,0.708369,96,2048,0.046875,1623776,103921664,0,0,2172042,0,0,135527066,229360,367692,138296160,137928468,294221108,156292640,0.531208,5132416,138600,1495320,0,74376,3424120,0,0,0,0.318226,0.999601,0,0,0.008681,29.163083,1,2,3,17,19,20,28,0,21908196,2.443942,4.259221,2408,3642
fbd1f0b6-3006-4f93-b22f-3e79e0f3b816,adc154abe3cea812fb9fedff32206f3a879c9e26,cache,cache16_l1_16k,loas,16,vgg16_T4_all,layer_09_features_30,3,16384,8,256,32,262144,16,4096,256,64,4,16,1,16,20,20,12,1,next_burst,8,0,1,10,0,100,1,1,1,1,non_inclusive,lru,8955250,320904,8634346,3742950,5134464,0.728986,96,2048,0.046875,1623776,103921664,0,0,2378026,0,0,135306118,229360,238080,138151584,137913504,465399146,327485642,0.703666,5132416,244454,1389466,0,416,3498080,0,0,0,0.318226,0.999601,0,0,0.008681,27.101446,3,4,5,17,19,20,60,0,21918216,2.447527,4.297109,2408,3642
8a23db71-271c-431d-908b-c6cb8a60919a,adc154abe3cea812fb9fedff32206f3a879c9e26,cache,cache16_l1_16k,loas,16,vgg16_T4_all,layer_09_features_30,4,16384,8,1024,128,262144,16,16384,1024,16,1,16,1,16,20,20,12,1,none,0,0,1,10,0,100,1,1,1,1,non_inclusive,lru,35559798,321984,35237814,0,5151744,0.000000,29664,5151744,0.005758,5122080,81953280,0,0,0,0,0,333696,563447964,25412,563807072,563781660,563781660,0,0.000000,0,0,0,0,0,0,0,0,0,0.000000,0.999602,0,0,0.000000,100.000000,1,1,1,8,15,16,0,0,25729184,0.723547,4.387166,2413,3694
8a23db71-271c-431d-908b-c6cb8a60919a,adc154abe3cea812fb9fedff32206f3a879c9e26,cache,cache16_l1_16k,loas,16,vgg16_T4_all,layer_09_features_30,4,16384,8,1024,128,262144,16,16384,1024,16,1,16,1,16,20,20,12,1,next_burst,2,0,1,10,0,100,1,1,1,1,non_inclusive,lru,28186484,321984,27864500,15774,5151744,0.003062,96,2048,0.046875,5122080,81953280,0,0,4572,0,0,445506970,229360,93146,445834048,445740902,1347009664,901268762,0.669089,5149696,15774,5133922,0,0,0,0,0,0,0.999602,0.999602,0,0,0.000000,99.693812,2,3,3,15,19,20,28,0,35993996,1.276995,6.798623,2413,3694
8a23db71-271c-431d-908b-c6cb8a60919a,adc154abe3cea812fb9fedff32206f3a879c9e26,cache,cache16_l1_16k,loas,16,vgg16_T4_all,layer_09_features_30,4,16384,8,1024,128,262144,16,16384,1024,16,1,16,1,16,20,20,12,1,next_burst,4,0,1,10,0,100,1,1,1,1,non_inclusive,lru,28183670,321984,27861686,22260,5151744,0.004321,96,2048,0.046875,5122080,81953280,0,0,11094,0,0,445444726,229360,103844,445789024,445685180,2247305538,1801620358,0.801680,5149696,22260,5127436,0,0,0,0,0,0,0.999602,0.999602,0,0,0.000000,99.567913,4,5,5,15,19,20,60,0,35996630,1.277216,6.761905,2413,3694
8a23db71-271c-431d-908b-c6cb8a60919a,adc154abe3cea812fb9fedff32206f3a879c9e26,cache,cache16_l1_16k,loas,16,vgg16_T4_all,layer_09_features_30,4,16384,8,1024,128,262144,16,16384,1024,16,1,16,1,16,20,20,12,1,next_burst,8,0,1,10,0,100,1,1,1,1,non_inclusive,lru,28188382,321984,27866398,26970,5151744,0.005235,96,2048,0.046875,5122080,81953280,0,0,19644,0,0,445498110,229360,117302,445864416,445747114,4046727190,3600980076,0.889850,5149696,26970,5122726,0,0,0,0,0,0,0.999602,0.999602,0,0,0.000000,99.476488,8,9,9,15,19,20,124,0,35997704,1.277040,7.065506,2413,3694
9d0b256a-e1f9-4838-ab16-49c1c176e594,adc154abe3cea812fb9fedff32206f3a879c9e26,cache,cache16_l1_16k,loas,16,vgg16_T4_all,layer_09_features_30,4,16384,8,512,64,262144,16,8192,512,32,2,16,1,16,20,20,12,1,none,0,0,1,10,0,100,1,1,1,1,non_inclusive,lru,21789238,321984,21467254,2009728,5151744,0.390106,22560,3142016,0.007180,3119456,99822592,0,0,0,0,0,298650,343156714,22748,343478112,343455364,343455364,0,0.000000,0,0,0,0,0,0,0,0,0,0.000000,0.999602,0,0,0.015625,60.989366,1,1,1,8,15,16,0,0,19707104,0.904442,3.340899,2413,3694
9d0b256a-e1f9-4838-ab16-49c1c176e594,adc154abe3cea812fb9fedff32206f3a879c9e26,cache,cache16_l1_16k,loas,16,vgg16_T4_all,layer_09_features_30,4,16384,8,512,64,262144,16,8192,512,32,2,16,1,16,20,20,12,1,next_burst,2,0,1,10,0,100,1,1,1,1,non_inclusive,lru,17204946,321984,16882962,2209176,5151744,0.428821,96,2048,0.046875,3119456,99822592,0,0,294256,0,0,269079432,229360,526392,270129440,269603048,586098046,316494998,0.540004,5149696,199448,2940520,0,99584,1910144,0,0,0,0.609496,0.999602,0,0,0.015625,57.117900,1,3,3,17,19,20,28,0,27952196,1.624660,5.435104,2413,3694
9d0b256a-e1f9-4838-ab16-49c1c176e594,adc154abe3cea812fb9fedff32206f3a879c9e26,cache,cache16_l1_16k,loas,16,vgg16_T4_all,layer_09_features_30,4,16384,8,512,64,262144,16,8192,512,32,2,16,1,16,20,20,12,1,next_burst,4,0,1,10,0,100,1,1,1,1,non_inclusive,lru,17184562,321984,16862578,2487596,5151744,0.482865,96,2048,0.046875,3119456,99822592,0,0,717938,0,0,268518120,229360,337878,269803296,269465418,910658420,641193002,0.704098,5149696,477868,2662100,0,4214,2005514,0,0,0,0.609496,0.999602,0,0,0.015625,51.713517,3,4,5,17,19,20,58,0,27971606,1.627717,5.477321,2413,3694
9d0b256a-e1f9-4838-ab16-49c1c176e594,adc154abe3cea812fb9fedff32206f3a879c9e26,cache,cache16_l1_16k,loas,16,vgg16_T4_all,layer_09_features_30,4,16384,8,512,64,262144,16,8192,512,32,2,16,1,16,20,20,12,1,next_burst,8,0,1,10,0,100,1,1,1,1,non_inclusive,lru,17181914,321984,16859930,2697874,5151744,0.523682,96,2048,0.046875,3119456,99822592,0,0,1060006,0,0,268157828,229360,313734,269760928,269447194,1575633488,1306186294,0.828991,5149696,688146,2451822,0,816,2008912,0,0,0,0.609496,0.999602,0,0,0.015625,47.631831,5,6,8,17,19,20,108,0,27972092,1.627996,5.555737,2413,3694
c23dd3e3-cbf2-495c-87ab-ef469d254cc4,adc154abe3cea812fb9fedff32206f3a879c9e26,cache,cache16_l1_16k,loas,16,vgg16_T4_all,layer_09_features_30,4,16384,8,256,32,262144,16,4096,256,64,4,16,1,16,20,20,12,1,none,0,0,1,10,0,100,1,1,1,1,non_inclusive,lru,11486092,321984,11164108,3517312,5151744,0.682742,12288,1634432,0.007518,1622144,103817216,0,0,0,0,0,155952,178450540,21284,178627776,178606492,178606492,0,0.000000,0,0,0,0,0,0,0,0,0,0.000000,0.999602,0,0,0.015625,31.725800,1,1,1,8,15,16,0,0,15194624,1.322872,2.459825,2413,3694
c23dd3e3-cbf2-495c-87ab-ef469d254cc4,adc154abe3cea812fb9fedff32206f3a879c9e26,cache,cache16_l1_16k,loas,16,vgg16_T4_all,layer_09_features_30,4,16384,8,256,32,262144,16,4096,256,64,4,16,1,16,20,20,12,1,next_burst,2,0,1,10,0,100,1,1,1,1,non_inclusive,lru,10136144,321984,9814160,3552118,5151744,0.689498,96,2048,0.046875,1622144,103817216,0,0,1997866,0,0,154058692,229360,742690,157028608,156285918,191100086,34814168,0.182178,5149696,34806,1597578,0,753602,2763710,0,0,0,0.316860,0.999602,0,0,0.015625,31.050184,1,2,3,13,19,20,17,0,20469250,2.019432,4.215727,2413,3694
c23dd3e3-cbf2-495c-87ab-ef469d254cc4,adc154abe3cea812fb9fedff32206f3a879c9e26,cache,cache16_l1_16k,loas,16,vgg16_T4_all,layer_09_features_30,4,16384,8,256,32,262144,16,4096,256,64,4,16,1,16,20,20,12,1,next_burst,4,0,1,10,0,100,1,1,1,1,non_inclusive,lru,8958374,321984,8636390,3644560,5151744,0.707442,96,2048,0.046875,1622144,103817216,0,0,2181220,0,0,135411476,229360,362232,138184288,137822056,293407688,155585632,0.530271,5149696,127248,1505136,0,71762,3445550,0,0,0,0.316860,0.999602,0,0,0.015625,29.255802,1,2,4,17,19,20,28,0,21940392,2.449149,4.296010,2413,3694
c23dd3e3-cbf2-495c-87ab-ef469d254cc4,adc154abe3cea812fb9fedff32206f3a879c9e26,cache,cache16_l1_16k,loas,16,vgg16_T4_all,layer_09_features_30,4,16384,8,256,32,262144,16,4096,256,64,4,16,1,16,20,20,12,1,next_burst,8,0,1,10,0,100,1,1,1,1,non_inclusive,lru,8947140,321984,8625156,3755374,5151744,0.728952,96,2048,0.046875,1622144,103817216,0,0,2395080,0,0,135099930,229360,280174,138004544,137724370,463586994,325862624,0.702916,5149696,238062,1394322,0,144,3517168,0,0,0,0.316860,0.999602,0,0,0.015625,27.104802,3,4,5,17,19,20,60,0,21963644,2.454823,4.279084,2413,3694
a6b8170b-40a6-4a67-8c4a-86461f2d1df8,adc154abe3cea812fb9fedff32206f3a879c9e26,cache,cache16_l1_16k,ptb,16,resnet19_T4_all,layer_01_layer1_0_conv1,0,16384,8,1024,128,262144,16,16384,1024,16,1,16,1,16,20,20,12,1,none,0,0,1,10,0,100,1,1,1,1,non_inclusive,lru,2658162,219236,2438926,724096,3294784,0.219770,2563344,2570688,0.997143,3672,58752,0,0,0,0,0,37701242,819159,748175,39268576,38520401,38520401,0,0.000000,0,0,0,0,0,0,0,0,0,0.000000,0.990055,0,0,0.000000,78.022960,1,1,1,4,8,8,0,0,11736664,4.415331,1.719929,101,174
a6b8170b-40a6-4a67-8c4a-86461f2d1df8,adc154abe3cea812fb9fedff32206f3a879c9e26,cache,cache16_l1_16k,ptb,16,resnet19_T4_all,layer_01_layer1_0_conv1,0,16384,8,1024,128,262144,16,16384,1024,16,1,16,1,16,20,20,12,1,next_burst,2,0,1,10,0,100,1,1,1,1,non_inclusive,lru,2628658,219236,2409422,889731,3294784,0.270042,25961,26041,0.996928,3672,58752,0,0,333819,0,0,37679743,9360,773590,38796512,38022922,104419171,66396249,0.635863,3262016,165637,2379012,0,717367,0,0,0,0,0.772327,0.990055,0,0,0.000000,72.995771,2,3,3,6,17,20,13,0,15000048,5.706352,2.714973,101,174
a6b8170b-40a6-4a67-8c4a-86461f2d1df8,adc154abe3cea812fb9fedff32206f3a879c9e26,cache,cache16_l1_16k,ptb,16,resnet19_T4_all,layer_01_layer1_0_conv1,0,16384,8,1024,128,262144,16,16384,1024,16,1,16,1,16,20,20,12,1,next_burst,4,0,1,10,0,100,1,1,1,1,non_inclusive,lru,2620176,219236,2400940,924070,3294784,0.280465,36830,36910,0.997833,3672,58752,0,0,347330,0,0,37423104,9360,881006,38660800,37779794,166779184,128999390,0.773474,3262016,200010,2333804,0,728202,0,0,0,0,0.769038,0.990055,0,0,0.000000,71.953548,4,5,5,6,17,20,47,0,15000356,5.724942,2.790952,101,174
a6b8170b-40a6-4a67-8c4a-86461f2d1df8,adc154abe3cea812fb9fedff32206f3a879c9e26,cache,cache16_l1_16k,ptb,16,resnet19_T4_all,layer_01_layer1_0_conv1,0,16384,8,1024,128,262144,16,16384,1024,16,1,16,1,16,20,20,12,1,next_burst,8,0,1,10,0,100,1,1,1,1,non_inclusive,lru,2615716,219236,2396480,1073524,3294784,0.325825,79222,79302,0.998991,3672,58752,0,0,498672,0,0,37095954,9360,985454,38589440,37603986,284486790,246882804,0.867818,3262016,350366,2141958,0,769692,0,0,0,0,0.756445,0.990055,0,0,0.000000,67.417470,6,9,9,7,17,20,114,0,15002212,5.735413,2.906139,101,174
c9138e64-9516-4a9f-9205-a3ad9fa96f04,adc154abe3cea812fb9fedff32206f3a879c9e26,cache,cache16_l1_16k,ptb,16,resnet19_T4_all,layer_01_layer1_0_conv1,0,16384,8,512,64,262144,16,8192,512,32,2,16,1,16,20,20,12,1,none,0,0,1,10,0,100,1,1,1,1,non_inclusive,lru,2848354,219236,2629118,513840,3294784,0.155956,2776624,2780944,0.998447,2160,69120,0,0,0,0,0,41125375,482190,704083,42311648,41607565,41607565,0,0.000000,0,0,0,0,0,0,0,0,0,0.000000,0.990055,0,0,0.150000,84.404440,1,1,1,4,8,8,0,0,12155664,4.267610,1.745247,101,174
c9138e64-9516-4a9f-9205-a3ad9fa96f04,adc154abe3cea812fb9fedff32206f3a879c9e26,cache,cache16_l1_16k,ptb,16,resnet19_T4_all,layer_01_layer1_0_conv1,0,16384,8,512,64,262144,16,8192,512,32,2,16,1,16,20,20,12,1,next_burst,2,0,1,10,0,100,1,1,1,1,non_inclusive,lru,2827372,219236,2608136,656848,3294784,0.199360,31757,31821,0.997989,2160,69120,0,0,185460,0,0,41075493,7488,707495,41975936,41268441,116675116,75406675,0.646296,3262016,143008,2606115,0,261747,251146,0,0,0,0.834386,0.990055,0,0,0.150000,80.064004,2,3,3,7,18,20,13,0,15418966,5.453462,2.699378,101,174
c9138e64-9516-4a9f-9205-a3ad9fa96f04,adc154abe3cea812fb9fedff32206f3a879c9e26,cache,cache16_l1_16k,ptb,16,resnet19_T4_all,layer_01_layer1_0_conv1,0,16384,8,512,64,262144,16,8192,512,32,2,16,1,16,20,20,12,1,next_burst,4,0,1,10,0,100,1,1,1,1,non_inclusive,lru,2823118,219236,2603882,677613,3294784,0.205662,39036,39100,0.998363,2160,69120,0,0,168500,0,0,40925461,7488,806423,41907872,41101449,188819204,147717755,0.782324,3262016,163773,2578071,0,269204,250968,0,0,0,0.832177,0.990055,0,0,0.150000,79.433766,4,5,5,7,18,20,47,0,15419212,5.461767,2.808748,101,174
c9138e64-9516-4a9f-9205-a3ad9fa96f04,adc154abe3cea812fb9fedff32206f3a879c9e26,cache,cache16_l1_16k,ptb,16,resnet19_T4_all,layer_01_layer1_0_conv1,0,16384,8,512,64,262144,16,8192,512,32,2,16,1,16,20,20,12,1,next_burst,8,0,1,10,0,100,1,1,1,1,non_inclusive,lru,2821880,219236,2602644,783917,3294784,0.237927,65954,66018,0.999031,2160,69120,0,0,268426,0,0,40710044,7488,902106,41888064,40985958,327258179,286272221,0.874760,3262016,270575,2444849,0,299296,247296,0,0,0,0.824158,0.990055,0,0,0.150000,76.207333,7,9,9,8,17,20,114,0,15420270,5.464538,3.121049,101,174
560031f6-eff0-4bd0-9a50-b2c5dbdf6330,adc154abe3cea812fb9fedff32206f3a879c9e26,cache,cache16_l1_16k,ptb,16,resnet19_T4_all,layer_01_layer1_0_conv1,0,16384,8,256,32,262144,16,4096,256,64,4,16,1,16,20,20,12,1,none,0,0,1,10,0,100,1,1,1,1,non_inclusive,lru,2512231,219236,2292995,843168,3294784,0.255910,2449312,2451616,0.999060,1152,73728,0,0,0,0,0,35868204,256242,809234,36933680,36124446,36124446,0,0.000000,0,0,0,0,0,0,0,0,0,0.000000,0.990055,0,0,0.203125,74.409005,1,1,1,4,8,8,0,0,11496000,4.576012,1.674502,101,174
560031f6-eff0-4bd0-9a50-b2c5dbdf6330,adc154abe3cea812fb9fedff32206f3a879c9e26,cache,cache16_l1_16k,ptb,16,resnet19_T4_all,layer_01_layer1_0_conv1,0,16384,8,256,32,262144,16,4096,256,64,4,16,1,16,20,20,12,1,next_burst,2,0,1,10,0,100,1,1,1,1,non_inclusive,lru,2493132,219236,2273896,1073862,3294784,0.325928,32810,32874,0.998053,1152,73728,0,0,339701,0,0,35595042,7488,685865,36628096,35942231,94089084,58146853,0.617998,3262016,230694,2188048,0,60585,782689,0,0,0,0.734112,0.990055,0,0,0.203125,67.407211,2,3,3,9,19,20,8,0,14758100,5.919502,2.668526,101,174
560031f6-eff0-4bd0-9a50-b2c5dbdf6330,adc154abe3cea812fb9fedff32206f3a879c9e26,cache,cache16_l1_16k,ptb,16,resnet19_T4_all,layer_01_layer1_0_conv1,0,16384,8,256,32,262144,16,4096,256,64,4,16,1,16,20,20,12,1,next_burst,4,0,1,10,0,100,1,1,1,1,non_inclusive,lru,2491647,219236,2272411,1022102,3294784,0.310218,34646,34710,0.998156,1152,73728,0,0,244649,0,0,35570187,7488,782012,36604336,35822324,150191449,114369125,0.761489,3262016,178934,2237972,0,31154,813956,0,0,0,0.733555,0.990055,0,0,0.203125,68.978179,3,5,5,10,18,20,38,0,14759062,5.923416,2.698959,101,174
560031f6-eff0-4bd0-9a50-b2c5dbdf6330,adc154abe3cea812fb9fedff32206f3a879c9e26,cache,cache16_l1_16k,ptb,16,resnet19_T4_all,layer_01_layer1_0_conv1,0,16384,8,256,32,262144,16,4096,256,64,4,16,1,16,20,20,12,1,next_burst,8,0,1,10,0,100,1,1,1,1,non_inclusive,lru,2490039,219236,2270803,994562,3294784,0.301860,40568,40632,0.998425,1152,73728,0,0,206179,0,0,35604515,7488,760426,36578608,35818182,259266374,223448192,0.861848,3262016,151394,2259590,0,39671,811361,0,0,0,0.731758,0.990055,0,0,0.203125,69.814045,6,8,9,10,18,20,90,0,14759084,5.927250,2.770501,101,174
302895ae-347c-42c7-8145-59a334bc9b62,adc154abe3cea812fb9fedff32206f3a879c9e26,cache,cache16_l1_16k,ptb,16,resnet19_T4_all,layer_01_layer1_0_conv1,1,16384,8,1024,128,262144,16,16384,1024,16,1,16,1,16,20,20,12,1,none,0,0,1,10,0,100,1,1,1,1,non_inclusive,lru,3222118,246516,2975602,605072,3730560,0.162193,3116272,3125488,0.997051,4608,73728,0,0,0,0,0,46112138,1028058,715900,47856096,47140196,47140196,0,0.000000,0,0,0,0,0,0,0,0,0,0.000000,0.991216,0,0,0.000000,83.780666,1,1,1,4,8,8,0,0,13718752,4.257681,1.995117,114,205
302895ae-347c-42c7-8145-59a334bc9b62,adc154abe3cea812fb9fedff32206f3a879c9e26,cache,cache16_l1_16k,ptb,16,resnet19_T4_all,layer_01_layer1_0_conv1,1,16384,8,1024,128,262144,16,16384,1024,16,1,16,1,16,20,20,12,1,next_burst,2,0,1,10,0,100,1,1,1,1,non_inclusive,lru,3187102,246516,2940586,754596,3730560,0.202274,29044,29284,0.991804,4608,73728,0,0,275519,0,0,46223005,28080,769236,47295840,46526604,132954365,86427761,0.650056,3697792,149524,2946680,0,601588,0,0,0,0,0.829957,0.991216,0,0,0.000000,79.772581,2,3,3,6,17,20,13,0,17418272,5.465238,3.081465,114,205
302895ae-347c-42c7-8145-59a334bc9b62,adc154abe3cea812fb9fedff32206f3a879c9e26,cache,cache16_l1_16k,ptb,16,resnet19_T4_all,layer_01_layer1_0_conv1,1,16384,8,1024,128,262144,16,16384,1024,16,1,16,1,16,20,20,12,1,next_burst,4,0,1,10,0,100,1,1,1,1,non_inclusive,lru,3176602,246516,2930086,777600,3730560,0.208441,38478,38718,0.993801,4608,73728,0,0,271051,0,0,45952620,28080,876089,47127840,46251751,214788276,168536525,0.784664,3697792,172580,2914242,0,610970,0,0,0,0,0.827442,0.991216,0,0,0.000000,79.155944,4,5,5,6,17,20,47,0,17418532,5.483385,3.264737,114,205
302895ae-347c-42c7-8145-59a334bc9b62,adc154abe3cea812fb9fedff32206f3a879c9e26,cache,cache16_l1_16k,ptb,16,resnet19_T4_all,layer_01_layer1_0_conv1,1,16384,8,1024,128,262144,16,16384,1024,16,1,16,1,16,20,20,12,1,next_burst,8,0,1,10,0,100,1,1,1,1,non_inclusive,lru,3171187,246516,2924671,919901,3730560,0.246585,77741,77981,0.996922,4608,73728,0,0,406955,0,0,45665349,28080,940816,47041200,46100384,371978033,325877649,0.876067,3697792,315701,2732678,0,649413,0,0,0,0,0.817137,0.991216,0,0,0.000000,75.341477,7,9,9,7,17,20,114,0,17420258,5.493293,3.368348,114,205
773a064c-b4ca-4500-9d87-692f84137341,adc154abe3cea812fb9fedff32206f3a879c9e26,cache,cache16_l1_16k,ptb,16,resnet19_T4_all,layer_01_layer1_0_conv1,1,16384,8,512,64,262144,16,8192,512,32,2,16,1,16,20,20,12,1,none,0,0,1,10,0,100,1,1,1,1,non_inclusive,lru,3190436,246516,2943920,610688,3730560,0.163699,3115264,3119872,0.998523,2304,73728,0,0,0,0,0,46092679,513551,742954,47349184,46606230,46606230,0,0.000000,0,0,0,0,0,0,0,0,0,0.000000,0.991216,0,0,0.000000,83.630125,1,1,1,4,8,8,0,0,13705216,4.295719,1.985803,114,205
773a064c-b4ca-4500-9d87-692f84137341,adc154abe3cea812fb9fedff32206f3a879c9e26,cache,cache16_l1_16k,ptb,16,resnet19_T4_all,layer_01_layer1_0_conv1,1,16384,8,512,64,262144,16,8192,512,32,2,16,1,16,20,20,12,1,next_burst,2,0,1,10,0,100,1,1,1,1,non_inclusive,lru,3167804,246516,2921288,782063,3730560,0.209637,31206,31382,0.994392,2304,73728,0,0,236313,0,0,45985549,20592,744618,46987072,46242454,131353102,85110648,0.647953,3697792,171375,2917115,0,218627,390675,0,0,0,0.827889,0.991216,0,0,0.000000,79.036311,2,3,3,7,18,20,14,0,17404020,5.494033,3.067241,114,205
773a064c-b4ca-4500-9d87-692f84137341,adc154abe3cea812fb9fedff32206f3a879c9e26,cache,cache16_l1_16k,ptb,16,resnet19_T4_all,layer_01_layer1_0_conv1,1,16384,8,512,64,262144,16,8192,512,32,2,16,1,16,20,20,12,1,next_burst,4,0,1,10,0,100,1,1,1,1,non_inclusive,lru,3163325,246516,2916809,770338,3730560,0.206494,36797,36973,0.995240,2304,73728,0,0,192922,0,0,45859118,20592,842776,46915408,46072632,210926837,164854205,0.781571,3697792,159688,2923249,0,226704,388151,0,0,0,0.826401,0.991216,0,0,0.000000,79.350607,4,5,5,7,17,20,42,0,17404740,5.502040,3.180230,114,205
773a064c-b4ca-4500-9d87-692f84137341,adc154abe3cea812fb9fedff32206f3a879c9e26,cache,cache16_l1_16k,ptb,16,resnet19_T4_all,layer_01_layer1_0_conv1,1,16384,8,512,64,262144,16,8192,512,32,2,16,1,16,20,20,12,1,next_burst,8,0,1,10,0,100,1,1,1,1,non_inclusive,lru,3161201,246516,2914685,845150,3730560,0.226548,62946,63122,0.997212,2304,73728,0,0,259018,0,0,45680379,20592,921435,46881424,45959989,367440243,321480254,0.874918,3697792,234778,2822288,0,254995,385731,0,0,0,0.819466,0.991216,0,0,0.000000,77.345224,7,9,9,7,17,20,106,0,17405306,5.505916,3.284814,114,205
3c2ce034-6db5-4123-801d-705fd8c3264b,adc154abe3cea812fb9fedff32206f3a879c9e26,cache,cache16_l1_16k,ptb,16,resnet19_T4_all,layer_01_layer1_0_conv1,1,16384,8,256,32,262144,16,4096,256,64,4,16,1,16,20,20,12,1,none,0,0,1,10,0,100,1,1,1,1,non_inclusive,lru,2813927,246516,2567411,979104,3730560,0.262455,2749152,2751456,0.999163,1152,73728,0,0,0,0,0,40205372,255685,863983,41325040,40461057,40461057,0,0.000000,0,0,0,0,0,0,0,0,0,0.000000,0.991216,0,0,0.000000,73.754503,1,1,1,4,8,8,0,0,12967232,4.608233,1.869834,114,205
3c2ce034-6db5-4123-801d-705fd8c3264b,adc154abe3cea812fb9fedff32206f3a879c9e26,cache,cache16_l1_16k,ptb,16,resnet19_T4_all,layer_01_layer1_0_conv1,1,16384,8,256,32,262144,16,4096,256,64,4,16,1,16,20,20,12,1,next_burst,2,0,1,10,0,100,1,1,1,1,non_inclusive,lru,2791949,246516,2545433,1245985,3730560,0.333994,32290,32402,0.996543,1152,73728,0,0,408311,0,0,39844648,13104,707329,40973392,40266063,106208611,65942548,0.620878,3697792,266881,2452173,0,62267,916471,0,0,0,0.728859,0.991216,0,0,0.000000,66.600591,2,3,3,10,18,20,13,0,16665290,5.969052,2.989723,114,205
3c2ce034-6db5-4123-801d-705fd8c3264b,adc154abe3cea812fb9fedff32206f3a879c9e26,cache,cache16_l1_16k,ptb,16,resnet19_T4_all,layer_01_layer1_0_conv1,1,16384,8,256,32,262144,16,4096,256,64,4,16,1,16,20,20,12,1,next_burst,4,0,1,10,0,100,1,1,1,1,non_inclusive,lru,2790813,246516,2544297,1185214,3730560,0.317704,34192,34304,0.996735,1152,73728,0,0,315736,0,0,39784365,13104,842011,40955216,40113205,167791355,127678150,0.760934,3697792,206110,2511042,0,17310,963330,0,0,0,0.728350,0.991216,0,0,0.000000,68.229596,3,5,5,15,18,20,43,0,16666398,5.971879,3.071353,114,205
3c2ce034-6db5-4123-801d-705fd8c3264b,adc154abe3cea812fb9fedff32206f3a879c9e26,cache,cache16_l1_16k,ptb,16,resnet19_T4_all,layer_01_layer1_0_conv1,1,16384,8,256,32,262144,16,4096,256,64,4,16,1,16,20,20,12,1,next_burst,8,0,1,10,0,100,1,1,1,1,non_inclusive,lru,2789961,246516,2543445,1172536,3730560,0.314306,44746,44858,0.997503,1152,73728,0,0,273460,0,0,39815117,13104,839903,40941584,40101681,290496796,250395115,0.861955,3697792,193528,2513166,0,31005,960093,0,0,0,0.725546,0.991216,0,0,0.000000,68.569437,6,8,9,15,18,20,106,0,16666590,5.973772,3.133989,114,205
65e2e563-8c8b-43fb-97a4-8b0aa2f59ef1,adc154abe3cea812fb9fedff32206f3a879c9e26,cache,cache16_l1_16k,ptb,16,resnet19_T4_all,layer_01_layer1_0_conv1,2,16384,8,1024,128,262144,16,16384,1024,16,1,16,1,16,20,20,12,1,none,0,0,1,10,0,100,1,1,1,1,non_inclusive,lru,2784245,217028,2567217,595376,3293568,0.180769,2690336,2698192,0.997088,3928,62848,0,0,0,0,0,39731918,875456,679746,41287120,40607374,40607374,0,0.000000,0,0,0,0,0,0,0,0,0,0.000000,0.990051,0,0,0.000000,81.923069,1,1,1,4,8,8,0,0,11989496,4.306193,1.736522,103,173
65e2e563-8c8b-43fb-97a4-8b0aa2f59ef1,adc154abe3cea812fb9fedff32206f3a879c9e26,cache,cache16_l1_16k,ptb,16,resnet19_T4_all,layer_01_layer1_0_conv1,2,16384,8,1024,128,262144,16,16384,1024,16,1,16,1,16,20,20,12,1,next_burst,2,0,1,10,0,100,1,1,1,1,non_inclusive,lru,2751748,217028,2534720,748179,3293568,0.227164,30884,31044,0.994846,3928,62848,0,0,261759,0,0,39744203,18720,742486,40767168,40024682,112508059,72483377,0.644251,3260800,152803,2514345,0,593652,0,0,0,0,0.809805,0.990051,0,0,0.000000,77.283633,2,3,3,7,17,20,13,0,15252114,5.542700,2.717204,103,173
65e2e563-8c8b-43fb-97a4-8b0aa2f59ef1,adc154abe3cea812fb9fedff32206f3a879c9e26,cache,cache16_l1_16k,ptb,16,resnet19_T4_all,layer_01_layer1_0_conv1,2,16384,8,1024,128,262144,16,16384,1024,16,1,16,1,16,20,20,12,1,next_burst,4,0,1,10,0,100,1,1,1,1,non_inclusive,lru,2744348,217028,2527320,768634,3293568,0.233374,39050,39210,0.995919,3928,62848,0,0,257528,0,0,39536000,18720,836520,40648768,39812248,180681393,140869145,0.779655,3260800,173288,2485724,0,601788,0,0,0,0,0.807335,0.990051,0,0,0.000000,76.662574,4,5,5,7,17,20,47,0,15252354,5.557733,2.838150,103,173
65e2e563-8c8b-43fb-97a4-8b0aa2f59ef1,adc154abe3cea812fb9fedff32206f3a879c9e26,cache,cache16_l1_16k,ptb,16,resnet19_T4_all,layer_01_layer1_0_conv1,2,16384,8,1024,128,262144,16,16384,1024,16,1,16,1,16,20,20,12,1,next_burst,8,0,1,10,0,100,1,1,1,1,non_inclusive,lru,2741264,217028,2524236,953046,3293568,0.289366,86532,86692,0.998154,3928,62848,0,0,429001,0,0,39195371,18720,956332,40599424,39643092,309360635,269717543,0.871855,3260800,358654,2253830,0,648316,0,0,0,0,0.793208,0.990051,0,0,0.000000,71.063418,7,9,9,7,17,20,114,0,15254628,5.564815,2.942990,103,173
271792af-802a-46d8-a0a4-0f2193a4104b,adc154abe3cea812fb9fedff32206f3a879c9e26,cache,cache16_l1_16k,ptb,16,resnet19_T4_all,layer_01_layer1_0_conv1,2,16384,8,512,64,262144,16,8192,512,32,2,16,1,16,20,20,12,1,none,0,0,1,10,0,100,1,1,1,1,non_inclusive,lru,2871425,217028,2654397,487488,3293568,0.148012,2801616,2806080,0.998409,2232,71424,0,0,0,0,0,41528601,497101,656298,42682000,42025702,42025702,0,0.000000,0,0,0,0,0,0,0,0,0,0.000000,0.990051,0,0,0.120072,85.198787,1,1,1,4,8,8,0,0,12203576,4.250007,1.767170,103,173
271792af-802a-46d8-a0a4-0f2193a4104b,adc154abe3cea812fb9fedff32206f3a879c9e26,cache,cache16_l1_16k,ptb,16,resnet19_T4_all,layer_01_layer1_0_conv1,2,16384,8,512,64,262144,16,8192,512,32,2,16,1,16,20,20,12,1,next_burst,2,0,1,10,0,100,1,1,1,1,non_inclusive,lru,2850300,217028,2633272,623028,3293568,0.189165,32928,33056,0.996128,2232,71424,0,0,182845,0,0,41462991,14976,683188,42344000,41660812,118649865,76989053,0.648876,3260800,135540,2637484,0,257879,229897,0,0,0,0.841951,0.990051,0,0,0.120072,81.083494,2,3,3,8,18,20,13,0,15465424,5.425893,2.713710,103,173
271792af-802a-46d8-a0a4-0f2193a4104b,adc154abe3cea812fb9fedff32206f3a879c9e26,cache,cache16_l1_16k,ptb,16,resnet19_T4_all,layer_01_layer1_0_conv1,2,16384,8,512,64,262144,16,8192,512,32,2,16,1,16,20,20,12,1,next_burst,4,0,1,10,0,100,1,1,1,1,non_inclusive,lru,2846654,217028,2629626,628013,3293568,0.190679,38643,38771,0.996699,2232,71424,0,0,154101,0,0,41346717,14976,769870,42285664,41515794,192188491,150672697,0.783984,3260800,140525,2626784,0,264587,228904,0,0,0,0.840216,0.990051,0,0,0.120072,80.932138,4,5,5,9,17,20,47,0,15466162,5.433102,2.810464,103,173
271792af-802a-46d8-a0a4-0f2193a4104b,adc154abe3cea812fb9fedff32206f3a879c9e26,cache,cache16_l1_16k,ptb,16,resnet19_T4_all,layer_01_layer1_0_conv1,2,16384,8,512,64,262144,16,8192,512,32,2,16,1,16,20,20,12,1,next_burst,8,0,1,10,0,100,1,1,1,1,non_inclusive,lru,2844732,217028,2627704,752964,3293568,0.228617,68501,68629,0.998135,2232,71424,0,0,274994,0,0,41084959,14976,879983,42254912,41374929,332590025,291215096,0.875598,3260800,265830,2471975,0,296846,226149,0,0,0,0.831258,0.990051,0,0,0.120072,77.138350,7,9,9,10,17,20,106,0,15466934,5.437044,2.930846,103,173
5b2f560b-d41a-489e-83ef-cfefa20a6938,adc154abe3cea812fb9fedff32206f3a879c9e26,cache,cache16_l1_16k,ptb,16,resnet19_T4_all,layer_01_layer1_0_conv1,2,16384,8,256,32,262144,16,4096,256,64,4,16,1,16,20,20,12,1,none,0,0,1,10,0,100,1,1,1,1,non_inclusive,lru,2588934,217028,2371906,761840,3293568,0.231311,2529424,2531728,0.999090,1152,73728,0,0,0,0,0,37144283,255605,762256,38162144,37399888,37399888,0,0.000000,0,0,0,0,0,0,0,0,0,0.000000,0.990051,0,0,0.147569,76.868855,1,1,1,4,8,8,0,0,11653792,4.501386,1.680634,103,173
5b2f560b-d41a-489e-83ef-cfefa20a6938,adc154abe3cea812fb9fedff32206f3a879c9e26,cache,cache16_l1_16k,ptb,16,resnet19_T4_all,layer_01_layer1_0_conv1,2,16384,8,256,32,262144,16,4096,256,64,4,16,1,16,20,20,12,1,next_burst,2,0,1,10,0,100,1,1,1,1,non_inclusive,lru,2570087,217028,2353059,997128,3293568,0.302750,32972,33052,0.997580,1152,73728,0,0,306774,0,0,36874545,9360,669913,37860592,37190679,99027580,61836901,0.624441,3260800,235288,2263388,0,43014,719110,0,0,0,0.758653,0.990051,0,0,0.147569,69.724991,2,3,3,11,18,20,9,0,14914760,5.803212,2.654849,103,173
5b2f560b-d41a-489e-83ef-cfefa20a6938,adc154abe3cea812fb9fedff32206f3a879c9e26,cache,cache16_l1_16k,ptb,16,resnet19_T4_all,layer_01_layer1_0_conv1,2,16384,8,256,32,262144,16,4096,256,64,4,16,1,16,20,20,12,1,next_burst,4,0,1,10,0,100,1,1,1,1,non_inclusive,lru,2568172,217028,2351144,948696,3293568,0.288045,34834,34914,0.997709,1152,73728,0,0,204869,0,0,36877792,9360,737931,37829952,37092021,158822906,121730885,0.766457,3260800,186856,2309958,0,21546,742440,0,0,0,0.758088,0.990051,0,0,0.147569,71.195494,3,5,5,16,17,20,40,0,14915974,5.808012,2.720396,103,173
5b2f560b-d41a-489e-83ef-cfefa20a6938,adc154abe3cea812fb9fedff32206f3a879c9e26,cache,cache16_l1_16k,ptb,16,resnet19_T4_all,layer_01_layer1_0_conv1,2,16384,8,256,32,262144,16,4096,256,64,4,16,1,16,20,20,12,1,next_burst,8,0,1,10,0,100,1,1,1,1,non_inclusive,lru,2567379,217028,2350351,913607,3293568,0.277391,41620,41700,0.998082,1152,73728,0,0,171058,0,0,36908496,9360,728350,37817264,37088914,275149502,238060588,0.865205,3260800,151767,2338261,0,30424,740348,0,0,0,0.756028,0.990051,0,0,0.147569,72.260873,6,8,9,16,18,20,89,0,14915988,5.809811,2.772155,103,173
4b205d49-4bdd-49b0-bc39-d82f477d461d,adc154abe3cea812fb9fedff32206f3a879c9e26,cache,cache16_l1_16k,ptb,16,resnet19_T4_all,layer_01_layer1_0_conv1,3,16384,8,1024,128,262144,16,16384,1024,16,1,16,1,16,20,20,12,1,none,0,0,1,10,0,100,1,1,1,1,non_inclusive,lru,2749925,211836,2538089,511744,3182208,0.160814,2663840,2670464,0.997520,3312,52992,0,0,0,0,0,39439423,737868,672069,40849360,40177291,40177291,0,0.000000,0,0,0,0,0,0,0,0,0,0.000000,0.989703,0,0,0.000000,83.918587,1,1,1,4,8,8,0,0,11710704,4.258554,1.719791,100,155
4b205d49-4bdd-49b0-bc39-d82f477d461d,adc154abe3cea812fb9fedff32206f3a879c9e26,cache,cache16_l1_16k,ptb,16,resnet19_T4_all,layer_01_layer1_0_conv1,3,16384,8,1024,128,262144,16,16384,1024,16,1,16,1,16,20,20,12,1,next_burst,2,0,1,10,0,100,1,1,1,1,non_inclusive,lru,2722051,211836,2510215,639273,3182208,0.200890,32357,32453,0.997042,3312,52992,0,0,227362,0,0,39409466,11232,755316,40403376,39648060,113133399,73485339,0.649546,3149440,127529,2510482,0,511429,0,0,0,0,0.828988,0.989703,0,0,0.000000,79.911024,2,3,3,6,17,20,13,0,14861470,5.459659,2.674417,100,155
4b205d49-4bdd-49b0-bc39-d82f477d461d,adc154abe3cea812fb9fedff32206f3a879c9e26,cache,cache16_l1_16k,ptb,16,resnet19_T4_all,layer_01_layer1_0_conv1,3,16384,8,1024,128,262144,16,16384,1024,16,1,16,1,16,20,20,12,1,next_burst,4,0,1,10,0,100,1,1,1,1,non_inclusive,lru,2715417,211836,2503581,665736,3182208,0.209206,44696,44792,0.997857,3312,52992,0,0,232443,0,0,39204179,11232,849378,40297232,39447854,182181239,142733385,0.783469,3149440,153992,2471680,0,523768,0,0,0,0,0.825110,0.989703,0,0,0.000000,79.079432,4,5,5,7,17,20,47,0,14861660,5.473067,2.762777,100,155
4b205d49-4bdd-49b0-bc39-d82f477d461d,adc154abe3cea812fb9fedff32206f3a879c9e26,cache,cache16_l1_16k,ptb,16,resnet19_T4_all,layer_01_layer1_0_conv1,3,16384,8,1024,128,262144,16,16384,1024,16,1,16,1,16,20,20,12,1,next_burst,8,0,1,10,0,100,1,1,1,1,non_inclusive,lru,2713207,211836,2501371,817936,3182208,0.257034,80613,80709,0.998811,3312,52992,0,0,368227,0,0,38962173,11232,920240,40261872,39341632,314339835,274998203,0.874844,3149440,306962,2283563,0,558915,0,0,0,0,0.814065,0.989703,0,0,0.000000,74.296589,7,9,9,7,17,20,114,0,14863417,5.478173,2.896326,100,155
2d3bafd8-ba4c-4af9-9d2f-bb71a12954b2,adc154abe3cea812fb9fedff32206f3a879c9e26,cache,cache16_l1_16k,ptb,16,resnet19_T4_all,layer_01_layer1_0_conv1,3,16384,8,512,64,262144,16,8192,512,32,2,16,1,16,20,20,12,1,none,0,0,1,10,0,100,1,1,1,1,non_inclusive,lru,2761111,211836,2549275,488112,3182208,0.153388,2689632,2694096,0.998343,2232,71424,0,0,0,0,0,39853707,497716,676913,41028336,40351423,40351423,0,0.000000,0,0,0,0,0,0,0,0,0,0.000000,0.989703,0,0,0.258065,84.661216,1,1,1,4,8,8,0,0,11756888,4.258028,1.768147,100,155
2d3bafd8-ba4c-4af9-9d2f-bb71a12954b2,adc154abe3cea812fb9fedff32206f3a879c9e26,cache,cache16_l1_16k,ptb,16,resnet19_T4_all,layer_01_layer1_0_conv1,3,16384,8,512,64,262144,16,8192,512,32,2,16,1,16,20,20,12,1,next_burst,2,0,1,10,0,100,1,1,1,1,non_inclusive,lru,2740456,211836,2528620,619307,3182208,0.194615,33238,33334,0.997120,2232,71424,0,0,182087,0,0,39782922,11232,721615,40697856,39976241,113806006,73829765,0.648733,3149440,131195,2529567,0,259291,229387,0,0,0,0.836137,0.989703,0,0,0.258065,80.538450,2,3,3,6,17,20,13,0,14906934,5.439582,2.638893,100,155
2d3bafd8-ba4c-4af9-9d2f-bb71a12954b2,adc154abe3cea812fb9fedff32206f3a879c9e26,cache,cache16_l1_16k,ptb,16,resnet19_T4_all,layer_01_layer1_0_conv1,3,16384,8,512,64,262144,16,8192,512,32,2,16,1,16,20,20,12,1,next_burst,4,0,1,10,0,100,1,1,1,1,non_inclusive,lru,2736600,211836,2524764,629060,3182208,0.197680,41237,41333,0.997677,2232,71424,0,0,163677,0,0,39646703,11232,814548,40636160,39821612,183824668,144003056,0.783372,3149440,140948,2511815,0,267320,229357,0,0,0,0.833623,0.989703,0,0,0.258065,80.231965,4,5,5,6,17,20,47,0,14907510,5.447457,2.714952,100,155
2d3bafd8-ba4c-4af9-9d2f-bb71a12954b2,adc154abe3cea812fb9fedff32206f3a879c9e26,cache,cache16_l1_16k,ptb,16,resnet19_T4_all,layer_01_layer1_0_conv1,3,16384,8,512,64,262144,16,8192,512,32,2,16,1,16,20,20,12,1,next_burst,8,0,1,10,0,100,1,1,1,1,non_inclusive,lru,2734513,211836,2522677,728003,3182208,0.228773,67958,68054,0.998589,2232,71424,0,0,255211,0,0,39460939,11232,875386,40602768,39727382,318099831,278372449,0.875110,3149440,240437,2386151,0,296557,226295,0,0,0,0.825398,0.989703,0,0,0.258065,77.122709,7,9,9,7,17,20,103,0,14908734,5.452062,2.847851,100,155
eb09a9f2-78fa-447a-be04-65535b4d72ac,adc154abe3cea812fb9fedff32206f3a879c9e26,cache,cache16_l1_16k,ptb,16,resnet19_T4_all,layer_01_layer1_0_conv1,3,16384,8,256,32,262144,16,4096,256,64,4,16,1,16,20,20,12,1,none,0,0,1,10,0,100,1,1,1,1,non_inclusive,lru,2550031,211836,2338195,689776,3182208,0.216760,2490128,2492432,0.999076,1152,73728,0,0,0,0,0,36643187,255941,751928,37651056,36899128,36899128,0,0.000000,0,0,0,0,0,0,0,0,0,0.000000,0.989703,0,0,0.281250,78.323981,1,1,1,4,8,8,0,0,11352480,4.451899,1.694674,100,155
eb09a9f2-78fa-447a-be04-65535b4d72ac,adc154abe3cea812fb9fedff32206f3a879c9e26,cache,cache16_l1_16k,ptb,16,resnet19_T4_all,layer_01_layer1_0_conv1,3,16384,8,256,32,262144,16,4096,256,64,4,16,1,16,20,20,12,1,next_burst,2,0,1,10,0,100,1,1,1,1,non_inclusive,lru,2533838,211836,2322002,885692,3182208,0.278326,33132,33212,0.997591,1152,73728,0,0,259804,0,0,36432008,9360,690796,37391968,36701172,99137475,62436303,0.629795,3149440,195916,2263304,0,54778,635442,0,0,0,0.772803,0.989703,0,0,0.281250,72.167376,2,3,3,7,16,20,8,0,14501990,5.723330,2.569108,100,155
eb09a9f2-78fa-447a-be04-65535b4d72ac,adc154abe3cea812fb9fedff32206f3a879c9e26,cache,cache16_l1_16k,ptb,16,resnet19_T4_all,layer_01_layer1_0_conv1,3,16384,8,256,32,262144,16,4096,256,64,4,16,1,16,20,20,12,1,next_burst,4,0,1,10,0,100,1,1,1,1,non_inclusive,lru,2531498,211836,2319662,853983,3182208,0.268362,36164,36244,0.997793,1152,73728,0,0,186409,0,0,36400251,9360,758508,37354528,36596020,159600292,123004272,0.770702,3149440,164207,2291981,0,41792,651460,0,0,0,0.771850,0.989703,0,0,0.281250,73.163822,3,5,5,8,18,20,40,0,14502652,5.728881,2.660034,100,155
eb09a9f2-78fa-447a-be04-65535b4d72ac,adc154abe3cea812fb9fedff32206f3a879c9e26,cache,cache16_l1_16k,ptb,16,resnet19_T4_all,layer_01_layer1_0_conv1,3,16384,8,256,32,262144,16,4096,256,64,4,16,1,16,20,20,12,1,next_burst,8,0,1,10,0,100,1,1,1,1,non_inclusive,lru,2529952,211836,2318116,834083,3182208,0.262108,43828,43908,0.998178,1152,73728,0,0,167635,0,0,36407377,9360,745420,37329792,36584372,276264975,239680603,0.867575,3149440,144531,2304217,0,51464,649228,0,0,0,0.769512,0.989703,0,0,0.281250,73.789174,6,9,9,10,18,20,75,0,14503332,5.732651,2.713035,100,155
eb4c5517-faa8-4751-a96e-e5329a868eef,adc154abe3cea812fb9fedff32206f3a879c9e26,cache,cache16_l1_16k,ptb,16,resnet19_T4_all,layer_01_layer1_0_conv1,4,16384,8,1024,128,262144,16,16384,1024,16,1,16,1,16,20,20,12,1,none,0,0,1,10,0,100,1,1,1,1,non_inclusive,lru,2692818,224486,2468332,767696,3370176,0.227791,2594848,2602480,0.997067,3816,61056,0,0,0,0,0,38126698,849297,771685,39747680,38975995,38975995,0,0.000000,0,0,0,0,0,0,0,0,0,0.000000,0.990277,0,0,0.000000,77.220893,1,1,1,4,8,8,0,0,11951176,4.438167,1.798160,105,169
eb4c5517-faa8-4751-a96e-e5329a868eef,adc154abe3cea812fb9fedff32206f3a879c9e26,cache,cache16_l1_16k,ptb,16,resnet19_T4_all,layer_01_layer1_0_conv1,4,16384,8,1024,128,262144,16,16384,1024,16,1,16,1,16,20,20,12,1,next_burst,2,0,1,10,0,100,1,1,1,1,non_inclusive,lru,2659303,224486,2434817,939381,3370176,0.278734,25503,25615,0.995628,3816,61056,0,0,358747,0,0,38071944,13104,767645,39211440,38443795,105125476,66681681,0.634306,3337408,171685,2405180,0,760543,0,0,0,0,0.764608,0.990277,0,0,0.000000,72.126649,2,3,3,7,17,20,13,0,15290368,5.749765,2.854185,105,169
eb4c5517-faa8-4751-a96e-e5329a868eef,adc154abe3cea812fb9fedff32206f3a879c9e26,cache,cache16_l1_16k,ptb,16,resnet19_T4_all,layer_01_layer1_0_conv1,4,16384,8,1024,128,262144,16,16384,1024,16,1,16,1,16,20,20,12,1,next_burst,4,0,1,10,0,100,1,1,1,1,non_inclusive,lru,2652018,224486,2427532,969867,3370176,0.287779,37246,37358,0.997002,3816,61056,0,0,365592,0,0,37830255,13104,885929,39094880,38208951,167594746,129385795,0.772016,3337408,202261,2362951,0,772196,0,0,0,0,0.761151,0.990277,0,0,0.000000,71.222067,3,5,5,7,17,20,47,0,15290848,5.765741,2.964046,105,169
eb4c5517-faa8-4751-a96e-e5329a868eef,adc154abe3cea812fb9fedff32206f3a879c9e26,cache,cache16_l1_16k,ptb,16,resnet19_T4_all,layer_01_layer1_0_conv1,4,16384,8,1024,128,262144,16,16384,1024,16,1,16,1,16,20,20,12,1,next_burst,8,0,1,10,0,100,1,1,1,1,non_inclusive,lru,2649499,224486,2425013,1128990,3370176,0.334994,78324,78436,0.998572,3816,61056,0,0,523319,0,0,37490461,13104,1027692,39054576,38026884,286291015,248264131,0.867174,3337408,362407,2162750,0,812251,0,0,0,0,0.749266,0.990277,0,0,0.000000,66.500563,6,9,9,8,17,20,114,0,15293380,5.772178,3.027879,105,169
49b34ab5-2d70-4b0f-8244-c153f22d2537,adc154abe3cea812fb9fedff32206f3a879c9e26,cache,cache16_l1_16k,ptb,16,resnet19_T4_all,layer_01_layer1_0_conv1,4,16384,8,512,64,262144,16,8192,512,32,2,16,1,16,20,20,12,1,none,0,0,1,10,0,100,1,1,1,1,non_inclusive,lru,2922665,224486,2698179,514512,3370176,0.152666,2851488,2855664,0.998538,2088,66816,0,0,0,0,0,42241656,463954,719622,43425232,42705610,42705610,0,0.000000,0,0,0,0,0,0,0,0,0,0.000000,0.990277,0,0,0.086207,84.733379,1,1,1,4,8,8,0,0,12455816,4.261801,1.830435,105,169
49b34ab5-2d70-4b0f-8244-c153f22d2537,adc154abe3cea812fb9fedff32206f3a879c9e26,cache,cache16_l1_16k,ptb,16,resnet19_T4_all,layer_01_layer1_0_conv1,4,16384,8,512,64,262144,16,8192,512,32,2,16,1,16,20,20,12,1,next_burst,2,0,1,10,0,100,1,1,1,1,non_inclusive,lru,2900696,224486,2676210,661831,3370176,0.196379,30580,30644,0.997911,2088,66816,0,0,183525,0,0,42160820,7488,721895,43073728,42351833,119841714,77489881,0.646602,3337408,147319,2677701,0,221516,290872,0,0,0,0.838241,0.990277,0,0,0.086207,80.362124,2,3,3,9,18,20,13,0,15794464,5.445060,2.859658,105,169
49b34ab5-2d70-4b0f-8244-c153f22d2537,adc154abe3cea812fb9fedff32206f3a879c9e26,cache,cache16_l1_16k,ptb,16,resnet19_T4_all,layer_01_layer1_0_conv1,4,16384,8,512,64,262144,16,8192,512,32,2,16,1,16,20,20,12,1,next_burst,4,0,1,10,0,100,1,1,1,1,non_inclusive,lru,2897894,224486,2673408,674247,3370176,0.200063,36899,36963,0.998269,2088,66816,0,0,150641,0,0,42068425,7488,802342,43028896,42226554,194454873,152228319,0.782847,3337408,159735,2658966,0,228395,290312,0,0,0,0.836366,0.990277,0,0,0.086207,79.993715,4,5,5,11,17,20,43,0,15795084,5.450539,2.899452,105,169
49b34ab5-2d70-4b0f-8244-c153f22d2537,adc154abe3cea812fb9fedff32206f3a879c9e26,cache,cache16_l1_16k,ptb,16,resnet19_T4_all,layer_01_layer1_0_conv1,4,16384,8,512,64,262144,16,8192,512,32,2,16,1,16,20,20,12,1,next_burst,8,0,1,10,0,100,1,1,1,1,non_inclusive,lru,2897248,224486,2672762,755775,3370176,0.224254,60611,60675,0.998945,2088,66816,0,0,234721,0,0,41903546,7488,872805,43018560,42145755,337868438,295722683,0.875260,3337408,242075,2553726,0,253892,287715,0,0,0,0.829571,0.990277,0,0,0.086207,77.574613,7,9,9,14,18,20,107,0,15796888,5.452377,3.035723,105,169
817a0a16-092a-4b75-9e9a-efcf2a427d45,adc154abe3cea812fb9fedff32206f3a879c9e26,cache,cache16_l1_16k,ptb,16,resnet19_T4_all,layer_01_layer1_0_conv1,4,16384,8,256,32,262144,16,4096,256,64,4,16,1,16,20,20,12,1,none,0,0,1,10,0,100,1,1,1,1,non_inclusive,lru,2561311,224486,2336825,870000,3370176,0.258147,2497872,2500176,0.999078,1152,73728,0,0,0,0,0,36558347,255413,829808,37643568,36813760,36813760,0,0.000000,0,0,0,0,0,0,0,0,0,0.000000,0.990277,0,0,0.171875,74.185324,1,1,1,4,8,8,0,0,11743904,4.585114,1.710217,105,169
817a0a16-092a-4b75-9e9a-efcf2a427d45,adc154abe3cea812fb9fedff32206f3a879c9e26,cache,cache16_l1_16k,ptb,16,resnet19_T4_all,layer_01_layer1_0_conv1,4,16384,8,256,32,262144,16,4096,256,64,4,16,1,16,20,20,12,1,next_burst,2,0,1,10,0,100,1,1,1,1,non_inclusive,lru,2541400,224486,2316914,1096433,3370176,0.325334,32802,32866,0.998053,1152,73728,0,0,358744,0,0,36265577,7488,693183,37324992,36631809,95944161,59312352,0.618197,3337408,226433,2240877,0,68661,801437,0,0,0,0.732101,0.990277,0,0,0.171875,67.466595,2,3,3,9,15,20,8,0,15081342,5.934265,2.743785,105,169
817a0a16-092a-4b75-9e9a-efcf2a427d45,adc154abe3cea812fb9fedff32206f3a879c9e26,cache,cache16_l1_16k,ptb,16,resnet19_T4_all,layer_01_layer1_0_conv1,4,16384,8,256,32,262144,16,4096,256,64,4,16,1,16,20,20,12,1,next_burst,4,0,1,10,0,100,1,1,1,1,non_inclusive,lru,2539361,224486,2314875,1052961,3370176,0.312435,34306,34370,0.998138,1152,73728,0,0,276313,0,0,36208877,7488,799690,37292368,36492678,152757566,116264888,0.761107,3337408,182961,2282845,0,26248,845354,0,0,0,0.731655,0.990277,0,0,0.171875,68.756498,3,5,5,11,18,20,40,0,15082120,5.939337,2.825872,105,169
817a0a16-092a-4b75-9e9a-efcf2a427d45,adc154abe3cea812fb9fedff32206f3a879c9e26,cache,cache16_l1_16k,ptb,16,resnet19_T4_all,layer_01_layer1_0_conv1,4,16384,8,256,32,262144,16,4096,256,64,4,16,1,16,20,20,12,1,next_burst,8,0,1,10,0,100,1,1,1,1,non_inclusive,lru,2538541,224486,2314055,1018230,3370176,0.302130,40386,40450,0.998418,1152,73728,0,0,226972,0,0,36272221,7488,772567,37279248,36506681,262940806,226434125,0.861160,3337408,148326,2311496,0,34798,842788,0,0,0,0.729879,0.990277,0,0,0.171875,69.787038,6,8,9,14,17,20,74,0,15082688,5.941479,2.835381,105,169
a13fd57e-1557-49de-b825-e5f96d1a5409,adc154abe3cea812fb9fedff32206f3a879c9e26,cache,cache16_l1_16k,ptb,16,resnet19_T4_all,layer_16_layer3_0_conv2,0,16384,8,1024,128,262144,16,16384,1024,16,1,16,1,16,20,20,12,1,none,0,0,1,10,0,100,1,1,1,1,non_inclusive,lru,12624181,118456,12505725,0,1895296,0.000000,84848,1895296,0.044768,1810448,28967168,0,0,0,0,0,896926,199169892,25806,200092624,200066818,200066818,0,0.000000,0,0,0,0,0,0,0,0,0,0.000000,0.999460,0,0,0.000000,100.000000,1,1,1,11,15,16,0,0,9391696,0.743945,1.702630,1818,2753
a13fd57e-1557-49de-b825-e5f96d1a5409,adc154abe3cea812fb9fedff32206f3a879c9e26,cache,cache16_l1_16k,ptb,16,resnet19_T4_all,layer_16_layer3_0_conv2,0,16384,8,1024,128,262144,16,16384,1024,16,1,16,1,16,20,20,12,1,next_burst,2,0,1,10,0,100,1,1,1,1,non_inclusive,lru,9969802,118456,9851346,121830,1895296,0.064280,112,1024,0.109375,1810448,28967168,0,0,26009,0,0,157395230,107160,94161,157622560,157528399,476179163,318650764,0.669183,1894272,121830,1772442,0,0,0,0,0,0,0.999460,0.999460,0,0,0.000000,93.571980,2,3,3,16,19,20,28,0,13086098,1.312574,2.466989,1818,2753
a13fd57e-1557-49de-b825-e5f96d1a5409,adc154abe3cea812fb9fedff32206f3a879c9e26,cache,cache16_l1_16k,ptb,16,resnet19_T4_all,layer_16_layer3_0_conv2,0,16384,8,1024,128,262144,16,16384,1024,16,1,16,1,16,20,20,12,1,next_burst,4,0,1,10,0,100,1,1,1,1,non_inclusive,lru,9965257,118456,9846801,156682,1895296,0.082669,112,1024,0.109375,1810448,28967168,0,0,50587,0,0,157296765,107160,95328,157549840,157454512,794057470,636602958,0.801709,1894272,156682,1737590,0,0,0,0,0,0,0.999460,0.999460,0,0,0.000000,91.733112,4,5,5,16,19,20,60,0,13093099,1.313875,2.529557,1818,2753
a13fd57e-1557-49de-b825-e5f96d1a5409,adc154abe3cea812fb9fedff32206f3a879c9e26,cache,cache16_l1_16k,ptb,16,resnet19_T4_all,layer_16_layer3_0_conv2,0,16384,8,1024,128,262144,16,16384,1024,16,1,16,1,16,20,20,12,1,next_burst,8,0,1,10,0,100,1,1,1,1,non_inclusive,lru,9966636,118456,9848180,135498,1895296,0.071492,112,1024,0.109375,1810448,28967168,0,0,56626,0,0,157278953,107160,129165,157571904,157442739,1429569106,1272126367,0.889867,1894272,135498,1758774,0,0,0,0,0,0,0.999460,0.999460,0,0,0.000000,92.850826,8,9,9,16,19,20,124,0,13094937,1.313877,2.670634,1818,2753
5aeab828-94d4-41a0-97bf-df79bbe3029f,adc154abe3cea812fb9fedff32206f3a879c9e26,cache,cache16_l1_16k,ptb,16,resnet19_T4_all,layer_16_layer3_0_conv2,0,16384,8,512,64,262144,16,8192,512,32,2,16,1,16,20,20,12,1,none,0,0,1,10,0,100,1,1,1,1,non_inclusive,lru,9389815,118456,9271359,534784,1895296,0.282164,13600,1360512,0.009996,1346912,43101184,0,0,0,0,0,158917,148170771,13080,148342768,148329688,148329688,0,0.000000,0,0,0,0,0,0,0,0,0,0.000000,0.999460,0,0,0.154590,71.783616,1,1,1,9,15,16,0,0,7858592,0.836927,1.351062,1818,2753
5aeab828-94d4-41a0-97bf-df79bbe3029f,adc154abe3cea812fb9fedff32206f3a879c9e26,cache,cache16_l1_16k,ptb,16,resnet19_T4_all,layer_16_layer3_0_conv2,0,16384,8,512,64,262144,16,8192,512,32,2,16,1,16,20,20,12,1,next_burst,2,0,1,10,0,100,1,1,1,1,non_inclusive,lru,7422374,118456,7303918,646595,1895296,0.341158,48,1024,0.046875,1346912,43101184,0,0,113128,0,0,116438202,114680,197702,116863712,116666010,283943152,167277142,0.589122,1894272,111811,1247677,0,25418,509366,0,0,0,0.717296,0.999460,0,0,0.154590,65.884221,2,3,3,17,19,20,28,0,11093931,1.494661,2.209666,1818,2753
5aeab828-94d4-41a0-97bf-df79bbe3029f,adc154abe3cea812fb9fedff32206f3a879c9e26,cache,cache16_l1_16k,ptb,16,resnet19_T4_all,layer_16_layer3_0_conv2,0,16384,8,512,64,262144,16,8192,512,32,2,16,1,16,20,20,12,1,next_burst,4,0,1,10,0,100,1,1,1,1,non_inclusive,lru,7417296,118456,7298840,755685,1895296,0.398716,48,1024,0.046875,1346912,43101184,0,0,247890,0,0,116313327,114680,106567,116782464,116675897,452849942,336174045,0.742352,1894272,220901,1138587,0,1560,533224,0,0,0,0.717296,0.999460,0,0,0.154590,60.128392,3,4,5,17,19,20,60,0,11097547,1.496172,2.198043,1818,2753
5aeab828-94d4-41a0-97bf-df79bbe3029f,adc154abe3cea812fb9fedff32206f3a879c9e26,cache,cache16_l1_16k,ptb,16,resnet19_T4_all,layer_16_layer3_0_conv2,0,16384,8,512,64,262144,16,8192,512,32,2,16,1,16,20,20,12,1,next_burst,8,0,1,10,0,100,1,1,1,1,non_inclusive,lru,7415931,118456,7297475,755812,1895296,0.398783,48,1024,0.046875,1346912,43101184,0,0,260119,0,0,116238903,114680,146922,116760624,116613702,793047376,676433674,0.852955,1894272,221028,1138460,0,968,533816,0,0,0,0.717296,0.999460,0,0,0.154590,60.121691,6,7,9,17,19,20,124,0,11097814,1.496483,2.271462,1818,2753
30e4ac3d-43bc-4354-b97f-48734e4ffc13,adc154abe3cea812fb9fedff32206f3a879c9e26,cache,cache16_l1_16k,ptb,16,resnet19_T4_all,layer_16_layer3_0_conv2,0,16384,8,256,32,262144,16,4096,256,64,4,16,1,16,20,20,12,1,none,0,0,1,10,0,100,1,1,1,1,non_inclusive,lru,5551524,118456,5433068,1100352,1895296,0.580570,5520,794944,0.006944,789424,50523136,0,0,0,0,0,75747,86844248,10117,86930112,86919995,86919995,0,0.000000,0,0,0,0,0,0,0,0,0,0.000000,0.999460,0,0,0.184679,41.943000,1,1,1,8,15,16,0,0,6169968,1.111401,1.036882,1818,2753
30e4ac3d-43bc-4354-b97f-48734e4ffc13,adc154abe3cea812fb9fedff32206f3a879c9e26,cache,cache16_l1_16k,ptb,16,resnet19_T4_all,layer_16_layer3_0_conv2,0,16384,8,256,32,262144,16,4096,256,64,4,16,1,16,20,20,12,1,next_burst,2,0,1,10,0,100,1,1,1,1,non_inclusive,lru,4422788,118456,4304332,1147907,1895296,0.605661,48,1024,0.046875,789424,50523136,0,0,517095,0,0,67622903,114680,615658,68870336,68254678,111971363,43716685,0.390427,1894272,47555,746365,0,154734,945618,0,0,0,0.418890,0.999460,0,0,0.184679,39.433893,1,2,3,13,19,20,27,0,8348283,1.887561,1.804021,1818,2753
30e4ac3d-43bc-4354-b97f-48734e4ffc13,adc154abe3cea812fb9fedff32206f3a879c9e26,cache,cache16_l1_16k,ptb,16,resnet19_T4_all,layer_16_layer3_0_conv2,0,16384,8,256,32,262144,16,4096,256,64,4,16,1,16,20,20,12,1,next_burst,4,0,1,10,0,100,1,1,1,1,non_inclusive,lru,4354741,118456,4236285,1199283,1895296,0.632768,48,1024,0.046875,789424,50523136,0,0,613115,0,0,66932444,114680,121345,67781584,67660239,174072812,106412573,0.611311,1894272,98931,694989,0,17713,1082639,0,0,0,0.418890,0.999460,0,0,0.184679,36.723182,2,3,5,17,19,20,57,0,8851443,2.032599,1.731071,1818,2753
30e4ac3d-43bc-4354-b97f-48734e4ffc13,adc154abe3cea812fb9fedff32206f3a879c9e26,cache,cache16_l1_16k,ptb,16,resnet19_T4_all,layer_16_layer3_0_conv2,0,16384,8,256,32,262144,16,4096,256,64,4,16,1,16,20,20,12,1,next_burst,8,0,1,10,0,100,1,1,1,1,non_inclusive,lru,4352905,118456,4234449,1234303,1895296,0.651246,48,1024,0.046875,789424,50523136,0,0,674853,0,0,66882100,114680,80575,67752208,67671633,289850310,222178677,0.766529,1894272,133951,659969,0,156,1100196,0,0,0,0.418890,0.999460,0,0,0.184679,34.875450,3,5,7,17,19,20,92,0,8852124,2.033613,1.749203,1818,2753
1ddbf5d9-9d55-4c7f-931e-23803f41c1f4,adc154abe3cea812fb9fedff32206f3a879c9e26,cache,cache16_l1_16k,ptb,16,resnet19_T4_all,layer_16_layer3_0_conv2,1,16384,8,1024,128,262144,16,16384,1024,16,1,16,1,16,20,20,12,1,none,0,0,1,10,0,100,1,1,1,1,non_inclusive,lru,13526054,126100,13399954,0,2017600,0.000000,76096,2017600,0.037716,1941504,31064064,0,0,0,0,0,798088,213581845,20355,214400288,214379933,214379933,0,0.000000,0,0,0,0,0,0,0,0,0,0.000000,0.999492,0,0,0.000000,100.000000,1,1,1,10,15,16,0,0,10011968,0.740199,1.732013,1907,2937
1ddbf5d9-9d55-4c7f-931e-23803f41c1f4,adc154abe3cea812fb9fedff32206f3a879c9e26,cache,cache16_l1_16k,ptb,16,resnet19_T4_all,layer_16_layer3_0_conv2,1,16384,8,1024,128,262144,16,16384,1024,16,1,16,1,16,20,20,12,1,next_burst,2,0,1,10,0,100,1,1,1,1,non_inclusive,lru,10688878,126100,10562778,93758,2017600,0.046470,112,1024,0.109375,1941504,31064064,0,0,19183,0,0,168796020,107160,83109,169005472,168922363,510591622,341669259,0.669163,2016576,93758,1922818,0,0,0,0,0,0,0.999492,0.999492,0,0,0.000000,95.352994,2,3,3,16,19,20,28,0,13960549,1.306082,2.600697,1907,2937
1ddbf5d9-9d55-4c7f-931e-23803f41c1f4,adc154abe3cea812fb9fedff32206f3a879c9e26,cache,cache16_l1_16k,ptb,16,resnet19_T4_all,layer_16_layer3_0_conv2,1,16384,8,1024,128,262144,16,16384,1024,16,1,16,1,16,20,20,12,1,next_burst,4,0,1,10,0,100,1,1,1,1,non_inclusive,lru,10685509,126100,10559409,123527,2017600,0.061225,112,1024,0.109375,1941504,31064064,0,0,41233,0,0,168706086,107160,97089,168951568,168854479,851646471,682791992,0.801732,2016576,123527,1893049,0,0,0,0,0,0,0.999492,0.999492,0,0,0.000000,93.877528,4,5,5,16,19,20,60,0,13966936,1.307091,2.673233,1907,2937
1ddbf5d9-9d55-4c7f-931e-23803f41c1f4,adc154abe3cea812fb9fedff32206f3a879c9e26,cache,cache16_l1_16k,ptb,16,resnet19_T4_all,layer_16_layer3_0_conv2,1,16384,8,1024,128,262144,16,16384,1024,16,1,16,1,16,20,20,12,1,next_burst,8,0,1,10,0,100,1,1,1,1,non_inclusive,lru,10687349,126100,10561249,126845,2017600,0.062869,112,1024,0.109375,1941504,31064064,0,0,54107,0,0,168737605,107160,82136,168981008,168898872,1533225196,1364326324,0.889841,2016576,126845,1889731,0,0,0,0,0,0,0.999492,0.999492,0,0,0.000000,93.713075,8,9,9,16,19,20,124,0,13968601,1.307022,2.800398,1907,2937
87742a22-da6c-42f3-bdbc-ea8ee7831105,adc154abe3cea812fb9fedff32206f3a879c9e26,cache,cache16_l1_16k,ptb,16,resnet19_T4_all,layer_16_layer3_0_conv2,1,16384,8,512,64,262144,16,8192,512,32,2,16,1,16,20,20,12,1,none,0,0,1,10,0,100,1,1,1,1,non_inclusive,lru,9682222,126100,9556122,616064,2017600,0.305345,13200,1401536,0.009418,1388336,44426752,0,0,0,0,0,158752,152727292,12932,152898976,152886044,152886044,0,0.000000,0,0,0,0,0,0,0,0,0,0.000000,0.999492,0,0,0.126432,69.465504,1,1,1,9,15,16,0,0,8226672,0.849668,1.434782,1907,2937
87742a22-da6c-42f3-bdbc-ea8ee7831105,adc154abe3cea812fb9fedff32206f3a879c9e26,cache,cache16_l1_16k,ptb,16,resnet19_T4_all,layer_16_layer3_0_conv2,1,16384,8,512,64,262144,16,8192,512,32,2,16,1,16,20,20,12,1,next_burst,2,0,1,10,0,100,1,1,1,1,non_inclusive,lru,7648999,126100,7522899,729792,2017600,0.361713,48,1024,0.046875,1388336,44426752,0,0,120062,0,0,119963379,114680,169287,120367408,120198121,286925429,166727308,0.581082,2016576,113728,1286784,0,26461,589603,0,0,0,0.694148,0.999492,0,0,0.126432,63.828707,2,3,3,17,19,20,28,0,11625446,1.519865,2.319436,1907,2937
87742a22-da6c-42f3-bdbc-ea8ee7831105,adc154abe3cea812fb9fedff32206f3a879c9e26,cache,cache16_l1_16k,ptb,16,resnet19_T4_all,layer_16_layer3_0_conv2,1,16384,8,512,64,262144,16,8192,512,32,2,16,1,16,20,20,12,1,next_burst,4,0,1,10,0,100,1,1,1,1,non_inclusive,lru,7645418,126100,7519318,836135,2017600,0.414421,48,1024,0.046875,1388336,44426752,0,0,269193,0,0,119786803,114680,139436,120310112,120170676,456024799,335854123,0.736482,2016576,220071,1180441,0,1771,614293,0,0,0,0.694148,0.999492,0,0,0.126432,58.557940,3,4,5,17,19,20,60,0,11629283,1.521079,2.291951,1907,2937
87742a22-da6c-42f3-bdbc-ea8ee7831105,adc154abe3cea812fb9fedff32206f3a879c9e26,cache,cache16_l1_16k,ptb,16,resnet19_T4_all,layer_16_layer3_0_conv2,1,16384,8,512,64,262144,16,8192,512,32,2,16,1,16,20,20,12,1,next_burst,8,0,1,10,0,100,1,1,1,1,non_inclusive,lru,7644405,126100,7518305,873933,2017600,0.433155,48,1024,0.046875,1388336,44426752,0,0,325651,0,0,119693733,114680,159840,120293904,120134064,793744360,673610296,0.848649,2016576,257869,1142643,0,455,615609,0,0,0,0.694148,0.999492,0,0,0.126432,56.684526,6,7,9,17,19,20,124,0,11629595,1.521321,2.353484,1907,2937
1fc07871-f96e-416f-9146-846b1dd359d8,adc154abe3cea812fb9fedff32206f3a879c9e26,cache,cache16_l1_16k,ptb,16,resnet19_T4_all,layer_16_layer3_0_conv2,1,16384,8,256,32,262144,16,4096,256,64,4,16,1,16,20,20,12,1,none,0,0,1,10,0,100,1,1,1,1,non_inclusive,lru,5599178,126100,5473078,1216832,2017600,0.603109,5520,800768,0.006893,795248,50895872,0,0,0,0,0,74952,87484720,10600,87570272,87559672,87559672,0,0.000000,0,0,0,0,0,0,0,0,0,0.000000,0.999492,0,0,0.139323,39.689136,1,1,1,8,15,16,0,0,6432048,1.148749,1.076008,1907,2937
1fc07871-f96e-416f-9146-846b1dd359d8,adc154abe3cea812fb9fedff32206f3a879c9e26,cache,cache16_l1_16k,ptb,16,resnet19_T4_all,layer_16_layer3_0_conv2,1,16384,8,256,32,262144,16,4096,256,64,4,16,1,16,20,20,12,1,next_burst,2,0,1,10,0,100,1,1,1,1,non_inclusive,lru,4483487,126100,4357387,1262482,2017600,0.625735,48,1024,0.046875,795248,50895872,0,0,596515,0,0,68371769,114680,636252,69719216,69082964,107500405,38417441,0.357370,2016576,45650,754094,0,185096,1031736,0,0,0,0.396384,0.999492,0,0,0.139323,37.426546,1,2,3,13,19,20,28,0,8663430,1.932297,1.841396,1907,2937
1fc07871-f96e-416f-9146-846b1dd359d8,adc154abe3cea812fb9fedff32206f3a879c9e26,cache,cache16_l1_16k,ptb,16,resnet19_T4_all,layer_16_layer3_0_conv2,1,16384,8,256,32,262144,16,4096,256,64,4,16,1,16,20,20,12,1,next_burst,4,0,1,10,0,100,1,1,1,1,non_inclusive,lru,4387294,126100,4261194,1304367,2017600,0.646494,48,1024,0.046875,795248,50895872,0,0,677232,0,0,67247233,114680,140983,68180128,68039145,166653393,98614248,0.591733,2016576,87535,712209,0,21693,1195139,0,0,0,0.396384,0.999492,0,0,0.139323,35.350565,2,3,5,17,19,20,44,0,9240448,2.106184,1.810601,1907,2937
1fc07871-f96e-416f-9146-846b1dd359d8,adc154abe3cea812fb9fedff32206f3a879c9e26,cache,cache16_l1_16k,ptb,16,resnet19_T4_all,layer_16_layer3_0_conv2,1,16384,8,256,32,262144,16,4096,256,64,4,16,1,16,20,20,12,1,next_burst,8,0,1,10,0,100,1,1,1,1,non_inclusive,lru,4384689,126100,4258589,1356864,2017600,0.672514,48,1024,0.046875,795248,50895872,0,0,774871,0,0,67130865,114680,118032,68138448,68020416,280005227,211984811,0.757074,2016576,140032,659712,0,177,1216655,0,0,0,0.396384,0.999492,0,0,0.139323,32.748612,3,5,7,17,19,20,87,0,9242433,2.107888,1.818994,1907,2937
e6b0f70e-a949-48db-8856-749b939b4ab7,adc154abe3cea812fb9fedff32206f3a879c9e26,cache,cache16_l1_16k,ptb,16,resnet19_T4_all,layer_16_layer3_0_conv2,2,16384,8,1024,128,262144,16,16384,1024,16,1,16,1,16,20,20,12,1,none,0,0,1,10,0,100,1,1,1,1,non_inclusive,lru,13656132,126864,13529268,0,2029824,0.000000,68752,2029824,0.033871,1961072,31377152,0,0,0,0,0,716584,215733364,19364,216469312,216449948,216449948,0,0.000000,0,0,0,0,0,0,0,0,0,0.000000,0.999496,0,0,0.000000,100.000000,1,1,1,10,15,16,0,0,10080432,0.738162,1.801080,1922,2925
e6b0f70e-a949-48db-8856-749b939b4ab7,adc154abe3cea812fb9fedff32206f3a879c9e26,cache,cache16_l1_16k,ptb,16,resnet19_T4_all,layer_16_layer3_0_conv2,2,16384,8,1024,128,262144,16,16384,1024,16,1,16,1,16,20,20,12,1,next_burst,2,0,1,10,0,100,1,1,1,1,non_inclusive,lru,10795476,126864,10668612,85750,2029824,0.042245,0,1024,0.000000,1961072,31377152,0,0,17859,0,0,170495692,120320,64945,170698816,170633871,515711052,345077181,0.669129,2028800,85750,1943050,0,0,0,0,0,0,0.999496,0.999496,0,0,0.000000,95.775496,2,3,3,16,19,20,28,0,14060876,1.302479,2.703246,1922,2925
e6b0f70e-a949-48db-8856-749b939b4ab7,adc154abe3cea812fb9fedff32206f3a879c9e26,cache,cache16_l1_16k,ptb,16,resnet19_T4_all,layer_16_layer3_0_conv2,2,16384,8,1024,128,262144,16,16384,1024,16,1,16,1,16,20,20,12,1,next_burst,4,0,1,10,0,100,1,1,1,1,non_inclusive,lru,10792131,126864,10665267,97808,2029824,0.048185,0,1024,0.000000,1961072,31377152,0,0,35108,0,0,170411624,120320,78244,170645296,170567052,860174407,689607355,0.801706,2028800,97808,1930992,0,0,0,0,0,0,0.999496,0.999496,0,0,0.000000,95.181454,4,5,5,16,19,20,60,0,14067417,1.303488,2.669324,1922,2925
e6b0f70e-a949-48db-8856-749b939b4ab7,adc154abe3cea812fb9fedff32206f3a879c9e26,cache,cache16_l1_16k,ptb,16,resnet19_T4_all,layer_16_layer3_0_conv2,2,16384,8,1024,128,262144,16,16384,1024,16,1,16,1,16,20,20,12,1,next_burst,8,0,1,10,0,100,1,1,1,1,non_inclusive,lru,10793417,126864,10666553,106326,2029824,0.052382,0,1024,0.000000,1961072,31377152,0,0,47857,0,0,170399781,120320,97914,170665872,170567958,1548506307,1377938349,0.889850,2028800,106326,1922474,0,0,0,0,0,0,0.999496,0.999496,0,0,0.000000,94.761812,8,9,9,16,19,20,124,0,14068865,1.303467,2.817105,1922,2925
50573523-8930-4064-b1ac-ca0a6716e471,adc154abe3cea812fb9fedff32206f3a879c9e26,cache,cache16_l1_16k,ptb,16,resnet19_T4_all,layer_16_layer3_0_conv2,2,16384,8,512,64,262144,16,8192,512,32,2,16,1,16,20,20,12,1,none,0,0,1,10,0,100,1,1,1,1,non_inclusive,lru,9729866,126864,9603002,623360,2029824,0.307101,11072,1406464,0.007872,1395392,44652544,0,0,0,0,0,132574,153503920,12562,153649056,153636494,153636494,0,0.000000,0,0,0,0,0,0,0,0,0,0.000000,0.999496,0,0,0.079063,69.289948,1,1,1,9,15,16,0,0,8268032,0.849758,1.427807,1922,2925
50573523-8930-4064-b1ac-ca0a6716e471,adc154abe3cea812fb9fedff32206f3a879c9e26,cache,cache16_l1_16k,ptb,16,resnet19_T4_all,layer_16_layer3_0_conv2,2,16384,8,512,64,262144,16,8192,512,32,2,16,1,16,20,20,12,1,next_burst,2,0,1,10,0,100,1,1,1,1,non_inclusive,lru,7689216,126864,7562352,720932,2029824,0.355170,0,1024,0.000000,1395392,44652544,0,0,109443,0,0,120594704,120320,174189,120998656,120824467,286343966,165519499,0.578044,2028800,97572,1307868,0,26551,596809,0,0,0,0.692395,0.999496,0,0,0.079063,64.483029,2,3,3,17,19,20,28,0,11685891,1.519777,2.381724,1922,2925
50573523-8930-4064-b1ac-ca0a6716e471,adc154abe3cea812fb9fedff32206f3a879c9e26,cache,cache16_l1_16k,ptb,16,resnet19_T4_all,layer_16_layer3_0_conv2,2,16384,8,512,64,262144,16,8192,512,32,2,16,1,16,20,20,12,1,next_burst,4,0,1,10,0,100,1,1,1,1,non_inclusive,lru,7684329,126864,7557465,835493,2029824,0.411609,0,1024,0.000000,1395392,44652544,0,0,258814,0,0,120418338,120320,122992,120920464,120797472,456249045,335451573,0.735238,2028800,212133,1193307,0,1511,621849,0,0,0,0.692395,0.999496,0,0,0.079063,58.839141,3,4,5,17,19,20,60,0,11690003,1.521278,2.346349,1922,2925
50573523-8930-4064-b1ac-ca0a6716e471,adc154abe3cea812fb9fedff32206f3a879c9e26,cache,cache16_l1_16k,ptb,16,resnet19_T4_all,layer_16_layer3_0_conv2,2,16384,8,512,64,262144,16,8192,512,32,2,16,1,16,20,20,12,1,next_burst,8,0,1,10,0,100,1,1,1,1,non_inclusive,lru,7682771,126864,7555907,872492,2029824,0.429836,0,1024,0.000000,1395392,44652544,0,0,315225,0,0,120314885,120320,145106,120895536,120750430,791812343,671061913,0.847501,2028800,249132,1156308,0,428,622932,0,0,0,0.692395,0.999496,0,0,0.079063,57.016372,6,7,9,17,19,20,124,0,11690319,1.521628,2.377985,1922,2925
3e8d8982-c34f-4d9e-9eea-ec0bf1529000,adc154abe3cea812fb9fedff32206f3a879c9e26,cache,cache16_l1_16k,ptb,16,resnet19_T4_all,layer_16_layer3_0_conv2,2,16384,8,256,32,262144,16,4096,256,64,4,16,1,16,20,20,12,1,none,0,0,1,10,0,100,1,1,1,1,non_inclusive,lru,5608820,126864,5481956,1227776,2029824,0.604868,5520,802048,0.006882,796528,50977792,0,0,0,0,0,76353,87625967,10000,87712320,87702320,87702320,0,0.000000,0,0,0,0,0,0,0,0,0,0.000000,0.999496,0,0,0.087457,39.513179,1,1,1,8,15,16,0,0,6460336,1.151817,1.063099,1922,2925
3e8d8982-c34f-4d9e-9eea-ec0bf1529000,adc154abe3cea812fb9fedff32206f3a879c9e26,cache,cache16_l1_16k,ptb,16,resnet19_T4_all,layer_16_layer3_0_conv2,2,16384,8,256,32,262144,16,4096,256,64,4,16,1,16,20,20,12,1,next_burst,2,0,1,10,0,100,1,1,1,1,non_inclusive,lru,4507620,126864,4380756,1271582,2029824,0.626449,0,1024,0.000000,796528,50977792,0,0,603253,0,0,68727421,120320,642126,70093120,69450994,107652997,38202003,0.354862,2028800,43806,757218,0,192662,1035114,0,0,0,0.394627,0.999496,0,0,0.087457,37.355061,1,2,3,13,19,20,22,0,8692365,1.928371,1.834001,1922,2925
3e8d8982-c34f-4d9e-9eea-ec0bf1529000,adc154abe3cea812fb9fedff32206f3a879c9e26,cache,cache16_l1_16k,ptb,16,resnet19_T4_all,layer_16_layer3_0_conv2,2,16384,8,256,32,262144,16,4096,256,64,4,16,1,16,20,20,12,1,next_burst,4,0,1,10,0,100,1,1,1,1,non_inclusive,lru,4395223,126864,4268359,1313558,2029824,0.647129,0,1024,0.000000,796528,50977792,0,0,684158,0,0,67346665,120320,143625,68294768,68151143,165887295,97736152,0.589172,2028800,85782,715242,0,22941,1204835,0,0,0,0.394627,0.999496,0,0,0.087457,35.287099,2,3,5,17,19,20,44,0,9282157,2.111874,1.808986,1922,2925
3e8d8982-c34f-4d9e-9eea-ec0bf1529000,adc154abe3cea812fb9fedff32206f3a879c9e26,cache,cache16_l1_16k,ptb,16,resnet19_T4_all,layer_16_layer3_0_conv2,2,16384,8,256,32,262144,16,4096,256,64,4,16,1,16,20,20,12,1,next_burst,8,0,1,10,0,100,1,1,1,1,non_inclusive,lru,4391746,126864,4264882,1361979,2029824,0.670984,0,1024,0.000000,796528,50977792,0,0,772230,0,0,67233681,120320,112905,68239136,68126231,278332904,210206673,0.755235,2028800,134203,666821,0,169,1227607,0,0,0,0.394627,0.999496,0,0,0.087457,32.901621,3,5,7,17,19,20,92,0,9284212,2.114014,1.828249,1922,2925
0af43573-38e1-4841-9298-33fb46a35262,adc154abe3cea812fb9fedff32206f3a879c9e26,cache,cache16_l1_16k,ptb,16,resnet19_T4_all,layer_16_layer3_0_conv2,3,16384,8,1024,128,262144,16,16384,1024,16,1,16,1,16,20,20,12,1,none,0,0,1,10,0,100,1,1,1,1,non_inclusive,lru,13450946,125044,13325902,0,2000704,0.000000,69312,2000704,0.034644,1931392,30902272,0,0,0,0,0,727544,212469049,18863,213215456,213196593,213196593,0,0.000000,0,0,0,0,0,0,0,0,0,0.000000,0.999488,0,0,0.000000,100.000000,1,1,1,10,15,16,0,0,9934272,0.738556,1.769365,1868,2895
0af43573-38e1-4841-9298-33fb46a35262,adc154abe3cea812fb9fedff32206f3a879c9e26,cache,cache16_l1_16k,ptb,16,resnet19_T4_all,layer_16_layer3_0_conv2,3,16384,8,1024,128,262144,16,16384,1024,16,1,16,1,16,20,20,12,1,next_burst,2,0,1,10,0,100,1,1,1,1,non_inclusive,lru,10633119,125044,10508075,80179,2000704,0.040075,48,1024,0.046875,1931392,30902272,0,0,16561,0,0,167928596,114680,70387,168130224,168059837,507909950,339850113,0.669115,1999680,80179,1919501,0,0,0,0,0,0,0.999488,0.999488,0,0,0.000000,95.992461,2,3,3,16,19,20,28,0,13856559,1.303151,2.577446,1868,2895
0af43573-38e1-4841-9298-33fb46a35262,adc154abe3cea812fb9fedff32206f3a879c9e26,cache,cache16_l1_16k,ptb,16,resnet19_T4_all,layer_16_layer3_0_conv2,3,16384,8,1024,128,262144,16,16384,1024,16,1,16,1,16,20,20,12,1,next_burst,4,0,1,10,0,100,1,1,1,1,non_inclusive,lru,10629107,125044,10504063,92987,2000704,0.046477,48,1024,0.046875,1931392,30902272,0,0,34702,0,0,167857230,114680,59420,168066032,168006612,847151129,679144517,0.801680,1999680,92987,1906693,0,0,0,0,0,0,0.999488,0.999488,0,0,0.000000,95.352286,4,5,5,16,19,20,60,0,13862665,1.304217,2.638038,1868,2895
0af43573-38e1-4841-9298-33fb46a35262,adc154abe3cea812fb9fedff32206f3a879c9e26,cache,cache16_l1_16k,ptb,16,resnet19_T4_all,layer_16_layer3_0_conv2,3,16384,8,1024,128,262144,16,16384,1024,16,1,16,1,16,20,20,12,1,next_burst,8,0,1,10,0,100,1,1,1,1,non_inclusive,lru,10631367,125044,10506323,106944,2000704,0.053453,48,1024,0.046875,1931392,30902272,0,0,48819,0,0,167861287,114680,77406,168102192,168024786,1525155758,1357130972,0.889831,1999680,106944,1892736,0,0,0,0,0,0,0.999488,0.999488,0,0,0.000000,94.654682,8,9,9,16,19,20,124,0,13863921,1.304058,2.809430,1868,2895
f831ef02-06f6-4c45-8a62-3dd56181ed36,adc154abe3cea812fb9fedff32206f3a879c9e26,cache,cache16_l1_16k,ptb,16,resnet19_T4_all,layer_16_layer3_0_conv2,3,16384,8,512,64,262144,16,8192,512,32,2,16,1,16,20,20,12,1,none,0,0,1,10,0,100,1,1,1,1,non_inclusive,lru,9690564,125044,9565520,596544,2000704,0.298167,14560,1404160,0.010369,1389600,44467200,0,0,0,0,0,169062,152866660,13622,153049344,153035722,153035722,0,0.000000,0,0,0,0,0,0,0,0,0,0.000000,0.999488,0,0,0.080722,70.183295,1,1,1,9,15,16,0,0,8199392,0.846121,1.432295,1868,2895
f831ef02-06f6-4c45-8a62-3dd56181ed36,adc154abe3cea812fb9fedff32206f3a879c9e26,cache,cache16_l1_16k,ptb,16,resnet19_T4_all,layer_16_layer3_0_conv2,3,16384,8,512,64,262144,16,8192,512,32,2,16,1,16,20,20,12,1,next_burst,2,0,1,10,0,100,1,1,1,1,non_inclusive,lru,7658648,125044,7533604,710433,2000704,0.355092,48,1024,0.046875,1389600,44467200,0,0,121144,0,0,120122141,114680,180723,120538688,120357965,288086739,167728774,0.582216,1999680,113889,1289247,0,28609,567935,0,0,0,0.701321,0.999488,0,0,0.080722,64.490849,2,3,3,17,19,20,28,0,11582435,1.512334,2.354256,1868,2895
f831ef02-06f6-4c45-8a62-3dd56181ed36,adc154abe3cea812fb9fedff32206f3a879c9e26,cache,cache16_l1_16k,ptb,16,resnet19_T4_all,layer_16_layer3_0_conv2,3,16384,8,512,64,262144,16,8192,512,32,2,16,1,16,20,20,12,1,next_burst,4,0,1,10,0,100,1,1,1,1,non_inclusive,lru,7652256,125044,7527212,809588,2000704,0.404652,48,1024,0.046875,1389600,44467200,0,0,252879,0,0,119928720,114680,140137,120436416,120296279,460499264,340202985,0.738770,1999680,213044,1190092,0,1875,594669,0,0,0,0.701321,0.999488,0,0,0.080722,59.534844,3,4,5,17,19,20,60,0,11586526,1.514132,2.345067,1868,2895
f831ef02-06f6-4c45-8a62-3dd56181ed36,adc154abe3cea812fb9fedff32206f3a879c9e26,cache,cache16_l1_16k,ptb,16,resnet19_T4_all,layer_16_layer3_0_conv2,3,16384,8,512,64,262144,16,8192,512,32,2,16,1,16,20,20,12,1,next_burst,8,0,1,10,0,100,1,1,1,1,non_inclusive,lru,7651881,125044,7526837,847992,2000704,0.423847,48,1024,0.046875,1389600,44467200,0,0,309221,0,0,119855982,114680,150533,120430416,120279883,801036993,680757110,0.849845,1999680,251448,1151688,0,940,595604,0,0,0,0.701321,0.999488,0,0,0.080722,57.615319,6,7,9,17,19,20,124,0,11586708,1.514230,2.361007,1868,2895
fe40b076-f538-4dd2-b3d2-0216ba6c3115,adc154abe3cea812fb9fedff32206f3a879c9e26,cache,cache16_l1_16k,ptb,16,resnet19_T4_all,layer_16_layer3_0_conv2,3,16384,8,256,32,262144,16,4096,256,64,4,16,1,16,20,20,12,1,none,0,0,1,10,0,100,1,1,1,1,non_inclusive,lru,5569456,125044,5444412,1203904,2000704,0.601740,5760,796800,0.007229,791040,50626560,0,0,0,0,0,79272,87021795,10549,87111616,87101067,87101067,0,0.000000,0,0,0,0,0,0,0,0,0,0.000000,0.999488,0,0,0.083116,39.825981,1,1,1,8,15,16,0,0,6386112,1.146631,1.073751,1868,2895
fe40b076-f538-4dd2-b3d2-0216ba6c3115,adc154abe3cea812fb9fedff32206f3a879c9e26,cache,cache16_l1_16k,ptb,16,resnet19_T4_all,layer_16_layer3_0_conv2,3,16384,8,256,32,262144,16,4096,256,64,4,16,1,16,20,20,12,1,next_burst,2,0,1,10,0,100,1,1,1,1,non_inclusive,lru,4464883,125044,4339839,1248763,2000704,0.624162,48,1024,0.046875,791040,50626560,0,0,593640,0,0,68138834,114680,591294,69438448,68847154,107823365,38976211,0.361482,1999680,44859,750917,0,193838,1010066,0,0,0,0.397748,0.999488,0,0,0.083116,37.583820,1,2,3,13,19,20,21,0,8617192,1.929993,1.833172,1868,2895
fe40b076-f538-4dd2-b3d2-0216ba6c3115,adc154abe3cea812fb9fedff32206f3a879c9e26,cache,cache16_l1_16k,ptb,16,resnet19_T4_all,layer_16_layer3_0_conv2,3,16384,8,256,32,262144,16,4096,256,64,4,16,1,16,20,20,12,1,next_burst,4,0,1,10,0,100,1,1,1,1,non_inclusive,lru,4365507,125044,4240463,1289088,2000704,0.644317,48,1024,0.046875,791040,50626560,0,0,670010,0,0,66927765,114680,135977,67848432,67712455,167750664,100038209,0.596351,1999680,85184,710592,0,21556,1182348,0,0,0,0.397748,0.999488,0,0,0.083116,35.568280,2,3,5,17,19,20,44,0,9172965,2.101237,1.800656,1868,2895
fe40b076-f538-4dd2-b3d2-0216ba6c3115,adc154abe3cea812fb9fedff32206f3a879c9e26,cache,cache16_l1_16k,ptb,16,resnet19_T4_all,layer_16_layer3_0_conv2,3,16384,8,256,32,262144,16,4096,256,64,4,16,1,16,20,20,12,1,next_burst,8,0,1,10,0,100,1,1,1,1,non_inclusive,lru,4361734,125044,4236690,1343145,2000704,0.671336,48,1024,0.046875,791040,50626560,0,0,768824,0,0,66782685,114680,121875,67788064,67666189,279050116,211383927,0.757512,1999680,139241,656535,0,118,1203786,0,0,0,0.397748,0.999488,0,0,0.083116,32.866381,3,5,7,17,19,20,89,0,9175480,2.103631,1.805787,1868,2895
ba8cceb7-121d-45f8-ae73-45167cacc383,adc154abe3cea812fb9fedff32206f3a879c9e26,cache,cache16_l1_16k,ptb,16,resnet19_T4_all,layer_16_layer3_0_conv2,4,16384,8,1024,128,262144,16,16384,1024,16,1,16,1,16,20,20,12,1,none,0,0,1,10,0,100,1,1,1,1,non_inclusive,lru,12890080,120532,12769548,0,1928512,0.000000,79104,1928512,0.041018,1849408,29590528,0,0,0,0,0,834198,203453767,25827,204313792,204287965,204287965,0,0.000000,0,0,0,0,0,0,0,0,0,0.000000,0.999469,0,0,0.000000,100.000000,1,1,1,10,15,16,0,0,9563520,0.741929,1.670791,1830,2817
ba8cceb7-121d-45f8-ae73-45167cacc383,adc154abe3cea812fb9fedff32206f3a879c9e26,cache,cache16_l1_16k,ptb,16,resnet19_T4_all,layer_16_layer3_0_conv2,4,16384,8,1024,128,262144,16,16384,1024,16,1,16,1,16,20,20,12,1,next_burst,2,0,1,10,0,100,1,1,1,1,non_inclusive,lru,10184751,120532,10064219,90682,1928512,0.047022,0,1024,0.000000,1849408,29590528,0,0,21187,0,0,160813655,120320,73366,161028528,160955162,486451877,325496715,0.669124,1927488,90682,1836806,0,0,0,0,0,0,0.999469,0.999469,0,0,0.000000,95.297825,2,3,3,16,19,20,28,0,13328787,1.308700,2.546708,1830,2817
ba8cceb7-121d-45f8-ae73-45167cacc383,adc154abe3cea812fb9fedff32206f3a879c9e26,cache,cache16_l1_16k,ptb,16,resnet19_T4_all,layer_16_layer3_0_conv2,4,16384,8,1024,128,262144,16,16384,1024,16,1,16,1,16,20,20,12,1,next_burst,4,0,1,10,0,100,1,1,1,1,non_inclusive,lru,10178764,120532,10058232,94025,1928512,0.048755,0,1024,0.000000,1849408,29590528,0,0,37445,0,0,160694649,120320,80322,160932736,160852414,811197082,650344668,0.801710,1927488,94025,1833463,0,0,0,0,0,0,0.999469,0.999469,0,0,0.000000,95.124479,4,5,5,16,19,20,60,0,13337655,1.310341,2.598678,1830,2817
ba8cceb7-121d-45f8-ae73-45167cacc383,adc154abe3cea812fb9fedff32206f3a879c9e26,cache,cache16_l1_16k,ptb,16,resnet19_T4_all,layer_16_layer3_0_conv2,4,16384,8,1024,128,262144,16,16384,1024,16,1,16,1,16,20,20,12,1,next_burst,8,0,1,10,0,100,1,1,1,1,non_inclusive,lru,10181083,120532,10060551,103251,1928512,0.053539,0,1024,0.000000,1849408,29590528,0,0,53214,0,0,160724174,120320,72132,160969840,160897708,1460375679,1299477971,0.889824,1927488,103251,1824237,0,0,0,0,0,0,0.999469,0.999469,0,0,0.000000,94.646079,8,9,9,16,19,20,124,0,13338864,1.310162,2.699034,1830,2817
d560a81b-b66b-4474-a1bf-7f2cd03b5c48,adc154abe3cea812fb9fedff32206f3a879c9e26,cache,cache16_l1_16k,ptb,16,resnet19_T4_all,layer_16_layer3_0_conv2,4,16384,8,512,64,262144,16,8192,512,32,2,16,1,16,20,20,12,1,none,0,0,1,10,0,100,1,1,1,1,non_inclusive,lru,9302644,120532,9182112,578240,1928512,0.299837,16640,1350272,0.012323,1333632,42676224,0,0,0,0,0,191088,146710210,13518,146914816,146901298,146901298,0,0.000000,0,0,0,0,0,0,0,0,0,0.000000,0.999469,0,0,0.119508,70.016261,1,1,1,9,15,16,0,0,7891264,0.848282,1.379560,1830,2817
d560a81b-b66b-4474-a1bf-7f2cd03b5c48,adc154abe3cea812fb9fedff32206f3a879c9e26,cache,cache16_l1_16k,ptb,16,resnet19_T4_all,layer_16_layer3_0_conv2,4,16384,8,512,64,262144,16,8192,512,32,2,16,1,16,20,20,12,1,next_burst,2,0,1,10,0,100,1,1,1,1,non_inclusive,lru,7349632,120532,7229100,682035,1928512,0.353659,0,1024,0.000000,1333632,42676224,0,0,112760,0,0,115226575,120320,206969,115666624,115459655,276197460,160737805,0.581967,1927488,103795,1245453,0,28584,549656,0,0,0,0.699632,0.999469,0,0,0.119508,64.634132,2,3,3,17,19,20,28,0,11144076,1.516277,2.227066,1830,2817
d560a81b-b66b-4474-a1bf-7f2cd03b5c48,adc154abe3cea812fb9fedff32206f3a879c9e26,cache,cache16_l1_16k,ptb,16,resnet19_T4_all,layer_16_layer3_0_conv2,4,16384,8,512,64,262144,16,8192,512,32,2,16,1,16,20,20,12,1,next_burst,4,0,1,10,0,100,1,1,1,1,non_inclusive,lru,7343442,120532,7222910,779780,1928512,0.404343,0,1024,0.000000,1333632,42676224,0,0,244122,0,0,115079695,120320,123447,115567584,115444137,439126814,323682677,0.737105,1927488,201540,1147708,0,1858,576382,0,0,0,0.699632,0.999469,0,0,0.119508,59.565717,3,4,5,17,19,20,60,0,11150320,1.518405,2.214154,1830,2817
d560a81b-b66b-4474-a1bf-7f2cd03b5c48,adc154abe3cea812fb9fedff32206f3a879c9e26,cache,cache16_l1_16k,ptb,16,resnet19_T4_all,layer_16_layer3_0_conv2,4,16384,8,512,64,262144,16,8192,512,32,2,16,1,16,20,20,12,1,next_burst,8,0,1,10,0,100,1,1,1,1,non_inclusive,lru,7343054,120532,7222522,836553,1928512,0.433782,0,1024,0.000000,1333632,42676224,0,0,328075,0,0,114918579,120320,194402,115561376,115366974,765166817,649799843,0.849226,1927488,258313,1090935,0,931,577309,0,0,0,0.699632,0.999469,0,0,0.119508,56.621841,6,7,9,17,19,20,124,0,11150600,1.518523,2.280205,1830,2817
4108b0c5-a5ba-4598-bd61-199abe621451,adc154abe3cea812fb9fedff32206f3a879c9e26,cache,cache16_l1_16k,ptb,16,resnet19_T4_all,layer_16_layer3_0_conv2,4,16384,8,256,32,262144,16,4096,256,64,4,16,1,16,20,20,12,1,none,0,0,1,10,0,100,1,1,1,1,non_inclusive,lru,5505602,120532,5385070,1140800,1928512,0.591544,5232,787712,0.006642,782480,50078720,0,0,0,0,0,71136,86080831,10177,86162144,86151967,86151967,0,0.000000,0,0,0,0,0,0,0,0,0,0.000000,0.999469,0,0,0.127937,40.845585,1,1,1,8,15,16,0,0,6214992,1.128849,1.047348,1830,2817
4108b0c5-a5ba-4598-bd61-199abe621451,adc154abe3cea812fb9fedff32206f3a879c9e26,cache,cache16_l1_16k,ptb,16,resnet19_T4_all,layer_16_layer3_0_conv2,4,16384,8,256,32,262144,16,4096,256,64,4,16,1,16,20,20,12,1,next_burst,2,0,1,10,0,100,1,1,1,1,non_inclusive,lru,4402864,120532,4282332,1187496,1928512,0.615758,0,1024,0.000000,782480,50078720,0,0,568256,0,0,67265521,120320,564239,68518336,67954097,109314508,41360411,0.378362,1927488,46696,739992,0,192031,948769,0,0,0,0.407925,0.999469,0,0,0.127937,38.424236,1,2,3,13,19,20,26,0,8413724,1.910966,1.790878,1830,2817
4108b0c5-a5ba-4598-bd61-199abe621451,adc154abe3cea812fb9fedff32206f3a879c9e26,cache,cache16_l1_16k,ptb,16,resnet19_T4_all,layer_16_layer3_0_conv2,4,16384,8,256,32,262144,16,4096,256,64,4,16,1,16,20,20,12,1,next_burst,4,0,1,10,0,100,1,1,1,1,non_inclusive,lru,4316673,120532,4196141,1228444,1928512,0.636991,0,1024,0.000000,782480,50078720,0,0,645264,0,0,66247355,120320,126341,67139280,67012939,169600720,102587781,0.604878,1927488,87644,699044,0,22336,1118464,0,0,0,0.407925,0.999469,0,0,0.127937,36.300941,2,3,5,17,19,20,60,0,8922455,2.066975,1.735765,1830,2817
4108b0c5-a5ba-4598-bd61-199abe621451,adc154abe3cea812fb9fedff32206f3a879c9e26,cache,cache16_l1_16k,ptb,16,resnet19_T4_all,layer_16_layer3_0_conv2,4,16384,8,256,32,262144,16,4096,256,64,4,16,1,16,20,20,12,1,next_burst,8,0,1,10,0,100,1,1,1,1,non_inclusive,lru,4314192,120532,4193660,1275269,1928512,0.661271,0,1024,0.000000,782480,50078720,0,0,729793,0,0,66141470,120320,108001,67099584,66991583,281214093,214222510,0.761777,1927488,134469,652219,0,419,1140381,0,0,0,0.407925,0.999469,0,0,0.127937,33.872903,3,5,8,17,19,20,108,0,8923425,2.068388,1.764404,1830,2817
8016c270-d5b0-4163-b0ba-5354468f9c8b,adc154abe3cea812fb9fedff32206f3a879c9e26,cache,cache16_l1_16k,ptb,16,vgg16_T4_all,layer_01_features_3,0,16384,8,1024,128,262144,16,16384,1024,16,1,16,1,16,20,20,12,1,none,0,0,1,10,0,100,1,1,1,1,non_inclusive,lru,1155996,124831,1031165,813440,1902592,0.427543,1082528,1089152,0.993918,1656,26496,0,0,0,0,0,15433727,728313,447688,16609728,16162040,16162040,0,0.000000,0,0,0,0,0,0,0,0,0,0.000000,0.991389,0,0,0.000000,57.245694,1,1,1,2,4,4,0,0,5986168,5.178364,0.961541,116,170
8016c270-d5b0-4163-b0ba-5354468f9c8b,adc154abe3cea812fb9fedff32206f3a879c9e26,cache,cache16_l1_16k,ptb,16,vgg16_T4_all,layer_01_features_3,0,16384,8,1024,128,262144,16,16384,1024,16,1,16,1,16,20,20,12,1,next_burst,2,0,1,10,0,100,1,1,1,1,non_inclusive,lru,1130020,124831,1005189,910225,1902592,0.478413,12208,12384,0.985788,1656,26496,0,0,471926,0,0,15318243,20416,383527,16194112,15810585,38054059,22243474,0.584523,1886208,96785,979983,0,809440,0,0,0,0,0.565948,0.991389,0,0,0.000000,52.158687,2,3,3,5,10,12,0,0,7872376,6.966581,1.615607,116,170
8016c270-d5b0-4163-b0ba-5354468f9c8b,adc154abe3cea812fb9fedff32206f3a879c9e26,cache,cache16_l1_16k,ptb,16,vgg16_T4_all,layer_01_features_3,0,16384,8,1024,128,262144,16,16384,1024,16,1,16,1,16,20,20,12,1,next_burst,4,0,1,10,0,100,1,1,1,1,non_inclusive,lru,1119427,124831,994596,924855,1902592,0.486103,12946,13122,0.986587,1656,26496,0,0,490502,0,0,15104832,20416,408874,16024624,15615750,58441486,42825736,0.732797,1886208,111415,964615,0,810178,0,0,0,0,0.565560,0.991389,0,0,0.000000,51.389736,3,5,5,7,17,20,0,0,7872376,7.032505,1.597091,116,170
8016c270-d5b0-4163-b0ba-5354468f9c8b,adc154abe3cea812fb9fedff32206f3a879c9e26,cache,cache16_l1_16k,ptb,16,vgg16_T4_all,layer_01_features_3,0,16384,8,1024,128,262144,16,16384,1024,16,1,16,1,16,20,20,12,1,next_burst,8,0,1,10,0,100,1,1,1,1,non_inclusive,lru,1115660,124831,990829,941007,1902592,0.494592,26116,26292,0.993306,1656,26496,0,0,502786,0,0,14971251,20416,469899,15964352,15494453,96605277,81110824,0.839611,1886208,127647,935293,0,823268,0,0,0,0,0.558680,0.991389,0,0,0.000000,50.540789,5,8,9,9,16,20,105,0,7875140,7.058728,1.653069,116,170
b48f346f-d2f5-4aac-9f89-33ac87a64fee,adc154abe3cea812fb9fedff32206f3a879c9e26,cache,cache16_l1_16k,ptb,16,vgg16_T4_all,layer_01_features_3,0,16384,8,512,64,262144,16,8192,512,32,2,16,1,16,20,20,12,1,none,0,0,1,10,0,100,1,1,1,1,non_inclusive,lru,1269265,124831,1144434,683488,1902592,0.359240,1215072,1219104,0.996693,1008,32256,0,0,0,0,0,17530945,443853,447234,18422032,17974798,17974798,0,0.000000,0,0,0,0,0,0,0,0,0,0.000000,0.991389,0,0,0.178571,64.075955,1,1,1,2,4,4,0,0,6245424,4.920504,0.950317,116,170
b48f346f-d2f5-4aac-9f89-33ac87a64fee,adc154abe3cea812fb9fedff32206f3a879c9e26,cache,cache16_l1_16k,ptb,16,vgg16_T4_all,layer_01_features_3,0,16384,8,512,64,262144,16,8192,512,32,2,16,1,16,20,20,12,1,next_burst,2,0,1,10,0,100,1,1,1,1,non_inclusive,lru,1248415,124831,1123584,811308,1902592,0.426422,13456,13600,0.989412,1008,32256,0,0,338540,0,0,17370940,16704,362248,18088432,17726184,43762414,26036230,0.594945,1886208,127820,1077684,0,468057,212647,0,0,0,0.633611,0.991389,0,0,0.178571,57.357752,2,3,3,6,11,12,0,0,8131632,6.513565,1.559378,116,170
b48f346f-d2f5-4aac-9f89-33ac87a64fee,adc154abe3cea812fb9fedff32206f3a879c9e26,cache,cache16_l1_16k,ptb,16,vgg16_T4_all,layer_01_features_3,0,16384,8,512,64,262144,16,8192,512,32,2,16,1,16,20,20,12,1,next_burst,4,0,1,10,0,100,1,1,1,1,non_inclusive,lru,1242900,124831,1118069,800575,1902592,0.420781,14342,14486,0.990059,1008,32256,0,0,319687,0,0,17255591,16704,408210,18000192,17591982,68318447,50726465,0.742500,1886208,117087,1087531,0,468440,213150,0,0,0,0.633146,0.991389,0,0,0.178571,57.921877,3,5,5,8,17,20,0,0,8131632,6.542467,1.613247,116,170
b48f346f-d2f5-4aac-9f89-33ac87a64fee,adc154abe3cea812fb9fedff32206f3a879c9e26,cache,cache16_l1_16k,ptb,16,vgg16_T4_all,layer_01_features_3,0,16384,8,512,64,262144,16,8192,512,32,2,16,1,16,20,20,12,1,next_burst,8,0,1,10,0,100,1,1,1,1,non_inclusive,lru,1241291,124831,1116460,825852,1902592,0.434067,28955,29099,0.995051,1008,32256,0,0,343492,0,0,17151562,16704,462690,17974448,17511758,115182290,97670532,0.847965,1886208,142546,1047641,0,487361,208660,0,0,0,0.625561,0.991389,0,0,0.178571,56.593321,5,8,9,9,16,20,105,0,8133592,6.552526,1.624852,116,170
d1fe4d08-9007-4644-a983-c48cbe48f453,adc154abe3cea812fb9fedff32206f3a879c9e26,cache,cache16_l1_16k,ptb,16,vgg16_T4_all,layer_01_features_3,0,16384,8,256,32,262144,16,4096,256,64,4,16,1,16,20,20,12,1,none,0,0,1,10,0,100,1,1,1,1,non_inclusive,lru,1178513,124831,1053682,764016,1902592,0.401566,1136416,1138576,0.998103,540,34560,0,0,0,0,0,16272014,238011,459975,16970000,16510025,16510025,0,0.000000,0,0,0,0,0,0,0,0,0,0.000000,0.991389,0,0,0.233333,59.843414,1,1,1,2,4,4,0,0,6083900,5.162353,0.910218,116,170
d1fe4d08-9007-4644-a983-c48cbe48f453,adc154abe3cea812fb9fedff32206f3a879c9e26,cache,cache16_l1_16k,ptb,16,vgg16_T4_all,layer_01_features_3,0,16384,8,256,32,262144,16,4096,256,64,4,16,1,16,20,20,12,1,next_burst,2,0,1,10,0,100,1,1,1,1,non_inclusive,lru,1163447,124831,1038616,891654,1902592,0.468652,15731,15811,0.994940,540,34560,0,0,379459,0,0,15988442,9280,351763,16728944,16377181,38602802,22225621,0.575751,1886208,127638,995127,0,298371,465072,0,0,0,0.590124,0.991389,0,0,0.233333,53.134776,1,3,3,5,10,12,0,0,7970108,6.850426,1.523088,116,170
d1fe4d08-9007-4644-a983-c48cbe48f453,adc154abe3cea812fb9fedff32206f3a879c9e26,cache,cache16_l1_16k,ptb,16,vgg16_T4_all,layer_01_features_3,0,16384,8,256,32,262144,16,4096,256,64,4,16,1,16,20,20,12,1,next_burst,4,0,1,10,0,100,1,1,1,1,non_inclusive,lru,1160269,124831,1035438,879134,1902592,0.462072,16579,16659,0.995198,540,34560,0,0,361499,0,0,15908650,9280,398667,16678096,16279429,59707930,43428501,0.727349,1886208,115118,1006799,0,259037,505254,0,0,0,0.589678,0.991389,0,0,0.233333,53.792826,3,4,5,8,16,20,0,0,7970108,6.869190,1.527258,116,170
d1fe4d08-9007-4644-a983-c48cbe48f453,adc154abe3cea812fb9fedff32206f3a879c9e26,cache,cache16_l1_16k,ptb,16,vgg16_T4_all,layer_01_features_3,0,16384,8,256,32,262144,16,4096,256,64,4,16,1,16,20,20,12,1,next_burst,8,0,1,10,0,100,1,1,1,1,non_inclusive,lru,1159032,124831,1034201,886767,1902592,0.466084,27294,27374,0.997078,540,34560,0,0,357963,0,0,15859257,9280,431804,16658304,16226500,100318319,84091819,0.838250,1886208,122875,988451,0,276479,498403,0,0,0,0.584112,0.991389,0,0,0.233333,53.391636,5,7,9,10,17,20,76,0,7971272,6.877525,1.565866,116,170
07f2a131-0772-4ace-9001-668c9a950ec3,adc154abe3cea812fb9fedff32206f3a879c9e26,cache,cache16_l1_16k,ptb,16,vgg16_T4_all,layer_01_features_3,1,16384,8,1024,128,262144,16,16384,1024,16,1,16,1,16,20,20,12,1,none,0,0,1,10,0,100,1,1,1,1,non_inclusive,lru,1581236,141891,1439345,661904,2164848,0.305751,1493920,1502944,0.993996,2256,36096,0,0,0,0,0,21710174,991716,449422,23151312,22701890,22701890,0,0.000000,0,0,0,0,0,0,0,0,0,0.000000,0.992432,0,0,0.000000,69.424920,1,1,1,2,4,4,0,0,7338864,4.641220,1.088897,129,248
07f2a131-0772-4ace-9001-668c9a950ec3,adc154abe3cea812fb9fedff32206f3a879c9e26,cache,cache16_l1_16k,ptb,16,vgg16_T4_all,layer_01_features_3,1,16384,8,1024,128,262144,16,16384,1024,16,1,16,1,16,20,20,12,1,next_burst,2,0,1,10,0,100,1,1,1,1,non_inclusive,lru,1543931,141891,1402040,779284,2164848,0.359972,13936,14080,0.989773,2256,36096,0,0,347084,0,0,21798381,16704,392263,22554432,22162169,58058705,35896536,0.618280,2148464,117380,1371484,0,659600,0,0,0,0,0.687745,0.992432,0,0,0.000000,64.002831,2,3,3,5,10,12,0,0,9487328,6.144917,1.791583,129,248
07f2a131-0772-4ace-9001-668c9a950ec3,adc154abe3cea812fb9fedff32206f3a879c9e26,cache,cache16_l1_16k,ptb,16,vgg16_T4_all,layer_01_features_3,1,16384,8,1024,128,262144,16,16384,1024,16,1,16,1,16,20,20,12,1,next_burst,4,0,1,10,0,100,1,1,1,1,non_inclusive,lru,1532642,141891,1390751,785386,2164848,0.362790,14254,14398,0.989999,2256,36096,0,0,347345,0,0,21569954,16704,439805,22373808,21934003,91899157,69965154,0.761325,2148464,123482,1365064,0,659918,0,0,0,0,0.687598,0.992432,0,0,0.000000,63.720963,3,5,5,7,17,20,0,0,9487328,6.190179,1.823061,129,248
07f2a131-0772-4ace-9001-668c9a950ec3,adc154abe3cea812fb9fedff32206f3a879c9e26,cache,cache16_l1_16k,ptb,16,vgg16_T4_all,layer_01_features_3,1,16384,8,1024,128,262144,16,16384,1024,16,1,16,1,16,20,20,12,1,next_burst,8,0,1,10,0,100,1,1,1,1,non_inclusive,lru,1527540,141891,1385649,799572,2164848,0.369343,26875,27019,0.994670,2256,36096,0,0,356323,0,0,21441162,16704,477987,22292176,21814189,156670544,134856355,0.860764,2148464,137764,1338257,0,672443,0,0,0,0,0.681813,0.992432,0,0,0.000000,63.065675,6,9,9,8,17,20,105,0,9490160,6.212708,1.878162,129,248
7f2fd7d9-5151-406d-9028-689051775050,adc154abe3cea812fb9fedff32206f3a879c9e26,cache,cache16_l1_16k,ptb,16,vgg16_T4_all,layer_01_features_3,1,16384,8,512,64,262144,16,8192,512,32,2,16,1,16,20,20,12,1,none,0,0,1,10,0,100,1,1,1,1,non_inclusive,lru,1605363,141891,1463472,612880,2164848,0.283105,1547360,1551968,0.997031,1152,36864,0,0,0,0,0,22567095,506841,463408,23537344,23073936,23073936,0,0.000000,0,0,0,0,0,0,0,0,0,0.000000,0.992432,0,0,0.020833,71.689467,1,1,1,2,4,4,0,0,7435808,4.631855,1.097132,129,248
7f2fd7d9-5151-406d-9028-689051775050,adc154abe3cea812fb9fedff32206f3a879c9e26,cache,cache16_l1_16k,ptb,16,vgg16_T4_all,layer_01_features_3,1,16384,8,512,64,262144,16,8192,512,32,2,16,1,16,20,20,12,1,next_burst,2,0,1,10,0,100,1,1,1,1,non_inclusive,lru,1581585,141891,1439694,758633,2164848,0.350432,14800,14912,0.992489,1152,36864,0,0,285352,0,0,22473296,12992,385256,23156896,22771640,59723619,36951979,0.618716,2148464,145753,1391303,0,354755,256653,0,0,0,0.710006,0.992432,0,0,0.020833,64.956754,2,3,3,5,11,12,0,0,9584272,6.059916,1.760876,129,248
7f2fd7d9-5151-406d-9028-689051775050,adc154abe3cea812fb9fedff32206f3a879c9e26,cache,cache16_l1_16k,ptb,16,vgg16_T4_all,layer_01_features_3,1,16384,8,512,64,262144,16,8192,512,32,2,16,1,16,20,20,12,1,next_burst,4,0,1,10,0,100,1,1,1,1,non_inclusive,lru,1576112,141891,1434221,748003,2164848,0.345522,15235,15347,0.992702,1152,36864,0,0,258815,0,0,22381790,12992,415731,23069328,22653597,94739785,72086188,0.760886,2148464,135123,1401498,0,354048,257795,0,0,0,0.709805,0.992432,0,0,0.020833,65.447782,3,5,5,7,17,20,0,0,9584272,6.080959,1.835855,129,248
7f2fd7d9-5151-406d-9028-689051775050,adc154abe3cea812fb9fedff32206f3a879c9e26,cache,cache16_l1_16k,ptb,16,vgg16_T4_all,layer_01_features_3,1,16384,8,512,64,262144,16,8192,512,32,2,16,1,16,20,20,12,1,next_burst,8,0,1,10,0,100,1,1,1,1,non_inclusive,lru,1573999,141891,1432108,752583,2164848,0.347638,26811,26923,0.995840,1152,36864,0,0,259674,0,0,22311696,12992,451158,23035520,22584362,162696563,140112201,0.861187,2148464,139783,1385342,0,368395,254944,0,0,0,0.704495,0.992432,0,0,0.020833,65.236220,6,8,9,9,16,20,105,0,9586020,6.090233,1.887106,129,248
b640e753-dfcb-48b8-8fe9-d6c795e847c9,adc154abe3cea812fb9fedff32206f3a879c9e26,cache,cache16_l1_16k,ptb,16,vgg16_T4_all,layer_01_features_3,1,16384,8,256,32,262144,16,4096,256,64,4,16,1,16,20,20,12,1,none,0,0,1,10,0,100,1,1,1,1,non_inclusive,lru,1453100,141891,1311209,753120,2164848,0.347886,1409424,1411728,0.998368,576,36864,0,0,0,0,0,20359748,253787,487601,21101136,20613535,20613535,0,0.000000,0,0,0,0,0,0,0,0,0,0.000000,0.992432,0,0,0.020833,65.211414,1,1,1,2,4,4,0,0,7154752,4.923785,1.058176,129,248
b640e753-dfcb-48b8-8fe9-d6c795e847c9,adc154abe3cea812fb9fedff32206f3a879c9e26,cache,cache16_l1_16k,ptb,16,vgg16_T4_all,layer_01_features_3,1,16384,8,256,32,262144,16,4096,256,64,4,16,1,16,20,20,12,1,next_burst,2,0,1,10,0,100,1,1,1,1,non_inclusive,lru,1436105,141891,1294214,905936,2164848,0.418476,15920,16016,0.994006,576,36864,0,0,356339,0,0,20090822,11136,370919,20829216,20458297,50436919,29978622,0.594379,2148464,152816,1242896,0,193532,559220,0,0,0,0.644716,0.992432,0,0,0.020833,58.152443,2,3,3,6,11,12,0,0,9303216,6.478089,1.778749,129,248
b640e753-dfcb-48b8-8fe9-d6c795e847c9,adc154abe3cea812fb9fedff32206f3a879c9e26,cache,cache16_l1_16k,ptb,16,vgg16_T4_all,layer_01_features_3,1,16384,8,256,32,262144,16,4096,256,64,4,16,1,16,20,20,12,1,next_burst,4,0,1,10,0,100,1,1,1,1,non_inclusive,lru,1433321,141891,1291430,893187,2164848,0.412586,16140,16236,0.994087,576,36864,0,0,333825,0,0,20032004,11136,407707,20784672,20376965,79335615,58958650,0.743155,2148464,140067,1255425,0,135661,617311,0,0,0,0.644614,0.992432,0,0,0.020833,58.741353,3,5,5,10,17,20,0,0,9303216,6.490672,1.764848,129,248
b640e753-dfcb-48b8-8fe9-d6c795e847c9,adc154abe3cea812fb9fedff32206f3a879c9e26,cache,cache16_l1_16k,ptb,16,vgg16_T4_all,layer_01_features_3,1,16384,8,256,32,262144,16,4096,256,64,4,16,1,16,20,20,12,1,next_burst,8,0,1,10,0,100,1,1,1,1,non_inclusive,lru,1431972,141891,1290081,883001,2164848,0.407881,23266,23362,0.995891,576,36864,0,0,309167,0,0,20025321,11136,417464,20763088,20345624,135617954,115272330,0.849978,2148464,129915,1258485,0,146476,613588,0,0,0,0.641338,0.992432,0,0,0.020833,59.211871,5,8,9,11,17,20,101,0,9304340,6.497571,1.828826,129,248
29c28674-887c-4663-bcbb-074154d084e7,adc154abe3cea812fb9fedff32206f3a879c9e26,cache,cache16_l1_16k,ptb,16,vgg16_T4_all,layer_01_features_3,2,16384,8,1024,128,262144,16,16384,1024,16,1,16,1,16,20,20,12,1,none,0,0,1,10,0,100,1,1,1,1,non_inclusive,lru,1280978,128146,1152832,759216,1964624,0.386443,1196960,1205408,0.992992,2112,33792,0,0,0,0,0,17179913,926940,440555,18547408,18106853,18106853,0,0.000000,0,0,0,0,0,0,0,0,0,0.000000,0.991660,0,0,0.000000,61.355659,1,1,1,2,4,4,0,0,6343200,4.951841,0.980222,122,206
29c28674-887c-4663-bcbb-074154d084e7,adc154abe3cea812fb9fedff32206f3a879c9e26,cache,cache16_l1_16k,ptb,16,vgg16_T4_all,layer_01_features_3,2,16384,8,1024,128,262144,16,16384,1024,16,1,16,1,16,20,20,12,1,next_burst,2,0,1,10,0,100,1,1,1,1,non_inclusive,lru,1249633,128146,1121487,868360,1964624,0.441998,12800,12944,0.988875,2112,33792,0,0,435451,0,0,17205070,16704,388663,18045888,17657225,43676185,26018960,0.595724,1948240,109144,1083320,0,755776,0,0,0,0,0.606968,0.991660,0,0,0.000000,55.800194,2,3,3,4,10,12,0,0,8291440,6.635100,1.646445,122,206
29c28674-887c-4663-bcbb-074154d084e7,adc154abe3cea812fb9fedff32206f3a879c9e26,cache,cache16_l1_16k,ptb,16,vgg16_T4_all,layer_01_features_3,2,16384,8,1024,128,262144,16,16384,1024,16,1,16,1,16,20,20,12,1,next_burst,4,0,1,10,0,100,1,1,1,1,non_inclusive,lru,1238188,128146,1110042,890134,1964624,0.453081,13049,13193,0.989085,2112,33792,0,0,462307,0,0,16961828,16704,421929,17862768,17440839,67618901,50178062,0.742072,1948240,130918,1061297,0,756025,0,0,0,0,0.606841,0.991660,0,0,0.000000,54.691890,3,5,5,4,17,20,0,0,8291440,6.696431,1.675376,122,206
29c28674-887c-4663-bcbb-074154d084e7,adc154abe3cea812fb9fedff32206f3a879c9e26,cache,cache16_l1_16k,ptb,16,vgg16_T4_all,layer_01_features_3,2,16384,8,1024,128,262144,16,16384,1024,16,1,16,1,16,20,20,12,1,next_burst,8,0,1,10,0,100,1,1,1,1,non_inclusive,lru,1231874,128146,1103728,894525,1964624,0.455316,25576,25720,0.994401,2112,33792,0,0,462856,0,0,16797151,16704,485033,17761744,17276711,112128178,94851467,0.845920,1948240,135346,1044379,0,768515,0,0,0,0,0.600484,0.991660,0,0,0.000000,54.468387,5,8,9,6,15,20,105,0,8293918,6.732765,1.711973,122,206
e0faa34a-b92e-43dc-a88b-eebd9374ac08,adc154abe3cea812fb9fedff32206f3a879c9e26,cache,cache16_l1_16k,ptb,16,vgg16_T4_all,layer_01_features_3,2,16384,8,512,64,262144,16,8192,512,32,2,16,1,16,20,20,12,1,none,0,0,1,10,0,100,1,1,1,1,non_inclusive,lru,1360316,128146,1232170,656544,1964624,0.334183,1303472,1308080,0.996477,1152,36864,0,0,0,0,0,18869374,506876,440566,19816816,19376250,19376250,0,0.000000,0,0,0,0,0,0,0,0,0,0.000000,0.991660,0,0,0.083333,66.581697,1,1,1,2,4,4,0,0,6547584,4.813282,0.994296,122,206
e0faa34a-b92e-43dc-a88b-eebd9374ac08,adc154abe3cea812fb9fedff32206f3a879c9e26,cache,cache16_l1_16k,ptb,16,vgg16_T4_all,layer_01_features_3,2,16384,8,512,64,262144,16,8192,512,32,2,16,1,16,20,20,12,1,next_burst,2,0,1,10,0,100,1,1,1,1,non_inclusive,lru,1337539,128146,1209393,801353,1964624,0.407891,13760,13856,0.993072,1152,36864,0,0,315137,0,0,18764011,11136,362100,19452384,19090284,47815102,28724818,0.600748,1948240,144809,1149415,0,417438,236578,0,0,0,0.658764,0.991660,0,0,0.083333,59.210872,2,3,3,5,10,12,0,0,8495824,6.351833,1.620740,122,206
e0faa34a-b92e-43dc-a88b-eebd9374ac08,adc154abe3cea812fb9fedff32206f3a879c9e26,cache,cache16_l1_16k,ptb,16,vgg16_T4_all,layer_01_features_3,2,16384,8,512,64,262144,16,8192,512,32,2,16,1,16,20,20,12,1,next_burst,4,0,1,10,0,100,1,1,1,1,non_inclusive,lru,1331744,128146,1203598,778466,1964624,0.396242,14285,14381,0.993325,1152,36864,0,0,279498,0,0,18653705,11136,415325,19359664,18944339,75046876,56102537,0.747567,1948240,121922,1171777,0,416841,237700,0,0,0,0.658497,0.991660,0,0,0.083333,60.375828,3,5,5,6,17,20,0,0,8495824,6.379472,1.629492,122,206
e0faa34a-b92e-43dc-a88b-eebd9374ac08,adc154abe3cea812fb9fedff32206f3a879c9e26,cache,cache16_l1_16k,ptb,16,vgg16_T4_all,layer_01_features_3,2,16384,8,512,64,262144,16,8192,512,32,2,16,1,16,20,20,12,1,next_burst,8,0,1,10,0,100,1,1,1,1,non_inclusive,lru,1329800,128146,1201654,802643,1964624,0.408548,28418,28514,0.996633,1152,36864,0,0,306093,0,0,18546756,11136,464575,19328560,18863985,127563148,108699163,0.852120,1948240,146207,1133467,0,434016,234550,0,0,0,0.651358,0.991660,0,0,0.083333,59.145210,6,8,9,7,16,20,105,0,8497784,6.390272,1.685270,122,206
e28abe17-75a1-4318-afa9-9df919943160,adc154abe3cea812fb9fedff32206f3a879c9e26,cache,cache16_l1_16k,ptb,16,vgg16_T4_all,layer_01_features_3,2,16384,8,256,32,262144,16,4096,256,64,4,16,1,16,20,20,12,1,none,0,0,1,10,0,100,1,1,1,1,non_inclusive,lru,1270949,128146,1142803,732976,1964624,0.373087,1229344,1231648,0.998129,576,36864,0,0,0,0,0,17684165,253851,448928,18386944,17938016,17938016,0,0.000000,0,0,0,0,0,0,0,0,0,0.000000,0.991660,0,0,0.083333,62.691283,1,1,1,2,4,4,0,0,6394144,5.031000,0.972567,122,206
e28abe17-75a1-4318-afa9-9df919943160,adc154abe3cea812fb9fedff32206f3a879c9e26,cache,cache16_l1_16k,ptb,16,vgg16_T4_all,layer_01_features_3,2,16384,8,256,32,262144,16,4096,256,64,4,16,1,16,20,20,12,1,next_burst,2,0,1,10,0,100,1,1,1,1,non_inclusive,lru,1255433,128146,1127287,872267,1964624,0.443987,15856,15936,0.994980,576,36864,0,0,362097,0,0,17420247,9280,347064,18138688,17791624,42856104,25064480,0.584852,1948240,139291,1076421,0,236864,495664,0,0,0,0.618801,0.991660,0,0,0.083333,55.601326,1,3,3,5,10,12,0,0,8342384,6.645025,1.587050,122,206
e28abe17-75a1-4318-afa9-9df919943160,adc154abe3cea812fb9fedff32206f3a879c9e26,cache,cache16_l1_16k,ptb,16,vgg16_T4_all,layer_01_features_3,2,16384,8,256,32,262144,16,4096,256,64,4,16,1,16,20,20,12,1,next_burst,4,0,1,10,0,100,1,1,1,1,non_inclusive,lru,1252339,128146,1124193,860986,1964624,0.438245,16126,16206,0.995064,576,36864,0,0,347097,0,0,17316390,9280,416417,18089184,17672767,66705576,49032809,0.735063,1948240,128010,1087432,0,177629,555169,0,0,0,0.618664,0.991660,0,0,0.083333,56.175533,3,4,5,8,15,20,0,0,8342384,6.661442,1.604581,122,206
e28abe17-75a1-4318-afa9-9df919943160,adc154abe3cea812fb9fedff32206f3a879c9e26,cache,cache16_l1_16k,ptb,16,vgg16_T4_all,layer_01_features_3,2,16384,8,256,32,262144,16,4096,256,64,4,16,1,16,20,20,12,1,next_burst,8,0,1,10,0,100,1,1,1,1,non_inclusive,lru,1251026,128146,1122880,859988,1964624,0.437737,26359,26439,0.996974,576,36864,0,0,328525,0,0,17295611,9280,434760,18068176,17633416,112691440,95058024,0.843525,1948240,127060,1078197,0,193831,549152,0,0,0,0.613480,0.991660,0,0,0.083333,56.226331,5,7,9,10,17,20,68,0,8343500,6.669326,1.633245,122,206
791f3b92-e92e-4920-b9aa-adeb733cabf5,adc154abe3cea812fb9fedff32206f3a879c9e26,cache,cache16_l1_16k,ptb,16,vgg16_T4_all,layer_01_features_3,3,16384,8,1024,128,262144,16,16384,1024,16,1,16,1,16,20,20,12,1,none,0,0,1,10,0,100,1,1,1,1,non_inclusive,lru,1331092,128885,1202207,695248,1963904,0.354013,1262464,1268656,0.995119,1548,24768,0,0,0,0,0,18226189,681072,442691,19349952,18907261,18907261,0,0.000000,0,0,0,0,0,0,0,0,0,0.000000,0.991657,0,0,0.000000,64.598677,1,1,1,2,4,4,0,0,6467692,4.858937,1.001689,126,173
791f3b92-e92e-4920-b9aa-adeb733cabf5,adc154abe3cea812fb9fedff32206f3a879c9e26,cache,cache16_l1_16k,ptb,16,vgg16_T4_all,layer_01_features_3,3,16384,8,1024,128,262144,16,16384,1024,16,1,16,1,16,20,20,12,1,next_burst,2,0,1,10,0,100,1,1,1,1,non_inclusive,lru,1305313,128885,1176428,802576,1963904,0.408664,12640,12816,0.986267,1548,24768,0,0,377676,0,0,18164330,20416,375066,18937488,18562422,47040184,28477762,0.605392,1947520,107328,1148512,0,691680,0,0,0,0,0.639461,0.991657,0,0,0.000000,59.133644,2,3,3,4,10,12,0,0,8415212,6.446892,1.682481,126,173
791f3b92-e92e-4920-b9aa-adeb733cabf5,adc154abe3cea812fb9fedff32206f3a879c9e26,cache,cache16_l1_16k,ptb,16,vgg16_T4_all,layer_01_features_3,3,16384,8,1024,128,262144,16,16384,1024,16,1,16,1,16,20,20,12,1,next_burst,4,0,1,10,0,100,1,1,1,1,non_inclusive,lru,1296883,128885,1167998,807877,1963904,0.411363,12906,13082,0.986546,1548,24768,0,0,380299,0,0,17978507,20416,423386,18802608,18379222,73619416,55240194,0.750348,1947520,112629,1142945,0,691946,0,0,0,0,0.639326,0.991657,0,0,0.000000,58.863722,3,5,5,5,17,20,0,0,8415212,6.488798,1.689108,126,173
791f3b92-e92e-4920-b9aa-adeb733cabf5,adc154abe3cea812fb9fedff32206f3a879c9e26,cache,cache16_l1_16k,ptb,16,vgg16_T4_all,layer_01_features_3,3,16384,8,1024,128,262144,16,16384,1024,16,1,16,1,16,20,20,12,1,next_burst,8,0,1,10,0,100,1,1,1,1,non_inclusive,lru,1293499,128885,1164614,844924,1963904,0.430227,33164,33340,0.994721,1548,24768,0,0,416922,0,0,17833736,20416,477390,18748464,18271074,123478019,105206945,0.852030,1947520,149763,1085640,0,712117,0,0,0,0,0.629055,0.991657,0,0,0.000000,56.977327,5,8,9,7,15,20,105,0,8417138,6.507263,1.722552,126,173
9bd63f45-1c47-4478-8b72-4e0a97915ffc,adc154abe3cea812fb9fedff32206f3a879c9e26,cache,cache16_l1_16k,ptb,16,vgg16_T4_all,layer_01_features_3,3,16384,8,512,64,262144,16,8192,512,32,2,16,1,16,20,20,12,1,none,0,0,1,10,0,100,1,1,1,1,non_inclusive,lru,1382956,128885,1254071,628656,1963904,0.320105,1331504,1335248,0.997196,936,29952,0,0,0,0,0,19317045,411909,450822,20179776,19728954,19728954,0,0.000000,0,0,0,0,0,0,0,0,0,0.000000,0.991657,0,0,0.173077,67.989474,1,1,1,2,4,4,0,0,6600264,4.772577,1.001047,126,173
9bd63f45-1c47-4478-8b72-4e0a97915ffc,adc154abe3cea812fb9fedff32206f3a879c9e26,cache,cache16_l1_16k,ptb,16,vgg16_T4_all,layer_01_features_3,3,16384,8,512,64,262144,16,8192,512,32,2,16,1,16,20,20,12,1,next_burst,2,0,1,10,0,100,1,1,1,1,non_inclusive,lru,1362636,128885,1233751,766255,1963904,0.390169,13936,14064,0.990899,936,29952,0,0,304895,0,0,19163623,14848,371290,19854656,19483366,49571799,30088433,0.606967,1947520,137599,1183585,0,377362,248974,0,0,0,0.672733,0.991657,0,0,0.173077,60.983072,2,3,3,5,11,12,0,0,8547784,6.272977,1.618271,126,173
9bd63f45-1c47-4478-8b72-4e0a97915ffc,adc154abe3cea812fb9fedff32206f3a879c9e26,cache,cache16_l1_16k,ptb,16,vgg16_T4_all,layer_01_features_3,3,16384,8,512,64,262144,16,8192,512,32,2,16,1,16,20,20,12,1,next_burst,4,0,1,10,0,100,1,1,1,1,non_inclusive,lru,1358393,128885,1229508,756719,1963904,0.385314,14480,14608,0.991238,936,29952,0,0,281570,0,0,19079722,14848,410628,19786768,19376140,77609311,58233171,0.750337,1947520,128063,1192577,0,376734,250146,0,0,0,0.672456,0.991657,0,0,0.173077,61.468636,3,5,5,7,17,20,0,0,8547784,6.292571,1.684054,126,173
9bd63f45-1c47-4478-8b72-4e0a97915ffc,adc154abe3cea812fb9fedff32206f3a879c9e26,cache,cache16_l1_16k,ptb,16,vgg16_T4_all,layer_01_features_3,3,16384,8,512,64,262144,16,8192,512,32,2,16,1,16,20,20,12,1,next_burst,8,0,1,10,0,100,1,1,1,1,non_inclusive,lru,1357120,128885,1228235,801882,1963904,0.408310,34259,34387,0.996278,936,29952,0,0,324460,0,0,18949969,14848,477123,19766400,19289277,132087401,112798124,0.853966,1947520,173325,1127635,0,401412,245148,0,0,0,0.662436,0.991657,0,0,0.173077,59.168982,6,8,9,9,15,20,87,0,8549402,6.299665,1.712489,126,173
ad72d454-46f0-40a0-9851-4ed023589b46,adc154abe3cea812fb9fedff32206f3a879c9e26,cache,cache16_l1_16k,ptb,16,vgg16_T4_all,layer_01_features_3,3,16384,8,256,32,262144,16,4096,256,64,4,16,1,16,20,20,12,1,none,0,0,1,10,0,100,1,1,1,1,non_inclusive,lru,1300377,128885,1171492,702448,1963904,0.357679,1259296,1261456,0.998288,540,34560,0,0,0,0,0,18164128,238086,456298,18858512,18402214,18402214,0,0.000000,0,0,0,0,0,0,0,0,0,0.000000,0.991657,0,0,0.283333,64.232060,1,1,1,2,4,4,0,0,6452284,4.961856,0.986066,126,173
ad72d454-46f0-40a0-9851-4ed023589b46,adc154abe3cea812fb9fedff32206f3a879c9e26,cache,cache16_l1_16k,ptb,16,vgg16_T4_all,layer_01_features_3,3,16384,8,256,32,262144,16,4096,256,64,4,16,1,16,20,20,12,1,next_burst,2,0,1,10,0,100,1,1,1,1,non_inclusive,lru,1285077,128885,1156192,831548,1963904,0.423416,15632,15744,0.992886,540,34560,0,0,342629,0,0,17882872,12992,375219,18613712,18238493,45026841,26788348,0.594942,1947520,129100,1116612,0,217875,483933,0,0,0,0.634304,0.991657,0,0,0.283333,57.658419,2,3,3,5,11,12,0,0,8399804,6.536421,1.572489,126,173
ad72d454-46f0-40a0-9851-4ed023589b46,adc154abe3cea812fb9fedff32206f3a879c9e26,cache,cache16_l1_16k,ptb,16,vgg16_T4_all,layer_01_features_3,3,16384,8,256,32,262144,16,4096,256,64,4,16,1,16,20,20,12,1,next_burst,4,0,1,10,0,100,1,1,1,1,non_inclusive,lru,1282185,128885,1153300,833409,1963904,0.424363,16075,16187,0.993081,540,34560,0,0,340256,0,0,17818368,12992,395824,18567440,18171616,69883843,51712227,0.739974,1947520,130961,1114308,0,164262,537989,0,0,0,0.634078,0.991657,0,0,0.283333,57.563659,3,4,5,9,17,20,0,0,8399804,6.551164,1.589878,126,173
ad72d454-46f0-40a0-9851-4ed023589b46,adc154abe3cea812fb9fedff32206f3a879c9e26,cache,cache16_l1_16k,ptb,16,vgg16_T4_all,layer_01_features_3,3,16384,8,256,32,262144,16,4096,256,64,4,16,1,16,20,20,12,1,next_burst,8,0,1,10,0,100,1,1,1,1,non_inclusive,lru,1281476,128885,1152591,847945,1963904,0.431765,29661,29773,0.996238,540,34560,0,0,340131,0,0,17760749,12992,442224,18556096,18113872,118209798,100095926,0.846765,1947520,145577,1086186,0,185206,530551,0,0,0,0.627201,0.991657,0,0,0.283333,56.823501,5,7,9,10,17,20,96,0,8401016,6.555734,1.614098,126,173
a1abcaa9-02f2-4c33-8f00-30b0e09e95e5,adc154abe3cea812fb9fedff32206f3a879c9e26,cache,cache16_l1_16k,ptb,16,vgg16_T4_all,layer_01_features_3,4,16384,8,1024,128,262144,16,16384,1024,16,1,16,1,16,20,20,12,1,none,0,0,1,10,0,100,1,1,1,1,non_inclusive,lru,1128458,129342,999116,907584,1961760,0.462638,1046640,1054176,0.992851,1884,30144,0,0,0,0,0,14811667,826746,471539,16109952,15638413,15638413,0,0.000000,0,0,0,0,0,0,0,0,0,0.000000,0.991648,0,0,0.000000,53.736237,1,1,1,2,4,4,0,0,6034780,5.347811,0.967765,124,170
a1abcaa9-02f2-4c33-8f00-30b0e09e95e5,adc154abe3cea812fb9fedff32206f3a879c9e26,cache,cache16_l1_16k,ptb,16,vgg16_T4_all,layer_01_features_3,4,16384,8,1024,128,262144,16,16384,1024,16,1,16,1,16,20,20,12,1,next_burst,2,0,1,10,0,100,1,1,1,1,non_inclusive,lru,1102382,129342,973040,1006798,1961760,0.513212,9904,10000,0.990400,1884,30144,0,0,545339,0,0,14719022,11136,417239,15692736,15275497,35754748,20479251,0.572770,1945376,99214,944962,0,901200,0,0,0,0,0.532265,0.991648,0,0,0.000000,48.678839,1,3,3,4,10,12,0,0,7980156,7.239012,1.596965,124,170
a1abcaa9-02f2-4c33-8f00-30b0e09e95e5,adc154abe3cea812fb9fedff32206f3a879c9e26,cache,cache16_l1_16k,ptb,16,vgg16_T4_all,layer_01_features_3,4,16384,8,1024,128,262144,16,16384,1024,16,1,16,1,16,20,20,12,1,next_burst,4,0,1,10,0,100,1,1,1,1,non_inclusive,lru,1090155,129342,960813,1016904,1961760,0.518363,10197,10293,0.990673,1884,30144,0,0,567746,0,0,14455225,11136,462997,15497104,15034107,54220819,39186712,0.722724,1945376,109320,934563,0,901493,0,0,0,0,0.532116,0.991648,0,0,0.000000,48.163690,3,4,5,6,17,20,0,0,7980156,7.320203,1.633528,124,170
a1abcaa9-02f2-4c33-8f00-30b0e09e95e5,adc154abe3cea812fb9fedff32206f3a879c9e26,cache,cache16_l1_16k,ptb,16,vgg16_T4_all,layer_01_features_3,4,16384,8,1024,128,262144,16,16384,1024,16,1,16,1,16,20,20,12,1,next_burst,8,0,1,10,0,100,1,1,1,1,non_inclusive,lru,1083924,129342,954582,1032652,1961760,0.526391,23012,23108,0.995846,1884,30144,0,0,581814,0,0,14295695,11136,508763,15397408,14888645,89333035,74444390,0.833336,1945376,125216,906000,0,914160,0,0,0,0,0.525659,0.991648,0,0,0.000000,47.360941,5,7,9,8,16,20,105,0,7982604,7.364542,1.659476,124,170
3a63f68a-1544-456b-b206-1b429e89eaba,adc154abe3cea812fb9fedff32206f3a879c9e26,cache,cache16_l1_16k,ptb,16,vgg16_T4_all,layer_01_features_3,4,16384,8,512,64,262144,16,8192,512,32,2,16,1,16,20,20,12,1,none,0,0,1,10,0,100,1,1,1,1,non_inclusive,lru,1307901,129342,1178559,708304,1961760,0.361055,1248896,1253456,0.996362,1140,36480,0,0,0,0,0,18018322,501270,461448,18981040,18519592,18519592,0,0.000000,0,0,0,0,0,0,0,0,0,0.000000,0.991648,0,0,0.173684,63.894462,1,1,1,2,4,4,0,0,6432596,4.918259,0.965208,124,170
3a63f68a-1544-456b-b206-1b429e89eaba,adc154abe3cea812fb9fedff32206f3a879c9e26,cache,cache16_l1_16k,ptb,16,vgg16_T4_all,layer_01_features_3,4,16384,8,512,64,262144,16,8192,512,32,2,16,1,16,20,20,12,1,next_burst,2,0,1,10,0,100,1,1,1,1,non_inclusive,lru,1286846,129342,1157504,833093,1961760,0.424666,13136,13216,0.993947,1140,36480,0,0,361351,0,0,17889267,9280,384262,18644160,18259898,45393824,27133926,0.597745,1945376,124789,1115451,0,494178,210958,0,0,0,0.632208,0.991648,0,0,0.173684,57.533388,2,3,3,5,10,12,0,0,8377972,6.510470,1.604098,124,170
3a63f68a-1544-456b-b206-1b429e89eaba,adc154abe3cea812fb9fedff32206f3a879c9e26,cache,cache16_l1_16k,ptb,16,vgg16_T4_all,layer_01_features_3,4,16384,8,512,64,262144,16,8192,512,32,2,16,1,16,20,20,12,1,next_burst,4,0,1,10,0,100,1,1,1,1,non_inclusive,lru,1280626,129342,1151284,821766,1961760,0.418892,13698,13778,0.994194,1140,36480,0,0,344397,0,0,17760154,9280,430809,18544640,18113831,71022822,52908991,0.744958,1945376,113462,1126216,0,493915,211783,0,0,0,0.631921,0.991648,0,0,0.173684,58.110778,3,5,5,7,17,20,0,0,8377972,6.542091,1.624782,124,170
3a63f68a-1544-456b-b206-1b429e89eaba,adc154abe3cea812fb9fedff32206f3a879c9e26,cache,cache16_l1_16k,ptb,16,vgg16_T4_all,layer_01_features_3,4,16384,8,512,64,262144,16,8192,512,32,2,16,1,16,20,20,12,1,next_burst,8,0,1,10,0,100,1,1,1,1,non_inclusive,lru,1277520,129342,1148178,859227,1961760,0.437988,29382,29462,0.997285,1140,36480,0,0,383981,0,0,17603478,9280,498205,18494944,17996739,119878602,101881863,0.849875,1945376,151086,1073071,0,513497,207722,0,0,0,0.624010,0.991648,0,0,0.173684,56.201217,5,8,9,9,15,20,87,0,8379830,6.559451,1.671264,124,170
0977ff78-2a7a-460d-89a6-11fc8516869c,adc154abe3cea812fb9fedff32206f3a879c9e26,cache,cache16_l1_16k,ptb,16,vgg16_T4_all,layer_01_features_3,4,16384,8,256,32,262144,16,4096,256,64,4,16,1,16,20,20,12,1,none,0,0,1,10,0,100,1,1,1,1,non_inclusive,lru,1198361,129342,1069019,805152,1961760,0.410423,1154304,1156608,0.998008,576,36864,0,0,0,0,0,16501568,253504,473328,17228400,16755072,16755072,0,0.000000,0,0,0,0,0,0,0,0,0,0.000000,0.991648,0,0,0.182292,58.957671,1,1,1,2,4,4,0,0,6238336,5.205723,0.946986,124,170
0977ff78-2a7a-460d-89a6-11fc8516869c,adc154abe3cea812fb9fedff32206f3a879c9e26,cache,cache16_l1_16k,ptb,16,vgg16_T4_all,layer_01_features_3,4,16384,8,256,32,262144,16,4096,256,64,4,16,1,16,20,20,12,1,next_burst,2,0,1,10,0,100,1,1,1,1,non_inclusive,lru,1183464,129342,1054122,935510,1961760,0.476873,15623,15687,0.995920,576,36864,0,0,388667,0,0,16224583,7424,369374,16990048,16620674,38629136,22008462,0.569737,1945376,130358,1010563,0,246982,557473,0,0,0,0.581580,0.991648,0,0,0.182292,52.312719,1,3,3,5,10,12,0,0,8183712,6.915049,1.589998,124,170
0977ff78-2a7a-460d-89a6-11fc8516869c,adc154abe3cea812fb9fedff32206f3a879c9e26,cache,cache16_l1_16k,ptb,16,vgg16_T4_all,layer_01_features_3,4,16384,8,256,32,262144,16,4096,256,64,4,16,1,16,20,20,12,1,next_burst,4,0,1,10,0,100,1,1,1,1,non_inclusive,lru,1179420,129342,1050078,925133,1961760,0.471583,16079,16143,0.996035,576,36864,0,0,377760,0,0,16124626,7424,415534,16925344,16509810,60242862,43733052,0.725946,1945376,119981,1020484,0,206794,598117,0,0,0,0.581348,0.991648,0,0,0.182292,52.841683,3,4,5,9,14,20,0,0,8183712,6.938760,1.594842,124,170
0977ff78-2a7a-460d-89a6-11fc8516869c,adc154abe3cea812fb9fedff32206f3a879c9e26,cache,cache16_l1_16k,ptb,16,vgg16_T4_all,layer_01_features_3,4,16384,8,256,32,262144,16,4096,256,64,4,16,1,16,20,20,12,1,next_burst,8,0,1,10,0,100,1,1,1,1,non_inclusive,lru,1178205,129342,1048863,932133,1961760,0.475151,27722,27786,0.997697,576,36864,0,0,371345,0,0,16073283,7424,453852,16905904,16452052,101184033,84731981,0.837405,1945376,127050,1001841,0,226325,590160,0,0,0,0.575448,0.991648,0,0,0.182292,52.484861,5,7,9,9,18,20,75,0,8184730,6.946779,1.614894,124,170
c4bbc506-b651-409d-8145-26616fe575e5,adc154abe3cea812fb9fedff32206f3a879c9e26,cache,cache16_l1_16k,ptb,16,vgg16_T4_all,layer_09_features_30,0,16384,8,1024,128,262144,16,16384,1024,16,1,16,1,16,20,20,12,1,none,0,0,1,10,0,100,1,1,1,1,non_inclusive,lru,32643480,295576,32347904,0,4729216,0.000000,27360,4729216,0.005785,4701856,75229696,0,0,0,0,0,320364,517223510,24638,517568512,517543874,517543874,0,0.000000,0,0,0,0,0,0,0,0,0,0.000000,0.999567,0,0,0.000000,100.000000,1,1,1,8,15,16,0,0,23618848,0.723540,4.041547,2236,3407
c4bbc506-b651-409d-8145-26616fe575e5,adc154abe3cea812fb9fedff32206f3a879c9e26,cache,cache16_l1_16k,ptb,16,vgg16_T4_all,layer_09_features_30,0,16384,8,1024,128,262144,16,16384,1024,16,1,16,1,16,20,20,12,1,next_burst,2,0,1,10,0,100,1,1,1,1,non_inclusive,lru,25876850,295576,25581274,11310,4729216,0.002392,0,2048,0.000000,4701856,75229696,0,0,3564,0,0,408981762,240640,76466,409302432,409225966,1236586000,827360034,0.669068,4727168,11310,4715858,0,0,0,0,0,0,0.999567,0.999567,0,0,0.000000,99.760848,2,3,3,15,19,20,28,0,33041316,1.276868,6.046585,2236,3407
c4bbc506-b651-409d-8145-26616fe575e5,adc154abe3cea812fb9fedff32206f3a879c9e26,cache,cache16_l1_16k,ptb,16,vgg16_T4_all,layer_09_features_30,0,16384,8,1024,128,262144,16,16384,1024,16,1,16,1,16,20,20,12,1,next_burst,4,0,1,10,0,100,1,1,1,1,non_inclusive,lru,25875026,295576,25579450,15180,4729216,0.003210,0,2048,0.000000,4701856,75229696,0,0,9204,0,0,408932178,240640,91226,409273248,409182022,2063065840,1653883818,0.801663,4727168,15180,4711988,0,0,0,0,0,0,0.999567,0.999567,0,0,0.000000,99.679017,4,5,5,15,19,20,60,0,33042852,1.277017,6.288519,2236,3407
c4bbc506-b651-409d-8145-26616fe575e5,adc154abe3cea812fb9fedff32206f3a879c9e26,cache,cache16_l1_16k,ptb,16,vgg16_T4_all,layer_09_features_30,0,16384,8,1024,128,262144,16,16384,1024,16,1,16,1,16,20,20,12,1,next_burst,8,0,1,10,0,100,1,1,1,1,non_inclusive,lru,25880254,295576,25584678,23352,4729216,0.004938,0,2048,0.000000,4701856,75229696,0,0,15882,0,0,409014488,240640,85886,409356896,409271010,3714842384,3305571374,0.889828,4727168,23352,4703816,0,0,0,0,0,0,0.999567,0.999567,0,0,0.000000,99.506218,8,9,9,15,19,20,124,0,33044232,1.276813,6.516451,2236,3407
910abba8-0b8f-47e6-ad24-cb4e2dd2c678,adc154abe3cea812fb9fedff32206f3a879c9e26,cache,cache16_l1_16k,ptb,16,vgg16_T4_all,layer_09_features_30,0,16384,8,512,64,262144,16,8192,512,32,2,16,1,16,20,20,12,1,none,0,0,1,10,0,100,1,1,1,1,non_inclusive,lru,20848888,295576,20553312,1721344,4729216,0.363981,21216,3007872,0.007053,2986656,95572992,0,0,0,0,0,283740,328548828,22472,328855040,328832568,328832568,0,0.000000,0,0,0,0,0,0,0,0,0,0.000000,0.999567,0,0,0.015842,63.601916,1,1,1,8,15,16,0,0,18460960,0.885465,3.116340,2236,3407
910abba8-0b8f-47e6-ad24-cb4e2dd2c678,adc154abe3cea812fb9fedff32206f3a879c9e26,cache,cache16_l1_16k,ptb,16,vgg16_T4_all,layer_09_features_30,0,16384,8,512,64,262144,16,8192,512,32,2,16,1,16,20,20,12,1,next_burst,2,0,1,10,0,100,1,1,1,1,non_inclusive,lru,16473812,295576,16178236,1917164,4729216,0.405387,96,2048,0.046875,2986656,95572992,0,0,258566,0,0,257758628,229360,607270,258853824,258246554,580112136,321865582,0.554833,4727168,195820,2810004,0,81540,1639804,0,0,0,0.635586,0.999567,0,0,0.015842,59.461272,2,3,3,17,19,20,28,0,26161252,1.588051,5.170602,2236,3407
910abba8-0b8f-47e6-ad24-cb4e2dd2c678,adc154abe3cea812fb9fedff32206f3a879c9e26,cache,cache16_l1_16k,ptb,16,vgg16_T4_all,layer_09_features_30,0,16384,8,512,64,262144,16,8192,512,32,2,16,1,16,20,20,12,1,next_burst,4,0,1,10,0,100,1,1,1,1,non_inclusive,lru,16454360,295576,16158784,2173468,4729216,0.459583,96,2048,0.046875,2986656,95572992,0,0,642488,0,0,257346324,229360,324420,258542592,258218172,909096890,650878718,0.715962,4727168,452124,2553700,0,4810,1716534,0,0,0,0.635586,0.999567,0,0,0.015842,54.041685,3,4,5,17,19,20,60,0,26170504,1.590491,5.180558,2236,3407
910abba8-0b8f-47e6-ad24-cb4e2dd2c678,adc154abe3cea812fb9fedff32206f3a879c9e26,cache,cache16_l1_16k,ptb,16,vgg16_T4_all,layer_09_features_30,0,16384,8,512,64,262144,16,8192,512,32,2,16,1,16,20,20,12,1,next_burst,8,0,1,10,0,100,1,1,1,1,non_inclusive,lru,16452008,295576,16156432,2323524,4729216,0.491313,96,2048,0.046875,2986656,95572992,0,0,875820,0,0,257138990,229360,260790,258504960,258244170,1574861064,1316616894,0.836021,4727168,602180,2403644,0,552,1720792,0,0,0,0.635586,0.999567,0,0,0.015842,50.868728,5,7,9,17,19,20,123,0,26170894,1.590742,5.261158,2236,3407
acaa56e2-4100-4dc2-adf0-fd90900bc698,adc154abe3cea812fb9fedff32206f3a879c9e26,cache,cache16_l1_16k,ptb,16,vgg16_T4_all,layer_09_features_30,0,16384,8,256,32,262144,16,4096,256,64,4,16,1,16,20,20,12,1,none,0,0,1,10,0,100,1,1,1,1,non_inclusive,lru,11420358,295576,11124782,3100800,4729216,0.655669,12000,1628416,0.007369,1616416,103450624,0,0,0,0,0,157608,177820820,20132,177998560,177978428,177978428,0,0.000000,0,0,0,0,0,0,0,0,0,0.000000,0.999567,0,0,0.015842,34.433107,1,1,1,8,15,16,0,0,14331808,1.254935,2.311313,2236,3407
acaa56e2-4100-4dc2-adf0-fd90900bc698,adc154abe3cea812fb9fedff32206f3a879c9e26,cache,cache16_l1_16k,ptb,16,vgg16_T4_all,layer_09_features_30,0,16384,8,256,32,262144,16,4096,256,64,4,16,1,16,20,20,12,1,next_burst,2,0,1,10,0,100,1,1,1,1,non_inclusive,lru,9547772,295576,9252196,3160376,4729216,0.668266,96,2048,0.046875,1616416,103450624,0,0,1693428,0,0,145089538,229360,1024858,148037184,147012326,199993628,52981302,0.264915,4727168,59576,1566792,0,641534,2459266,0,0,0,0.343898,0.999567,0,0,0.015842,33.173363,1,2,3,13,19,20,21,0,19283198,2.019654,4.025180,2236,3407
acaa56e2-4100-4dc2-adf0-fd90900bc698,adc154abe3cea812fb9fedff32206f3a879c9e26,cache,cache16_l1_16k,ptb,16,vgg16_T4_all,layer_09_features_30,0,16384,8,256,32,262144,16,4096,256,64,4,16,1,16,20,20,12,1,next_burst,4,0,1,10,0,100,1,1,1,1,non_inclusive,lru,8925540,295576,8629964,3228186,4729216,0.682605,96,2048,0.046875,1616416,103450624,0,0,1825192,0,0,135681268,229360,345652,138081472,137735820,309861900,172126080,0.555493,4727168,127386,1498982,0,56206,3044594,0,0,0,0.343898,0.999567,0,0,0.015842,31.739510,2,3,4,17,19,20,41,0,20663754,2.315126,4.035683,2236,3407
acaa56e2-4100-4dc2-adf0-fd90900bc698,adc154abe3cea812fb9fedff32206f3a879c9e26,cache,cache16_l1_16k,ptb,16,vgg16_T4_all,layer_09_features_30,0,16384,8,256,32,262144,16,4096,256,64,4,16,1,16,20,20,12,1,next_burst,8,0,1,10,0,100,1,1,1,1,non_inclusive,lru,8913854,295576,8618278,3361176,4729216,0.710726,96,2048,0.046875,1616416,103450624,0,0,2078344,0,0,135353460,229360,233332,137894496,137661164,500547548,362886384,0.724979,4727168,260376,1365992,0,392,3100408,0,0,0,0.343898,0.999567,0,0,0.015842,28.927416,3,4,6,17,19,20,75,0,20672694,2.319165,4.050257,2236,3407
fb829064-0a7a-4ed2-8fef-7cfb65ef13df,adc154abe3cea812fb9fedff32206f3a879c9e26,cache,cache16_l1_16k,ptb,16,vgg16_T4_all,layer_09_features_30,1,16384,8,1024,128,262144,16,16384,1024,16,1,16,1,16,20,20,12,1,none,0,0,1,10,0,100,1,1,1,1,non_inclusive,lru,33968652,307600,33661052,0,4921600,0.000000,28704,4921600,0.005832,4892896,78286336,0,0,0,0,0,316044,538237586,25250,538578880,538553630,538553630,0,0.000000,0,0,0,0,0,0,0,0,0,0.000000,0.999584,0,0,0.000000,100.000000,1,1,1,8,15,16,0,0,24579424,0.723591,4.264330,2322,3515
fb829064-0a7a-4ed2-8fef-7cfb65ef13df,adc154abe3cea812fb9fedff32206f3a879c9e26,cache,cache16_l1_16k,ptb,16,vgg16_T4_all,layer_09_features_30,1,16384,8,1024,128,262144,16,16384,1024,16,1,16,1,16,20,20,12,1,next_burst,2,0,1,10,0,100,1,1,1,1,non_inclusive,lru,26927282,307600,26619682,16272,4921600,0.003306,0,2048,0.000000,4892896,78286336,0,0,4770,0,0,425573974,240640,97576,425916960,425819384,1286763878,860944494,0.669077,4919552,16272,4903280,0,0,0,0,0,0,0.999584,0.999584,0,0,0.000000,99.669376,2,3,3,15,19,20,28,0,34384194,1.276928,6.293506,2322,3515
fb829064-0a7a-4ed2-8fef-7cfb65ef13df,adc154abe3cea812fb9fedff32206f3a879c9e26,cache,cache16_l1_16k,ptb,16,vgg16_T4_all,layer_09_features_30,1,16384,8,1024,128,262144,16,16384,1024,16,1,16,1,16,20,20,12,1,next_burst,4,0,1,10,0,100,1,1,1,1,non_inclusive,lru,26923688,307600,26616088,18600,4921600,0.003779,0,2048,0.000000,4892896,78286336,0,0,11250,0,0,425498206,240640,109360,425859456,425750096,2146698952,1720948856,0.801672,4919552,18600,4900952,0,0,0,0,0,0,0.999584,0.999584,0,0,0.000000,99.622074,4,5,5,15,19,20,60,0,34387296,1.277213,6.471837,2322,3515
fb829064-0a7a-4ed2-8fef-7cfb65ef13df,adc154abe3cea812fb9fedff32206f3a879c9e26,cache,cache16_l1_16k,ptb,16,vgg16_T4_all,layer_09_features_30,1,16384,8,1024,128,262144,16,16384,1024,16,1,16,1,16,20,20,12,1,next_burst,8,0,1,10,0,100,1,1,1,1,non_inclusive,lru,26928976,307600,26621376,30816,4921600,0.006261,0,2048,0.000000,4892896,78286336,0,0,20106,0,0,425557494,240640,125824,425944064,425818240,3865553522,3439735282,0.889843,4919552,30816,4888736,0,0,0,0,0,0,0.999584,0.999584,0,0,0.000000,99.373862,8,9,9,15,19,20,124,0,34388424,1.277005,6.775241,2322,3515
b1873a2e-75bb-42ad-9c05-848730fb6d10,adc154abe3cea812fb9fedff32206f3a879c9e26,cache,cache16_l1_16k,ptb,16,vgg16_T4_all,layer_09_features_30,1,16384,8,512,64,262144,16,8192,512,32,2,16,1,16,20,20,12,1,none,0,0,1,10,0,100,1,1,1,1,non_inclusive,lru,21378506,307600,21070906,1837568,4921600,0.373368,22176,3084032,0.007191,3061856,97979392,0,0,0,0,0,293586,336820570,22388,337136544,337114156,337114156,0,0.000000,0,0,0,0,0,0,0,0,0,0.000000,0.999584,0,0,0.016493,62.663199,1,1,1,8,15,16,0,0,19073248,0.892169,3.189485,2322,3515
b1873a2e-75bb-42ad-9c05-848730fb6d10,adc154abe3cea812fb9fedff32206f3a879c9e26,cache,cache16_l1_16k,ptb,16,vgg16_T4_all,layer_09_features_30,1,16384,8,512,64,262144,16,8192,512,32,2,16,1,16,20,20,12,1,next_burst,2,0,1,10,0,100,1,1,1,1,non_inclusive,lru,16887854,307600,16580254,2039920,4921600,0.414483,96,2048,0.046875,3061856,97979392,0,0,272462,0,0,264266580,229360,517710,265286112,264768402,583281392,318512990,0.546071,4919552,202352,2879632,0,83366,1754202,0,0,0,0.626216,0.999584,0,0,0.016493,58.551691,2,3,3,17,19,20,28,0,27040534,1.601182,5.262388,2322,3515
b1873a2e-75bb-42ad-9c05-848730fb6d10,adc154abe3cea812fb9fedff32206f3a879c9e26,cache,cache16_l1_16k,ptb,16,vgg16_T4_all,layer_09_features_30,1,16384,8,512,64,262144,16,8192,512,32,2,16,1,16,20,20,12,1,next_burst,4,0,1,10,0,100,1,1,1,1,non_inclusive,lru,16871914,307600,16564314,2336840,4921600,0.474813,96,2048,0.046875,3061856,97979392,0,0,727850,0,0,263776954,229360,296908,265031072,264734164,920838034,656103870,0.712507,4919552,499272,2582712,0,4510,1833058,0,0,0,0.626216,0.999584,0,0,0.016493,52.518693,3,4,5,17,19,20,60,0,27050286,1.603273,5.389173,2322,3515
b1873a2e-75bb-42ad-9c05-848730fb6d10,adc154abe3cea812fb9fedff32206f3a879c9e26,cache,cache16_l1_16k,ptb,16,vgg16_T4_all,layer_09_features_30,1,16384,8,512,64,262144,16,8192,512,32,2,16,1,16,20,20,12,1,next_burst,8,0,1,10,0,100,1,1,1,1,non_inclusive,lru,16866530,307600,16558930,2405842,4921600,0.488833,96,2048,0.046875,3061856,97979392,0,0,841264,0,0,263597674,229360,276630,264944928,264668298,1591447398,1326779100,0.833693,4919552,568274,2513710,0,144,1837424,0,0,0,0.626216,0.999584,0,0,0.016493,51.116669,5,7,9,17,19,20,122,0,27050880,1.603820,5.385712,2322,3515
87266526-7034-4a7b-8e43-acf0df4c200b,adc154abe3cea812fb9fedff32206f3a879c9e26,cache,cache16_l1_16k,ptb,16,vgg16_T4_all,layer_09_features_30,1,16384,8,256,32,262144,16,4096,256,64,4,16,1,16,20,20,12,1,none,0,0,1,10,0,100,1,1,1,1,non_inclusive,lru,11477114,307600,11169514,3286400,4921600,0.667750,12288,1635200,0.007515,1622912,103866368,0,0,0,0,0,158298,178535032,20942,178714272,178693330,178693330,0,0.000000,0,0,0,0,0,0,0,0,0,0.000000,0.999584,0,0,0.016493,33.224967,1,1,1,8,15,16,0,0,14736640,1.284002,2.404863,2322,3515
87266526-7034-4a7b-8e43-acf0df4c200b,adc154abe3cea812fb9fedff32206f3a879c9e26,cache,cache16_l1_16k,ptb,16,vgg16_T4_all,layer_09_features_30,1,16384,8,256,32,262144,16,4096,256,64,4,16,1,16,20,20,12,1,next_burst,2,0,1,10,0,100,1,1,1,1,non_inclusive,lru,9810216,307600,9502616,3335808,4921600,0.677789,96,2048,0.046875,1622912,103866368,0,0,1810648,0,0,149083226,229360,920670,152043904,151123234,195810424,44687190,0.228217,4919552,49408,1583744,0,669854,2616546,0,0,0,0.331834,0.999584,0,0,0.016493,32.221066,1,2,3,13,19,20,22,0,19827926,2.021151,4.115902,2322,3515
87266526-7034-4a7b-8e43-acf0df4c200b,adc154abe3cea812fb9fedff32206f3a879c9e26,cache,cache16_l1_16k,ptb,16,vgg16_T4_all,layer_09_features_30,1,16384,8,256,32,262144,16,4096,256,64,4,16,1,16,20,20,12,1,next_burst,4,0,1,10,0,100,1,1,1,1,non_inclusive,lru,8959794,307600,8652194,3420052,4921600,0.694907,96,2048,0.046875,1622912,103866368,0,0,1975582,0,0,135848896,229360,383314,138437152,138053838,300331534,162277696,0.540329,4919552,133652,1499500,0,63786,3222614,0,0,0,0.331834,0.999584,0,0,0.016493,30.509347,2,2,4,17,19,20,40,0,21268650,2.373788,4.134764,2322,3515
87266526-7034-4a7b-8e43-acf0df4c200b,adc154abe3cea812fb9fedff32206f3a879c9e26,cache,cache16_l1_16k,ptb,16,vgg16_T4_all,layer_09_features_30,1,16384,8,256,32,262144,16,4096,256,64,4,16,1,16,20,20,12,1,next_burst,8,0,1,10,0,100,1,1,1,1,non_inclusive,lru,8951596,307600,8643996,3550904,4921600,0.721494,96,2048,0.046875,1622912,103866368,0,0,2228984,0,0,135617826,229360,229814,138305984,138076170,482653618,344577448,0.713923,4919552,264504,1368648,0,72,3286328,0,0,0,0.331834,0.999584,0,0,0.016493,27.850618,3,4,6,17,19,20,62,0,21276360,2.376823,4.225860,2322,3515
62413641-36c9-4333-9515-ab7e86920721,adc154abe3cea812fb9fedff32206f3a879c9e26,cache,cache16_l1_16k,ptb,16,vgg16_T4_all,layer_09_features_30,2,16384,8,1024,128,262144,16,16384,1024,16,1,16,1,16,20,20,12,1,none,0,0,1,10,0,100,1,1,1,1,non_inclusive,lru,35032182,317208,34714974,0,5075328,0.000000,29280,5075328,0.005769,5046048,80736768,0,0,0,0,0,331086,555084780,25766,555441632,555415866,555415866,0,0.000000,0,0,0,0,0,0,0,0,0,0.000000,0.999596,0,0,0.000000,100.000000,1,1,1,8,15,16,0,0,25347488,0.723549,4.349274,2382,3590
62413641-36c9-4333-9515-ab7e86920721,adc154abe3cea812fb9fedff32206f3a879c9e26,cache,cache16_l1_16k,ptb,16,vgg16_T4_all,layer_09_features_30,2,16384,8,1024,128,262144,16,16384,1024,16,1,16,1,16,20,20,12,1,next_burst,2,0,1,10,0,100,1,1,1,1,non_inclusive,lru,27768590,317208,27451382,11436,5075328,0.002253,0,2048,0.000000,5046048,80736768,0,0,4038,0,0,438891168,240640,88314,439224160,439135846,1327028908,887893062,0.669083,5073280,11436,5061844,0,0,0,0,0,0,0.999596,0.999596,0,0,0.000000,99.774675,2,3,3,15,19,20,28,0,35459480,1.276964,6.470218,2382,3590
62413641-36c9-4333-9515-ab7e86920721,adc154abe3cea812fb9fedff32206f3a879c9e26,cache,cache16_l1_16k,ptb,16,vgg16_T4_all,layer_09_features_30,2,16384,8,1024,128,262144,16,16384,1024,16,1,16,1,16,20,20,12,1,next_burst,4,0,1,10,0,100,1,1,1,1,non_inclusive,lru,27766118,317208,27448910,17322,5075328,0.003413,0,2048,0.000000,5046048,80736768,0,0,10404,0,0,438833466,240640,100098,439184608,439084510,2213956074,1774871564,0.801674,5073280,17322,5055958,0,0,0,0,0,0,0.999596,0.999596,0,0,0.000000,99.658702,4,5,5,15,19,20,60,0,35461928,1.277166,6.607836,2382,3590
62413641-36c9-4333-9515-ab7e86920721,adc154abe3cea812fb9fedff32206f3a879c9e26,cache,cache16_l1_16k,ptb,16,vgg16_T4_all,layer_09_features_30,2,16384,8,1024,128,262144,16,16384,1024,16,1,16,1,16,20,20,12,1,next_burst,8,0,1,10,0,100,1,1,1,1,non_inclusive,lru,27772228,317208,27455020,24198,5075328,0.004768,0,2048,0.000000,5046048,80736768,0,0,17880,0,0,438927926,240640,95922,439282368,439186446,3986950546,3547764100,0.889844,5073280,24198,5049082,0,0,0,0,0,0,0.999596,0.999596,0,0,0.000000,99.523223,8,9,9,15,19,20,124,0,35463014,1.276924,6.894183,2382,3590
eb9fb7c4-af39-4890-bfa9-680520b2db11,adc154abe3cea812fb9fedff32206f3a879c9e26,cache,cache16_l1_16k,ptb,16,vgg16_T4_all,layer_09_features_30,2,16384,8,512,64,262144,16,8192,512,32,2,16,1,16,20,20,12,1,none,0,0,1,10,0,100,1,1,1,1,non_inclusive,lru,21572424,317208,21255216,1964544,5075328,0.387077,22176,3110784,0.007129,3088608,98835456,0,0,0,0,0,300384,339763146,21974,340085504,340063530,340063530,0,0.000000,0,0,0,0,0,0,0,0,0,0.000000,0.999596,0,0,0.009332,61.292275,1,1,1,8,15,16,0,0,19460960,0.902122,3.248088,2382,3590
eb9fb7c4-af39-4890-bfa9-680520b2db11,adc154abe3cea812fb9fedff32206f3a879c9e26,cache,cache16_l1_16k,ptb,16,vgg16_T4_all,layer_09_features_30,2,16384,8,512,64,262144,16,8192,512,32,2,16,1,16,20,20,12,1,next_burst,2,0,1,10,0,100,1,1,1,1,non_inclusive,lru,17043634,317208,16726426,2162802,5075328,0.426140,96,2048,0.046875,3088608,98835456,0,0,278908,0,0,266450156,229360,666440,267624864,266958424,580032756,313074332,0.539753,5073280,198258,2910478,0,87344,1877200,0,0,0,0.612519,0.999596,0,0,0.009332,57.385966,2,3,3,17,19,20,28,0,27608604,1.619878,5.370106,2382,3590
eb9fb7c4-af39-4890-bfa9-680520b2db11,adc154abe3cea812fb9fedff32206f3a879c9e26,cache,cache16_l1_16k,ptb,16,vgg16_T4_all,layer_09_features_30,2,16384,8,512,64,262144,16,8192,512,32,2,16,1,16,20,20,12,1,next_burst,4,0,1,10,0,100,1,1,1,1,non_inclusive,lru,17018542,317208,16701334,2432204,5075328,0.479221,96,2048,0.046875,3088608,98835456,0,0,704096,0,0,265947884,229360,342052,267223392,266881340,904661288,637779948,0.704993,5073280,467660,2641076,0,4386,1960158,0,0,0,0.612519,0.999596,0,0,0.009332,52.077895,3,4,5,17,19,20,60,0,27618674,1.622858,5.383190,2382,3590
eb9fb7c4-af39-4890-bfa9-680520b2db11,adc154abe3cea812fb9fedff32206f3a879c9e26,cache,cache16_l1_16k,ptb,16,vgg16_T4_all,layer_09_features_30,2,16384,8,512,64,262144,16,8192,512,32,2,16,1,16,20,20,12,1,next_burst,8,0,1,10,0,100,1,1,1,1,non_inclusive,lru,17015202,317208,16697994,2610506,5075328,0.514352,96,2048,0.046875,3088608,98835456,0,0,993644,0,0,265572326,229360,374622,267169952,266795330,1566572462,1299777132,0.829695,5073280,645962,2462774,0,588,1963956,0,0,0,0.612519,0.999596,0,0,0.009332,48.564782,5,7,9,17,19,20,121,0,27619176,1.623206,5.466968,2382,3590
a3feb1af-9dcb-4161-adae-5caa9a9bf691,adc154abe3cea812fb9fedff32206f3a879c9e26,cache,cache16_l1_16k,ptb,16,vgg16_T4_all,layer_09_features_30,2,16384,8,256,32,262144,16,4096,256,64,4,16,1,16,20,20,12,1,none,0,0,1,10,0,100,1,1,1,1,non_inclusive,lru,11496954,317208,11179746,3438720,5075328,0.677537,12192,1636608,0.007450,1624416,103962624,0,0,0,0,0,156828,178700820,20336,178877984,178857648,178857648,0,0.000000,0,0,0,0,0,0,0,0,0,0.000000,0.999596,0,0,0.009332,32.246349,1,1,1,8,15,16,0,0,15048416,1.308905,2.418263,2382,3590
a3feb1af-9dcb-4161-adae-5caa9a9bf691,adc154abe3cea812fb9fedff32206f3a879c9e26,cache,cache16_l1_16k,ptb,16,vgg16_T4_all,layer_09_features_30,2,16384,8,256,32,262144,16,4096,256,64,4,16,1,16,20,20,12,1,next_burst,2,0,1,10,0,100,1,1,1,1,non_inclusive,lru,10019318,317208,9702110,3476898,5075328,0.685059,96,2048,0.046875,1624416,103962624,0,0,1919724,0,0,152299080,229360,787644,155235808,154448164,192265564,37817400,0.196694,5073280,38178,1596382,0,720260,2718460,0,0,0,0.322060,0.999596,0,0,0.009332,31.494122,1,2,3,13,19,20,12,0,20251216,2.021217,4.122646,2382,3590
a3feb1af-9dcb-4161-adae-5caa9a9bf691,adc154abe3cea812fb9fedff32206f3a879c9e26,cache,cache16_l1_16k,ptb,16,vgg16_T4_all,layer_09_features_30,2,16384,8,256,32,262144,16,4096,256,64,4,16,1,16,20,20,12,1,next_burst,4,0,1,10,0,100,1,1,1,1,non_inclusive,lru,8966734,317208,8649526,3572968,5075328,0.703988,96,2048,0.046875,1624416,103962624,0,0,2107646,0,0,135666872,229360,390586,138394464,138003878,296853220,158849342,0.535111,5073280,134248,1500312,0,72246,3366474,0,0,0,0.322060,0.999596,0,0,0.009332,29.601240,1,2,4,17,19,20,38,0,21736502,2.424127,4.179242,2382,3590
a3feb1af-9dcb-4161-adae-5caa9a9bf691,adc154abe3cea812fb9fedff32206f3a879c9e26,cache,cache16_l1_16k,ptb,16,vgg16_T4_all,layer_09_features_30,2,16384,8,256,32,262144,16,4096,256,64,4,16,1,16,20,20,12,1,next_burst,8,0,1,10,0,100,1,1,1,1,non_inclusive,lru,8959232,317208,8642024,3699208,5075328,0.728861,96,2048,0.046875,1624416,103962624,0,0,2355072,0,0,135435764,229360,254236,138274432,138020196,469721016,331700820,0.706166,5073280,260488,1374072,0,184,3438536,0,0,0,0.322060,0.999596,0,0,0.009332,27.113913,3,4,5,17,19,20,60,0,21743256,2.426911,4.205309,2382,3590
53cb1551-ffef-4469-bf25-afdb463a6625,adc154abe3cea812fb9fedff32206f3a879c9e26,cache,cache16_l1_16k,ptb,16,vgg16_T4_all,layer_09_features_30,3,16384,8,1024,128,262144,16,16384,1024,16,1,16,1,16,20,20,12,1,none,0,0,1,10,0,100,1,1,1,1,non_inclusive,lru,35437620,320904,35116716,0,5134464,0.000000,30048,5134464,0.005852,5104416,81670656,0,0,0,0,0,339324,561505002,25178,561869504,561844326,561844326,0,0.000000,0,0,0,0,0,0,0,0,0,0.000000,0.999601,0,0,0.000000,100.000000,1,1,1,8,15,16,0,0,25642400,0.723593,4.421475,2408,3642
53cb1551-ffef-4469-bf25-afdb463a6625,adc154abe3cea812fb9fedff32206f3a879c9e26,cache,cache16_l1_16k,ptb,16,vgg16_T4_all,layer_09_features_30,3,16384,8,1024,128,262144,16,16384,1024,16,1,16,1,16,20,20,12,1,next_burst,2,0,1,10,0,100,1,1,1,1,non_inclusive,lru,28091188,320904,27770284,14856,5134464,0.002893,0,2048,0.000000,5104416,81670656,0,0,5142,0,0,444001424,240640,79386,444326592,444247206,1342494580,898247374,0.669088,5132416,14856,5117560,0,0,0,0,0,0,0.999601,0.999601,0,0,0.000000,99.710661,2,3,3,15,19,20,28,0,35871206,1.276956,6.592277,2408,3642
53cb1551-ffef-4469-bf25-afdb463a6625,adc154abe3cea812fb9fedff32206f3a879c9e26,cache,cache16_l1_16k,ptb,16,vgg16_T4_all,layer_09_features_30,3,16384,8,1024,128,262144,16,16384,1024,16,1,16,1,16,20,20,12,1,next_burst,4,0,1,10,0,100,1,1,1,1,non_inclusive,lru,28085686,320904,27764782,18600,5134464,0.003623,0,2048,0.000000,5104416,81670656,0,0,11022,0,0,443892344,240640,94554,444238560,444144006,2239478790,1795334784,0.801675,5132416,18600,5113816,0,0,0,0,0,0,0.999601,0.999601,0,0,0.000000,99.637742,4,5,5,15,19,20,60,0,35874548,1.277325,6.742668,2408,3642
53cb1551-ffef-4469-bf25-afdb463a6625,adc154abe3cea812fb9fedff32206f3a879c9e26,cache,cache16_l1_16k,ptb,16,vgg16_T4_all,layer_09_features_30,3,16384,8,1024,128,262144,16,16384,1024,16,1,16,1,16,20,20,12,1,next_burst,8,0,1,10,0,100,1,1,1,1,non_inclusive,lru,28091490,320904,27770586,26010,5134464,0.005066,0,2048,0.000000,5104416,81670656,0,0,19146,0,0,443978374,240640,93264,444331424,444238160,4032916920,3588678760,0.889847,5132416,26010,5106406,0,0,0,0,0,0,0.999601,0.999601,0,0,0.000000,99.493423,8,9,9,15,19,20,124,0,35876084,1.277116,7.046181,2408,3642
96346c1e-cc99-4d87-a6b5-1acea2350ee7,adc154abe3cea812fb9fedff32206f3a879c9e26,cache,cache16_l1_16k,ptb,16,vgg16_T4_all,layer_09_features_30,3,16384,8,512,64,262144,16,8192,512,32,2,16,1,16,20,20,12,1,none,0,0,1,10,0,100,1,1,1,1,non_inclusive,lru,21656322,320904,21335418,2012160,5134464,0.391893,21984,3122304,0.007041,3100320,99210240,0,0,0,0,0,294540,341051844,22352,341368736,341346384,341346384,0,0.000000,0,0,0,0,0,0,0,0,0,0.000000,0.999601,0,0,0.008681,60.810710,1,1,1,8,15,16,0,0,19613984,0.905693,3.282284,2408,3642
96346c1e-cc99-4d87-a6b5-1acea2350ee7,adc154abe3cea812fb9fedff32206f3a879c9e26,cache,cache16_l1_16k,ptb,16,vgg16_T4_all,layer_09_features_30,3,16384,8,512,64,262144,16,8192,512,32,2,16,1,16,20,20,12,1,next_burst,2,0,1,10,0,100,1,1,1,1,non_inclusive,lru,17109152,320904,16788248,2224626,5134464,0.433273,96,2048,0.046875,3100320,99210240,0,0,308272,0,0,267330772,229360,745612,268614016,267868404,578650852,310782448,0.537081,5132416,212466,2907790,0,99874,1912286,0,0,0,0.607708,0.999601,0,0,0.008681,56.672673,1,3,3,17,19,20,28,0,27830346,1.626635,5.443106,2408,3642
96346c1e-cc99-4d87-a6b5-1acea2350ee7,adc154abe3cea812fb9fedff32206f3a879c9e26,cache,cache16_l1_16k,ptb,16,vgg16_T4_all,layer_09_features_30,3,16384,8,512,64,262144,16,8192,512,32,2,16,1,16,20,20,12,1,next_burst,4,0,1,10,0,100,1,1,1,1,non_inclusive,lru,17081512,320904,16760608,2507610,5134464,0.488388,96,2048,0.046875,3100320,99210240,0,0,752574,0,0,266853500,229360,336342,268171776,267835434,900223808,632388374,0.702479,5132416,495450,2624806,0,5354,2006806,0,0,0,0.607708,0.999601,0,0,0.008681,51.161212,3,4,5,17,19,20,60,0,27842300,1.629967,5.461019,2408,3642
96346c1e-cc99-4d87-a6b5-1acea2350ee7,adc154abe3cea812fb9fedff32206f3a879c9e26,cache,cache16_l1_16k,ptb,16,vgg16_T4_all,layer_09_features_30,3,16384,8,512,64,262144,16,8192,512,32,2,16,1,16,20,20,12,1,next_burst,8,0,1,10,0,100,1,1,1,1,non_inclusive,lru,17077552,320904,16756648,2624928,5134464,0.511237,96,2048,0.046875,3100320,99210240,0,0,940852,0,0,266652890,229360,285314,268108416,267823102,1564963036,1297139934,0.828863,5132416,612768,2507488,0,702,2011458,0,0,0,0.607708,0.999601,0,0,0.008681,48.876299,5,6,9,17,19,20,122,0,27842904,1.630380,5.548402,2408,3642
1e1e1930-cea8-4189-aff2-5b88a93e36d2,adc154abe3cea812fb9fedff32206f3a879c9e26,cache,cache16_l1_16k,ptb,16,vgg16_T4_all,layer_09_features_30,3,16384,8,256,32,262144,16,4096,256,64,4,16,1,16,20,20,12,1,none,0,0,1,10,0,100,1,1,1,1,non_inclusive,lru,11496118,320904,11175214,3498496,5134464,0.681375,12192,1635968,0.007452,1623776,103921664,0,0,0,0,0,154830,178630264,20378,178805472,178785094,178785094,0,0.000000,0,0,0,0,0,0,0,0,0,0.000000,0.999601,0,0,0.008681,31.862488,1,1,1,8,15,16,0,0,15164768,1.319121,2.463890,2408,3642
1e1e1930-cea8-4189-aff2-5b88a93e36d2,adc154abe3cea812fb9fedff32206f3a879c9e26,cache,cache16_l1_16k,ptb,16,vgg16_T4_all,layer_09_features_30,3,16384,8,256,32,262144,16,4096,256,64,4,16,1,16,20,20,12,1,next_burst,2,0,1,10,0,100,1,1,1,1,non_inclusive,lru,10060780,320904,9739876,3536104,5134464,0.688700,96,2048,0.046875,1623776,103921664,0,0,1973252,0,0,152835010,229360,802442,155840064,155037622,191908084,36870462,0.192126,5132416,37608,1596312,0,753966,2744530,0,0,0,0.318226,0.999601,0,0,0.008681,31.130026,1,2,3,13,19,20,18,0,20419842,2.029648,4.246989,2408,3642
1e1e1930-cea8-4189-aff2-5b88a93e36d2,adc154abe3cea812fb9fedff32206f3a879c9e26,cache,cache16_l1_16k,ptb,16,vgg16_T4_all,layer_09_features_30,3,16384,8,256,32,262144,16,4096,256,64,4,16,1,16,20,20,12,1,next_burst,4,0,1,10,0,100,1,1,1,1,non_inclusive,lru,8964286,320904,8643382,3637096,5134464,0.708369,96,2048,0.046875,1623776,103921664,0,0,2172042,0,0,135527066,229360,367692,138296160,137928468,294221108,156292640,0.531208,5132416,138600,1495320,0,74376,3424120,0,0,0,0.318226,0.999601,0,0,0.008681,29.163083,1,2,3,17,19,20,28,0,21908196,2.443942,4.314568,2408,3642
1e1e1930-cea8-4189-aff2-5b88a93e36d2,adc154abe3cea812fb9fedff32206f3a879c9e26,cache,cache16_l1_16k,ptb,16,vgg16_T4_all,layer_09_features_30,3,16384,8,256,32,262144,16,4096,256,64,4,16,1,16,20,20,12,1,next_burst,8,0,1,10,0,100,1,1,1,1,non_inclusive,lru,8955250,320904,8634346,3742950,5134464,0.728986,96,2048,0.046875,1623776,103921664,0,0,2378026,0,0,135306118,229360,238080,138151584,137913504,465399146,327485642,0.703666,5132416,244454,1389466,0,416,3498080,0,0,0,0.318226,0.999601,0,0,0.008681,27.101446,3,4,5,17,19,20,60,0,21918216,2.447527,4.332387,2408,3642
89f5eed7-b31a-4855-8510-685aecd064cc,adc154abe3cea812fb9fedff32206f3a879c9e26,cache,cache16_l1_16k,ptb,16,vgg16_T4_all,layer_09_features_30,4,16384,8,1024,128,262144,16,16384,1024,16,1,16,1,16,20,20,12,1,none,0,0,1,10,0,100,1,1,1,1,non_inclusive,lru,35559798,321984,35237814,0,5151744,0.000000,29664,5151744,0.005758,5122080,81953280,0,0,0,0,0,333696,563447964,25412,563807072,563781660,563781660,0,0.000000,0,0,0,0,0,0,0,0,0,0.000000,0.999602,0,0,0.000000,100.000000,1,1,1,8,15,16,0,0,25729184,0.723547,4.352650,2413,3694
89f5eed7-b31a-4855-8510-685aecd064cc,adc154abe3cea812fb9fedff32206f3a879c9e26,cache,cache16_l1_16k,ptb,16,vgg16_T4_all,layer_09_features_30,4,16384,8,1024,128,262144,16,16384,1024,16,1,16,1,16,20,20,12,1,next_burst,2,0,1,10,0,100,1,1,1,1,non_inclusive,lru,28186484,321984,27864500,15774,5151744,0.003062,96,2048,0.046875,5122080,81953280,0,0,4572,0,0,445506970,229360,93146,445834048,445740902,1347009664,901268762,0.669089,5149696,15774,5133922,0,0,0,0,0,0,0.999602,0.999602,0,0,0.000000,99.693812,2,3,3,15,19,20,28,0,35993996,1.276995,6.571862,2413,3694
89f5eed7-b31a-4855-8510-685aecd064cc,adc154abe3cea812fb9fedff32206f3a879c9e26,cache,cache16_l1_16k,ptb,16,vgg16_T4_all,layer_09_features_30,4,16384,8,1024,128,262144,16,16384,1024,16,1,16,1,16,20,20,12,1,next_burst,4,0,1,10,0,100,1,1,1,1,non_inclusive,lru,28183670,321984,27861686,22260,5151744,0.004321,96,2048,0.046875,5122080,81953280,0,0,11094,0,0,445444726,229360,103844,445789024,445685180,2247305538,1801620358,0.801680,5149696,22260,5127436,0,0,0,0,0,0,0.999602,0.999602,0,0,0.000000,99.567913,4,5,5,15,19,20,60,0,35996630,1.277216,6.733437,2413,3694
89f5eed7-b31a-4855-8510-685aecd064cc,adc154abe3cea812fb9fedff32206f3a879c9e26,cache,cache16_l1_16k,ptb,16,vgg16_T4_all,layer_09_features_30,4,16384,8,1024,128,262144,16,16384,1024,16,1,16,1,16,20,20,12,1,next_burst,8,0,1,10,0,100,1,1,1,1,non_inclusive,lru,28188382,321984,27866398,26970,5151744,0.005235,96,2048,0.046875,5122080,81953280,0,0,19644,0,0,445498110,229360,117302,445864416,445747114,4046727190,3600980076,0.889850,5149696,26970,5122726,0,0,0,0,0,0,0.999602,0.999602,0,0,0.000000,99.476488,8,9,9,15,19,20,124,0,35997704,1.277040,7.043165,2413,3694
36c478de-0e2a-418d-bcc9-6a0de339824b,adc154abe3cea812fb9fedff32206f3a879c9e26,cache,cache16_l1_16k,ptb,16,vgg16_T4_all,layer_09_features_30,4,16384,8,512,64,262144,16,8192,512,32,2,16,1,16,20,20,12,1,none,0,0,1,10,0,100,1,1,1,1,non_inclusive,lru,21789238,321984,21467254,2009728,5151744,0.390106,22560,3142016,0.007180,3119456,99822592,0,0,0,0,0,298650,343156714,22748,343478112,343455364,343455364,0,0.000000,0,0,0,0,0,0,0,0,0,0.000000,0.999602,0,0,0.015625,60.989366,1,1,1,8,15,16,0,0,19707104,0.904442,3.268415,2413,3694
36c478de-0e2a-418d-bcc9-6a0de339824b,adc154abe3cea812fb9fedff32206f3a879c9e26,cache,cache16_l1_16k,ptb,16,vgg16_T4_all,layer_09_features_30,4,16384,8,512,64,262144,16,8192,512,32,2,16,1,16,20,20,12,1,next_burst,2,0,1,10,0,100,1,1,1,1,non_inclusive,lru,17204946,321984,16882962,2209176,5151744,0.428821,96,2048,0.046875,3119456,99822592,0,0,294256,0,0,269079432,229360,526392,270129440,269603048,586098046,316494998,0.540004,5149696,199448,2940520,0,99584,1910144,0,0,0,0.609496,0.999602,0,0,0.015625,57.117900,1,3,3,17,19,20,28,0,27952196,1.624660,5.452032,2413,3694
36c478de-0e2a-418d-bcc9-6a0de339824b,adc154abe3cea812fb9fedff32206f3a879c9e26,cache,cache16_l1_16k,ptb,16,vgg16_T4_all,layer_09_features_30,4,16384,8,512,64,262144,16,8192,512,32,2,16,1,16,20,20,12,1,next_burst,4,0,1,10,0,100,1,1,1,1,non_inclusive,lru,17184562,321984,16862578,2487596,5151744,0.482865,96,2048,0.046875,3119456,99822592,0,0,717938,0,0,268518120,229360,337878,269803296,269465418,910658420,641193002,0.704098,5149696,477868,2662100,0,4214,2005514,0,0,0,0.609496,0.999602,0,0,0.015625,51.713517,3,4,5,17,19,20,58,0,27971606,1.627717,5.468481,2413,3694
36c478de-0e2a-418d-bcc9-6a0de339824b,adc154abe3cea812fb9fedff32206f3a879c9e26,cache,cache16_l1_16k,ptb,16,vgg16_T4_all,layer_09_features_30,4,16384,8,512,64,262144,16,8192,512,32,2,16,1,16,20,20,12,1,next_burst,8,0,1,10,0,100,1,1,1,1,non_inclusive,lru,17181914,321984,16859930,2697874,5151744,0.523682,96,2048,0.046875,3119456,99822592,0,0,1060006,0,0,268157828,229360,313734,269760928,269447194,1575633488,1306186294,0.828991,5149696,688146,2451822,0,816,2008912,0,0,0,0.609496,0.999602,0,0,0.015625,47.631831,5,6,8,17,19,20,108,0,27972092,1.627996,5.532191,2413,3694
f34f77b4-47be-45ca-b976-9b79a81ac376,adc154abe3cea812fb9fedff32206f3a879c9e26,cache,cache16_l1_16k,ptb,16,vgg16_T4_all,layer_09_features_30,4,16384,8,256,32,262144,16,4096,256,64,4,16,1,16,20,20,12,1,none,0,0,1,10,0,100,1,1,1,1,non_inclusive,lru,11486092,321984,11164108,3517312,5151744,0.682742,12288,1634432,0.007518,1622144,103817216,0,0,0,0,0,155952,178450540,21284,178627776,178606492,178606492,0,0.000000,0,0,0,0,0,0,0,0,0,0.000000,0.999602,0,0,0.015625,31.725800,1,1,1,8,15,16,0,0,15194624,1.322872,2.446814,2413,3694
f34f77b4-47be-45ca-b976-9b79a81ac376,adc154abe3cea812fb9fedff32206f3a879c9e26,cache,cache16_l1_16k,ptb,16,vgg16_T4_all,layer_09_features_30,4,16384,8,256,32,262144,16,4096,256,64,4,16,1,16,20,20,12,1,next_burst,2,0,1,10,0,100,1,1,1,1,non_inclusive,lru,10136144,321984,9814160,3552118,5151744,0.689498,96,2048,0.046875,1622144,103817216,0,0,1997866,0,0,154058692,229360,742690,157028608,156285918,191100086,34814168,0.182178,5149696,34806,1597578,0,753602,2763710,0,0,0,0.316860,0.999602,0,0,0.015625,31.050184,1,2,3,13,19,20,17,0,20469250,2.019432,4.183307,2413,3694
f34f77b4-47be-45ca-b976-9b79a81ac376,adc154abe3cea812fb9fedff32206f3a879c9e26,cache,cache16_l1_16k,ptb,16,vgg16_T4_all,layer_09_features_30,4,16384,8,256,32,262144,16,4096,256,64,4,16,1,16,20,20,12,1,next_burst,4,0,1,10,0,100,1,1,1,1,non_inclusive,lru,8958374,321984,8636390,3644560,5151744,0.707442,96,2048,0.046875,1622144,103817216,0,0,2181220,0,0,135411476,229360,362232,138184288,137822056,293407688,155585632,0.530271,5149696,127248,1505136,0,71762,3445550,0,0,0,0.316860,0.999602,0,0,0.015625,29.255802,1,2,4,17,19,20,28,0,21940392,2.449149,4.243980,2413,3694
f34f77b4-47be-45ca-b976-9b79a81ac376,adc154abe3cea812fb9fedff32206f3a879c9e26,cache,cache16_l1_16k,ptb,16,vgg16_T4_all,layer_09_features_30,4,16384,8,256,32,262144,16,4096,256,64,4,16,1,16,20,20,12,1,next_burst,8,0,1,10,0,100,1,1,1,1,non_inclusive,lru,8947140,321984,8625156,3755374,5151744,0.728952,96,2048,0.046875,1622144,103817216,0,0,2395080,0,0,135099930,229360,280174,138004544,137724370,463586994,325862624,0.702916,5149696,238062,1394322,0,144,3517168,0,0,0,0.316860,0.999602,0,0,0.015625,27.104802,3,4,5,17,19,20,60,0,21963644,2.454823,4.259977,2413,3694
0b570e08-0672-40a5-9f13-ed7d98fe0e19,adc154abe3cea812fb9fedff32206f3a879c9e26,cache,cache16_l1_16k,spinalflow,16,resnet19_T4_all,layer_01_layer1_0_conv1,0,16384,8,1024,128,262144,16,16384,1024,16,1,16,1,16,20,20,12,1,none,0,0,1,10,0,100,1,1,1,1,non_inclusive,lru,3646806,339082,3307724,1858352,5425312,0.342534,3559616,3566960,0.997941,3672,58752,0,0,0,0,0,51434517,812175,693276,52939968,52246692,52246692,0,0.000000,0,0,0,0,0,0,0,0,0,0.000000,0.996980,0,0,0.000000,65.746634,1,1,1,4,8,8,0,0,17989240,4.932876,2.963072,101,174
0b570e08-0672-40a5-9f13-ed7d98fe0e19,adc154abe3cea812fb9fedff32206f3a879c9e26,cache,cache16_l1_16k,spinalflow,16,resnet19_T4_all,layer_01_layer1_0_conv1,0,16384,8,1024,128,262144,16,16384,1024,16,1,16,1,16,20,20,12,1,next_burst,2,0,1,10,0,100,1,1,1,1,non_inclusive,lru,3607413,339082,3268331,2147741,5425312,0.395874,26603,26795,0.992834,3672,58752,0,0,1063098,0,0,50837431,22464,386687,52309680,51922993,134951483,83028490,0.615247,5408928,289390,3250776,0,1868762,0,0,0,0,0.652528,0.996980,0,0,0.000000,60.412581,2,3,3,8,17,20,13,0,23399358,6.486465,5.069711,101,174
0b570e08-0672-40a5-9f13-ed7d98fe0e19,adc154abe3cea812fb9fedff32206f3a879c9e26,cache,cache16_l1_16k,spinalflow,16,resnet19_T4_all,layer_01_layer1_0_conv1,0,16384,8,1024,128,262144,16,16384,1024,16,1,16,1,16,20,20,12,1,next_burst,4,0,1,10,0,100,1,1,1,1,non_inclusive,lru,3596483,339082,3257401,2307588,5425312,0.425337,61640,61832,0.996895,3672,58752,0,0,1259251,0,0,50446281,22464,406804,52134800,51727996,213593394,161865398,0.757820,5408928,449393,3055892,0,1903643,0,0,0,0,0.646098,0.996980,0,0,0.000000,57.466262,3,5,5,10,18,20,48,0,23400812,6.506582,5.206899,101,174
0b570e08-0672-40a5-9f13-ed7d98fe0e19,adc154abe3cea812fb9fedff32206f3a879c9e26,cache,cache16_l1_16k,spinalflow,16,resnet19_T4_all,layer_01_layer1_0_conv1,0,16384,8,1024,128,262144,16,16384,1024,16,1,16,1,16,20,20,12,1,next_burst,8,0,1,10,0,100,1,1,1,1,non_inclusive,lru,3596564,339082,3257482,2746884,5425312,0.506309,201198,201390,0.999047,3672,58752,0,0,1749636,0,0,49811211,22464,552785,52136096,51583311,357389302,305805991,0.855666,5408928,891436,2477038,919,2039535,0,0,0,0,0.620881,0.996980,0,919,0.000000,49.369105,5,8,9,11,18,20,114,0,23408772,6.508649,5.424066,101,174
907e8386-19d7-4e5f-ad78-32e2d15cf852,adc154abe3cea812fb9fedff32206f3a879c9e26,cache,cache16_l1_16k,spinalflow,16,resnet19_T4_all,layer_01_layer1_0_conv1,0,16384,8,512,64,262144,16,8192,512,32,2,16,1,16,20,20,12,1,none,0,0,1,10,0,100,1,1,1,1,non_inclusive,lru,4277645,339082,3938563,1202736,5425312,0.221690,4218256,4222576,0.998977,2160,69120,0,0,0,0,0,61921389,478405,633598,63033392,62399794,62399794,0,0.000000,0,0,0,0,0,0,0,0,0,0.000000,0.996980,0,0,0.150000,77.831026,1,1,1,4,8,8,0,0,19298960,4.511585,3.079822,101,174
907e8386-19d7-4e5f-ad78-32e2d15cf852,adc154abe3cea812fb9fedff32206f3a879c9e26,cache,cache16_l1_16k,spinalflow,16,resnet19_T4_all,layer_01_layer1_0_conv1,0,16384,8,512,64,262144,16,8192,512,32,2,16,1,16,20,20,12,1,next_burst,2,0,1,10,0,100,1,1,1,1,non_inclusive,lru,4244460,339082,3905378,1537307,5425312,0.283358,25645,25805,0.993800,2160,69120,0,0,573180,0,0,61597967,18720,312565,62502432,62189867,171021386,108831519,0.636362,5408928,334581,3862200,0,890412,321735,0,0,0,0.773556,0.996980,0,0,0.150000,71.664173,2,3,3,8,18,20,13,0,24708746,5.821411,5.103638,101,174
907e8386-19d7-4e5f-ad78-32e2d15cf852,adc154abe3cea812fb9fedff32206f3a879c9e26,cache,cache16_l1_16k,spinalflow,16,resnet19_T4_all,layer_01_layer1_0_conv1,0,16384,8,512,64,262144,16,8192,512,32,2,16,1,16,20,20,12,1,next_burst,4,0,1,10,0,100,1,1,1,1,non_inclusive,lru,4240594,339082,3901512,1704792,5425312,0.314229,54540,54700,0.997075,2160,69120,0,0,739385,0,0,61300915,18720,381556,62440576,62059020,275775693,213716673,0.774966,5408928,502136,3665820,0,920328,320644,0,0,0,0.768243,0.996980,0,0,0.150000,68.577070,3,5,5,9,18,20,47,0,24709470,5.826889,5.256026,101,174
907e8386-19d7-4e5f-ad78-32e2d15cf852,adc154abe3cea812fb9fedff32206f3a879c9e26,cache,cache16_l1_16k,spinalflow,16,resnet19_T4_all,layer_01_layer1_0_conv1,0,16384,8,512,64,262144,16,8192,512,32,2,16,1,16,20,20,12,1,next_burst,8,0,1,10,0,100,1,1,1,1,non_inclusive,lru,4242611,339082,3903529,2134384,5425312,0.393412,166551,166711,0.999040,2160,69120,0,0,1184272,0,0,60701821,18720,568035,62472848,61904813,472733819,410829006,0.869049,5408928,934225,3124217,1479,1038265,310742,0,0,0,0.748057,0.996980,0,1479,0.150000,60.658779,6,9,9,11,18,20,114,0,24717656,5.826048,5.543921,101,174
4a02fd88-b193-43c1-9965-bace40e36878,adc154abe3cea812fb9fedff32206f3a879c9e26,cache,cache16_l1_16k,spinalflow,16,resnet19_T4_all,layer_01_layer1_0_conv1,0,16384,8,256,32,262144,16,4096,256,64,4,16,1,16,20,20,12,1,none,0,0,1,10,0,100,1,1,1,1,non_inclusive,lru,4205770,339082,3866688,1265744,5425312,0.233303,4157264,4159568,0.999446,1152,73728,0,0,0,0,0,60934490,255775,693127,61883392,61190265,61190265,0,0.000000,0,0,0,0,0,0,0,0,0,0.000000,0.996980,0,0,0.203125,76.669655,1,1,1,4,8,8,0,0,19171936,4.558484,3.065977,101,174
4a02fd88-b193-43c1-9965-bace40e36878,adc154abe3cea812fb9fedff32206f3a879c9e26,cache,cache16_l1_16k,spinalflow,16,resnet19_T4_all,layer_01_layer1_0_conv1,0,16384,8,256,32,262144,16,4096,256,64,4,16,1,16,20,20,12,1,next_burst,2,0,1,10,0,100,1,1,1,1,non_inclusive,lru,4175904,339082,3836822,1656478,5425312,0.305324,19967,20095,0.993630,1152,73728,0,0,547751,0,0,60556136,14976,286673,61405536,61118863,164579176,103460313,0.628636,5408928,390734,3748739,0,201879,1067576,0,0,0,0.762993,0.996980,0,0,0.203125,69.467599,2,3,3,9,18,20,13,0,24581102,5.886415,5.082462,101,174
4a02fd88-b193-43c1-9965-bace40e36878,adc154abe3cea812fb9fedff32206f3a879c9e26,cache,cache16_l1_16k,spinalflow,16,resnet19_T4_all,layer_01_layer1_0_conv1,0,16384,8,256,32,262144,16,4096,256,64,4,16,1,16,20,20,12,1,next_burst,4,0,1,10,0,100,1,1,1,1,non_inclusive,lru,4174432,339082,3835350,1755152,5425312,0.323512,33047,33175,0.996142,1152,73728,0,0,641232,0,0,60384604,14976,341172,61381984,61040812,265844992,204804180,0.770389,5408928,489408,3636985,0,178043,1104492,0,0,0,0.760582,0.996980,0,0,0.203125,67.648828,3,5,5,10,18,20,47,0,24581748,5.888645,5.176201,101,174
4a02fd88-b193-43c1-9965-bace40e36878,adc154abe3cea812fb9fedff32206f3a879c9e26,cache,cache16_l1_16k,spinalflow,16,resnet19_T4_all,layer_01_layer1_0_conv1,0,16384,8,256,32,262144,16,4096,256,64,4,16,1,16,20,20,12,1,next_burst,8,0,1,10,0,100,1,1,1,1,non_inclusive,lru,4174562,339082,3835480,1869866,5425312,0.344656,74754,74882,0.998291,1152,73728,0,0,749982,0,0,60159217,14976,459889,61384064,60924175,462570037,401645862,0.868292,5408928,604682,3480564,947,230800,1091935,0,0,0,0.752997,0.996980,0,947,0.203125,65.534406,6,8,9,11,18,20,106,0,24584838,5.889202,5.372035,101,174
f616f2a8-918b-43cf-a8a4-dbf151572101,adc154abe3cea812fb9fedff32206f3a879c9e26,cache,cache16_l1_16k,spinalflow,16,resnet19_T4_all,layer_01_layer1_0_conv1,1,16384,8,1024,128,262144,16,16384,1024,16,1,16,1,16,20,20,12,1,none,0,0,1,10,0,100,1,1,1,1,non_inclusive,lru,4538469,379888,4158581,1627888,6078208,0.267824,4441104,4450320,0.997929,4608,73728,0,0,0,0,0,64833731,1017674,702275,66553680,65851405,65851405,0,0.000000,0,0,0,0,0,0,0,0,0,0.000000,0.997304,0,0,0.000000,73.217633,1,1,1,5,8,8,0,0,21062688,4.640924,3.411181,114,205
f616f2a8-918b-43cf-a8a4-dbf151572101,adc154abe3cea812fb9fedff32206f3a879c9e26,cache,cache16_l1_16k,spinalflow,16,resnet19_T4_all,layer_01_layer1_0_conv1,1,16384,8,1024,128,262144,16,16384,1024,16,1,16,1,16,20,20,12,1,next_burst,2,0,1,10,0,100,1,1,1,1,non_inclusive,lru,4490429,379888,4110541,1970322,6078208,0.324162,24700,24892,0.992287,4608,73728,0,0,848730,0,0,64527024,22464,386822,65785040,65398218,177055579,111657361,0.630635,6061824,342434,4082994,0,1636396,0,0,0,0,0.728081,0.997304,0,0,0.000000,67.583834,2,3,3,7,17,20,13,0,27125978,6.040843,5.686315,114,205
f616f2a8-918b-43cf-a8a4-dbf151572101,adc154abe3cea812fb9fedff32206f3a879c9e26,cache,cache16_l1_16k,spinalflow,16,resnet19_T4_all,layer_01_layer1_0_conv1,1,16384,8,1024,128,262144,16,16384,1024,16,1,16,1,16,20,20,12,1,next_burst,4,0,1,10,0,100,1,1,1,1,non_inclusive,lru,4481168,379888,4101280,2138098,6078208,0.351765,58153,58345,0.996709,4608,73728,0,0,1041571,0,0,64158903,22464,413926,65636864,65222938,284019590,218796652,0.770358,6061824,510298,3881765,0,1669761,0,0,0,0,0.722592,0.997304,0,0,0.000000,64.823547,3,5,5,8,17,20,47,0,27127584,6.053686,5.835693,114,205
f616f2a8-918b-43cf-a8a4-dbf151572101,adc154abe3cea812fb9fedff32206f3a879c9e26,cache,cache16_l1_16k,spinalflow,16,resnet19_T4_all,layer_01_layer1_0_conv1,1,16384,8,1024,128,262144,16,16384,1024,16,1,16,1,16,20,20,12,1,next_burst,8,0,1,10,0,100,1,1,1,1,non_inclusive,lru,4479129,379888,4099241,2693367,6078208,0.443119,232396,232588,0.999175,4608,73728,0,0,1605789,0,0,63397527,22464,578460,65604240,65025780,481177488,416151708,0.864861,6061824,1068185,3152253,0,1841386,0,0,0,0,0.694356,0.997304,0,0,0.000000,55.688140,6,9,9,9,18,20,114,0,27133320,6.057722,6.111088,114,205
fe9fd6e6-bb77-4896-b54f-f56881df716d,adc154abe3cea812fb9fedff32206f3a879c9e26,cache,cache16_l1_16k,spinalflow,16,resnet19_T4_all,layer_01_layer1_0_conv1,1,16384,8,512,64,262144,16,8192,512,32,2,16,1,16,20,20,12,1,none,0,0,1,10,0,100,1,1,1,1,non_inclusive,lru,4925933,379888,4546045,1208896,6078208,0.198890,4864704,4869312,0.999054,2304,73728,0,0,0,0,0,71590873,509277,652954,72753104,72100150,72100150,0,0.000000,0,0,0,0,0,0,0,0,0,0.000000,0.997304,0,0,0.000000,80.110980,1,1,1,4,8,8,0,0,21898368,4.445527,3.497658,114,205
fe9fd6e6-bb77-4896-b54f-f56881df716d,adc154abe3cea812fb9fedff32206f3a879c9e26,cache,cache16_l1_16k,spinalflow,16,resnet19_T4_all,layer_01_layer1_0_conv1,1,16384,8,512,64,262144,16,8192,512,32,2,16,1,16,20,20,12,1,next_burst,2,0,1,10,0,100,1,1,1,1,non_inclusive,lru,4891023,379888,4511135,1571550,6078208,0.258555,24186,24378,0.992124,2304,73728,0,0,577481,0,0,71270216,22464,324383,72194544,71870161,201397697,129527536,0.643143,6061824,362654,4482280,0,765317,451573,0,0,0,0.797099,0.997304,0,0,0.000000,74.144518,2,3,3,9,18,20,14,0,27961104,5.716821,5.722388,114,205
fe9fd6e6-bb77-4896-b54f-f56881df716d,adc154abe3cea812fb9fedff32206f3a879c9e26,cache,cache16_l1_16k,spinalflow,16,resnet19_T4_all,layer_01_layer1_0_conv1,1,16384,8,512,64,262144,16,8192,512,32,2,16,1,16,20,20,12,1,next_burst,4,0,1,10,0,100,1,1,1,1,non_inclusive,lru,4887526,379888,4507638,1739612,6078208,0.286205,53534,53726,0.996426,2304,73728,0,0,740547,0,0,70982690,22464,392891,72138592,71745701,325172524,253426823,0.779361,6061824,530826,4284870,0,798368,447760,0,0,0,0.792289,0.997304,0,0,0.000000,71.379525,4,5,5,12,18,20,47,0,27962080,5.721111,5.976966,114,205
fe9fd6e6-bb77-4896-b54f-f56881df716d,adc154abe3cea812fb9fedff32206f3a879c9e26,cache,cache16_l1_16k,spinalflow,16,resnet19_T4_all,layer_01_layer1_0_conv1,1,16384,8,512,64,262144,16,8192,512,32,2,16,1,16,20,20,12,1,next_burst,8,0,1,10,0,100,1,1,1,1,non_inclusive,lru,4888632,379888,4508744,2201365,6078208,0.362173,193420,193612,0.999008,2304,73728,0,0,1171435,0,0,70418957,22464,543432,72156288,71612856,561078679,489465823,0.872366,6061824,994533,3683231,136,944671,439253,0,0,0,0.769596,0.997304,0,136,0.000000,63.782664,6,9,9,12,18,20,114,0,27966636,5.720749,6.184839,114,205
7990386d-63d1-48db-b7c2-2da65d77ba79,adc154abe3cea812fb9fedff32206f3a879c9e26,cache,cache16_l1_16k,spinalflow,16,resnet19_T4_all,layer_01_layer1_0_conv1,1,16384,8,256,32,262144,16,4096,256,64,4,16,1,16,20,20,12,1,none,0,0,1,10,0,100,1,1,1,1,non_inclusive,lru,4729438,379888,4349550,1397536,6078208,0.229926,4678368,4680672,0.999508,1152,73728,0,0,0,0,0,68591201,255143,762840,69609184,68846344,68846344,0,0.000000,0,0,0,0,0,0,0,0,0,0.000000,0.997304,0,0,0.000000,77.007434,1,1,1,4,8,8,0,0,21519936,4.550210,3.414563,114,205
7990386d-63d1-48db-b7c2-2da65d77ba79,adc154abe3cea812fb9fedff32206f3a879c9e26,cache,cache16_l1_16k,spinalflow,16,resnet19_T4_all,layer_01_layer1_0_conv1,1,16384,8,256,32,262144,16,4096,256,64,4,16,1,16,20,20,12,1,next_burst,2,0,1,10,0,100,1,1,1,1,non_inclusive,lru,4696804,379888,4316916,1851089,6078208,0.304545,21178,21306,0.993992,1152,73728,0,0,597318,0,0,68171660,14976,303086,69087040,68783954,186474224,117690270,0.631134,6061824,453553,4205813,0,138099,1264359,0,0,0,0.766569,0.997304,0,0,0.000000,69.545481,2,3,3,10,18,20,13,0,27582304,5.872569,5.661207,114,205
7990386d-63d1-48db-b7c2-2da65d77ba79,adc154abe3cea812fb9fedff32206f3a879c9e26,cache,cache16_l1_16k,spinalflow,16,resnet19_T4_all,layer_01_layer1_0_conv1,1,16384,8,256,32,262144,16,4096,256,64,4,16,1,16,20,20,12,1,next_burst,4,0,1,10,0,100,1,1,1,1,non_inclusive,lru,4694769,379888,4314881,1954526,6078208,0.321563,35458,35586,0.996403,1152,73728,0,0,694643,0,0,67976324,14976,368537,69054480,68685943,299668843,230982900,0.770794,6061824,557008,4088096,0,91588,1325132,0,0,0,0.764223,0.997304,0,0,0.000000,67.843713,3,5,5,13,17,20,47,0,27582884,5.875238,5.783785,114,205
7990386d-63d1-48db-b7c2-2da65d77ba79,adc154abe3cea812fb9fedff32206f3a879c9e26,cache,cache16_l1_16k,spinalflow,16,resnet19_T4_all,layer_01_layer1_0_conv1,1,16384,8,256,32,262144,16,4096,256,64,4,16,1,16,20,20,12,1,next_burst,8,0,1,10,0,100,1,1,1,1,non_inclusive,lru,4695549,379888,4315661,2036269,6078208,0.335011,71488,71616,0.998213,1152,73728,0,0,742744,0,0,67854723,14976,454517,69066960,68612443,525348510,456736067,0.869396,6061824,639875,3970323,120,139948,1311558,0,0,0,0.758480,0.997304,0,120,0.000000,66.498860,6,8,9,13,17,20,105,0,27585352,5.874787,5.967124,114,205
da0c914c-c370-4ef1-a458-49dbd13d09eb,adc154abe3cea812fb9fedff32206f3a879c9e26,cache,cache16_l1_16k,spinalflow,16,resnet19_T4_all,layer_01_layer1_0_conv1,2,16384,8,1024,128,262144,16,16384,1024,16,1,16,1,16,20,20,12,1,none,0,0,1,10,0,100,1,1,1,1,non_inclusive,lru,3623722,325393,3298329,1662272,5206288,0.319282,3536160,3544016,0.997783,3928,62848,0,0,0,0,0,51233348,867081,689219,52789648,52100429,52100429,0,0.000000,0,0,0,0,0,0,0,0,0,0.000000,0.996853,0,0,0.000000,68.071839,1,1,1,4,8,8,0,0,17505560,4.830823,2.860210,103,173
da0c914c-c370-4ef1-a458-49dbd13d09eb,adc154abe3cea812fb9fedff32206f3a879c9e26,cache,cache16_l1_16k,spinalflow,16,resnet19_T4_all,layer_01_layer1_0_conv1,2,16384,8,1024,128,262144,16,16384,1024,16,1,16,1,16,20,20,12,1,next_burst,2,0,1,10,0,100,1,1,1,1,non_inclusive,lru,3581656,325393,3256263,1978731,5206288,0.380066,26907,27099,0.992915,3928,62848,0,0,891997,0,0,50821624,22464,380507,52116592,51736085,134729043,82992958,0.615999,5189904,316471,3200458,0,1672975,0,0,0,0,0.675516,0.996853,0,0,0.000000,61.993439,2,3,3,7,17,20,13,0,22697020,6.337018,4.842120,103,173
da0c914c-c370-4ef1-a458-49dbd13d09eb,adc154abe3cea812fb9fedff32206f3a879c9e26,cache,cache16_l1_16k,spinalflow,16,resnet19_T4_all,layer_01_layer1_0_conv1,2,16384,8,1024,128,262144,16,16384,1024,16,1,16,1,16,20,20,12,1,next_burst,4,0,1,10,0,100,1,1,1,1,non_inclusive,lru,3572433,325393,3247040,2162284,5206288,0.415322,77998,78190,0.997544,3928,62848,0,0,1107238,0,0,50394377,22464,444945,51969024,51524079,212145788,160621709,0.757129,5189904,500297,2965814,0,1723793,0,0,0,0,0.665755,0.996853,0,0,0.000000,58.467837,3,5,5,7,17,20,47,0,22698160,6.353698,4.968768,103,173
da0c914c-c370-4ef1-a458-49dbd13d09eb,adc154abe3cea812fb9fedff32206f3a879c9e26,cache,cache16_l1_16k,spinalflow,16,resnet19_T4_all,layer_01_layer1_0_conv1,2,16384,8,1024,128,262144,16,16384,1024,16,1,16,1,16,20,20,12,1,next_burst,8,0,1,10,0,100,1,1,1,1,non_inclusive,lru,3573064,325393,3247671,2770504,5206288,0.532146,265992,266184,0.999279,3928,62848,0,0,1782765,0,0,49584456,22464,589435,51979120,51389685,351342685,299953000,0.853733,5189904,1113475,2169600,0,1906829,0,0,0,0,0.630598,0.996853,0,0,0.000000,46.785426,5,8,9,8,18,20,114,0,22708340,6.355425,5.194964,103,173
832e929e-78ce-414a-9b4d-86029a1e0e7f,adc154abe3cea812fb9fedff32206f3a879c9e26,cache,cache16_l1_16k,spinalflow,16,resnet19_T4_all,layer_01_layer1_0_conv1,2,16384,8,512,64,262144,16,8192,512,32,2,16,1,16,20,20,12,1,none,0,0,1,10,0,100,1,1,1,1,non_inclusive,lru,4119496,325393,3794103,1141184,5206288,0.219193,4060640,4065104,0.998902,2232,71424,0,0,0,0,0,59623172,493791,605069,60722032,60116963,60116963,0,0.000000,0,0,0,0,0,0,0,0,0,0.000000,0.996853,0,0,0.120072,78.080659,1,1,1,4,8,8,0,0,18546040,4.502017,2.967543,103,173
832e929e-78ce-414a-9b4d-86029a1e0e7f,adc154abe3cea812fb9fedff32206f3a879c9e26,cache,cache16_l1_16k,spinalflow,16,resnet19_T4_all,layer_01_layer1_0_conv1,2,16384,8,512,64,262144,16,8192,512,32,2,16,1,16,20,20,12,1,next_burst,2,0,1,10,0,100,1,1,1,1,non_inclusive,lru,4088039,325393,3762646,1467358,5206288,0.281843,24797,24957,0.993589,2232,71424,0,0,549415,0,0,59331410,18720,319175,60218720,59899545,164906214,105006669,0.636766,5189904,326174,3713973,0,911203,238554,0,0,0,0.776013,0.996853,0,0,0.120072,71.815658,2,3,3,7,18,20,13,0,23737076,5.806470,4.873867,103,173
832e929e-78ce-414a-9b4d-86029a1e0e7f,adc154abe3cea812fb9fedff32206f3a879c9e26,cache,cache16_l1_16k,spinalflow,16,resnet19_T4_all,layer_01_layer1_0_conv1,2,16384,8,512,64,262144,16,8192,512,32,2,16,1,16,20,20,12,1,next_burst,4,0,1,10,0,100,1,1,1,1,non_inclusive,lru,4083966,325393,3758573,1669908,5206288,0.320748,63874,64034,0.997501,2232,71424,0,0,747120,0,0,58984267,18720,403445,60153552,59750107,265254371,205504264,0.774744,5189904,528927,3472346,0,951439,237192,0,0,0,0.768546,0.996853,0,0,0.120072,67.925170,3,5,5,9,17,20,47,0,23737828,5.812445,5.065788,103,173
832e929e-78ce-414a-9b4d-86029a1e0e7f,adc154abe3cea812fb9fedff32206f3a879c9e26,cache,cache16_l1_16k,spinalflow,16,resnet19_T4_all,layer_01_layer1_0_conv1,2,16384,8,512,64,262144,16,8192,512,32,2,16,1,16,20,20,12,1,next_burst,8,0,1,10,0,100,1,1,1,1,non_inclusive,lru,4087708,325393,3762315,2225911,5206288,0.427543,210439,210599,0.999240,2232,71424,0,0,1321328,0,0,58294389,18720,578987,60213424,59634437,452230712,392596275,0.868133,5189904,1089492,2769778,602,1102352,227680,0,0,0,0.741271,0.996853,0,602,0.120072,57.245719,6,8,9,10,18,20,114,0,23748460,5.809725,5.305624,103,173
3bfad42c-3528-400e-a047-c5842be9bc90,adc154abe3cea812fb9fedff32206f3a879c9e26,cache,cache16_l1_16k,spinalflow,16,resnet19_T4_all,layer_01_layer1_0_conv1,2,16384,8,256,32,262144,16,4096,256,64,4,16,1,16,20,20,12,1,none,0,0,1,10,0,100,1,1,1,1,non_inclusive,lru,4158753,325393,3833360,1090800,5206288,0.209516,4113184,4115488,0.999440,1152,73728,0,0,0,0,0,60456018,254955,639171,61350144,60710973,60710973,0,0.000000,0,0,0,0,0,0,0,0,0,0.000000,0.996853,0,0,0.147569,79.048412,1,1,1,4,8,8,0,0,18645728,4.483490,2.949833,103,173
3bfad42c-3528-400e-a047-c5842be9bc90,adc154abe3cea812fb9fedff32206f3a879c9e26,cache,cache16_l1_16k,spinalflow,16,resnet19_T4_all,layer_01_layer1_0_conv1,2,16384,8,256,32,262144,16,4096,256,64,4,16,1,16,20,20,12,1,next_burst,2,0,1,10,0,100,1,1,1,1,non_inclusive,lru,4130987,325393,3805594,1468965,5206288,0.282152,18831,18959,0.993249,1152,73728,0,0,476370,0,0,60135752,14976,278790,60905888,60627098,165899260,105272162,0.634555,5189904,378166,3718364,0,152370,941004,0,0,0,0.786843,0.996853,0,0,0.147569,71.784792,2,3,3,10,18,20,13,0,23836110,5.770076,4.914321,103,173
3bfad42c-3528-400e-a047-c5842be9bc90,adc154abe3cea812fb9fedff32206f3a879c9e26,cache,cache16_l1_16k,spinalflow,16,resnet19_T4_all,layer_01_layer1_0_conv1,2,16384,8,256,32,262144,16,4096,256,64,4,16,1,16,20,20,12,1,next_burst,4,0,1,10,0,100,1,1,1,1,non_inclusive,lru,4129834,325393,3804441,1568921,5206288,0.301351,31730,31858,0.995982,1152,73728,0,0,550304,0,0,59978306,14976,343854,60887440,60543586,268989586,208446000,0.774922,5189904,478142,3605509,0,141156,965097,0,0,0,0.784369,0.996853,0,0,0.147569,69.864883,3,5,5,14,18,20,47,0,23836864,5.771870,5.001049,103,173
3bfad42c-3528-400e-a047-c5842be9bc90,adc154abe3cea812fb9fedff32206f3a879c9e26,cache,cache16_l1_16k,spinalflow,16,resnet19_T4_all,layer_01_layer1_0_conv1,2,16384,8,256,32,262144,16,4096,256,64,4,16,1,16,20,20,12,1,next_burst,8,0,1,10,0,100,1,1,1,1,non_inclusive,lru,4130409,325393,3805016,1667025,5206288,0.320195,76456,76584,0.998329,1152,73728,0,0,642230,0,0,59763539,14976,475895,60896640,60420745,469307176,408886431,0.871255,5189904,577361,3462679,147,199708,950009,0,0,0,0.775992,0.996853,0,147,0.147569,67.980546,6,9,9,15,18,20,106,0,23839404,5.771681,5.191648,103,173
3f0db748-e034-43c4-9b72-15f93f3f0c2c,adc154abe3cea812fb9fedff32206f3a879c9e26,cache,cache16_l1_16k,spinalflow,16,resnet19_T4_all,layer_01_layer1_0_conv1,3,16384,8,1024,128,262144,16,16384,1024,16,1,16,1,16,20,20,12,1,none,0,0,1,10,0,100,1,1,1,1,non_inclusive,lru,3911463,324394,3587069,1349600,5190304,0.260023,3834080,3840704,0.998275,3312,52992,0,0,0,0,0,56077225,732706,599557,57409488,56809931,56809931,0,0.000000,0,0,0,0,0,0,0,0,0,0.000000,0.996843,0,0,0.000000,73.997670,1,1,1,4,8,8,0,0,18066352,4.618822,2.937505,100,155
3f0db748-e034-43c4-9b72-15f93f3f0c2c,adc154abe3cea812fb9fedff32206f3a879c9e26,cache,cache16_l1_16k,spinalflow,16,resnet19_T4_all,layer_01_layer1_0_conv1,3,16384,8,1024,128,262144,16,16384,1024,16,1,16,1,16,20,20,12,1,next_burst,2,0,1,10,0,100,1,1,1,1,non_inclusive,lru,3880784,324394,3556390,1646934,5190304,0.317310,28416,28512,0.996633,3312,52992,0,0,735149,0,0,55823217,11232,349026,56918624,56569598,154036391,97466793,0.632752,5173920,297337,3514858,0,1361725,0,0,0,0,0.734484,0.996843,0,0,0.000000,68.269026,2,3,3,6,17,20,13,0,23241230,5.988798,4.907768,100,155
3f0db748-e034-43c4-9b72-15f93f3f0c2c,adc154abe3cea812fb9fedff32206f3a879c9e26,cache,cache16_l1_16k,spinalflow,16,resnet19_T4_all,layer_01_layer1_0_conv1,3,16384,8,1024,128,262144,16,16384,1024,16,1,16,1,16,20,20,12,1,next_burst,4,0,1,10,0,100,1,1,1,1,non_inclusive,lru,3871645,324394,3547251,1819105,5190304,0.350481,67862,67958,0.998587,3312,52992,0,0,914444,0,0,55422889,11232,423835,56772400,56348565,246477531,190128966,0.771385,5173920,469627,3303241,0,1401052,0,0,0,0,0.726907,0.996843,0,0,0.000000,64.951860,3,5,5,7,17,20,47,0,23242036,6.003142,5.053949,100,155
3f0db748-e034-43c4-9b72-15f93f3f0c2c,adc154abe3cea812fb9fedff32206f3a879c9e26,cache,cache16_l1_16k,spinalflow,16,resnet19_T4_all,layer_01_layer1_0_conv1,3,16384,8,1024,128,262144,16,16384,1024,16,1,16,1,16,20,20,12,1,next_burst,8,0,1,10,0,100,1,1,1,1,non_inclusive,lru,3869829,324394,3545435,2432786,5190304,0.468717,226012,226108,0.999575,3312,52992,0,0,1538966,0,0,54635505,11232,557641,56743344,56185703,416434057,360248354,0.865079,5173920,1086135,2531410,0,1556231,144,0,0,0,0.696981,0.996843,0,0,0.000000,53.128256,6,8,9,7,17,20,114,0,23248028,6.007508,5.288474,100,155
e394f50e-4e11-4361-b5e3-07174364b359,adc154abe3cea812fb9fedff32206f3a879c9e26,cache,cache16_l1_16k,spinalflow,16,resnet19_T4_all,layer_01_layer1_0_conv1,3,16384,8,512,64,262144,16,8192,512,32,2,16,1,16,20,20,12,1,none,0,0,1,10,0,100,1,1,1,1,non_inclusive,lru,4151996,324394,3827602,1093040,5190304,0.210593,4092800,4097264,0.998910,2232,71424,0,0,0,0,0,60185795,494807,577414,61258016,60680602,60680602,0,0.000000,0,0,0,0,0,0,0,0,0,0.000000,0.996843,0,0,0.258065,78.940733,1,1,1,4,8,8,0,0,18578392,4.474569,3.006939,100,155
e394f50e-4e11-4361-b5e3-07174364b359,adc154abe3cea812fb9fedff32206f3a879c9e26,cache,cache16_l1_16k,spinalflow,16,resnet19_T4_all,layer_01_layer1_0_conv1,3,16384,8,512,64,262144,16,8192,512,32,2,16,1,16,20,20,12,1,next_burst,2,0,1,10,0,100,1,1,1,1,non_inclusive,lru,4124176,324394,3799782,1400817,5190304,0.269891,24147,24243,0.996040,2232,71424,0,0,538821,0,0,59948378,11232,314465,60812896,60498431,168251659,107753228,0.640429,5173920,307778,3765244,0,812398,288500,0,0,0,0.784737,0.996843,0,0,0.258065,73.010887,2,3,3,6,17,20,13,0,23752746,5.759392,4.880902,100,155
e394f50e-4e11-4361-b5e3-07174364b359,adc154abe3cea812fb9fedff32206f3a879c9e26,cache,cache16_l1_16k,spinalflow,16,resnet19_T4_all,layer_01_layer1_0_conv1,3,16384,8,512,64,262144,16,8192,512,32,2,16,1,16,20,20,12,1,next_burst,4,0,1,10,0,100,1,1,1,1,non_inclusive,lru,4118297,324394,3793903,1561212,5190304,0.300794,51988,52084,0.998157,2232,71424,0,0,688176,0,0,59632355,11232,387069,60718832,60331763,271811428,211479665,0.778038,5173920,468293,3577008,0,841292,287327,0,0,0,0.779396,0.996843,0,0,0.258065,69.920606,3,5,5,7,17,20,47,0,23753668,5.767838,5.104597,100,155
e394f50e-4e11-4361-b5e3-07174364b359,adc154abe3cea812fb9fedff32206f3a879c9e26,cache,cache16_l1_16k,spinalflow,16,resnet19_T4_all,layer_01_layer1_0_conv1,3,16384,8,512,64,262144,16,8192,512,32,2,16,1,16,20,20,12,1,next_burst,8,0,1,10,0,100,1,1,1,1,non_inclusive,lru,4118783,324394,3794389,2047136,5190304,0.394415,179028,179124,0.999464,2232,71424,0,0,1166971,0,0,59003089,11232,545316,60726608,60181292,466219047,406037755,0.870916,5173920,957054,2964044,3,972968,279851,0,0,0,0.755466,0.996843,0,3,0.258065,60.558457,6,9,9,7,17,20,97,0,23759484,5.768569,5.443839,100,155
f3f41165-5c6c-47ee-88d6-5e67d028a52f,adc154abe3cea812fb9fedff32206f3a879c9e26,cache,cache16_l1_16k,spinalflow,16,resnet19_T4_all,layer_01_layer1_0_conv1,3,16384,8,256,32,262144,16,4096,256,64,4,16,1,16,20,20,12,1,none,0,0,1,10,0,100,1,1,1,1,non_inclusive,lru,4153286,324394,3828892,1080080,5190304,0.208096,4107920,4110224,0.999439,1152,73728,0,0,0,0,0,60404113,255445,619098,61278656,60659558,60659558,0,0.000000,0,0,0,0,0,0,0,0,0,0.000000,0.996843,0,0,0.281250,79.190429,1,1,1,4,8,8,0,0,18603232,4.479160,2.977348,100,155
f3f41165-5c6c-47ee-88d6-5e67d028a52f,adc154abe3cea812fb9fedff32206f3a879c9e26,cache,cache16_l1_16k,spinalflow,16,resnet19_T4_all,layer_01_layer1_0_conv1,3,16384,8,256,32,262144,16,4096,256,64,4,16,1,16,20,20,12,1,next_burst,2,0,1,10,0,100,1,1,1,1,non_inclusive,lru,4128125,324394,3803731,1437809,5190304,0.277018,24872,24968,0.996155,1152,73728,0,0,467937,0,0,60104720,11232,292191,60876080,60583889,166323811,105739922,0.635747,5173920,357745,3727527,0,200829,887819,0,0,0,0.787097,0.996843,0,0,0.281250,72.298174,2,3,3,6,17,20,9,0,23777302,5.759831,4.908790,100,155
f3f41165-5c6c-47ee-88d6-5e67d028a52f,adc154abe3cea812fb9fedff32206f3a879c9e26,cache,cache16_l1_16k,spinalflow,16,resnet19_T4_all,layer_01_layer1_0_conv1,3,16384,8,256,32,262144,16,4096,256,64,4,16,1,16,20,20,12,1,next_burst,4,0,1,10,0,100,1,1,1,1,non_inclusive,lru,4125529,324394,3801135,1528217,5190304,0.294437,41518,41614,0.997693,1152,73728,0,0,545133,0,0,59929168,11232,349011,60834544,60485533,269930101,209444568,0.775921,5173920,448392,3620473,0,195719,909336,0,0,0,0.783936,0.996843,0,0,0.281250,70.556310,3,5,5,7,17,20,42,0,23778228,5.763680,5.047785,100,155
f3f41165-5c6c-47ee-88d6-5e67d028a52f,adc154abe3cea812fb9fedff32206f3a879c9e26,cache,cache16_l1_16k,spinalflow,16,resnet19_T4_all,layer_01_layer1_0_conv1,3,16384,8,256,32,262144,16,4096,256,64,4,16,1,16,20,20,12,1,next_burst,8,0,1,10,0,100,1,1,1,1,non_inclusive,lru,4125865,324394,3801471,1603218,5190304,0.308887,81399,81495,0.998822,1152,73728,0,0,612276,0,0,59766230,11232,450182,60839920,60389738,471670311,411280573,0.871966,5173920,524813,3505591,369,243522,899625,0,0,0,0.776526,0.996843,0,369,0.281250,69.111289,7,9,9,7,17,20,74,0,23781898,5.764100,5.197195,100,155
0ab7b4bd-a691-45dc-a7c2-1e45a3d383f0,adc154abe3cea812fb9fedff32206f3a879c9e26,cache,cache16_l1_16k,spinalflow,16,resnet19_T4_all,layer_01_layer1_0_conv1,4,16384,8,1024,128,262144,16,16384,1024,16,1,16,1,16,20,20,12,1,none,0,0,1,10,0,100,1,1,1,1,non_inclusive,lru,3484689,352818,3131871,2247744,5645088,0.398177,3389712,3397344,0.997754,3816,61056,0,0,0,0,0,48508144,843014,775162,50126320,49351158,49351158,0,0.000000,0,0,0,0,0,0,0,0,0,0.000000,0.997098,0,0,0.000000,60.182304,1,1,1,4,8,8,0,0,18089704,5.191196,3.018828,105,169
0ab7b4bd-a691-45dc-a7c2-1e45a3d383f0,adc154abe3cea812fb9fedff32206f3a879c9e26,cache,cache16_l1_16k,spinalflow,16,resnet19_T4_all,layer_01_layer1_0_conv1,4,16384,8,1024,128,262144,16,16384,1024,16,1,16,1,16,20,20,12,1,next_burst,2,0,1,10,0,100,1,1,1,1,non_inclusive,lru,3446769,352818,3093951,2551102,5645088,0.451915,25747,25859,0.995669,3816,61056,0,0,1294330,0,0,47783609,13104,428557,49519600,49091043,121865492,72774449,0.597170,5628704,303360,3068127,0,2257217,0,0,0,0,0.597243,0.997098,0,0,0.000000,54.808464,2,3,3,6,17,20,13,0,23719282,6.881599,5.245923,105,169
0ab7b4bd-a691-45dc-a7c2-1e45a3d383f0,adc154abe3cea812fb9fedff32206f3a879c9e26,cache,cache16_l1_16k,spinalflow,16,resnet19_T4_all,layer_01_layer1_0_conv1,4,16384,8,1024,128,262144,16,16384,1024,16,1,16,1,16,20,20,12,1,next_burst,4,0,1,10,0,100,1,1,1,1,non_inclusive,lru,3431652,352818,3078834,2705663,5645088,0.479295,64419,64531,0.998264,3816,61056,0,0,1504191,0,0,47329401,13104,431032,49277728,48846696,190461296,141614600,0.743535,5628704,458091,2874894,0,2295719,0,0,0,0,0.590422,0.997098,0,0,0.000000,52.070490,3,5,5,6,17,20,47,0,23720038,6.912134,5.405635,105,169
0ab7b4bd-a691-45dc-a7c2-1e45a3d383f0,adc154abe3cea812fb9fedff32206f3a879c9e26,cache,cache16_l1_16k,spinalflow,16,resnet19_T4_all,layer_01_layer1_0_conv1,4,16384,8,1024,128,262144,16,16384,1024,16,1,16,1,16,20,20,12,1,next_burst,8,0,1,10,0,100,1,1,1,1,non_inclusive,lru,3428000,352818,3075182,3104443,5645088,0.549937,177324,177436,0.999369,3816,61056,0,0,1997197,0,0,46673857,13104,535138,49219296,48684158,318790738,270106580,0.847285,5628704,859530,2363209,0,2405965,0,0,0,0,0.570893,0.997098,0,0,0.000000,45.006296,5,8,9,6,17,20,114,0,23725872,6.921200,5.534860,105,169
128cd1f9-6685-4abc-8628-8790fcc5510b,adc154abe3cea812fb9fedff32206f3a879c9e26,cache,cache16_l1_16k,spinalflow,16,resnet19_T4_all,layer_01_layer1_0_conv1,4,16384,8,512,64,262144,16,8192,512,32,2,16,1,16,20,20,12,1,none,0,0,1,10,0,100,1,1,1,1,non_inclusive,lru,4440269,352818,4087451,1260176,5645088,0.223234,4380736,4384912,0.999048,2088,66816,0,0,0,0,0,64290934,462362,662304,65415600,64753296,64753296,0,0.000000,0,0,0,0,0,0,0,0,0,0.000000,0.997098,0,0,0.086207,77.676592,1,1,1,4,8,8,0,0,20063112,4.518445,3.312344,105,169
128cd1f9-6685-4abc-8628-8790fcc5510b,adc154abe3cea812fb9fedff32206f3a879c9e26,cache,cache16_l1_16k,spinalflow,16,resnet19_T4_all,layer_01_layer1_0_conv1,4,16384,8,512,64,262144,16,8192,512,32,2,16,1,16,20,20,12,1,next_burst,2,0,1,10,0,100,1,1,1,1,non_inclusive,lru,4408048,352818,4055230,1617194,5645088,0.286478,26012,26076,0.997546,2088,66816,0,0,609944,0,0,63957333,7488,325299,64900064,64574765,177485868,112911103,0.636170,5628704,357031,4001818,0,903862,365993,0,0,0,0.772149,0.997098,0,0,0.086207,71.352191,2,3,3,6,17,20,13,0,25692456,5.828534,5.298581,105,169
128cd1f9-6685-4abc-8628-8790fcc5510b,adc154abe3cea812fb9fedff32206f3a879c9e26,cache,cache16_l1_16k,spinalflow,16,resnet19_T4_all,layer_01_layer1_0_conv1,4,16384,8,512,64,262144,16,8192,512,32,2,16,1,16,20,20,12,1,next_burst,4,0,1,10,0,100,1,1,1,1,non_inclusive,lru,4403648,352818,4050830,1792479,5645088,0.317529,54869,54933,0.998835,2088,66816,0,0,782896,0,0,63651227,7488,388053,64829664,64441611,286493458,222051847,0.775068,5628704,532403,3797676,0,933744,364881,0,0,0,0.767053,0.997098,0,0,0.086207,68.247103,3,5,5,7,17,20,47,0,25693038,5.834489,5.457831,105,169
128cd1f9-6685-4abc-8628-8790fcc5510b,adc154abe3cea812fb9fedff32206f3a879c9e26,cache,cache16_l1_16k,spinalflow,16,resnet19_T4_all,layer_01_layer1_0_conv1,4,16384,8,512,64,262144,16,8192,512,32,2,16,1,16,20,20,12,1,next_burst,8,0,1,10,0,100,1,1,1,1,non_inclusive,lru,4403884,352818,4051066,2144178,5645088,0.379831,144294,144358,0.999557,2088,66816,0,0,1164599,0,0,63111076,7488,550277,64833440,64283163,495361559,431078396,0.870230,5628704,886537,3356552,0,1029456,356159,0,0,0,0.751643,0.997098,0,0,0.086207,62.016925,6,9,9,8,17,20,108,0,25698154,5.835339,5.699544,105,169
c83cccba-35c1-4560-8c20-b3ab0afc4d20,adc154abe3cea812fb9fedff32206f3a879c9e26,cache,cache16_l1_16k,spinalflow,16,resnet19_T4_all,layer_01_layer1_0_conv1,4,16384,8,256,32,262144,16,4096,256,64,4,16,1,16,20,20,12,1,none,0,0,1,10,0,100,1,1,1,1,non_inclusive,lru,4381866,352818,4029048,1310288,5645088,0.232111,4332496,4334800,0.999468,1152,73728,0,0,0,0,0,63501826,254873,724453,64481152,63756699,63756699,0,0.000000,0,0,0,0,0,0,0,0,0,0.000000,0.997098,0,0,0.171875,76.788883,1,1,1,4,8,8,0,0,19961952,4.555582,3.314890,105,169
c83cccba-35c1-4560-8c20-b3ab0afc4d20,adc154abe3cea812fb9fedff32206f3a879c9e26,cache,cache16_l1_16k,spinalflow,16,resnet19_T4_all,layer_01_layer1_0_conv1,4,16384,8,256,32,262144,16,4096,256,64,4,16,1,16,20,20,12,1,next_burst,2,0,1,10,0,100,1,1,1,1,non_inclusive,lru,4351922,352818,3999104,1715840,5645088,0.303953,20394,20458,0.996872,1152,73728,0,0,569392,0,0,63134308,7488,290860,64002048,63711188,171766009,108054821,0.629082,5628704,405553,3908790,0,210299,1104062,0,0,0,0.764265,0.997098,0,0,0.171875,69.604725,2,3,3,7,17,20,14,0,25590868,5.880360,5.394262,105,169
c83cccba-35c1-4560-8c20-b3ab0afc4d20,adc154abe3cea812fb9fedff32206f3a879c9e26,cache,cache16_l1_16k,spinalflow,16,resnet19_T4_all,layer_01_layer1_0_conv1,4,16384,8,256,32,262144,16,4096,256,64,4,16,1,16,20,20,12,1,next_burst,4,0,1,10,0,100,1,1,1,1,non_inclusive,lru,4349372,352818,3996554,1815810,5645088,0.321662,33752,33816,0.998107,1152,73728,0,0,664859,0,0,62932515,7488,356386,63961248,63604862,277211623,213606761,0.770555,5628704,505637,3795462,0,176515,1151090,0,0,0,0.761919,0.997098,0,0,0.171875,67.833805,3,5,5,8,17,20,42,0,25591592,5.883974,5.528205,105,169
c83cccba-35c1-4560-8c20-b3ab0afc4d20,adc154abe3cea812fb9fedff32206f3a879c9e26,cache,cache16_l1_16k,spinalflow,16,resnet19_T4_all,layer_01_layer1_0_conv1,4,16384,8,256,32,262144,16,4096,256,64,4,16,1,16,20,20,12,1,next_burst,8,0,1,10,0,100,1,1,1,1,non_inclusive,lru,4349858,352818,3997040,1873093,5645088,0.331809,71035,71099,0.999100,1152,73728,0,0,703416,0,0,62808443,7488,449677,63969024,63519347,482385881,418866534,0.868323,5628704,564620,3700896,0,224452,1138736,0,0,0,0.755616,0.997098,0,0,0.171875,66.819065,6,8,9,9,18,20,90,0,25595104,5.884124,5.687603,105,169
2fff52ed-5a9b-4b6d-90d5-3e1c2950ef54,adc154abe3cea812fb9fedff32206f3a879c9e26,cache,cache16_l1_16k,spinalflow,16,resnet19_T4_all,layer_16_layer3_0_conv2,0,16384,8,1024,128,262144,16,16384,1024,16,1,16,1,16,20,20,12,1,none,0,0,1,10,0,100,1,1,1,1,non_inclusive,lru,18045142,183150,17861992,0,2930400,0.000000,366432,2930400,0.125045,2563968,41023488,0,0,0,0,0,3714959,282050766,26659,285792384,285765725,285765725,0,0.000000,0,0,0,0,0,0,0,0,0,0.000000,0.999825,0,0,0.000000,100.000000,1,1,1,13,16,16,0,0,14285600,0.791659,2.657496,1818,2753
2fff52ed-5a9b-4b6d-90d5-3e1c2950ef54,adc154abe3cea812fb9fedff32206f3a879c9e26,cache,cache16_l1_16k,spinalflow,16,resnet19_T4_all,layer_16_layer3_0_conv2,0,16384,8,1024,128,262144,16,16384,1024,16,1,16,1,16,20,20,12,1,next_burst,2,0,1,10,0,100,1,1,1,1,non_inclusive,lru,14112391,183150,13929241,389954,2930400,0.133072,112,512,0.218750,2563968,41023488,0,0,74789,0,0,222679747,47000,66832,222868368,222801536,674177305,451375769,0.669521,2929888,389954,2539934,0,0,0,0,0,0,0.999825,0.999825,0,0,0.000000,86.692806,2,3,3,17,19,20,28,0,19760547,1.400227,4.195505,1818,2753
2fff52ed-5a9b-4b6d-90d5-3e1c2950ef54,adc154abe3cea812fb9fedff32206f3a879c9e26,cache,cache16_l1_16k,spinalflow,16,resnet19_T4_all,layer_16_layer3_0_conv2,0,16384,8,1024,128,262144,16,16384,1024,16,1,16,1,16,20,20,12,1,next_burst,4,0,1,10,0,100,1,1,1,1,non_inclusive,lru,14108058,183150,13924908,576054,2930400,0.196579,112,512,0.218750,2563968,41023488,0,0,211404,0,0,222465702,47000,74934,222799040,222724106,1125077850,902353744,0.802037,2929888,576054,2353834,0,0,0,0,0,0,0.999825,0.999825,0,0,0.000000,80.342138,4,5,5,17,19,20,60,0,19776726,1.401804,4.320536,1818,2753
2fff52ed-5a9b-4b6d-90d5-3e1c2950ef54,adc154abe3cea812fb9fedff32206f3a879c9e26,cache,cache16_l1_16k,spinalflow,16,resnet19_T4_all,layer_16_layer3_0_conv2,0,16384,8,1024,128,262144,16,16384,1024,16,1,16,1,16,20,20,12,1,next_burst,8,0,1,10,0,100,1,1,1,1,non_inclusive,lru,14109266,183150,13926116,607501,2930400,0.207310,112,512,0.218750,2563968,41023488,0,0,248294,0,0,222442076,47000,80998,222818368,222737370,2027119463,1804382093,0.890121,2929888,607501,2322387,0,0,0,0,0,0,0.999825,0.999825,0,0,0.000000,79.269008,8,9,9,17,19,20,124,0,19778594,1.401816,4.470963,1818,2753
acb61dfe-4978-4318-871f-f380564fb791,adc154abe3cea812fb9fedff32206f3a879c9e26,cache,cache16_l1_16k,spinalflow,16,resnet19_T4_all,layer_16_layer3_0_conv2,0,16384,8,512,64,262144,16,8192,512,32,2,16,1,16,20,20,12,1,none,0,0,1,10,0,100,1,1,1,1,non_inclusive,lru,15661707,183150,15478557,652224,2930400,0.222572,29728,2278176,0.013049,2248448,71950336,0,0,0,0,0,310410,247336295,10719,247657424,247646705,247646705,0,0.000000,0,0,0,0,0,0,0,0,0,0.000000,0.999825,0,0,0.154590,77.742834,1,1,1,10,15,16,0,0,12665632,0.808701,2.328407,1818,2753
acb61dfe-4978-4318-871f-f380564fb791,adc154abe3cea812fb9fedff32206f3a879c9e26,cache,cache16_l1_16k,spinalflow,16,resnet19_T4_all,layer_16_layer3_0_conv2,0,16384,8,512,64,262144,16,8192,512,32,2,16,1,16,20,20,12,1,next_burst,2,0,1,10,0,100,1,1,1,1,non_inclusive,lru,12376271,183150,12193121,815745,2930400,0.278373,48,512,0.093750,2248448,71950336,0,0,128652,0,0,194730507,54520,176769,195090448,194913679,499157973,304244294,0.609515,2929888,163521,2114143,0,22746,629478,0,0,0,0.777254,0.999825,0,0,0.154590,72.162674,2,3,3,17,19,20,28,0,17837413,1.441259,3.895037,1818,2753
acb61dfe-4978-4318-871f-f380564fb791,adc154abe3cea812fb9fedff32206f3a879c9e26,cache,cache16_l1_16k,spinalflow,16,resnet19_T4_all,layer_16_layer3_0_conv2,0,16384,8,512,64,262144,16,8192,512,32,2,16,1,16,20,20,12,1,next_burst,4,0,1,10,0,100,1,1,1,1,non_inclusive,lru,12370658,183150,12187508,924322,2930400,0.315425,48,512,0.093750,2248448,71950336,0,0,265827,0,0,194605744,54520,74549,195000640,194926091,809391845,614465754,0.759170,2929888,272098,2005566,0,2615,649609,0,0,0,0.777254,0.999825,0,0,0.154590,68.457480,3,5,5,17,19,20,60,0,17842509,1.442325,3.896341,1818,2753
acb61dfe-4978-4318-871f-f380564fb791,adc154abe3cea812fb9fedff32206f3a879c9e26,cache,cache16_l1_16k,spinalflow,16,resnet19_T4_all,layer_16_layer3_0_conv2,0,16384,8,512,64,262144,16,8192,512,32,2,16,1,16,20,20,12,1,next_burst,8,0,1,10,0,100,1,1,1,1,non_inclusive,lru,12370072,183150,12186922,1034744,2930400,0.353107,48,512,0.093750,2248448,71950336,0,0,389406,0,0,194468621,54520,78717,194991264,194912547,1423025295,1228112748,0.863029,2929888,382520,1895144,0,934,651290,0,0,0,0.777254,0.999825,0,0,0.154590,64.689326,6,8,9,17,19,20,124,0,17843235,1.442452,4.023235,1818,2753
eca3a592-3322-4b9e-a41f-a5523f099660,adc154abe3cea812fb9fedff32206f3a879c9e26,cache,cache16_l1_16k,spinalflow,16,resnet19_T4_all,layer_16_layer3_0_conv2,0,16384,8,256,32,262144,16,4096,256,64,4,16,1,16,20,20,12,1,none,0,0,1,10,0,100,1,1,1,1,non_inclusive,lru,10402038,183150,10218888,1442816,2930400,0.492361,1456,1487584,0.000979,1486128,95112192,0,0,0,0,0,19878,163478157,4685,163502720,163498035,163498035,0,0.000000,0,0,0,0,0,0,0,0,0,0.000000,0.999825,0,0,0.184679,50.763855,1,1,1,8,15,16,0,0,10322128,0.992318,1.876232,1818,2753
eca3a592-3322-4b9e-a41f-a5523f099660,adc154abe3cea812fb9fedff32206f3a879c9e26,cache,cache16_l1_16k,spinalflow,16,resnet19_T4_all,layer_16_layer3_0_conv2,0,16384,8,256,32,262144,16,4096,256,64,4,16,1,16,20,20,12,1,next_burst,2,0,1,10,0,100,1,1,1,1,non_inclusive,lru,8210199,183150,8027049,1550483,2930400,0.529103,16,512,0.031250,1486128,95112192,0,0,603746,0,0,127265132,58280,506138,128433296,127927158,245349150,117421992,0.478591,2929888,107667,1379405,0,164985,1277831,0,0,0,0.507464,0.999825,0,0,0.184679,47.089715,1,3,3,16,19,20,28,0,14410219,1.755161,3.314359,1818,2753
eca3a592-3322-4b9e-a41f-a5523f099660,adc154abe3cea812fb9fedff32206f3a879c9e26,cache,cache16_l1_16k,spinalflow,16,resnet19_T4_all,layer_16_layer3_0_conv2,0,16384,8,256,32,262144,16,4096,256,64,4,16,1,16,20,20,12,1,next_burst,4,0,1,10,0,100,1,1,1,1,non_inclusive,lru,8179077,183150,7995927,1621244,2930400,0.553250,16,512,0.031250,1486128,95112192,0,0,719834,0,0,127079418,58280,77812,127935344,127857532,385175420,257317888,0.668054,2929888,178428,1308644,0,17247,1425569,0,0,0,0.507464,0.999825,0,0,0.184679,44.674993,2,4,5,17,19,20,60,0,14736869,1.801777,3.215508,1818,2753
eca3a592-3322-4b9e-a41f-a5523f099660,adc154abe3cea812fb9fedff32206f3a879c9e26,cache,cache16_l1_16k,spinalflow,16,resnet19_T4_all,layer_16_layer3_0_conv2,0,16384,8,256,32,262144,16,4096,256,64,4,16,1,16,20,20,12,1,next_burst,8,0,1,10,0,100,1,1,1,1,non_inclusive,lru,8177601,183150,7994451,1705797,2930400,0.582104,16,512,0.031250,1486128,95112192,0,0,862384,0,0,126925747,58280,65317,127911728,127846411,650536907,522690496,0.803476,2929888,262981,1224091,0,72,1442744,0,0,0,0.507464,0.999825,0,0,0.184679,41.789619,4,6,9,18,19,20,122,0,14737374,1.802163,3.288809,1818,2753
9073af62-930b-40c9-913a-582552593da5,adc154abe3cea812fb9fedff32206f3a879c9e26,cache,cache16_l1_16k,spinalflow,16,resnet19_T4_all,layer_16_layer3_0_conv2,1,16384,8,1024,128,262144,16,16384,1024,16,1,16,1,16,20,20,12,1,none,0,0,1,10,0,100,1,1,1,1,non_inclusive,lru,20008187,198144,19810043,0,3170304,0.000000,318352,3170304,0.100417,2851952,45631232,0,0,0,0,0,3215105,313726918,19177,316961200,316942023,316942023,0,0.000000,0,0,0,0,0,0,0,0,0,0.000000,0.999839,0,0,0.000000,100.000000,1,1,1,13,16,16,0,0,15533200,0.776342,2.841128,1907,2937
9073af62-930b-40c9-913a-582552593da5,adc154abe3cea812fb9fedff32206f3a879c9e26,cache,cache16_l1_16k,spinalflow,16,resnet19_T4_all,layer_16_layer3_0_conv2,1,16384,8,1024,128,262144,16,16384,1024,16,1,16,1,16,20,20,12,1,next_burst,2,0,1,10,0,100,1,1,1,1,non_inclusive,lru,15695585,198144,15497441,394884,3170304,0.124557,32,512,0.062500,2851952,45631232,0,0,71911,0,0,247767535,56400,63722,247959568,247895846,749921770,502025924,0.669438,3169792,394884,2774908,0,0,0,0,0,0,0.999839,0.999839,0,0,0.000000,87.544286,2,3,3,17,19,20,28,0,21538760,1.372281,4.563664,1907,2937
9073af62-930b-40c9-913a-582552593da5,adc154abe3cea812fb9fedff32206f3a879c9e26,cache,cache16_l1_16k,spinalflow,16,resnet19_T4_all,layer_16_layer3_0_conv2,1,16384,8,1024,128,262144,16,16384,1024,16,1,16,1,16,20,20,12,1,next_burst,4,0,1,10,0,100,1,1,1,1,non_inclusive,lru,15690394,198144,15492250,559565,3170304,0.176502,32,512,0.062500,2851952,45631232,0,0,193705,0,0,247566462,56400,59945,247876512,247816567,1251442843,1003626276,0.801975,3169792,559565,2610227,0,0,0,0,0,0,0.999839,0.999839,0,0,0.000000,82.349800,4,5,5,17,19,20,60,0,21552319,1.373600,4.642183,1907,2937
9073af62-930b-40c9-913a-582552593da5,adc154abe3cea812fb9fedff32206f3a879c9e26,cache,cache16_l1_16k,spinalflow,16,resnet19_T4_all,layer_16_layer3_0_conv2,1,16384,8,1024,128,262144,16,16384,1024,16,1,16,1,16,20,20,12,1,next_burst,8,0,1,10,0,100,1,1,1,1,non_inclusive,lru,15690266,198144,15492122,572593,3170304,0.180611,32,512,0.062500,2851952,45631232,0,0,221521,0,0,247512862,56400,83681,247874464,247790783,2254220721,2006429938,0.890077,3169792,572593,2597199,0,0,0,0,0,0,0.999839,0.999839,0,0,0.000000,81.938861,8,9,9,17,19,20,124,0,21554197,1.373731,5.316767,1907,2937
a4421df6-d1c5-418a-a889-827bc9c8ce17,adc154abe3cea812fb9fedff32206f3a879c9e26,cache,cache16_l1_16k,spinalflow,16,resnet19_T4_all,layer_16_layer3_0_conv2,1,16384,8,512,64,262144,16,8192,512,32,2,16,1,16,20,20,12,1,none,0,0,1,10,0,100,1,1,1,1,non_inclusive,lru,16668798,198144,16470654,757248,3170304,0.238857,19312,2413056,0.008003,2393744,76599808,0,0,0,0,0,203464,263318320,9192,263530976,263521784,263521784,0,0.000000,0,0,0,0,0,0,0,0,0,0.000000,0.999839,0,0,0.126432,76.114341,1,1,1,10,15,16,0,0,13560496,0.813526,2.538230,1907,2937
a4421df6-d1c5-418a-a889-827bc9c8ce17,adc154abe3cea812fb9fedff32206f3a879c9e26,cache,cache16_l1_16k,spinalflow,16,resnet19_T4_all,layer_16_layer3_0_conv2,1,16384,8,512,64,262144,16,8192,512,32,2,16,1,16,20,20,12,1,next_burst,2,0,1,10,0,100,1,1,1,1,non_inclusive,lru,13173132,198144,12974988,934077,3170304,0.294633,32,512,0.062500,2393744,76599808,0,0,147751,0,0,207242040,56400,154129,207600320,207446191,525198013,317751822,0.605013,3169792,176829,2235715,0,27800,729448,0,0,0,0.760982,0.999839,0,0,0.126432,70.536674,2,3,3,17,19,20,28,0,19118202,1.451303,4.158117,1907,2937
a4421df6-d1c5-418a-a889-827bc9c8ce17,adc154abe3cea812fb9fedff32206f3a879c9e26,cache,cache16_l1_16k,spinalflow,16,resnet19_T4_all,layer_16_layer3_0_conv2,1,16384,8,512,64,262144,16,8192,512,32,2,16,1,16,20,20,12,1,next_burst,4,0,1,10,0,100,1,1,1,1,non_inclusive,lru,13169602,198144,12971458,1052470,3170304,0.331978,32,512,0.062500,2393744,76599808,0,0,293866,0,0,207096478,56400,97096,207543840,207446744,845779592,638332848,0.754727,3169792,295222,2117322,0,1344,755904,0,0,0,0.760982,0.999839,0,0,0.126432,66.802237,3,5,5,17,19,20,60,0,19122939,1.452051,4.187803,1907,2937
a4421df6-d1c5-418a-a889-827bc9c8ce17,adc154abe3cea812fb9fedff32206f3a879c9e26,cache,cache16_l1_16k,spinalflow,16,resnet19_T4_all,layer_16_layer3_0_conv2,1,16384,8,512,64,262144,16,8192,512,32,2,16,1,16,20,20,12,1,next_burst,8,0,1,10,0,100,1,1,1,1,non_inclusive,lru,13168927,198144,12970783,1140662,3170304,0.359796,32,512,0.062500,2393744,76599808,0,0,413647,0,0,206971468,56400,91525,207533040,207441515,1487663455,1280221940,0.860559,3169792,383414,2029130,0,646,756602,0,0,0,0.760982,0.999839,0,0,0.126432,64.020422,6,8,9,17,19,20,124,0,19123307,1.452154,4.265489,1907,2937
587c472d-1e74-4e77-9e15-4b991a6e5615,adc154abe3cea812fb9fedff32206f3a879c9e26,cache,cache16_l1_16k,spinalflow,16,resnet19_T4_all,layer_16_layer3_0_conv2,1,16384,8,256,32,262144,16,4096,256,64,4,16,1,16,20,20,12,1,none,0,0,1,10,0,100,1,1,1,1,non_inclusive,lru,10654063,198144,10455919,1648128,3170304,0.519864,1584,1522176,0.001041,1520592,97317888,0,0,0,0,0,21339,167269128,4749,167295216,167290467,167290467,0,0.000000,0,0,0,0,0,0,0,0,0,0.000000,0.999839,0,0,0.139323,48.013566,1,1,1,8,15,16,0,0,10905584,1.023608,1.983063,1907,2937
587c472d-1e74-4e77-9e15-4b991a6e5615,adc154abe3cea812fb9fedff32206f3a879c9e26,cache,cache16_l1_16k,spinalflow,16,resnet19_T4_all,layer_16_layer3_0_conv2,1,16384,8,256,32,262144,16,4096,256,64,4,16,1,16,20,20,12,1,next_burst,2,0,1,10,0,100,1,1,1,1,non_inclusive,lru,8411691,198144,8213547,1756281,3170304,0.553979,0,512,0.000000,1520592,97317888,0,0,704643,0,0,129887958,60160,764503,131417264,130652761,239319768,108667007,0.454066,3169792,108153,1413511,0,189738,1458390,0,0,0,0.479974,0.999839,0,0,0.139323,44.602126,1,2,3,15,19,20,28,0,15044679,1.788544,3.554812,1907,2937
587c472d-1e74-4e77-9e15-4b991a6e5615,adc154abe3cea812fb9fedff32206f3a879c9e26,cache,cache16_l1_16k,spinalflow,16,resnet19_T4_all,layer_16_layer3_0_conv2,1,16384,8,256,32,262144,16,4096,256,64,4,16,1,16,20,20,12,1,next_burst,4,0,1,10,0,100,1,1,1,1,non_inclusive,lru,8368716,198144,8170572,1824117,3170304,0.575376,0,512,0.000000,1520592,97317888,0,0,824934,0,0,129752587,60160,91983,130729664,130637681,374554797,243917116,0.651219,3169792,175989,1345675,0,20351,1627777,0,0,0,0.479974,0.999839,0,0,0.139323,42.462395,2,4,5,17,19,20,60,0,15594501,1.863428,3.428821,1907,2937
587c472d-1e74-4e77-9e15-4b991a6e5615,adc154abe3cea812fb9fedff32206f3a879c9e26,cache,cache16_l1_16k,spinalflow,16,resnet19_T4_all,layer_16_layer3_0_conv2,1,16384,8,256,32,262144,16,4096,256,64,4,16,1,16,20,20,12,1,next_burst,8,0,1,10,0,100,1,1,1,1,non_inclusive,lru,8367431,198144,8169287,1920522,3170304,0.605785,0,512,0.000000,1520592,97317888,0,0,993343,0,0,129588525,60160,67076,130709104,130642028,633693357,503051329,0.793840,3169792,272394,1249270,0,136,1647992,0,0,0,0.479974,0.999839,0,0,0.139323,39.421519,4,6,8,17,19,20,108,0,15595171,1.863794,3.456769,1907,2937
3cd61fc9-f8e2-4ab2-a121-4efd594b475d,adc154abe3cea812fb9fedff32206f3a879c9e26,cache,cache16_l1_16k,spinalflow,16,resnet19_T4_all,layer_16_layer3_0_conv2,2,16384,8,1024,128,262144,16,16384,1024,16,1,16,1,16,20,20,12,1,none,0,0,1,10,0,100,1,1,1,1,non_inclusive,lru,19333663,191508,19142155,0,3064128,0.000000,308512,3064128,0.100685,2755616,44089856,0,0,0,0,0,3121797,303131256,21939,306274992,306253053,306253053,0,0.000000,0,0,0,0,0,0,0,0,0,0.000000,0.999833,0,0,0.000000,100.000000,1,1,1,13,16,16,0,0,15012160,0.776478,2.770696,1922,2925
3cd61fc9-f8e2-4ab2-a121-4efd594b475d,adc154abe3cea812fb9fedff32206f3a879c9e26,cache,cache16_l1_16k,spinalflow,16,resnet19_T4_all,layer_16_layer3_0_conv2,2,16384,8,1024,128,262144,16,16384,1024,16,1,16,1,16,20,20,12,1,next_burst,2,0,1,10,0,100,1,1,1,1,non_inclusive,lru,15165197,191508,14973689,354542,3064128,0.115707,64,512,0.125000,2755616,44089856,0,0,65061,0,0,239383300,52640,78535,239579536,239501001,724546985,485045984,0.669447,3063616,354542,2709074,0,0,0,0,0,0,0.999833,0.999833,0,0,0.000000,88.429269,2,3,3,17,19,20,28,0,20815816,1.372604,4.402879,1922,2925
3cd61fc9-f8e2-4ab2-a121-4efd594b475d,adc154abe3cea812fb9fedff32206f3a879c9e26,cache,cache16_l1_16k,spinalflow,16,resnet19_T4_all,layer_16_layer3_0_conv2,2,16384,8,1024,128,262144,16,16384,1024,16,1,16,1,16,20,20,12,1,next_burst,4,0,1,10,0,100,1,1,1,1,non_inclusive,lru,15160952,191508,14969444,581290,3064128,0.189708,64,512,0.125000,2755616,44089856,0,0,192225,0,0,239201452,52640,65299,239511616,239446317,1209177822,969731505,0.801976,3063616,581290,2482326,0,0,0,0,0,0,0.999833,0.999833,0,0,0.000000,81.029187,4,5,5,17,19,20,60,0,20828960,1.373856,4.465679,1922,2925
3cd61fc9-f8e2-4ab2-a121-4efd594b475d,adc154abe3cea812fb9fedff32206f3a879c9e26,cache,cache16_l1_16k,spinalflow,16,resnet19_T4_all,layer_16_layer3_0_conv2,2,16384,8,1024,128,262144,16,16384,1024,16,1,16,1,16,20,20,12,1,next_burst,8,0,1,10,0,100,1,1,1,1,non_inclusive,lru,15160961,191508,14969453,547529,3064128,0.178690,64,512,0.125000,2755616,44089856,0,0,218880,0,0,239158380,52640,81860,239511760,239429900,2178249964,1938820064,0.890082,3063616,547529,2516087,0,0,0,0,0,0,0.999833,0.999833,0,0,0.000000,82.131001,8,9,9,17,19,20,124,0,20830682,1.373968,4.673097,1922,2925
1d6ee790-4354-4965-8d95-b591ae58c509,adc154abe3cea812fb9fedff32206f3a879c9e26,cache,cache16_l1_16k,spinalflow,16,resnet19_T4_all,layer_16_layer3_0_conv2,2,16384,8,512,64,262144,16,8192,512,32,2,16,1,16,20,20,12,1,none,0,0,1,10,0,100,1,1,1,1,non_inclusive,lru,16336354,191508,16144846,697696,3064128,0.227698,20160,2366432,0.008519,2346272,75080704,0,0,0,0,0,212565,258096537,8946,258318048,258309102,258309102,0,0.000000,0,0,0,0,0,0,0,0,0,0.000000,0.999833,0,0,0.079063,77.230194,1,1,1,10,15,16,0,0,13207424,0.808468,2.422994,1922,2925
1d6ee790-4354-4965-8d95-b591ae58c509,adc154abe3cea812fb9fedff32206f3a879c9e26,cache,cache16_l1_16k,spinalflow,16,resnet19_T4_all,layer_16_layer3_0_conv2,2,16384,8,512,64,262144,16,8192,512,32,2,16,1,16,20,20,12,1,next_burst,2,0,1,10,0,100,1,1,1,1,non_inclusive,lru,12913727,191508,12722219,862323,3064128,0.281425,64,512,0.125000,2346272,75080704,0,0,139011,0,0,203167413,52640,196952,203556016,203359064,517923503,314564439,0.607357,3063616,164627,2201293,0,24803,672893,0,0,0,0.772135,0.999833,0,0,0.079063,71.857475,2,3,3,17,19,20,28,0,18611141,1.441191,4.030361,1922,2925
1d6ee790-4354-4965-8d95-b591ae58c509,adc154abe3cea812fb9fedff32206f3a879c9e26,cache,cache16_l1_16k,spinalflow,16,resnet19_T4_all,layer_16_layer3_0_conv2,2,16384,8,512,64,262144,16,8192,512,32,2,16,1,16,20,20,12,1,next_burst,4,0,1,10,0,100,1,1,1,1,non_inclusive,lru,12908775,191508,12717267,975122,3064128,0.318238,64,512,0.125000,2346272,75080704,0,0,276553,0,0,203073845,52640,73746,203476784,203403038,840241224,636838186,0.757923,3063616,277426,2088494,0,1478,696218,0,0,0,0.772135,0.999833,0,0,0.079063,68.176199,3,5,5,17,19,20,60,0,18616276,1.442141,4.072329,1922,2925
1d6ee790-4354-4965-8d95-b591ae58c509,adc154abe3cea812fb9fedff32206f3a879c9e26,cache,cache16_l1_16k,spinalflow,16,resnet19_T4_all,layer_16_layer3_0_conv2,2,16384,8,512,64,262144,16,8192,512,32,2,16,1,16,20,20,12,1,next_burst,8,0,1,10,0,100,1,1,1,1,non_inclusive,lru,12908091,191508,12716583,1074136,3064128,0.350552,64,512,0.125000,2346272,75080704,0,0,390342,0,0,202919943,52640,102915,203465840,203362925,1477459132,1274096207,0.862356,3063616,376440,1989480,0,958,696738,0,0,0,0.772135,0.999833,0,0,0.079063,64.944806,6,8,9,17,19,20,124,0,18616608,1.442243,4.148581,1922,2925
d3df0efb-aeb9-49b9-a908-e345ee3f896b,adc154abe3cea812fb9fedff32206f3a879c9e26,cache,cache16_l1_16k,spinalflow,16,resnet19_T4_all,layer_16_layer3_0_conv2,2,16384,8,256,32,262144,16,4096,256,64,4,16,1,16,20,20,12,1,none,0,0,1,10,0,100,1,1,1,1,non_inclusive,lru,10532213,191508,10340705,1558752,3064128,0.508710,1536,1505376,0.001020,1503840,96245760,0,0,0,0,0,20624,165426430,4738,165451792,165447054,165447054,0,0.000000,0,0,0,0,0,0,0,0,0,0.000000,0.999833,0,0,0.087457,49.129018,1,1,1,8,15,16,0,0,10642880,1.010507,1.933531,1922,2925
d3df0efb-aeb9-49b9-a908-e345ee3f896b,adc154abe3cea812fb9fedff32206f3a879c9e26,cache,cache16_l1_16k,spinalflow,16,resnet19_T4_all,layer_16_layer3_0_conv2,2,16384,8,256,32,262144,16,4096,256,64,4,16,1,16,20,20,12,1,next_burst,2,0,1,10,0,100,1,1,1,1,non_inclusive,lru,8310983,191508,8119475,1666057,3064128,0.543730,0,512,0.000000,1503840,96245760,0,0,657336,0,0,128542884,60160,651732,129912112,129260380,240574010,111313630,0.462700,3063616,107305,1397559,0,178217,1380535,0,0,0,0.491123,0.999833,0,0,0.087457,45.627043,1,2,3,15,19,20,28,0,14724292,1.771667,3.443420,1922,2925
d3df0efb-aeb9-49b9-a908-e345ee3f896b,adc154abe3cea812fb9fedff32206f3a879c9e26,cache,cache16_l1_16k,spinalflow,16,resnet19_T4_all,layer_16_layer3_0_conv2,2,16384,8,256,32,262144,16,4096,256,64,4,16,1,16,20,20,12,1,next_burst,4,0,1,10,0,100,1,1,1,1,non_inclusive,lru,8276854,191508,8085346,1738168,3064128,0.567264,0,512,0.000000,1503840,96245760,0,0,782263,0,0,128434977,60160,88648,129366048,129277400,377518235,248240835,0.657560,3063616,179416,1325448,0,19915,1538837,0,0,0,0.491123,0.999833,0,0,0.087457,43.273649,2,4,5,17,19,20,60,0,15209006,1.837535,3.333221,1922,2925
d3df0efb-aeb9-49b9-a908-e345ee3f896b,adc154abe3cea812fb9fedff32206f3a879c9e26,cache,cache16_l1_16k,spinalflow,16,resnet19_T4_all,layer_16_layer3_0_conv2,2,16384,8,256,32,262144,16,4096,256,64,4,16,1,16,20,20,12,1,next_burst,8,0,1,10,0,100,1,1,1,1,non_inclusive,lru,8275340,191508,8083832,1822680,3064128,0.594845,0,512,0.000000,1503840,96245760,0,0,929612,0,0,128289843,60160,62209,129341824,129279615,637461404,508181789,0.797196,3063616,263928,1240936,0,165,1558587,0,0,0,0.491123,0.999833,0,0,0.087457,40.515540,4,6,9,18,19,20,108,0,15209510,1.837932,3.354292,1922,2925
65aad009-600a-4c5b-b198-a6dc4093d0a2,adc154abe3cea812fb9fedff32206f3a879c9e26,cache,cache16_l1_16k,spinalflow,16,resnet19_T4_all,layer_16_layer3_0_conv2,3,16384,8,1024,128,262144,16,16384,1024,16,1,16,1,16,20,20,12,1,none,0,0,1,10,0,100,1,1,1,1,non_inclusive,lru,17685152,179768,17505384,0,2876288,0.000000,363856,2876288,0.126502,2512432,40198912,0,0,0,0,0,3680228,276381330,25098,280086656,280061558,280061558,0,0.000000,0,0,0,0,0,0,0,0,0,0.000000,0.999822,0,0,0.000000,100.000000,1,1,1,13,16,16,0,0,14017616,0.792621,2.541779,1868,2895
65aad009-600a-4c5b-b198-a6dc4093d0a2,adc154abe3cea812fb9fedff32206f3a879c9e26,cache,cache16_l1_16k,spinalflow,16,resnet19_T4_all,layer_16_layer3_0_conv2,3,16384,8,1024,128,262144,16,16384,1024,16,1,16,1,16,20,20,12,1,next_burst,2,0,1,10,0,100,1,1,1,1,non_inclusive,lru,13831593,179768,13651825,363854,2876288,0.126501,0,512,0.000000,2512432,40198912,0,0,73047,0,0,218218267,60160,78238,218429712,218351474,660694329,442342855,0.669512,2875776,363854,2511922,0,0,0,0,0,0,0.999822,0.999822,0,0,0.000000,87.349876,2,3,3,17,19,20,28,0,19380074,1.401145,4.076682,1868,2895
65aad009-600a-4c5b-b198-a6dc4093d0a2,adc154abe3cea812fb9fedff32206f3a879c9e26,cache,cache16_l1_16k,spinalflow,16,resnet19_T4_all,layer_16_layer3_0_conv2,3,16384,8,1024,128,262144,16,16384,1024,16,1,16,1,16,20,20,12,1,next_burst,4,0,1,10,0,100,1,1,1,1,non_inclusive,lru,13824534,179768,13644766,575292,2876288,0.200012,0,512,0.000000,2512432,40198912,0,0,216859,0,0,217962601,60160,77148,218316768,218239620,1102465935,884226315,0.802044,2875776,575292,2300484,0,0,0,0,0,0,0.999822,0.999822,0,0,0.000000,79.998804,4,5,5,17,19,20,60,0,19402207,1.403462,4.147770,1868,2895
65aad009-600a-4c5b-b198-a6dc4093d0a2,adc154abe3cea812fb9fedff32206f3a879c9e26,cache,cache16_l1_16k,spinalflow,16,resnet19_T4_all,layer_16_layer3_0_conv2,3,16384,8,1024,128,262144,16,16384,1024,16,1,16,1,16,20,20,12,1,next_burst,8,0,1,10,0,100,1,1,1,1,non_inclusive,lru,13824173,179768,13644405,587896,2876288,0.204394,0,512,0.000000,2512432,40198912,0,0,259662,0,0,217884984,60160,106186,218310992,218204806,1985911050,1767706244,0.890124,2875776,587896,2287880,0,0,0,0,0,0,0.999822,0.999822,0,0,0.000000,79.560600,8,9,9,17,19,20,124,0,19405046,1.403704,4.323670,1868,2895
ed737d4f-0636-4cc3-b803-e587ab66bc1b,adc154abe3cea812fb9fedff32206f3a879c9e26,cache,cache16_l1_16k,spinalflow,16,resnet19_T4_all,layer_16_layer3_0_conv2,3,16384,8,512,64,262144,16,8192,512,32,2,16,1,16,20,20,12,1,none,0,0,1,10,0,100,1,1,1,1,non_inclusive,lru,15559936,179768,15380168,615008,2876288,0.213820,26896,2261280,0.011894,2234384,71500288,0,0,0,0,0,283626,245789404,10170,246083200,246073030,246073030,0,0.000000,0,0,0,0,0,0,0,0,0,0.000000,0.999822,0,0,0.080722,78.617997,1,1,1,10,15,16,0,0,12509552,0.803959,2.305137,1868,2895
ed737d4f-0636-4cc3-b803-e587ab66bc1b,adc154abe3cea812fb9fedff32206f3a879c9e26,cache,cache16_l1_16k,spinalflow,16,resnet19_T4_all,layer_16_layer3_0_conv2,3,16384,8,512,64,262144,16,8192,512,32,2,16,1,16,20,20,12,1,next_burst,2,0,1,10,0,100,1,1,1,1,non_inclusive,lru,12296856,179768,12117088,781127,2876288,0.271575,16,512,0.031250,2234384,71500288,0,0,126971,0,0,193557431,58280,131238,193873920,193742682,500656131,306913449,0.613022,2875776,166119,2094649,0,21749,593259,0,0,0,0.786002,0.999822,0,0,0.080722,72.842532,2,3,3,17,19,20,28,0,17614753,1.432460,3.808484,1868,2895
ed737d4f-0636-4cc3-b803-e587ab66bc1b,adc154abe3cea812fb9fedff32206f3a879c9e26,cache,cache16_l1_16k,spinalflow,16,resnet19_T4_all,layer_16_layer3_0_conv2,3,16384,8,512,64,262144,16,8192,512,32,2,16,1,16,20,20,12,1,next_burst,4,0,1,10,0,100,1,1,1,1,non_inclusive,lru,12293037,179768,12113269,879705,2876288,0.305847,16,512,0.031250,2234384,71500288,0,0,251460,0,0,193424934,58280,78142,193812816,193734674,813578846,619844172,0.761874,2875776,264697,1996071,0,2440,612568,0,0,0,0.786002,0.999822,0,0,0.080722,69.415267,3,5,5,17,19,20,60,0,17618304,1.433194,3.906682,1868,2895
ed737d4f-0636-4cc3-b803-e587ab66bc1b,adc154abe3cea812fb9fedff32206f3a879c9e26,cache,cache16_l1_16k,spinalflow,16,resnet19_T4_all,layer_16_layer3_0_conv2,3,16384,8,512,64,262144,16,8192,512,32,2,16,1,16,20,20,12,1,next_burst,8,0,1,10,0,100,1,1,1,1,non_inclusive,lru,12293170,179768,12113402,965416,2876288,0.335646,16,512,0.031250,2234384,71500288,0,0,351507,0,0,193297759,58280,107398,193814944,193707546,1430671368,1236963822,0.864604,2875776,350408,1910360,0,1213,613795,0,0,0,0.786002,0.999822,0,0,0.080722,66.435350,6,8,9,17,19,20,124,0,17618995,1.433234,3.985802,1868,2895
acfd1ab5-4e9b-41d1-ba32-472975e104f3,adc154abe3cea812fb9fedff32206f3a879c9e26,cache,cache16_l1_16k,spinalflow,16,resnet19_T4_all,layer_16_layer3_0_conv2,3,16384,8,256,32,262144,16,4096,256,64,4,16,1,16,20,20,12,1,none,0,0,1,10,0,100,1,1,1,1,non_inclusive,lru,10237471,179768,10057703,1411520,2876288,0.490744,2160,1464768,0.001475,1462608,93606912,0,0,0,0,0,27093,160891553,5114,160923760,160918646,160918646,0,0.000000,0,0,0,0,0,0,0,0,0,0.000000,0.999822,0,0,0.083116,50.925637,1,1,1,9,15,16,0,0,10144752,0.990943,1.848454,1868,2895
acfd1ab5-4e9b-41d1-ba32-472975e104f3,adc154abe3cea812fb9fedff32206f3a879c9e26,cache,cache16_l1_16k,spinalflow,16,resnet19_T4_all,layer_16_layer3_0_conv2,3,16384,8,256,32,262144,16,4096,256,64,4,16,1,16,20,20,12,1,next_burst,2,0,1,10,0,100,1,1,1,1,non_inclusive,lru,8083785,179768,7904017,1516319,2876288,0.527179,16,512,0.031250,1462608,93606912,0,0,584643,0,0,125341385,58280,480476,126464784,125984308,241255447,115271139,0.477797,2875776,104799,1359457,0,157428,1254092,0,0,0,0.509078,0.999822,0,0,0.083116,47.282087,1,3,3,16,19,20,28,0,14157155,1.751303,3.245283,1868,2895
acfd1ab5-4e9b-41d1-ba32-472975e104f3,adc154abe3cea812fb9fedff32206f3a879c9e26,cache,cache16_l1_16k,spinalflow,16,resnet19_T4_all,layer_16_layer3_0_conv2,3,16384,8,256,32,262144,16,4096,256,64,4,16,1,16,20,20,12,1,next_burst,4,0,1,10,0,100,1,1,1,1,non_inclusive,lru,8049901,179768,7870133,1585633,2876288,0.551278,16,512,0.031250,1462608,93606912,0,0,700292,0,0,125076288,58280,87780,125922640,125834860,377509327,251674467,0.666671,2875776,174113,1290143,0,17948,1393572,0,0,0,0.509078,0.999822,0,0,0.083116,44.872245,2,4,5,17,19,20,60,0,14481916,1.799018,3.174821,1868,2895
acfd1ab5-4e9b-41d1-ba32-472975e104f3,adc154abe3cea812fb9fedff32206f3a879c9e26,cache,cache16_l1_16k,spinalflow,16,resnet19_T4_all,layer_16_layer3_0_conv2,3,16384,8,256,32,262144,16,4096,256,64,4,16,1,16,20,20,12,1,next_burst,8,0,1,10,0,100,1,1,1,1,non_inclusive,lru,8048428,179768,7868660,1673342,2876288,0.581771,16,512,0.031250,1462608,93606912,0,0,851065,0,0,124934892,58280,54835,125899072,125844237,644836222,518991985,0.804843,2875776,261822,1202434,0,148,1411372,0,0,0,0.509078,0.999822,0,0,0.083116,41.822863,4,6,9,18,19,20,108,0,14482302,1.799395,3.207930,1868,2895
38f79e8b-ee15-4f5d-9d51-bd34fbfbb481,adc154abe3cea812fb9fedff32206f3a879c9e26,cache,cache16_l1_16k,spinalflow,16,resnet19_T4_all,layer_16_layer3_0_conv2,4,16384,8,1024,128,262144,16,16384,1024,16,1,16,1,16,20,20,12,1,none,0,0,1,10,0,100,1,1,1,1,non_inclusive,lru,17118986,175538,16943448,0,2808608,0.000000,379360,2808608,0.135070,2429248,38867968,0,0,0,0,0,3835517,267231439,28724,271095680,271066956,271066956,0,0.000000,0,0,0,0,0,0,0,0,0,0.000000,0.999818,0,0,0.000000,100.000000,1,1,1,12,16,16,0,0,13663712,0.798161,2.481670,1830,2817
38f79e8b-ee15-4f5d-9d51-bd34fbfbb481,adc154abe3cea812fb9fedff32206f3a879c9e26,cache,cache16_l1_16k,spinalflow,16,resnet19_T4_all,layer_16_layer3_0_conv2,4,16384,8,1024,128,262144,16,16384,1024,16,1,16,1,16,20,20,12,1,next_burst,2,0,1,10,0,100,1,1,1,1,non_inclusive,lru,13377129,175538,13201591,363189,2808608,0.129313,0,512,0.000000,2429248,38867968,0,0,76894,0,0,211008670,60160,80244,211225968,211145724,638969584,427823860,0.669553,2808096,363189,2444907,0,0,0,0,0,0,0.999818,0.999818,0,0,0.000000,87.068719,2,3,3,17,19,20,28,0,18869522,1.410581,3.978515,1830,2817
38f79e8b-ee15-4f5d-9d51-bd34fbfbb481,adc154abe3cea812fb9fedff32206f3a879c9e26,cache,cache16_l1_16k,spinalflow,16,resnet19_T4_all,layer_16_layer3_0_conv2,4,16384,8,1024,128,262144,16,16384,1024,16,1,16,1,16,20,20,12,1,next_burst,4,0,1,10,0,100,1,1,1,1,non_inclusive,lru,13368761,175538,13193223,592995,2808608,0.211135,0,512,0.000000,2429248,38867968,0,0,217418,0,0,210746168,60160,68334,211092080,211023746,1066138101,855114355,0.802067,2808096,592995,2215101,0,0,0,0,0,0,0.999818,0.999818,0,0,0.000000,78.886516,4,5,5,17,19,20,60,0,18896400,1.413474,4.046507,1830,2817
38f79e8b-ee15-4f5d-9d51-bd34fbfbb481,adc154abe3cea812fb9fedff32206f3a879c9e26,cache,cache16_l1_16k,spinalflow,16,resnet19_T4_all,layer_16_layer3_0_conv2,4,16384,8,1024,128,262144,16,16384,1024,16,1,16,1,16,20,20,12,1,next_burst,8,0,1,10,0,100,1,1,1,1,non_inclusive,lru,13370798,175538,13195260,613164,2808608,0.218316,0,512,0.000000,2429248,38867968,0,0,268791,0,0,210709861,60160,85860,211124672,211038812,1920983517,1709944705,0.890140,2808096,613164,2194932,0,0,0,0,0,0,0.999818,0.999818,0,0,0.000000,78.168402,8,9,9,17,19,20,124,0,18899982,1.413527,4.214733,1830,2817
8de00abc-e07e-4685-abd0-0371b7cef0bc,adc154abe3cea812fb9fedff32206f3a879c9e26,cache,cache16_l1_16k,spinalflow,16,resnet19_T4_all,layer_16_layer3_0_conv2,4,16384,8,512,64,262144,16,8192,512,32,2,16,1,16,20,20,12,1,none,0,0,1,10,0,100,1,1,1,1,non_inclusive,lru,15039254,175538,14863716,612928,2808608,0.218232,37344,2195680,0.017008,2158336,69066752,0,0,0,0,0,385216,237424320,10432,237819968,237809536,237809536,0,0.000000,0,0,0,0,0,0,0,0,0,0.000000,0.999818,0,0,0.119508,78.176805,1,1,1,10,15,16,0,0,12166944,0.809012,2.226739,1830,2817
8de00abc-e07e-4685-abd0-0371b7cef0bc,adc154abe3cea812fb9fedff32206f3a879c9e26,cache,cache16_l1_16k,spinalflow,16,resnet19_T4_all,layer_16_layer3_0_conv2,4,16384,8,512,64,262144,16,8192,512,32,2,16,1,16,20,20,12,1,next_burst,2,0,1,10,0,100,1,1,1,1,non_inclusive,lru,11879935,175538,11704397,781063,2808608,0.278096,0,512,0.000000,2158336,69066752,0,0,127258,0,0,186936115,60160,147331,187270864,187123533,480439151,293315618,0.610516,2808096,168135,2027033,0,22393,590535,0,0,0,0.781586,0.999818,0,0,0.119508,72.190388,2,3,3,17,19,20,28,0,17126850,1.441662,3.712079,1830,2817
8de00abc-e07e-4685-abd0-0371b7cef0bc,adc154abe3cea812fb9fedff32206f3a879c9e26,cache,cache16_l1_16k,spinalflow,16,resnet19_T4_all,layer_16_layer3_0_conv2,4,16384,8,512,64,262144,16,8192,512,32,2,16,1,16,20,20,12,1,next_burst,4,0,1,10,0,100,1,1,1,1,non_inclusive,lru,11874778,175538,11699240,875418,2808608,0.311691,0,512,0.000000,2158336,69066752,0,0,249214,0,0,186809808,60160,69170,187188352,187119182,780498296,593379114,0.760257,2808096,262490,1932678,0,2644,610284,0,0,0,0.781586,0.999818,0,0,0.119508,68.830894,3,5,5,17,19,20,60,0,17132004,1.442722,3.733529,1830,2817
8de00abc-e07e-4685-abd0-0371b7cef0bc,adc154abe3cea812fb9fedff32206f3a879c9e26,cache,cache16_l1_16k,spinalflow,16,resnet19_T4_all,layer_16_layer3_0_conv2,4,16384,8,512,64,262144,16,8192,512,32,2,16,1,16,20,20,12,1,next_burst,8,0,1,10,0,100,1,1,1,1,non_inclusive,lru,11874423,175538,11698885,986658,2808608,0.351298,0,512,0.000000,2158336,69066752,0,0,378599,0,0,186683558,60160,60355,187182672,187122317,1374082423,1186960106,0.863820,2808096,373730,1821438,0,1917,611011,0,0,0,0.781586,0.999818,0,0,0.119508,64.870213,6,8,9,17,19,20,124,0,17132702,1.442824,3.830830,1830,2817
45ce235b-c9c2-48d6-b8a5-c3ca0089a599,adc154abe3cea812fb9fedff32206f3a879c9e26,cache,cache16_l1_16k,spinalflow,16,resnet19_T4_all,layer_16_layer3_0_conv2,4,16384,8,256,32,262144,16,4096,256,64,4,16,1,16,20,20,12,1,none,0,0,1,10,0,100,1,1,1,1,non_inclusive,lru,10087575,175538,9912037,1365312,2808608,0.486117,1840,1443296,0.001275,1441456,92253184,0,0,0,0,0,23079,158564938,5087,158593104,158588017,158588017,0,0.000000,0,0,0,0,0,0,0,0,0,0.000000,0.999818,0,0,0.127937,51.388303,1,1,1,9,15,16,0,0,9945296,0.985896,1.809575,1830,2817
45ce235b-c9c2-48d6-b8a5-c3ca0089a599,adc154abe3cea812fb9fedff32206f3a879c9e26,cache,cache16_l1_16k,spinalflow,16,resnet19_T4_all,layer_16_layer3_0_conv2,4,16384,8,256,32,262144,16,4096,256,64,4,16,1,16,20,20,12,1,next_burst,2,0,1,10,0,100,1,1,1,1,non_inclusive,lru,7962963,175538,7787425,1467298,2808608,0.522429,0,512,0.000000,1441456,92253184,0,0,570951,0,0,123468617,60160,499584,124599312,124099728,238521738,114422010,0.479713,2808096,101986,1340798,0,157184,1208128,0,0,0,0.513701,0.999818,0,0,0.127937,47.757110,1,3,3,16,19,20,28,0,13884736,1.743665,3.182292,1830,2817
45ce235b-c9c2-48d6-b8a5-c3ca0089a599,adc154abe3cea812fb9fedff32206f3a879c9e26,cache,cache16_l1_16k,spinalflow,16,resnet19_T4_all,layer_16_layer3_0_conv2,4,16384,8,256,32,262144,16,4096,256,64,4,16,1,16,20,20,12,1,next_burst,4,0,1,10,0,100,1,1,1,1,non_inclusive,lru,7933159,175538,7757621,1538396,2808608,0.547743,0,512,0.000000,1441456,92253184,0,0,689813,0,0,123296414,60160,76061,124122448,124046387,377516079,253469692,0.671414,2808096,173084,1269700,0,17562,1347750,0,0,0,0.513701,0.999818,0,0,0.127937,45.225678,2,4,5,17,19,20,60,0,14193685,1.789159,3.097248,1830,2817
45ce235b-c9c2-48d6-b8a5-c3ca0089a599,adc154abe3cea812fb9fedff32206f3a879c9e26,cache,cache16_l1_16k,spinalflow,16,resnet19_T4_all,layer_16_layer3_0_conv2,4,16384,8,256,32,262144,16,4096,256,64,4,16,1,16,20,20,12,1,next_burst,8,0,1,10,0,100,1,1,1,1,non_inclusive,lru,7932164,175538,7756626,1637158,2808608,0.582907,0,512,0.000000,1441456,92253184,0,0,856271,0,0,123129758,60160,60339,124106528,124046189,638705889,514659700,0.805785,2808096,271846,1170938,0,385,1364927,0,0,0,0.513701,0.999818,0,0,0.127937,41.709274,4,6,9,17,19,20,108,0,14194014,1.789425,3.133162,1830,2817
6527aeef-145a-45be-9abb-607c358dc0f4,adc154abe3cea812fb9fedff32206f3a879c9e26,cache,cache16_l1_16k,spinalflow,16,vgg16_T4_all,layer_01_features_3,0,16384,8,1024,128,262144,16,16384,1024,16,1,16,1,16,20,20,12,1,none,0,0,1,10,0,100,1,1,1,1,non_inclusive,lru,1426963,211820,1215143,1898536,3119232,0.608655,1217264,1220696,0.997188,1656,26496,0,0,0,0,0,15631110,375155,3714103,19720368,16006265,16006265,0,0.000000,0,0,0,0,0,0,0,0,0,0.000000,0.997374,0,0,0.000000,39.134505,1,1,1,4,8,8,0,0,8682024,6.084267,1.556645,116,170
6527aeef-145a-45be-9abb-607c358dc0f4,adc154abe3cea812fb9fedff32206f3a879c9e26,cache,cache16_l1_16k,spinalflow,16,vgg16_T4_all,layer_01_features_3,0,16384,8,1024,128,262144,16,16384,1024,16,1,16,1,16,20,20,12,1,next_burst,2,0,1,10,0,100,1,1,1,1,non_inclusive,lru,1294932,211820,1083112,1998280,3119232,0.640632,6588,6668,0.988002,1656,26496,0,0,1373473,0,0,14378408,9312,1846679,17607872,15761193,33960915,18199722,0.535902,3111040,99744,1114284,0,1897012,0,0,0,0,0.389207,0.997374,0,0,0.000000,35.936795,1,3,3,8,18,20,13,0,11793488,9.107419,2.844785,116,170
6527aeef-145a-45be-9abb-607c358dc0f4,adc154abe3cea812fb9fedff32206f3a879c9e26,cache,cache16_l1_16k,spinalflow,16,vgg16_T4_all,layer_01_features_3,0,16384,8,1024,128,262144,16,16384,1024,16,1,16,1,16,20,20,12,1,next_burst,4,0,1,10,0,100,1,1,1,1,non_inclusive,lru,1261854,211820,1050034,2052491,3119232,0.658012,11921,12001,0.993334,1656,26496,0,0,1455232,0,0,14197965,9312,1416115,17078624,15662509,50982755,35320246,0.692788,3111040,153978,1054740,0,1902322,0,0,0,0,0.387505,0.997374,0,0,0.000000,34.198835,2,4,5,10,18,20,48,0,11794076,9.346625,2.853559,116,170
6527aeef-145a-45be-9abb-607c358dc0f4,adc154abe3cea812fb9fedff32206f3a879c9e26,cache,cache16_l1_16k,spinalflow,16,vgg16_T4_all,layer_01_features_3,0,16384,8,1024,128,262144,16,16384,1024,16,1,16,1,16,20,20,12,1,next_burst,8,0,1,10,0,100,1,1,1,1,non_inclusive,lru,1253560,211820,1041740,2203798,3119232,0.706519,75198,75278,0.998937,1656,26496,0,0,1673875,0,0,13875056,9312,1387677,16945920,15558243,80525133,64966890,0.806790,3111040,305734,840156,0,1965150,0,0,0,0,0.367363,0.997374,0,0,0.000000,29.348057,4,7,9,12,18,20,114,0,11795356,9.409487,2.938544,116,170
a9e56518-7414-4337-8052-628651b51f77,adc154abe3cea812fb9fedff32206f3a879c9e26,cache,cache16_l1_16k,spinalflow,16,vgg16_T4_all,layer_01_features_3,0,16384,8,512,64,262144,16,8192,512,32,2,16,1,16,20,20,12,1,none,0,0,1,10,0,100,1,1,1,1,non_inclusive,lru,1819230,211820,1607410,1461912,3119232,0.468677,1655184,1657320,0.998711,1008,32256,0,0,0,0,0,22421475,234002,3341163,25996640,22655477,22655477,0,0.000000,0,0,0,0,0,0,0,0,0,0.000000,0.997374,0,0,0.178571,53.132309,1,1,1,4,8,8,0,0,9554624,5.252015,1.656081,116,170
a9e56518-7414-4337-8052-628651b51f77,adc154abe3cea812fb9fedff32206f3a879c9e26,cache,cache16_l1_16k,spinalflow,16,vgg16_T4_all,layer_01_features_3,0,16384,8,512,64,262144,16,8192,512,32,2,16,1,16,20,20,12,1,next_burst,2,0,1,10,0,100,1,1,1,1,non_inclusive,lru,1686057,211820,1474237,1607474,3119232,0.515343,7858,7922,0.991921,1008,32256,0,0,811892,0,0,21355748,7448,1690784,23865872,22175088,50377531,28202443,0.559822,3111040,145562,1503836,0,1202113,259529,0,0,0,0.528783,0.997374,0,0,0.178571,48.465712,1,3,3,8,18,20,13,0,12665954,7.512174,2.911041,116,170
a9e56518-7414-4337-8052-628651b51f77,adc154abe3cea812fb9fedff32206f3a879c9e26,cache,cache16_l1_16k,spinalflow,16,vgg16_T4_all,layer_01_features_3,0,16384,8,512,64,262144,16,8192,512,32,2,16,1,16,20,20,12,1,next_burst,4,0,1,10,0,100,1,1,1,1,non_inclusive,lru,1673070,211820,1461250,1683263,3119232,0.539640,14995,15059,0.995750,1008,32256,0,0,925017,0,0,21257083,7448,1468532,23658080,22189548,78629776,56440228,0.717797,3111040,221367,1420910,0,1208384,260379,0,0,0,0.526500,0.997374,0,0,0.178571,46.035979,2,4,5,10,18,20,48,0,12666308,7.570698,2.949464,116,170
a9e56518-7414-4337-8052-628651b51f77,adc154abe3cea812fb9fedff32206f3a879c9e26,cache,cache16_l1_16k,spinalflow,16,vgg16_T4_all,layer_01_features_3,0,16384,8,512,64,262144,16,8192,512,32,2,16,1,16,20,20,12,1,next_burst,8,0,1,10,0,100,1,1,1,1,non_inclusive,lru,1672190,211820,1460370,1888574,3119232,0.605461,85373,85437,0.999251,1008,32256,0,0,1202609,0,0,20963201,7448,1470742,23644000,22173258,128495306,106322048,0.827439,3111040,427451,1145221,0,1291037,247331,0,0,0,0.504186,0.997374,0,0,0.178571,39.453878,4,7,9,12,18,20,106,0,12668086,7.575746,3.036880,116,170
59f8a43f-67eb-4d97-9edf-d10dd66cdc45,adc154abe3cea812fb9fedff32206f3a879c9e26,cache,cache16_l1_16k,spinalflow,16,vgg16_T4_all,layer_01_features_3,0,16384,8,256,32,262144,16,4096,256,64,4,16,1,16,20,20,12,1,none,0,0,1,10,0,100,1,1,1,1,non_inclusive,lru,1918717,211820,1706897,1344864,3119232,0.431152,1773152,1774368,0.999315,540,34560,0,0,0,0,0,24318631,131886,3137915,27588432,24450517,24450517,0,0.000000,0,0,0,0,0,0,0,0,0,0.000000,0.997374,0,0,0.233333,56.884772,1,1,1,4,7,8,0,0,9788252,5.101457,1.647370,116,170
59f8a43f-67eb-4d97-9edf-d10dd66cdc45,adc154abe3cea812fb9fedff32206f3a879c9e26,cache,cache16_l1_16k,spinalflow,16,vgg16_T4_all,layer_01_features_3,0,16384,8,256,32,262144,16,4096,256,64,4,16,1,16,20,20,12,1,next_burst,2,0,1,10,0,100,1,1,1,1,non_inclusive,lru,1793188,211820,1581368,1509788,3119232,0.484026,8682,8722,0.995414,540,34560,0,0,677497,0,0,23231486,4656,1666329,25579968,23913639,55080071,31166432,0.565839,3111040,164924,1600722,0,721043,624351,0,0,0,0.566052,0.997374,0,0,0.233333,51.597444,1,3,3,9,18,20,13,0,12899390,7.193551,2.889835,116,170
59f8a43f-67eb-4d97-9edf-d10dd66cdc45,adc154abe3cea812fb9fedff32206f3a879c9e26,cache,cache16_l1_16k,spinalflow,16,vgg16_T4_all,layer_01_features_3,0,16384,8,256,32,262144,16,4096,256,64,4,16,1,16,20,20,12,1,next_burst,4,0,1,10,0,100,1,1,1,1,non_inclusive,lru,1784545,211820,1572725,1586017,3119232,0.508464,13967,14007,0.997144,540,34560,0,0,794227,0,0,23107509,4656,1535288,25441680,23906392,86609918,62703526,0.723976,3111040,241163,1519208,0,680526,670143,0,0,0,0.564360,0.997374,0,0,0.233333,49.153606,3,4,5,12,18,20,48,0,12899710,7.228571,2.920276,116,170
59f8a43f-67eb-4d97-9edf-d10dd66cdc45,adc154abe3cea812fb9fedff32206f3a879c9e26,cache,cache16_l1_16k,spinalflow,16,vgg16_T4_all,layer_01_features_3,0,16384,8,256,32,262144,16,4096,256,64,4,16,1,16,20,20,12,1,next_burst,8,0,1,10,0,100,1,1,1,1,non_inclusive,lru,1784587,211820,1572767,1784093,3119232,0.571965,68981,69021,0.999420,540,34560,0,0,1057843,0,0,22961974,4656,1417879,25442352,24024473,144941068,120916595,0.834247,3111040,439868,1266118,0,764209,640845,0,0,0,0.546925,0.997374,0,0,0.233333,42.803453,5,7,9,13,18,20,98,0,12901150,7.229208,3.014622,116,170
529ad6f3-65ed-4520-a895-50668e6f403d,adc154abe3cea812fb9fedff32206f3a879c9e26,cache,cache16_l1_16k,spinalflow,16,vgg16_T4_all,layer_01_features_3,1,16384,8,1024,128,262144,16,16384,1024,16,1,16,1,16,20,20,12,1,none,0,0,1,10,0,100,1,1,1,1,non_inclusive,lru,2233891,248879,1985012,1625456,3573384,0.454879,1943213,1947928,0.997579,2256,36096,0,0,0,0,0,25589537,516808,6070719,32177064,26106345,26106345,0,0.000000,0,0,0,0,0,0,0,0,0,0.000000,0.997707,0,0,0.000000,54.512138,1,1,1,3,7,8,0,0,11045392,4.944463,1.905714,129,248
529ad6f3-65ed-4520-a895-50668e6f403d,adc154abe3cea812fb9fedff32206f3a879c9e26,cache,cache16_l1_16k,spinalflow,16,vgg16_T4_all,layer_01_features_3,1,16384,8,1024,128,262144,16,16384,1024,16,1,16,1,16,20,20,12,1,next_burst,2,0,1,10,0,100,1,1,1,1,non_inclusive,lru,1994629,248879,1745750,1782042,3573384,0.498699,6708,6764,0.991721,2256,36096,0,0,996315,0,0,24255404,6520,3090633,28348872,25258239,60319669,35061430,0.581260,3565192,156586,1784578,0,1624028,0,0,0,0,0.543228,0.997707,0,0,0.000000,50.130129,2,3,3,6,17,20,13,0,14610994,7.325169,3.321007,129,248
529ad6f3-65ed-4520-a895-50668e6f403d,adc154abe3cea812fb9fedff32206f3a879c9e26,cache,cache16_l1_16k,spinalflow,16,vgg16_T4_all,layer_01_features_3,1,16384,8,1024,128,262144,16,16384,1024,16,1,16,1,16,20,20,12,1,next_burst,4,0,1,10,0,100,1,1,1,1,non_inclusive,lru,1970527,248879,1721648,1853458,3573384,0.518684,10615,10671,0.994752,2256,36096,0,0,1105622,0,0,24260262,6520,2590836,27963240,25372404,95144225,69771821,0.733327,3565192,228002,1709255,0,1627935,0,0,0,0,0.542135,0.997707,0,0,0.000000,48.131575,3,5,5,7,18,20,48,0,14611382,7.414962,3.393339,129,248
529ad6f3-65ed-4520-a895-50668e6f403d,adc154abe3cea812fb9fedff32206f3a879c9e26,cache,cache16_l1_16k,spinalflow,16,vgg16_T4_all,layer_01_features_3,1,16384,8,1024,128,262144,16,16384,1024,16,1,16,1,16,20,20,12,1,next_burst,8,0,1,10,0,100,1,1,1,1,non_inclusive,lru,1964628,248879,1715749,1990596,3573384,0.557062,72201,72257,0.999225,2256,36096,0,0,1291191,0,0,24698101,6520,1873044,27868856,25995812,159251466,133255654,0.836762,3565192,365579,1510531,0,1689082,0,0,0,0,0.525023,0.997707,0,0,0.000000,44.293812,5,8,9,10,18,20,114,0,14612954,7.438026,3.493047,129,248
32366b19-e332-4675-9e2c-cd4a6de5f3df,adc154abe3cea812fb9fedff32206f3a879c9e26,cache,cache16_l1_16k,spinalflow,16,vgg16_T4_all,layer_01_features_3,1,16384,8,512,64,262144,16,8192,512,32,2,16,1,16,20,20,12,1,none,0,0,1,10,0,100,1,1,1,1,non_inclusive,lru,2525540,248879,2276661,1305992,3573384,0.365478,2264880,2267392,0.998892,1152,36864,0,0,0,0,0,30602373,274897,5966178,36843448,30877270,30877270,0,0.000000,0,0,0,0,0,0,0,0,0,0.000000,0.997707,0,0,0.020833,63.452235,1,1,1,4,7,8,0,0,11683216,4.626027,1.928410,129,248
32366b19-e332-4675-9e2c-cd4a6de5f3df,adc154abe3cea812fb9fedff32206f3a879c9e26,cache,cache16_l1_16k,spinalflow,16,vgg16_T4_all,layer_01_features_3,1,16384,8,512,64,262144,16,8192,512,32,2,16,1,16,20,20,12,1,next_burst,2,0,1,10,0,100,1,1,1,1,non_inclusive,lru,2286268,248879,2037389,1507298,3573384,0.421812,7666,7714,0.993778,1152,36864,0,0,633800,0,0,29392240,5592,2983464,33015096,30031632,74262603,44230971,0.595602,3565192,201306,2058372,0,961495,344019,0,0,0,0.632364,0.997707,0,0,0.020833,57.818751,2,3,3,7,17,20,13,0,15248622,6.669656,3.328070,129,248
32366b19-e332-4675-9e2c-cd4a6de5f3df,adc154abe3cea812fb9fedff32206f3a879c9e26,cache,cache16_l1_16k,spinalflow,16,vgg16_T4_all,layer_01_features_3,1,16384,8,512,64,262144,16,8192,512,32,2,16,1,16,20,20,12,1,next_burst,4,0,1,10,0,100,1,1,1,1,non_inclusive,lru,2277801,248879,2028922,1584467,3573384,0.443408,11664,11712,0.995902,1152,36864,0,0,750470,0,0,29439592,5592,2683970,32879624,30195654,118907524,88711870,0.746058,3565192,278475,1977205,0,963370,346142,0,0,0,0.631245,0.997707,0,0,0.020833,55.659201,3,5,5,9,18,20,48,0,15249058,6.694640,3.390652,129,248
32366b19-e332-4675-9e2c-cd4a6de5f3df,adc154abe3cea812fb9fedff32206f3a879c9e26,cache,cache16_l1_16k,spinalflow,16,vgg16_T4_all,layer_01_features_3,1,16384,8,512,64,262144,16,8192,512,32,2,16,1,16,20,20,12,1,next_burst,8,0,1,10,0,100,1,1,1,1,non_inclusive,lru,2276819,248879,2027940,1760065,3573384,0.492549,68166,68214,0.999296,1152,36864,0,0,982182,0,0,29846697,5592,2029441,32863912,30834471,203577092,172742621,0.848537,3565192,454617,1745105,0,1032486,332984,0,0,0,0.615585,0.997707,0,0,0.020833,50.745148,5,8,9,10,18,20,104,0,15250334,6.698088,3.495510,129,248
2a8f961d-c24d-479f-ac0b-f3c0ed0d2902,adc154abe3cea812fb9fedff32206f3a879c9e26,cache,cache16_l1_16k,spinalflow,16,vgg16_T4_all,layer_01_features_3,1,16384,8,256,32,262144,16,4096,256,64,4,16,1,16,20,20,12,1,none,0,0,1,10,0,100,1,1,1,1,non_inclusive,lru,2554512,248879,2305633,1228320,3573384,0.343741,2343728,2345064,0.999430,576,36864,0,0,0,0,0,32325695,145589,4835716,37307000,32471284,32471284,0,0.000000,0,0,0,0,0,0,0,0,0,0.000000,0.997707,0,0,0.020833,65.625861,1,1,1,3,7,8,0,0,11837984,4.634147,1.969792,129,248
2a8f961d-c24d-479f-ac0b-f3c0ed0d2902,adc154abe3cea812fb9fedff32206f3a879c9e26,cache,cache16_l1_16k,spinalflow,16,vgg16_T4_all,layer_01_features_3,1,16384,8,256,32,262144,16,4096,256,64,4,16,1,16,20,20,12,1,next_burst,2,0,1,10,0,100,1,1,1,1,non_inclusive,lru,2360663,248879,2111784,1437968,3573384,0.402411,8197,8245,0.994178,576,36864,0,0,533812,0,0,31167983,5592,2498029,34205416,31707387,78671448,46964061,0.596964,3565192,209648,2127171,0,443444,784929,0,0,0,0.653951,0.997707,0,0,0.020833,59.758929,2,3,3,9,17,20,8,0,15403212,6.524952,3.371012,129,248
2a8f961d-c24d-479f-ac0b-f3c0ed0d2902,adc154abe3cea812fb9fedff32206f3a879c9e26,cache,cache16_l1_16k,spinalflow,16,vgg16_T4_all,layer_01_features_3,1,16384,8,256,32,262144,16,4096,256,64,4,16,1,16,20,20,12,1,next_burst,4,0,1,10,0,100,1,1,1,1,non_inclusive,lru,2353632,248879,2104753,1518738,3573384,0.425014,11360,11408,0.995792,576,36864,0,0,652194,0,0,31106093,5592,2329041,34092920,31763879,126886075,95122196,0.749666,3565192,290419,2043238,0,389989,841546,0,0,0,0.653066,0.997707,0,0,0.020833,57.498606,3,5,5,12,18,20,37,0,15403695,6.544649,3.410528,129,248
2a8f961d-c24d-479f-ac0b-f3c0ed0d2902,adc154abe3cea812fb9fedff32206f3a879c9e26,cache,cache16_l1_16k,spinalflow,16,vgg16_T4_all,layer_01_features_3,1,16384,8,256,32,262144,16,4096,256,64,4,16,1,16,20,20,12,1,next_burst,8,0,1,10,0,100,1,1,1,1,non_inclusive,lru,2353358,248879,2104479,1640659,3573384,0.459133,49301,49349,0.999027,576,36864,0,0,814370,0,0,31457609,5592,1810965,34088536,32277571,219952484,187674913,0.853252,3565192,412664,1883376,0,447382,821770,0,0,0,0.642539,0.997707,0,0,0.020833,54.086686,5,8,9,12,18,20,100,0,15404496,6.545751,3.485351,129,248
33c7e233-a0fe-4efe-9392-4c83ef651c9b,adc154abe3cea812fb9fedff32206f3a879c9e26,cache,cache16_l1_16k,spinalflow,16,vgg16_T4_all,layer_01_features_3,2,16384,8,1024,128,262144,16,16384,1024,16,1,16,1,16,20,20,12,1,none,0,0,1,10,0,100,1,1,1,1,non_inclusive,lru,1625188,209973,1415215,1658464,3118808,0.531762,1456064,1460344,0.997069,2112,33792,0,0,0,0,0,19382076,466977,3043339,22892392,19849053,19849053,0,0.000000,0,0,0,0,0,0,0,0,0,0.000000,0.997373,0,0,0.000000,46.823787,1,1,1,3,7,8,0,0,9160928,5.636842,1.567726,122,206
33c7e233-a0fe-4efe-9392-4c83ef651c9b,adc154abe3cea812fb9fedff32206f3a879c9e26,cache,cache16_l1_16k,spinalflow,16,vgg16_T4_all,layer_01_features_3,2,16384,8,1024,128,262144,16,16384,1024,16,1,16,1,16,20,20,12,1,next_burst,2,0,1,10,0,100,1,1,1,1,non_inclusive,lru,1503461,209973,1293488,1785572,3118808,0.572517,5892,5948,0.990585,2112,33792,0,0,1083680,0,0,18362483,6528,1492069,20944760,19452691,43404161,23951470,0.551824,3110616,127108,1327288,0,1656220,0,0,0,0,0.466331,0.997373,0,0,0.000000,42.748255,1,3,3,4,17,20,13,0,12272117,8.162578,2.824258,122,206
33c7e233-a0fe-4efe-9392-4c83ef651c9b,adc154abe3cea812fb9fedff32206f3a879c9e26,cache,cache16_l1_16k,spinalflow,16,vgg16_T4_all,layer_01_features_3,2,16384,8,1024,128,262144,16,16384,1024,16,1,16,1,16,20,20,12,1,next_burst,4,0,1,10,0,100,1,1,1,1,non_inclusive,lru,1485710,209973,1275737,1851948,3118808,0.593800,11269,11325,0.995055,2112,33792,0,0,1186594,0,0,18226770,6528,1240852,20660744,19419892,65718983,46299091,0.704501,3110616,193487,1255535,0,1661594,0,0,0,0,0.464608,0.997373,0,0,0.000000,40.620006,2,4,5,4,17,20,48,0,12272558,8.260399,2.869174,122,206
33c7e233-a0fe-4efe-9392-4c83ef651c9b,adc154abe3cea812fb9fedff32206f3a879c9e26,cache,cache16_l1_16k,spinalflow,16,vgg16_T4_all,layer_01_features_3,2,16384,8,1024,128,262144,16,16384,1024,16,1,16,1,16,20,20,12,1,next_burst,8,0,1,10,0,100,1,1,1,1,non_inclusive,lru,1481710,209973,1271737,2050436,3118808,0.657442,114380,114436,0.999511,2112,33792,0,0,1448745,0,0,17759062,6528,1382409,20596744,19214335,100871509,81657174,0.809517,3110616,392765,953936,0,1763915,0,0,0,0,0.431800,0.997373,0,0,0.000000,34.255780,4,7,9,6,17,20,114,0,12274383,8.283931,2.957666,122,206
1952b05c-56c4-43fd-97cd-34e78f578e09,adc154abe3cea812fb9fedff32206f3a879c9e26,cache,cache16_l1_16k,spinalflow,16,vgg16_T4_all,layer_01_features_3,2,16384,8,512,64,262144,16,8192,512,32,2,16,1,16,20,20,12,1,none,0,0,1,10,0,100,1,1,1,1,non_inclusive,lru,1883503,209973,1673530,1376104,3118808,0.441228,1740328,1742704,0.998637,1152,36864,0,0,0,0,0,23863716,259176,2902540,27025432,24122892,24122892,0,0.000000,0,0,0,0,0,0,0,0,0,0.000000,0.997373,0,0,0.083333,55.877245,1,1,1,3,7,8,0,0,9724688,5.163086,1.625175,122,206
1952b05c-56c4-43fd-97cd-34e78f578e09,adc154abe3cea812fb9fedff32206f3a879c9e26,cache,cache16_l1_16k,spinalflow,16,vgg16_T4_all,layer_01_features_3,2,16384,8,512,64,262144,16,8192,512,32,2,16,1,16,20,20,12,1,next_burst,2,0,1,10,0,100,1,1,1,1,non_inclusive,lru,1764991,209973,1555018,1534092,3118808,0.491884,6809,6857,0.993000,1152,36864,0,0,708959,0,0,22907673,5592,1507016,25129240,23622224,54342711,30720487,0.565310,3110616,157988,1577859,0,1060632,314137,0,0,0,0.556574,0.997373,0,0,0.083333,50.811592,1,3,3,7,18,20,13,0,12835608,7.272336,2.866121,122,206
1952b05c-56c4-43fd-97cd-34e78f578e09,adc154abe3cea812fb9fedff32206f3a879c9e26,cache,cache16_l1_16k,spinalflow,16,vgg16_T4_all,layer_01_features_3,2,16384,8,512,64,262144,16,8192,512,32,2,16,1,16,20,20,12,1,next_burst,4,0,1,10,0,100,1,1,1,1,non_inclusive,lru,1755054,209973,1545081,1608004,3118808,0.515583,13966,14014,0.996575,1152,36864,0,0,821773,0,0,22829771,5592,1313112,24970248,23657136,85307899,61650763,0.722685,3110616,231905,1496790,0,1065959,315962,0,0,0,0.554281,0.997373,0,0,0.083333,48.441712,3,4,5,7,17,20,48,0,12836176,7.313835,2.907903,122,206
1952b05c-56c4-43fd-97cd-34e78f578e09,adc154abe3cea812fb9fedff32206f3a879c9e26,cache,cache16_l1_16k,spinalflow,16,vgg16_T4_all,layer_01_features_3,2,16384,8,512,64,262144,16,8192,512,32,2,16,1,16,20,20,12,1,next_burst,8,0,1,10,0,100,1,1,1,1,non_inclusive,lru,1755485,209973,1545512,1873043,3118808,0.600564,107183,107231,0.999552,1152,36864,0,0,1174384,0,0,22568955,5592,1228213,24977144,23748931,138696156,114947225,0.828770,3110616,497990,1138534,0,1191015,283077,0,0,0,0.524727,0.997373,0,0,0.083333,39.943626,4,7,9,9,18,20,106,0,12838306,7.313253,3.051861,122,206
36a8ffea-5953-428d-b916-fc2c40b32f0f,adc154abe3cea812fb9fedff32206f3a879c9e26,cache,cache16_l1_16k,spinalflow,16,vgg16_T4_all,layer_01_features_3,2,16384,8,256,32,262144,16,4096,256,64,4,16,1,16,20,20,12,1,none,0,0,1,10,0,100,1,1,1,1,non_inclusive,lru,1965377,209973,1755404,1285528,3118808,0.412186,1832048,1833280,0.999328,576,36864,0,0,0,0,0,25307030,132377,2896009,28335416,25439407,25439407,0,0.000000,0,0,0,0,0,0,0,0,0,0.000000,0.997373,0,0,0.083333,58.781432,1,1,1,4,7,8,0,0,9905264,5.039880,1.658381,122,206
36a8ffea-5953-428d-b916-fc2c40b32f0f,adc154abe3cea812fb9fedff32206f3a879c9e26,cache,cache16_l1_16k,spinalflow,16,vgg16_T4_all,layer_01_features_3,2,16384,8,256,32,262144,16,4096,256,64,4,16,1,16,20,20,12,1,next_burst,2,0,1,10,0,100,1,1,1,1,non_inclusive,lru,1850770,209973,1640797,1456013,3118808,0.466849,7864,7904,0.994939,576,36864,0,0,611197,0,0,24400045,4664,1485798,26501704,25015906,57959614,32943708,0.568391,3110616,170485,1654891,0,593462,691778,0,0,0,0.585280,0.997373,0,0,0.083333,53.315081,1,3,3,10,18,20,0,0,13015880,7.032684,2.881388,122,206
36a8ffea-5953-428d-b916-fc2c40b32f0f,adc154abe3cea812fb9fedff32206f3a879c9e26,cache,cache16_l1_16k,spinalflow,16,vgg16_T4_all,layer_01_features_3,2,16384,8,256,32,262144,16,4096,256,64,4,16,1,16,20,20,12,1,next_burst,4,0,1,10,0,100,1,1,1,1,non_inclusive,lru,1842960,209973,1632987,1532013,3118808,0.491217,11849,11889,0.996636,576,36864,0,0,728829,0,0,24306035,4664,1337216,26376744,25039528,92071764,67032236,0.728043,3110616,246485,1574906,0,544082,745143,0,0,0,0.584002,0.997373,0,0,0.083333,50.878252,3,4,5,14,18,20,32,0,13016366,7.062750,2.919932,122,206
36a8ffea-5953-428d-b916-fc2c40b32f0f,adc154abe3cea812fb9fedff32206f3a879c9e26,cache,cache16_l1_16k,spinalflow,16,vgg16_T4_all,layer_01_features_3,2,16384,8,256,32,262144,16,4096,256,64,4,16,1,16,20,20,12,1,next_burst,8,0,1,10,0,100,1,1,1,1,non_inclusive,lru,1842385,209973,1632412,1734599,3118808,0.556174,70230,70270,0.999431,576,36864,0,0,996217,0,0,24193322,4664,1173341,26367544,25194203,154468561,129274358,0.836898,3110616,449414,1313939,0,634128,713135,0,0,0,0.565393,0.997373,0,0,0.083333,44.382630,5,7,9,14,18,20,76,0,13017216,7.065416,3.006144,122,206
485c4836-dd71-428e-aaf8-7c15e2ccd3bc,adc154abe3cea812fb9fedff32206f3a879c9e26,cache,cache16_l1_16k,spinalflow,16,vgg16_T4_all,layer_01_features_3,3,16384,8,1024,128,262144,16,16384,1024,16,1,16,1,16,20,20,12,1,none,0,0,1,10,0,100,1,1,1,1,non_inclusive,lru,1792971,218024,1574947,1628968,3231384,0.504108,1599280,1602416,0.998043,1548,24768,0,0,0,0,0,21189842,343277,3931225,25464344,21533119,21533119,0,0.000000,0,0,0,0,0,0,0,0,0,0.000000,0.997465,0,0,0.000000,49.589154,1,1,1,3,7,8,0,0,9669660,5.393093,1.691274,126,173
485c4836-dd71-428e-aaf8-7c15e2ccd3bc,adc154abe3cea812fb9fedff32206f3a879c9e26,cache,cache16_l1_16k,spinalflow,16,vgg16_T4_all,layer_01_features_3,3,16384,8,1024,128,262144,16,16384,1024,16,1,16,1,16,20,20,12,1,next_burst,2,0,1,10,0,100,1,1,1,1,non_inclusive,lru,1643220,218024,1425196,1762851,3231384,0.545541,6532,6604,0.989098,1548,24768,0,0,1021396,0,0,20257980,8368,1780584,23068328,21287744,48247947,26960203,0.558784,3223192,133883,1461929,0,1627380,0,0,0,0,0.493848,0.997465,0,0,0.000000,45.445945,1,3,3,5,18,20,13,0,12893282,7.846352,2.976626,126,173
485c4836-dd71-428e-aaf8-7c15e2ccd3bc,adc154abe3cea812fb9fedff32206f3a879c9e26,cache,cache16_l1_16k,spinalflow,16,vgg16_T4_all,layer_01_features_3,3,16384,8,1024,128,262144,16,16384,1024,16,1,16,1,16,20,20,12,1,next_burst,4,0,1,10,0,100,1,1,1,1,non_inclusive,lru,1624750,218024,1406726,1828635,3231384,0.565898,11583,11655,0.993822,1548,24768,0,0,1124028,0,0,20217572,8368,1422840,22772808,21349968,74476477,53126509,0.713333,3223192,199667,1391094,0,1632431,0,0,0,0,0.492285,0.997465,0,0,0.000000,43.410161,2,4,5,6,17,20,48,0,12893626,7.935760,3.015492,126,173
485c4836-dd71-428e-aaf8-7c15e2ccd3bc,adc154abe3cea812fb9fedff32206f3a879c9e26,cache,cache16_l1_16k,spinalflow,16,vgg16_T4_all,layer_01_features_3,3,16384,8,1024,128,262144,16,16384,1024,16,1,16,1,16,20,20,12,1,next_burst,8,0,1,10,0,100,1,1,1,1,non_inclusive,lru,1622419,218024,1404395,2005965,3231384,0.620776,97122,97194,0.999259,1548,24768,0,0,1362072,0,0,19849981,8368,1515091,22735512,21220421,118267968,97047547,0.820573,3223192,377642,1128225,0,1717325,0,0,0,0,0.466013,0.997465,0,0,0.000000,37.922420,4,8,9,7,17,20,114,0,12895020,7.948021,3.114440,126,173
0fe8d4d1-f844-4e71-a0f1-9528f4250eaa,adc154abe3cea812fb9fedff32206f3a879c9e26,cache,cache16_l1_16k,spinalflow,16,vgg16_T4_all,layer_01_features_3,3,16384,8,512,64,262144,16,8192,512,32,2,16,1,16,20,20,12,1,none,0,0,1,10,0,100,1,1,1,1,non_inclusive,lru,2031484,218024,1813460,1353184,3231384,0.418763,1876272,1878200,0.998973,936,29952,0,0,0,0,0,25767390,210578,3302584,29280552,25977968,25977968,0,0.000000,0,0,0,0,0,0,0,0,0,0.000000,0.997465,0,0,0.173077,58.123702,1,1,1,3,7,8,0,0,10220616,5.031108,1.746110,126,173
0fe8d4d1-f844-4e71-a0f1-9528f4250eaa,adc154abe3cea812fb9fedff32206f3a879c9e26,cache,cache16_l1_16k,spinalflow,16,vgg16_T4_all,layer_01_features_3,3,16384,8,512,64,262144,16,8192,512,32,2,16,1,16,20,20,12,1,next_burst,2,0,1,10,0,100,1,1,1,1,non_inclusive,lru,1899112,218024,1681088,1525660,3231384,0.472138,7740,7804,0.991799,936,29952,0,0,680815,0,0,24790716,7432,1683637,27162600,25478963,59755191,34276228,0.573611,3223192,172476,1697920,0,987726,365070,0,0,0,0.578822,0.997465,0,0,0.173077,52.786175,1,3,3,6,18,20,13,0,13444098,7.079150,3.027673,126,173
0fe8d4d1-f844-4e71-a0f1-9528f4250eaa,adc154abe3cea812fb9fedff32206f3a879c9e26,cache,cache16_l1_16k,spinalflow,16,vgg16_T4_all,layer_01_features_3,3,16384,8,512,64,262144,16,8192,512,32,2,16,1,16,20,20,12,1,next_burst,4,0,1,10,0,100,1,1,1,1,non_inclusive,lru,1890697,218024,1672673,1605168,3231384,0.496743,15591,15655,0.995912,936,29952,0,0,798220,0,0,24729251,7432,1493057,27027960,25534903,93744355,68209452,0.727611,3223192,251994,1610561,0,992668,367969,0,0,0,0.576395,0.997465,0,0,0.173077,50.325681,3,4,5,7,17,20,44,0,13444518,7.110879,3.077270,126,173
0fe8d4d1-f844-4e71-a0f1-9528f4250eaa,adc154abe3cea812fb9fedff32206f3a879c9e26,cache,cache16_l1_16k,spinalflow,16,vgg16_T4_all,layer_01_features_3,3,16384,8,512,64,262144,16,8192,512,32,2,16,1,16,20,20,12,1,next_burst,8,0,1,10,0,100,1,1,1,1,non_inclusive,lru,1892207,218024,1674183,1840586,3231384,0.569597,96115,96179,0.999335,936,29952,0,0,1107615,0,0,24359614,7432,1577459,27052120,25474661,154371135,128896474,0.834978,3223192,488358,1294619,0,1096925,343290,0,0,0,0.551769,0.997465,0,0,0.173077,43.040320,5,7,9,7,17,20,106,0,13446458,7.106230,3.193618,126,173
440c380f-db10-4827-8f26-ce8256685290,adc154abe3cea812fb9fedff32206f3a879c9e26,cache,cache16_l1_16k,spinalflow,16,vgg16_T4_all,layer_01_features_3,3,16384,8,256,32,262144,16,4096,256,64,4,16,1,16,20,20,12,1,none,0,0,1,10,0,100,1,1,1,1,non_inclusive,lru,2121987,218024,1903963,1252464,3231384,0.387594,1977824,1978920,0.999446,540,34560,0,0,0,0,0,27411805,120506,3196289,30728600,27532311,27532311,0,0.000000,0,0,0,0,0,0,0,0,0,0.000000,0.997465,0,0,0.283333,61.240632,1,1,1,4,8,8,0,0,10421660,4.911274,1.772151,126,173
440c380f-db10-4827-8f26-ce8256685290,adc154abe3cea812fb9fedff32206f3a879c9e26,cache,cache16_l1_16k,spinalflow,16,vgg16_T4_all,layer_01_features_3,3,16384,8,256,32,262144,16,4096,256,64,4,16,1,16,20,20,12,1,next_burst,2,0,1,10,0,100,1,1,1,1,non_inclusive,lru,1995365,218024,1777341,1440427,3231384,0.445762,8758,8814,0.993646,540,34560,0,0,588060,0,0,26458339,6528,1649721,28702648,27052927,64567296,37514369,0.581012,3223192,187963,1782143,0,525024,728062,0,0,0,0.609679,0.997465,0,0,0.283333,55.423837,2,3,3,10,18,20,9,0,13644950,6.838323,2.989862,126,173
440c380f-db10-4827-8f26-ce8256685290,adc154abe3cea812fb9fedff32206f3a879c9e26,cache,cache16_l1_16k,spinalflow,16,vgg16_T4_all,layer_01_features_3,3,16384,8,256,32,262144,16,4096,256,64,4,16,1,16,20,20,12,1,next_burst,4,0,1,10,0,100,1,1,1,1,non_inclusive,lru,1988868,218024,1770844,1515424,3231384,0.468971,15600,15656,0.996423,540,34560,0,0,698455,0,0,26370613,6528,1523100,28598696,27075596,101839726,74764130,0.734135,3223192,262968,1700304,0,475632,784288,0,0,0,0.607564,0.997465,0,0,0.283333,53.102943,3,4,5,12,18,20,42,0,13645452,6.860914,3.026607,126,173
440c380f-db10-4827-8f26-ce8256685290,adc154abe3cea812fb9fedff32206f3a879c9e26,cache,cache16_l1_16k,spinalflow,16,vgg16_T4_all,layer_01_features_3,3,16384,8,256,32,262144,16,4096,256,64,4,16,1,16,20,20,12,1,next_burst,8,0,1,10,0,100,1,1,1,1,non_inclusive,lru,1989474,218024,1771450,1732610,3231384,0.536182,74658,74714,0.999250,540,34560,0,0,978074,0,0,26156695,6528,1467095,28608392,27141297,171708762,144567465,0.841934,3223192,480775,1424060,0,570088,748269,0,0,0,0.589480,0.997465,0,0,0.283333,46.381798,5,7,9,12,18,20,94,0,13646744,6.859473,3.102499,126,173
a84bbc9f-c976-4d16-ad0f-c4f432c0363e,adc154abe3cea812fb9fedff32206f3a879c9e26,cache,cache16_l1_16k,spinalflow,16,vgg16_T4_all,layer_01_features_3,4,16384,8,1024,128,262144,16,16384,1024,16,1,16,1,16,20,20,12,1,none,0,0,1,10,0,100,1,1,1,1,non_inclusive,lru,1426717,228776,1197941,2104128,3293360,0.638900,1185440,1189232,0.996811,1884,30144,0,0,0,0,0,14914027,414996,4213281,19542304,15329023,15329023,0,0.000000,0,0,0,0,0,0,0,0,0,0.000000,0.997513,0,0,0.000000,36.109991,1,1,1,3,7,8,0,0,8967580,6.285465,1.623212,124,170
a84bbc9f-c976-4d16-ad0f-c4f432c0363e,adc154abe3cea812fb9fedff32206f3a879c9e26,cache,cache16_l1_16k,spinalflow,16,vgg16_T4_all,layer_01_features_3,4,16384,8,1024,128,262144,16,16384,1024,16,1,16,1,16,20,20,12,1,next_burst,2,0,1,10,0,100,1,1,1,1,non_inclusive,lru,1279031,228776,1050255,2200339,3293360,0.668114,4881,4929,0.990262,1884,30144,0,0,1495896,0,0,13340154,5568,2337710,17179328,14841618,29708117,14866499,0.500419,3285168,96211,1088092,0,2100865,0,0,0,0,0.359603,0.997513,0,0,0.000000,33.188628,1,3,3,6,17,20,13,0,12253228,9.580087,2.997718,124,170
a84bbc9f-c976-4d16-ad0f-c4f432c0363e,adc154abe3cea812fb9fedff32206f3a879c9e26,cache,cache16_l1_16k,spinalflow,16,vgg16_T4_all,layer_01_features_3,4,16384,8,1024,128,262144,16,16384,1024,16,1,16,1,16,20,20,12,1,next_burst,4,0,1,10,0,100,1,1,1,1,non_inclusive,lru,1231806,228776,1003030,2257643,3293360,0.685514,8545,8593,0.994414,1884,30144,0,0,1592180,0,0,13026958,5568,1799022,16423728,14624706,43799495,29174789,0.666099,3285168,153515,1027124,0,2104529,0,0,0,0,0.358491,0.997513,0,0,0.000000,31.448642,2,4,5,6,17,20,48,0,12253614,9.947682,3.004788,124,170
a84bbc9f-c976-4d16-ad0f-c4f432c0363e,adc154abe3cea812fb9fedff32206f3a879c9e26,cache,cache16_l1_16k,spinalflow,16,vgg16_T4_all,layer_01_features_3,4,16384,8,1024,128,262144,16,16384,1024,16,1,16,1,16,20,20,12,1,next_burst,8,0,1,10,0,100,1,1,1,1,non_inclusive,lru,1222311,228776,993535,2396596,3293360,0.727705,77300,77348,0.999379,1884,30144,0,0,1801817,0,0,13076748,5568,1387675,16271808,14884133,68068378,53184245,0.781336,3285168,292848,819416,0,2172904,0,0,0,0,0.337729,0.997513,0,0,0.000000,27.229456,3,6,9,7,18,20,114,0,12254678,10.025826,3.080081,124,170
a5ec0093-bdbd-4a57-bf22-83dc96f2871e,adc154abe3cea812fb9fedff32206f3a879c9e26,cache,cache16_l1_16k,spinalflow,16,vgg16_T4_all,layer_01_features_3,4,16384,8,512,64,262144,16,8192,512,32,2,16,1,16,20,20,12,1,none,0,0,1,10,0,100,1,1,1,1,non_inclusive,lru,1968164,228776,1739388,1552216,3293360,0.471317,1738800,1741144,0.998654,1140,36480,0,0,0,0,0,23091299,255016,4859141,28205456,23346315,23346315,0,0.000000,0,0,0,0,0,0,0,0,0,0.000000,0.997513,0,0,0.173684,52.868317,1,1,1,3,7,8,0,0,10070660,5.116779,1.745234,124,170
a5ec0093-bdbd-4a57-bf22-83dc96f2871e,adc154abe3cea812fb9fedff32206f3a879c9e26,cache,cache16_l1_16k,spinalflow,16,vgg16_T4_all,layer_01_features_3,4,16384,8,512,64,262144,16,8192,512,32,2,16,1,16,20,20,12,1,next_burst,2,0,1,10,0,100,1,1,1,1,non_inclusive,lru,1777272,228776,1548496,1702927,3293360,0.517079,6986,7026,0.994307,1140,36480,0,0,879274,0,0,21785221,4664,2482025,25151184,22669159,51527490,28858331,0.560057,3285168,150711,1583407,0,1293096,257954,0,0,0,0.526550,0.997513,0,0,0.173684,48.292109,1,3,3,6,18,20,9,0,13355926,7.514846,3.078791,124,170
a5ec0093-bdbd-4a57-bf22-83dc96f2871e,adc154abe3cea812fb9fedff32206f3a879c9e26,cache,cache16_l1_16k,spinalflow,16,vgg16_T4_all,layer_01_features_3,4,16384,8,512,64,262144,16,8192,512,32,2,16,1,16,20,20,12,1,next_burst,4,0,1,10,0,100,1,1,1,1,non_inclusive,lru,1761435,228776,1532659,1780608,3293360,0.540666,13038,13078,0.996941,1140,36480,0,0,999124,0,0,21727648,4664,2166356,24897792,22731436,80889718,58158282,0.718982,3285168,228408,1499674,0,1298175,258911,0,0,0,0.524717,0.997513,0,0,0.173684,45.933393,3,4,5,7,17,20,48,0,13356502,7.582739,3.118328,124,170
a5ec0093-bdbd-4a57-bf22-83dc96f2871e,adc154abe3cea812fb9fedff32206f3a879c9e26,cache,cache16_l1_16k,spinalflow,16,vgg16_T4_all,layer_01_features_3,4,16384,8,512,64,262144,16,8192,512,32,2,16,1,16,20,20,12,1,next_burst,8,0,1,10,0,100,1,1,1,1,non_inclusive,lru,1759536,228776,1530760,2016527,3293360,0.612301,95747,95787,0.999582,1140,36480,0,0,1320891,0,0,21809132,4664,1732721,24867408,23134687,132839426,109704739,0.825845,3285168,465190,1181046,0,1402531,236401,0,0,0,0.499865,0.997513,0,0,0.173684,38.769919,4,7,9,9,18,20,90,0,13358444,7.592027,3.222743,124,170
5a2bd7a4-5078-4597-b838-e581fd862d53,adc154abe3cea812fb9fedff32206f3a879c9e26,cache,cache16_l1_16k,spinalflow,16,vgg16_T4_all,layer_01_features_3,4,16384,8,256,32,262144,16,4096,256,64,4,16,1,16,20,20,12,1,none,0,0,1,10,0,100,1,1,1,1,non_inclusive,lru,2015481,228776,1786705,1459080,3293360,0.443037,1833104,1834280,0.999359,576,36864,0,0,0,0,0,24851401,128103,3983024,28962528,24979504,24979504,0,0.000000,0,0,0,0,0,0,0,0,0,0.000000,0.997513,0,0,0.182292,55.696310,1,1,1,4,8,8,0,0,10256368,5.088794,1.705997,124,170
5a2bd7a4-5078-4597-b838-e581fd862d53,adc154abe3cea812fb9fedff32206f3a879c9e26,cache,cache16_l1_16k,spinalflow,16,vgg16_T4_all,layer_01_features_3,4,16384,8,256,32,262144,16,4096,256,64,4,16,1,16,20,20,12,1,next_burst,2,0,1,10,0,100,1,1,1,1,non_inclusive,lru,1856842,228776,1628066,1626989,3293360,0.494021,8291,8323,0.996155,576,36864,0,0,713429,0,0,23481807,3728,2225340,26424304,24198964,54747343,30548379,0.557988,3285168,167909,1658048,0,675256,783955,0,0,0,0.554436,0.997513,0,0,0.182292,50.597900,1,3,3,8,17,20,0,0,13541536,7.292778,3.032265,124,170
5a2bd7a4-5078-4597-b838-e581fd862d53,adc154abe3cea812fb9fedff32206f3a879c9e26,cache,cache16_l1_16k,spinalflow,16,vgg16_T4_all,layer_01_features_3,4,16384,8,256,32,262144,16,4096,256,64,4,16,1,16,20,20,12,1,next_burst,4,0,1,10,0,100,1,1,1,1,non_inclusive,lru,1845103,228776,1616327,1703534,3293360,0.517263,14523,14555,0.997801,576,36864,0,0,832880,0,0,23448174,3728,1951698,26236480,24284782,86375250,62090468,0.718846,3285168,244462,1575271,0,636425,829010,0,0,0,0.552546,0.997513,0,0,0.182292,48.273678,3,4,5,10,18,20,32,0,13542042,7.339450,3.067773,124,170
5a2bd7a4-5078-4597-b838-e581fd862d53,adc154abe3cea812fb9fedff32206f3a879c9e26,cache,cache16_l1_16k,spinalflow,16,vgg16_T4_all,layer_01_features_3,4,16384,8,256,32,262144,16,4096,256,64,4,16,1,16,20,20,12,1,next_burst,8,0,1,10,0,100,1,1,1,1,non_inclusive,lru,1845169,228776,1616393,1905901,3293360,0.578710,80026,80058,0.999600,576,36864,0,0,1108373,0,0,23672414,3728,1453021,26237536,24784515,145607626,120823111,0.829786,3285168,447629,1307401,0,740562,789576,0,0,0,0.532900,0.997513,0,0,0.182292,42.128981,4,7,9,13,18,20,66,0,13543704,7.340089,3.210370,124,170
cb7f7399-ae20-48ee-8870-b43892653676,adc154abe3cea812fb9fedff32206f3a879c9e26,cache,cache16_l1_16k,spinalflow,16,vgg16_T4_all,layer_09_features_30,0,16384,8,1024,128,262144,16,16384,1024,16,1,16,1,16,20,20,12,1,none,0,0,1,10,0,100,1,1,1,1,non_inclusive,lru,50683066,456960,50226106,0,7311360,0.000000,6592,7311360,0.000902,7304768,116876288,0,0,0,0,0,74976,803533126,10618,803618720,803608102,803608102,0,0.000000,0,0,0,0,0,0,0,0,0,0.000000,0.999860,0,0,0.000000,100.000000,1,1,1,8,15,16,0,0,36550272,0.721154,6.667066,2236,3407
cb7f7399-ae20-48ee-8870-b43892653676,adc154abe3cea812fb9fedff32206f3a879c9e26,cache,cache16_l1_16k,spinalflow,16,vgg16_T4_all,layer_09_features_30,0,16384,8,1024,128,262144,16,16384,1024,16,1,16,1,16,20,20,12,1,next_burst,2,0,1,10,0,100,1,1,1,1,non_inclusive,lru,40182362,456960,39725402,9472,7311360,0.001296,32,1024,0.031250,7304768,116876288,0,0,1088,0,0,635438862,116560,50946,635607456,635556510,1921036476,1285479966,0.669160,7310336,9472,7300864,0,0,0,0,0,0,0.999860,0.999860,0,0,0.000000,99.870448,2,3,3,15,19,20,28,0,51163032,1.273271,10.371274,2236,3407
cb7f7399-ae20-48ee-8870-b43892653676,adc154abe3cea812fb9fedff32206f3a879c9e26,cache,cache16_l1_16k,spinalflow,16,vgg16_T4_all,layer_09_features_30,0,16384,8,1024,128,262144,16,16384,1024,16,1,16,1,16,20,20,12,1,next_burst,4,0,1,10,0,100,1,1,1,1,non_inclusive,lru,40182070,456960,39725110,4450,7311360,0.000609,32,1024,0.031250,7304768,116876288,0,0,2478,0,0,635430114,116560,53632,635602784,635549152,3206122790,2570573638,0.801770,7310336,4450,7305886,0,0,0,0,0,0,0.999860,0.999860,0,0,0.000000,99.939136,4,5,5,15,19,20,60,0,51163762,1.273298,10.475566,2236,3407
cb7f7399-ae20-48ee-8870-b43892653676,adc154abe3cea812fb9fedff32206f3a879c9e26,cache,cache16_l1_16k,spinalflow,16,vgg16_T4_all,layer_09_features_30,0,16384,8,1024,128,262144,16,16384,1024,16,1,16,1,16,20,20,12,1,next_burst,8,0,1,10,0,100,1,1,1,1,non_inclusive,lru,40184116,456960,39727156,7894,7311360,0.001080,32,1024,0.031250,7304768,116876288,0,0,4258,0,0,635464032,116560,50670,635635520,635584850,5775545636,5139960786,0.889952,7310336,7894,7302442,0,0,0,0,0,0,0.999860,0.999860,0,0,0.000000,99.892031,8,9,9,15,19,20,124,0,51163946,1.273238,11.031199,2236,3407
0e218817-a855-47ca-b1fd-3179cca6fd3b,adc154abe3cea812fb9fedff32206f3a879c9e26,cache,cache16_l1_16k,spinalflow,16,vgg16_T4_all,layer_09_features_30,0,16384,8,512,64,262144,16,8192,512,32,2,16,1,16,20,20,12,1,none,0,0,1,10,0,100,1,1,1,1,non_inclusive,lru,36715476,456960,36258516,2032448,7311360,0.277985,5760,5278912,0.001091,5273152,168740864,0,0,0,0,0,72010,580054874,10396,580137280,580126884,580126884,0,0.000000,0,0,0,0,0,0,0,0,0,0.000000,0.999860,0,0,0.015842,72.201506,1,1,1,8,15,16,0,0,30453760,0.829453,5.536256,2236,3407
0e218817-a855-47ca-b1fd-3179cca6fd3b,adc154abe3cea812fb9fedff32206f3a879c9e26,cache,cache16_l1_16k,spinalflow,16,vgg16_T4_all,layer_09_features_30,0,16384,8,512,64,262144,16,8192,512,32,2,16,1,16,20,20,12,1,next_burst,2,0,1,10,0,100,1,1,1,1,non_inclusive,lru,29029812,456960,28572852,2386336,7311360,0.326387,32,1024,0.031250,5273152,168740864,0,0,354644,0,0,456134252,116560,561200,457166656,456605456,1110547610,653942154,0.588847,7310336,353888,4924000,0,82060,1950388,0,0,0,0.721875,0.999860,0,0,0.015842,67.361257,2,3,3,17,19,20,28,0,43029454,1.482251,9.336461,2236,3407
0e218817-a855-47ca-b1fd-3179cca6fd3b,adc154abe3cea812fb9fedff32206f3a879c9e26,cache,cache16_l1_16k,spinalflow,16,vgg16_T4_all,layer_09_features_30,0,16384,8,512,64,262144,16,8192,512,32,2,16,1,16,20,20,12,1,next_burst,4,0,1,10,0,100,1,1,1,1,non_inclusive,lru,29011712,456960,28554752,2693114,7311360,0.368347,32,1024,0.031250,5273152,168740864,0,0,742152,0,0,455800908,116560,217436,456877056,456659620,1777303126,1320643506,0.743060,7310336,660666,4617222,0,1772,2030676,0,0,0,0.721875,0.999860,0,0,0.015842,63.165348,3,4,5,17,19,20,60,0,43035056,1.483368,9.417231,2236,3407
0e218817-a855-47ca-b1fd-3179cca6fd3b,adc154abe3cea812fb9fedff32206f3a879c9e26,cache,cache16_l1_16k,spinalflow,16,vgg16_T4_all,layer_09_features_30,0,16384,8,512,64,262144,16,8192,512,32,2,16,1,16,20,20,12,1,next_burst,8,0,1,10,0,100,1,1,1,1,non_inclusive,lru,29009804,456960,28552844,2963510,7311360,0.405330,32,1024,0.031250,5273152,168740864,0,0,1113908,0,0,455436956,116560,179104,456846528,456667424,3124855292,2668187868,0.853860,7310336,931062,4346826,0,118,2032330,0,0,0,0.721875,0.999860,0,0,0.015842,59.467049,6,8,9,17,19,20,124,0,43035536,1.483482,9.527480,2236,3407
cc120808-52ac-4209-94f0-8b00bac13e8b,adc154abe3cea812fb9fedff32206f3a879c9e26,cache,cache16_l1_16k,spinalflow,16,vgg16_T4_all,layer_09_features_30,0,16384,8,256,32,262144,16,4096,256,64,4,16,1,16,20,20,12,1,none,0,0,1,10,0,100,1,1,1,1,non_inclusive,lru,22223318,456960,21766358,4142144,7311360,0.566535,3808,3169216,0.001202,3165408,202586112,0,0,0,0,0,50284,348202646,9822,348262752,348252930,348252930,0,0.000000,0,0,0,0,0,0,0,0,0,0.000000,0.999860,0,0,0.015842,43.346464,1,1,1,8,15,16,0,0,24126624,1.085645,4.405147,2236,3407
cc120808-52ac-4209-94f0-8b00bac13e8b,adc154abe3cea812fb9fedff32206f3a879c9e26,cache,cache16_l1_16k,spinalflow,16,vgg16_T4_all,layer_09_features_30,0,16384,8,256,32,262144,16,4096,256,64,4,16,1,16,20,20,12,1,next_burst,2,0,1,10,0,100,1,1,1,1,non_inclusive,lru,17568032,456960,17111072,4340924,7311360,0.593723,32,1024,0.031250,3165408,202586112,0,0,1903470,0,0,269541962,116560,2216184,273778176,271561992,452410620,180848628,0.399744,7310336,198780,2969412,0,535416,3606728,0,0,0,0.433325,0.999860,0,0,0.015842,40.627681,1,2,3,12,19,20,28,0,32546184,1.852580,7.808911,2236,3407
cc120808-52ac-4209-94f0-8b00bac13e8b,adc154abe3cea812fb9fedff32206f3a879c9e26,cache,cache16_l1_16k,spinalflow,16,vgg16_T4_all,layer_09_features_30,0,16384,8,256,32,262144,16,4096,256,64,4,16,1,16,20,20,12,1,next_burst,4,0,1,10,0,100,1,1,1,1,non_inclusive,lru,17425118,456960,16968158,4502084,7311360,0.615766,32,1024,0.031250,3165408,202586112,0,0,2205902,0,0,268881716,116560,287374,271491552,271204178,710618840,439414662,0.618355,7310336,359940,2808252,0,66908,4075236,0,0,0,0.433325,0.999860,0,0,0.015842,38.423440,2,3,5,18,19,20,60,0,34598758,1.985568,7.592351,2236,3407
cc120808-52ac-4209-94f0-8b00bac13e8b,adc154abe3cea812fb9fedff32206f3a879c9e26,cache,cache16_l1_16k,spinalflow,16,vgg16_T4_all,layer_09_features_30,0,16384,8,256,32,262144,16,4096,256,64,4,16,1,16,20,20,12,1,next_burst,8,0,1,10,0,100,1,1,1,1,non_inclusive,lru,17419112,456960,16962152,4684310,7311360,0.640689,32,1024,0.031250,3165408,202586112,0,0,2537856,0,0,268555422,116560,185618,271395456,271209838,1199723574,928513736,0.773940,7310336,542166,2626026,0,378,4141766,0,0,0,0.433325,0.999860,0,0,0.015842,35.931072,4,5,8,17,19,20,98,0,34600858,1.986373,7.685061,2236,3407
4cb6c6f7-d6a7-40d1-be4d-9c8cc9861f2b,adc154abe3cea812fb9fedff32206f3a879c9e26,cache,cache16_l1_16k,spinalflow,16,vgg16_T4_all,layer_09_features_30,1,16384,8,1024,128,262144,16,16384,1024,16,1,16,1,16,20,20,12,1,none,0,0,1,10,0,100,1,1,1,1,non_inclusive,lru,53859948,485612,53374336,0,7769792,0.000000,7168,7769792,0.000923,7762624,124201984,0,0,0,0,0,81998,853897546,10856,853990400,853979544,853979544,0,0.000000,0,0,0,0,0,0,0,0,0,0.000000,0.999868,0,0,0.000000,100.000000,1,1,1,8,15,16,0,0,38841856,0.721164,7.036255,2322,3515
4cb6c6f7-d6a7-40d1-be4d-9c8cc9861f2b,adc154abe3cea812fb9fedff32206f3a879c9e26,cache,cache16_l1_16k,spinalflow,16,vgg16_T4_all,layer_09_features_30,1,16384,8,1024,128,262144,16,16384,1024,16,1,16,1,16,20,20,12,1,next_burst,2,0,1,10,0,100,1,1,1,1,non_inclusive,lru,42700894,485612,42215282,6914,7769792,0.000890,0,1024,0.000000,7762624,124201984,0,0,1268,0,0,675277006,120320,46942,675445536,675398594,2041470836,1366072242,0.669161,7768768,6914,7761854,0,0,0,0,0,0,0.999868,0.999868,0,0,0.000000,99.911014,2,3,3,15,19,20,28,0,54370724,1.273292,10.844202,2322,3515
4cb6c6f7-d6a7-40d1-be4d-9c8cc9861f2b,adc154abe3cea812fb9fedff32206f3a879c9e26,cache,cache16_l1_16k,spinalflow,16,vgg16_T4_all,layer_09_features_30,1,16384,8,1024,128,262144,16,16384,1024,16,1,16,1,16,20,20,12,1,next_burst,4,0,1,10,0,100,1,1,1,1,non_inclusive,lru,42699882,485612,42214270,4808,7769792,0.000619,0,1024,0.000000,7762624,124201984,0,0,2836,0,0,675257044,120320,49144,675429344,675380200,3407090402,2731710202,0.801772,7768768,4808,7763960,0,0,0,0,0,0,0.999868,0.999868,0,0,0.000000,99.938119,4,5,5,15,19,20,60,0,54371446,1.273339,11.052750,2322,3515
4cb6c6f7-d6a7-40d1-be4d-9c8cc9861f2b,adc154abe3cea812fb9fedff32206f3a879c9e26,cache,cache16_l1_16k,spinalflow,16,vgg16_T4_all,layer_09_features_30,1,16384,8,1024,128,262144,16,16384,1024,16,1,16,1,16,20,20,12,1,next_burst,8,0,1,10,0,100,1,1,1,1,non_inclusive,lru,42701914,485612,42216302,6772,7769792,0.000872,0,1024,0.000000,7762624,124201984,0,0,5060,0,0,675283760,120320,52716,675461856,675409140,6137675316,5462266176,0.889957,7768768,6772,7761996,0,0,0,0,0,0,0.999868,0.999868,0,0,0.000000,99.912842,8,9,9,15,19,20,124,0,54371914,1.273290,11.649054,2322,3515
f465aa2b-9ef4-4740-8e73-aa033bdee4f3,adc154abe3cea812fb9fedff32206f3a879c9e26,cache,cache16_l1_16k,spinalflow,16,vgg16_T4_all,layer_09_features_30,1,16384,8,512,64,262144,16,8192,512,32,2,16,1,16,20,20,12,1,none,0,0,1,10,0,100,1,1,1,1,non_inclusive,lru,38100584,485612,37614972,2293376,7769792,0.295166,6016,5476416,0.001099,5470400,175052800,0,0,0,0,0,77986,601752172,10418,601840576,601830158,601830158,0,0.000000,0,0,0,0,0,0,0,0,0,0.000000,0.999868,0,0,0.016493,70.483431,1,1,1,8,15,16,0,0,31962880,0.838908,5.798486,2322,3515
f465aa2b-9ef4-4740-8e73-aa033bdee4f3,adc154abe3cea812fb9fedff32206f3a879c9e26,cache,cache16_l1_16k,spinalflow,16,vgg16_T4_all,layer_09_features_30,1,16384,8,512,64,262144,16,8192,512,32,2,16,1,16,20,20,12,1,next_burst,2,0,1,10,0,100,1,1,1,1,non_inclusive,lru,30129320,485612,29643708,2640984,7769792,0.339904,32,1024,0.031250,5470400,175052800,0,0,379164,0,0,473036570,116560,768058,474300352,473532294,1132546428,659014134,0.581887,7768768,347608,5127784,0,93928,2199448,0,0,0,0.704703,0.999868,0,0,0.016493,66.009592,2,3,3,17,19,20,28,0,45194066,1.500003,9.739920,2322,3515
f465aa2b-9ef4-4740-8e73-aa033bdee4f3,adc154abe3cea812fb9fedff32206f3a879c9e26,cache,cache16_l1_16k,spinalflow,16,vgg16_T4_all,layer_09_features_30,1,16384,8,512,64,262144,16,8192,512,32,2,16,1,16,20,20,12,1,next_burst,4,0,1,10,0,100,1,1,1,1,non_inclusive,lru,30097198,485612,29611586,2965186,7769792,0.381630,32,1024,0.031250,5470400,175052800,0,0,802264,0,0,472613610,116560,253966,473786400,473532434,1812417426,1338884992,0.738729,7768768,671810,4803582,0,2336,2291040,0,0,0,0.704703,0.999868,0,0,0.016493,61.836996,3,4,5,17,19,20,60,0,45199772,1.501793,9.898064,2322,3515
f465aa2b-9ef4-4740-8e73-aa033bdee4f3,adc154abe3cea812fb9fedff32206f3a879c9e26,cache,cache16_l1_16k,spinalflow,16,vgg16_T4_all,layer_09_features_30,1,16384,8,512,64,262144,16,8192,512,32,2,16,1,16,20,20,12,1,next_burst,8,0,1,10,0,100,1,1,1,1,non_inclusive,lru,30095552,485612,29609940,3298342,7769792,0.424508,32,1024,0.031250,5470400,175052800,0,0,1262948,0,0,472175570,116560,204986,473760064,473555078,3172743708,2699188630,0.850743,7768768,1004966,4470426,0,98,2293278,0,0,0,0.704703,0.999868,0,0,0.016493,57.549160,6,8,9,17,19,20,124,0,45200218,1.501890,10.008033,2322,3515
baebef5f-6e2b-4aa5-ad92-bd29807326a3,adc154abe3cea812fb9fedff32206f3a879c9e26,cache,cache16_l1_16k,spinalflow,16,vgg16_T4_all,layer_09_features_30,1,16384,8,256,32,262144,16,4096,256,64,4,16,1,16,20,20,12,1,none,0,0,1,10,0,100,1,1,1,1,non_inclusive,lru,22399818,485612,21914206,4579072,7769792,0.589343,3808,3190720,0.001193,3186912,203962368,0,0,0,0,0,50354,350568128,9838,350628320,350618482,350618482,0,0.000000,0,0,0,0,0,0,0,0,0,0.000000,0.999868,0,0,0.016493,41.065707,1,1,1,8,15,16,0,0,25108000,1.120902,4.527251,2322,3515
baebef5f-6e2b-4aa5-ad92-bd29807326a3,adc154abe3cea812fb9fedff32206f3a879c9e26,cache,cache16_l1_16k,spinalflow,16,vgg16_T4_all,layer_09_features_30,1,16384,8,256,32,262144,16,4096,256,64,4,16,1,16,20,20,12,1,next_burst,2,0,1,10,0,100,1,1,1,1,non_inclusive,lru,17732632,485612,17247020,4771910,7769792,0.614162,32,1024,0.031250,3186912,203962368,0,0,2206130,0,0,271399294,116560,2231360,275953344,273721984,434665210,160943226,0.370269,7768768,192838,2996858,0,668090,3910982,0,0,0,0.410525,0.999868,0,0,0.016493,38.583813,1,2,3,12,19,20,28,0,33733392,1.902334,8.099312,2322,3515
baebef5f-6e2b-4aa5-ad92-bd29807326a3,adc154abe3cea812fb9fedff32206f3a879c9e26,cache,cache16_l1_16k,spinalflow,16,vgg16_T4_all,layer_09_features_30,1,16384,8,256,32,262144,16,4096,256,64,4,16,1,16,20,20,12,1,next_burst,4,0,1,10,0,100,1,1,1,1,non_inclusive,lru,17547092,485612,17061480,4908346,7769792,0.631722,32,1024,0.031250,3186912,203962368,0,0,2476922,0,0,270046398,116560,344824,272984704,272639880,686317724,413677844,0.602750,7768768,329274,2860422,0,87908,4491164,0,0,0,0.410525,0.999868,0,0,0.016493,36.827833,2,3,5,18,19,20,53,0,36059454,2.055010,7.898107,2322,3515
baebef5f-6e2b-4aa5-ad92-bd29807326a3,adc154abe3cea812fb9fedff32206f3a879c9e26,cache,cache16_l1_16k,spinalflow,16,vgg16_T4_all,layer_09_features_30,1,16384,8,256,32,262144,16,4096,256,64,4,16,1,16,20,20,12,1,next_burst,8,0,1,10,0,100,1,1,1,1,non_inclusive,lru,17537550,485612,17051938,5094446,7769792,0.655673,32,1024,0.031250,3186912,203962368,0,0,2819154,0,0,269664268,116560,232050,272832032,272599982,1146352026,873752044,0.762202,7768768,515374,2674322,0,610,4578462,0,0,0,0.410525,0.999868,0,0,0.016493,34.432659,3,5,7,18,19,20,92,0,36062102,2.056279,7.971990,2322,3515
8678dabc-696b-4f3d-a3b7-e0b88c058750,adc154abe3cea812fb9fedff32206f3a879c9e26,cache,cache16_l1_16k,spinalflow,16,vgg16_T4_all,layer_09_features_30,2,16384,8,1024,128,262144,16,16384,1024,16,1,16,1,16,20,20,12,1,none,0,0,1,10,0,100,1,1,1,1,non_inclusive,lru,53837282,485420,53351862,0,7766720,0.000000,7392,7766720,0.000952,7759328,124149248,0,0,0,0,0,84774,853535254,10788,853630816,853620028,853620028,0,0.000000,0,0,0,0,0,0,0,0,0,0.000000,0.999868,0,0,0.000000,100.000000,1,1,1,8,15,16,0,0,38826272,0.721178,7.023250,2382,3590
8678dabc-696b-4f3d-a3b7-e0b88c058750,adc154abe3cea812fb9fedff32206f3a879c9e26,cache,cache16_l1_16k,spinalflow,16,vgg16_T4_all,layer_09_features_30,2,16384,8,1024,128,262144,16,16384,1024,16,1,16,1,16,20,20,12,1,next_burst,2,0,1,10,0,100,1,1,1,1,non_inclusive,lru,42682328,485420,42196908,14874,7766720,0.001915,0,1024,0.000000,7759328,124149248,0,0,1130,0,0,674984148,120320,45954,675151552,675105598,2040595340,1365489742,0.669162,7765696,14874,7750822,0,0,0,0,0,0,0.999868,0.999868,0,0,0.000000,99.808491,2,3,3,15,19,20,28,0,54348892,1.273335,10.811738,2382,3590
8678dabc-696b-4f3d-a3b7-e0b88c058750,adc154abe3cea812fb9fedff32206f3a879c9e26,cache,cache16_l1_16k,spinalflow,16,vgg16_T4_all,layer_09_features_30,2,16384,8,1024,128,262144,16,16384,1024,16,1,16,1,16,20,20,12,1,next_burst,4,0,1,10,0,100,1,1,1,1,non_inclusive,lru,42681510,485420,42196090,10570,7766720,0.001361,0,1024,0.000000,7759328,124149248,0,0,2622,0,0,674970198,120320,45324,675138464,675093140,3405643244,2730550104,0.801772,7765696,10570,7755126,0,0,0,0,0,0,0.999868,0.999868,0,0,0.000000,99.863907,4,5,5,15,19,20,60,0,54349780,1.273380,11.078624,2382,3590
8678dabc-696b-4f3d-a3b7-e0b88c058750,adc154abe3cea812fb9fedff32206f3a879c9e26,cache,cache16_l1_16k,spinalflow,16,vgg16_T4_all,layer_09_features_30,2,16384,8,1024,128,262144,16,16384,1024,16,1,16,1,16,20,20,12,1,next_burst,8,0,1,10,0,100,1,1,1,1,non_inclusive,lru,42684000,485420,42198580,17486,7766720,0.002251,0,1024,0.000000,7759328,124149248,0,0,4518,0,0,675010042,120320,43424,675178304,675134880,6135113066,5459978186,0.889956,7765696,17486,7748210,0,0,0,0,0,0,0.999868,0.999868,0,0,0.000000,99.774860,8,9,9,15,19,20,124,0,54349892,1.273308,11.663100,2382,3590
52627f5d-9f84-4521-8d1c-85648c3a890f,adc154abe3cea812fb9fedff32206f3a879c9e26,cache,cache16_l1_16k,spinalflow,16,vgg16_T4_all,layer_09_features_30,2,16384,8,512,64,262144,16,8192,512,32,2,16,1,16,20,20,12,1,none,0,0,1,10,0,100,1,1,1,1,non_inclusive,lru,37956956,485420,37471536,2311168,7766720,0.297573,6016,5455552,0.001103,5449536,174385152,0,0,0,0,0,78228,599456978,10394,599545600,599535206,599535206,0,0.000000,0,0,0,0,0,0,0,0,0,0.000000,0.999868,0,0,0.009332,70.242676,1,1,1,8,15,16,0,0,31894144,0.840271,5.889837,2382,3590
52627f5d-9f84-4521-8d1c-85648c3a890f,adc154abe3cea812fb9fedff32206f3a879c9e26,cache,cache16_l1_16k,spinalflow,16,vgg16_T4_all,layer_09_features_30,2,16384,8,512,64,262144,16,8192,512,32,2,16,1,16,20,20,12,1,next_burst,2,0,1,10,0,100,1,1,1,1,non_inclusive,lru,30010956,485420,29525536,2668684,7766720,0.343605,32,1024,0.031250,5449536,174385152,0,0,390148,0,0,471201432,116560,701460,472409600,471708140,1128176890,656468750,0.581885,7765696,357516,5097012,0,98354,2212814,0,0,0,0.702295,0.999868,0,0,0.009332,65.639498,2,3,3,17,19,20,28,0,45101538,1.502836,9.755364,2382,3590
52627f5d-9f84-4521-8d1c-85648c3a890f,adc154abe3cea812fb9fedff32206f3a879c9e26,cache,cache16_l1_16k,spinalflow,16,vgg16_T4_all,layer_09_features_30,2,16384,8,512,64,262144,16,8192,512,32,2,16,1,16,20,20,12,1,next_burst,4,0,1,10,0,100,1,1,1,1,non_inclusive,lru,29982012,485420,29496592,2989508,7766720,0.384913,32,1024,0.031250,5449536,174385152,0,0,810842,0,0,470750464,116560,268630,471946496,471677866,1794721260,1323043394,0.737186,7765696,678340,4776188,0,2260,2308908,0,0,0,0.702295,0.999868,0,0,0.009332,61.508745,3,4,5,17,19,20,60,0,45107148,1.504474,9.914051,2382,3590
52627f5d-9f84-4521-8d1c-85648c3a890f,adc154abe3cea812fb9fedff32206f3a879c9e26,cache,cache16_l1_16k,spinalflow,16,vgg16_T4_all,layer_09_features_30,2,16384,8,512,64,262144,16,8192,512,32,2,16,1,16,20,20,12,1,next_burst,8,0,1,10,0,100,1,1,1,1,non_inclusive,lru,29980582,485420,29495162,3322340,7766720,0.427766,32,1024,0.031250,5449536,174385152,0,0,1280494,0,0,470286540,116560,240022,471923616,471683594,3153163358,2681479764,0.850409,7765696,1011172,4443356,0,120,2311048,0,0,0,0.702295,0.999868,0,0,0.009332,57.223384,6,7,9,17,19,20,124,0,45107548,1.504559,9.994600,2382,3590
0a0e3b4a-05c3-48ab-9770-78803e6cb45d,adc154abe3cea812fb9fedff32206f3a879c9e26,cache,cache16_l1_16k,spinalflow,16,vgg16_T4_all,layer_09_features_30,2,16384,8,256,32,262144,16,4096,256,64,4,16,1,16,20,20,12,1,none,0,0,1,10,0,100,1,1,1,1,non_inclusive,lru,22336668,485420,21851248,4585152,7766720,0.590359,3808,3181568,0.001197,3177760,203376640,0,0,0,0,0,50048,349561258,9686,349620992,349611306,349611306,0,0.000000,0,0,0,0,0,0,0,0,0,0.000000,0.999868,0,0,0.009332,40.964114,1,1,1,8,15,16,0,0,25074400,1.122567,4.505382,2382,3590
0a0e3b4a-05c3-48ab-9770-78803e6cb45d,adc154abe3cea812fb9fedff32206f3a879c9e26,cache,cache16_l1_16k,spinalflow,16,vgg16_T4_all,layer_09_features_30,2,16384,8,256,32,262144,16,4096,256,64,4,16,1,16,20,20,12,1,next_burst,2,0,1,10,0,100,1,1,1,1,non_inclusive,lru,17689228,485420,17203808,4776240,7766720,0.614962,32,1024,0.031250,3177760,203376640,0,0,2205716,0,0,270606550,116560,2333126,275261952,272928826,433062138,160133312,0.369770,7765696,191088,2989456,0,664970,3920182,0,0,0,0.409509,0.999868,0,0,0.009332,38.503770,1,2,3,12,19,20,28,0,33658550,1.902771,8.083549,2382,3590
0a0e3b4a-05c3-48ab-9770-78803e6cb45d,adc154abe3cea812fb9fedff32206f3a879c9e26,cache,cache16_l1_16k,spinalflow,16,vgg16_T4_all,layer_09_features_30,2,16384,8,256,32,262144,16,4096,256,64,4,16,1,16,20,20,12,1,next_burst,4,0,1,10,0,100,1,1,1,1,non_inclusive,lru,17496858,485420,17011438,4911172,7766720,0.632335,32,1024,0.031250,3177760,203376640,0,0,2472696,0,0,269259566,116560,335210,272184032,271848822,678337454,406488632,0.599243,7765696,326020,2854524,0,82054,4503098,0,0,0,0.409509,0.999868,0,0,0.009332,36.766460,2,3,5,18,19,20,52,0,36013326,2.058274,7.915020,2382,3590
0a0e3b4a-05c3-48ab-9770-78803e6cb45d,adc154abe3cea812fb9fedff32206f3a879c9e26,cache,cache16_l1_16k,spinalflow,16,vgg16_T4_all,layer_09_features_30,2,16384,8,256,32,262144,16,4096,256,64,4,16,1,16,20,20,12,1,next_burst,8,0,1,10,0,100,1,1,1,1,non_inclusive,lru,17487382,485420,17001962,5125732,7766720,0.659961,32,1024,0.031250,3177760,203376640,0,0,2869158,0,0,268843344,116560,203354,272032416,271829062,1142953278,871124216,0.762170,7765696,540580,2639964,0,570,4584582,0,0,0,0.409509,0.999868,0,0,0.009332,34.003904,3,5,7,18,19,20,92,0,36016298,2.059559,7.921697,2382,3590
0b164821-ef9c-424f-8cbc-13499c757a57,adc154abe3cea812fb9fedff32206f3a879c9e26,cache,cache16_l1_16k,spinalflow,16,vgg16_T4_all,layer_09_features_30,3,16384,8,1024,128,262144,16,16384,1024,16,1,16,1,16,20,20,12,1,none,0,0,1,10,0,100,1,1,1,1,non_inclusive,lru,53530886,482684,53048202,0,7722944,0.000000,7840,7722944,0.001015,7715104,123441664,0,0,0,0,0,89992,848670954,11310,848772256,848760946,848760946,0,0.000000,0,0,0,0,0,0,0,0,0,0.000000,0.999867,0,0,0.000000,100.000000,1,1,1,8,15,16,0,0,38606944,0.721209,6.995446,2408,3642
0b164821-ef9c-424f-8cbc-13499c757a57,adc154abe3cea812fb9fedff32206f3a879c9e26,cache,cache16_l1_16k,spinalflow,16,vgg16_T4_all,layer_09_features_30,3,16384,8,1024,128,262144,16,16384,1024,16,1,16,1,16,20,20,12,1,next_burst,2,0,1,10,0,100,1,1,1,1,non_inclusive,lru,42439658,482684,41956974,43208,7722944,0.005595,0,1024,0.000000,7715104,123441664,0,0,6836,0,0,671142582,120320,42870,671312608,671269738,2028979400,1357709662,0.669159,7721920,43208,7678712,0,0,0,0,0,0,0.999867,0.999867,0,0,0.000000,99.440524,2,3,3,15,19,20,28,0,54041394,1.273370,10.916624,2408,3642
0b164821-ef9c-424f-8cbc-13499c757a57,adc154abe3cea812fb9fedff32206f3a879c9e26,cache,cache16_l1_16k,spinalflow,16,vgg16_T4_all,layer_09_features_30,3,16384,8,1024,128,262144,16,16384,1024,16,1,16,1,16,20,20,12,1,next_burst,4,0,1,10,0,100,1,1,1,1,non_inclusive,lru,42438732,482684,41956048,22786,7722944,0.002950,0,1024,0.000000,7715104,123441664,0,0,3538,0,0,671124270,120320,49664,671297792,671248128,3386260832,2715012704,0.801773,7721920,22786,7699134,0,0,0,0,0,0,0.999867,0.999867,0,0,0.000000,99.704957,4,5,5,15,19,20,60,0,54042076,1.273414,11.005002,2408,3642
0b164821-ef9c-424f-8cbc-13499c757a57,adc154abe3cea812fb9fedff32206f3a879c9e26,cache,cache16_l1_16k,spinalflow,16,vgg16_T4_all,layer_09_features_30,3,16384,8,1024,128,262144,16,16384,1024,16,1,16,1,16,20,20,12,1,next_burst,8,0,1,10,0,100,1,1,1,1,non_inclusive,lru,42440644,482684,41957960,26162,7722944,0.003388,0,1024,0.000000,7715104,123441664,0,0,5126,0,0,671156010,120320,46928,671328384,671281456,6100110358,5428828902,0.889956,7721920,26162,7695758,0,0,0,0,0,0,0.999867,0.999867,0,0,0.000000,99.661243,8,9,9,15,19,20,124,0,54042488,1.273366,11.609155,2408,3642
692b4c8a-c15a-4083-9532-77d58df4fb41,adc154abe3cea812fb9fedff32206f3a879c9e26,cache,cache16_l1_16k,spinalflow,16,vgg16_T4_all,layer_09_features_30,3,16384,8,512,64,262144,16,8192,512,32,2,16,1,16,20,20,12,1,none,0,0,1,10,0,100,1,1,1,1,non_inclusive,lru,38042356,482684,37559672,2254592,7722944,0.291934,5984,5468352,0.001094,5462368,174795776,0,0,0,0,0,76836,600868638,10302,600955776,600945474,600945474,0,0.000000,0,0,0,0,0,0,0,0,0,0.000000,0.999867,0,0,0.008681,70.806573,1,1,1,8,15,16,0,0,31845024,0.837094,5.845542,2408,3642
692b4c8a-c15a-4083-9532-77d58df4fb41,adc154abe3cea812fb9fedff32206f3a879c9e26,cache,cache16_l1_16k,spinalflow,16,vgg16_T4_all,layer_09_features_30,3,16384,8,512,64,262144,16,8192,512,32,2,16,1,16,20,20,12,1,next_burst,2,0,1,10,0,100,1,1,1,1,non_inclusive,lru,30077126,482684,29594442,2596314,7722944,0.336182,32,1024,0.031250,5462368,174795776,0,0,355274,0,0,472359800,116560,680462,473512096,472831634,1134559030,661727396,0.583246,7721920,341722,5125606,0,82070,2172522,0,0,0,0.707933,0.999867,0,0,0.008681,66.381810,2,3,3,17,19,20,28,0,45021858,1.496880,9.830662,2408,3642
692b4c8a-c15a-4083-9532-77d58df4fb41,adc154abe3cea812fb9fedff32206f3a879c9e26,cache,cache16_l1_16k,spinalflow,16,vgg16_T4_all,layer_09_features_30,3,16384,8,512,64,262144,16,8192,512,32,2,16,1,16,20,20,12,1,next_burst,4,0,1,10,0,100,1,1,1,1,non_inclusive,lru,30054026,482684,29571342,2946644,7722944,0.381544,32,1024,0.031250,5462368,174795776,0,0,810240,0,0,471965396,116560,250300,473142496,472892196,1816569280,1343677084,0.739678,7721920,692052,4775276,0,2196,2252396,0,0,0,0.707933,0.999867,0,0,0.008681,61.845586,3,4,5,17,19,20,60,0,45027060,1.498204,9.845089,2408,3642
692b4c8a-c15a-4083-9532-77d58df4fb41,adc154abe3cea812fb9fedff32206f3a879c9e26,cache,cache16_l1_16k,spinalflow,16,vgg16_T4_all,layer_09_features_30,3,16384,8,512,64,262144,16,8192,512,32,2,16,1,16,20,20,12,1,next_burst,8,0,1,10,0,100,1,1,1,1,non_inclusive,lru,30050754,482684,29568070,3273708,7722944,0.423894,32,1024,0.031250,5462368,174795776,0,0,1260210,0,0,471457338,116560,256036,473090144,472834108,3180626756,2707792648,0.851339,7721920,1019116,4448212,0,134,2254458,0,0,0,0.707933,0.999867,0,0,0.008681,57.610621,6,7,9,17,19,20,124,0,45027606,1.498385,10.064468,2408,3642
6d6cdaaf-1005-435a-93fd-07053ed5662f,adc154abe3cea812fb9fedff32206f3a879c9e26,cache,cache16_l1_16k,spinalflow,16,vgg16_T4_all,layer_09_features_30,3,16384,8,256,32,262144,16,4096,256,64,4,16,1,16,20,20,12,1,none,0,0,1,10,0,100,1,1,1,1,non_inclusive,lru,22487938,482684,22005254,4518848,7722944,0.585120,3968,3204096,0.001238,3200128,204808192,0,0,0,0,0,53460,352021680,9948,352085088,352075140,352075140,0,0.000000,0,0,0,0,0,0,0,0,0,0.000000,0.999867,0,0,0.008681,41.488013,1,1,1,8,15,16,0,0,25054272,1.114120,4.613988,2408,3642
6d6cdaaf-1005-435a-93fd-07053ed5662f,adc154abe3cea812fb9fedff32206f3a879c9e26,cache,cache16_l1_16k,spinalflow,16,vgg16_T4_all,layer_09_features_30,3,16384,8,256,32,262144,16,4096,256,64,4,16,1,16,20,20,12,1,next_burst,2,0,1,10,0,100,1,1,1,1,non_inclusive,lru,17793680,482684,17310996,4716240,7722944,0.610679,32,1024,0.031250,3200128,204808192,0,0,2125594,0,0,272303030,116560,2431776,276976960,274545184,439910712,165365528,0.375907,7721920,197392,3005680,0,615512,3903336,0,0,0,0.414748,0.999867,0,0,0.008681,38.932096,1,2,3,12,19,20,28,0,33634806,1.890267,8.159987,2408,3642
6d6cdaaf-1005-435a-93fd-07053ed5662f,adc154abe3cea812fb9fedff32206f3a879c9e26,cache,cache16_l1_16k,spinalflow,16,vgg16_T4_all,layer_09_features_30,3,16384,8,256,32,262144,16,4096,256,64,4,16,1,16,20,20,12,1,next_burst,4,0,1,10,0,100,1,1,1,1,non_inclusive,lru,17616772,482684,17134088,4855942,7722944,0.628768,32,1024,0.031250,3200128,204808192,0,0,2398792,0,0,271317286,116560,313794,274146432,273832638,690788760,416956122,0.603594,7721920,337094,2865978,0,79304,4439544,0,0,0,0.414748,0.999867,0,0,0.008681,37.123175,2,3,5,18,19,20,52,0,35972074,2.041922,8.124087,2408,3642
6d6cdaaf-1005-435a-93fd-07053ed5662f,adc154abe3cea812fb9fedff32206f3a879c9e26,cache,cache16_l1_16k,spinalflow,16,vgg16_T4_all,layer_09_features_30,3,16384,8,256,32,262144,16,4096,256,64,4,16,1,16,20,20,12,1,next_burst,8,0,1,10,0,100,1,1,1,1,non_inclusive,lru,17611200,482684,17128516,5059068,7722944,0.655070,32,1024,0.031250,3200128,204808192,0,0,2774154,0,0,270991966,116560,174600,274057280,273882680,1162735382,888852702,0.764450,7721920,540220,2662852,0,350,4518498,0,0,0,0.414748,0.999867,0,0,0.008681,34.493012,3,5,8,17,19,20,92,0,35974924,2.042730,8.079137,2408,3642
3a0a9622-c9d2-420c-8537-6b1a67699d7c,adc154abe3cea812fb9fedff32206f3a879c9e26,cache,cache16_l1_16k,spinalflow,16,vgg16_T4_all,layer_09_features_30,4,16384,8,1024,128,262144,16,16384,1024,16,1,16,1,16,20,20,12,1,none,0,0,1,10,0,100,1,1,1,1,non_inclusive,lru,55991774,504800,55486974,0,8076800,0.000000,6816,8076800,0.000844,8069984,129119744,0,0,0,0,0,75528,887706694,10386,887792608,887782222,887782222,0,0.000000,0,0,0,0,0,0,0,0,0,0.000000,0.999873,0,0,0.000000,100.000000,1,1,1,8,15,16,0,0,40377248,0.721128,7.392299,2413,3694
3a0a9622-c9d2-420c-8537-6b1a67699d7c,adc154abe3cea812fb9fedff32206f3a879c9e26,cache,cache16_l1_16k,spinalflow,16,vgg16_T4_all,layer_09_features_30,4,16384,8,1024,128,262144,16,16384,1024,16,1,16,1,16,20,20,12,1,next_burst,2,0,1,10,0,100,1,1,1,1,non_inclusive,lru,44390988,504800,43886188,8240,8076800,0.001020,32,1024,0.031250,8069984,129119744,0,0,1416,0,0,702023534,116560,38522,702180032,702141510,2122309220,1420167710,0.669162,8075776,8240,8067536,0,0,0,0,0,0,0.999873,0.999873,0,0,0.000000,99.897979,2,3,3,15,19,20,28,0,56520524,1.273243,11.267399,2413,3694
3a0a9622-c9d2-420c-8537-6b1a67699d7c,adc154abe3cea812fb9fedff32206f3a879c9e26,cache,cache16_l1_16k,spinalflow,16,vgg16_T4_all,layer_09_features_30,4,16384,8,1024,128,262144,16,16384,1024,16,1,16,1,16,20,20,12,1,next_burst,4,0,1,10,0,100,1,1,1,1,non_inclusive,lru,44389798,504800,43884998,5226,8076800,0.000647,32,1024,0.031250,8069984,129119744,0,0,2864,0,0,702000804,116560,40764,702160992,702120228,3542012480,2839892252,0.801774,8075776,5226,8070550,0,0,0,0,0,0,0.999873,0.999873,0,0,0.000000,99.935296,4,5,5,15,19,20,60,0,56521414,1.273297,11.502781,2413,3694
3a0a9622-c9d2-420c-8537-6b1a67699d7c,adc154abe3cea812fb9fedff32206f3a879c9e26,cache,cache16_l1_16k,spinalflow,16,vgg16_T4_all,layer_09_features_30,4,16384,8,1024,128,262144,16,16384,1024,16,1,16,1,16,20,20,12,1,next_burst,8,0,1,10,0,100,1,1,1,1,non_inclusive,lru,44392238,504800,43887438,6506,8076800,0.000806,32,1024,0.031250,8069984,129119744,0,0,4254,0,0,702041738,116560,37480,702200032,702162552,6380824432,5678661880,0.889957,8075776,6506,8069270,0,0,0,0,0,0,0.999873,0.999873,0,0,0.000000,99.919448,8,9,9,15,19,20,124,0,56521624,1.273232,12.102367,2413,3694
87e22053-101f-456d-8a0a-77c61b1af982,adc154abe3cea812fb9fedff32206f3a879c9e26,cache,cache16_l1_16k,spinalflow,16,vgg16_T4_all,layer_09_features_30,4,16384,8,512,64,262144,16,8192,512,32,2,16,1,16,20,20,12,1,none,0,0,1,10,0,100,1,1,1,1,non_inclusive,lru,39168420,504800,38663620,2447872,8076800,0.303074,5952,5628928,0.001057,5622976,179935232,0,0,0,0,0,72732,618535584,10628,618618944,618608316,618608316,0,0.000000,0,0,0,0,0,0,0,0,0,0.000000,0.999873,0,0,0.015625,69.692552,1,1,1,8,15,16,0,0,33034496,0.843396,6.076159,2413,3694
87e22053-101f-456d-8a0a-77c61b1af982,adc154abe3cea812fb9fedff32206f3a879c9e26,cache,cache16_l1_16k,spinalflow,16,vgg16_T4_all,layer_09_features_30,4,16384,8,512,64,262144,16,8192,512,32,2,16,1,16,20,20,12,1,next_burst,2,0,1,10,0,100,1,1,1,1,non_inclusive,lru,30963784,504800,30458984,2833040,8076800,0.350763,32,1024,0.031250,5622976,179935232,0,0,434328,0,0,486065758,116560,728122,487344768,486616646,1153740070,667123424,0.578227,8075776,385168,5242736,0,114026,2333846,0,0,0,0.696799,0.999873,0,0,0.015625,64.923732,2,3,3,17,19,20,28,0,46724942,1.509019,10.158081,2413,3694
87e22053-101f-456d-8a0a-77c61b1af982,adc154abe3cea812fb9fedff32206f3a879c9e26,cache,cache16_l1_16k,spinalflow,16,vgg16_T4_all,layer_09_features_30,4,16384,8,512,64,262144,16,8192,512,32,2,16,1,16,20,20,12,1,next_burst,4,0,1,10,0,100,1,1,1,1,non_inclusive,lru,30935854,504800,30431054,3158008,8076800,0.390997,32,1024,0.031250,5622976,179935232,0,0,858174,0,0,485642092,116560,281062,486897888,486616826,1839352248,1352735422,0.735441,8075776,710136,4917768,0,2578,2445294,0,0,0,0.696799,0.999873,0,0,0.015625,60.900258,3,4,5,17,19,20,60,0,46730614,1.510565,10.339118,2413,3694
87e22053-101f-456d-8a0a-77c61b1af982,adc154abe3cea812fb9fedff32206f3a879c9e26,cache,cache16_l1_16k,spinalflow,16,vgg16_T4_all,layer_09_features_30,4,16384,8,512,64,262144,16,8192,512,32,2,16,1,16,20,20,12,1,next_burst,8,0,1,10,0,100,1,1,1,1,non_inclusive,lru,30933656,504800,30428856,3464582,8076800,0.428955,32,1024,0.031250,5622976,179935232,0,0,1294226,0,0,485238944,116560,212990,486862720,486649730,3221352840,2734703110,0.848930,8075776,1016710,4611194,0,104,2447768,0,0,0,0.696799,0.999873,0,0,0.015625,57.104522,6,7,9,17,19,20,124,0,46731482,1.510700,10.365903,2413,3694
5e9d6963-4aab-4b3a-92f4-a3c2beac0a0a,adc154abe3cea812fb9fedff32206f3a879c9e26,cache,cache16_l1_16k,spinalflow,16,vgg16_T4_all,layer_09_features_30,4,16384,8,256,32,262144,16,4096,256,64,4,16,1,16,20,20,12,1,none,0,0,1,10,0,100,1,1,1,1,non_inclusive,lru,22552294,504800,22047494,4866688,8076800,0.602552,3808,3210112,0.001186,3206304,205203456,0,0,0,0,0,49790,352701234,9904,352760928,352751024,352751024,0,0.000000,0,0,0,0,0,0,0,0,0,0.000000,0.999873,0,0,0.015625,39.744849,1,1,1,8,15,16,0,0,25780192,1.143129,4.639971,2413,3694
5e9d6963-4aab-4b3a-92f4-a3c2beac0a0a,adc154abe3cea812fb9fedff32206f3a879c9e26,cache,cache16_l1_16k,spinalflow,16,vgg16_T4_all,layer_09_features_30,4,16384,8,256,32,262144,16,4096,256,64,4,16,1,16,20,20,12,1,next_burst,2,0,1,10,0,100,1,1,1,1,non_inclusive,lru,17898256,504800,17393456,5049254,8076800,0.625155,32,1024,0.031250,3206304,205203456,0,0,2399780,0,0,273483358,116560,2296622,278296320,275999698,424738368,148738670,0.350189,8075776,182566,3026522,0,751718,4114970,0,0,0,0.397322,0.999873,0,0,0.015625,37.484474,1,2,3,13,19,20,28,0,34578200,1.931931,8.300408,2413,3694
5e9d6963-4aab-4b3a-92f4-a3c2beac0a0a,adc154abe3cea812fb9fedff32206f3a879c9e26,cache,cache16_l1_16k,spinalflow,16,vgg16_T4_all,layer_09_features_30,4,16384,8,256,32,262144,16,4096,256,64,4,16,1,16,20,20,12,1,next_burst,4,0,1,10,0,100,1,1,1,1,non_inclusive,lru,17653278,504800,17148478,5207626,8076800,0.644764,32,1024,0.031250,3206304,205203456,0,0,2706952,0,0,271202342,116560,350818,274376672,274025854,669991702,395965848,0.591001,8075776,340938,2868150,0,99498,4767190,0,0,0,0.397322,0.999873,0,0,0.015625,35.523648,2,3,5,18,19,20,54,0,37057832,2.099204,8.136569,2413,3694
5e9d6963-4aab-4b3a-92f4-a3c2beac0a0a,adc154abe3cea812fb9fedff32206f3a879c9e26,cache,cache16_l1_16k,spinalflow,16,vgg16_T4_all,layer_09_features_30,4,16384,8,256,32,262144,16,4096,256,64,4,16,1,16,20,20,12,1,next_burst,8,0,1,10,0,100,1,1,1,1,non_inclusive,lru,17644878,504800,17140078,5406868,8076800,0.669432,32,1024,0.031250,3206304,205203456,0,0,3078372,0,0,270835132,116560,212208,274242272,274030064,1120402554,846372490,0.755418,8075776,540180,2668908,0,572,4866116,0,0,0,0.397322,0.999873,0,0,0.015625,33.056805,3,5,7,18,19,20,90,0,37060646,2.100363,8.246536,2413,3694
