run_id,git_commit,arm,tier,arch,n_cores,workload,layer,sample_idx,l1_size_bytes,l1_assoc,l1_num_lines,l1_num_sets,l2_size_bytes,l2_assoc,l2_num_lines,l2_num_sets,line_size_bytes,cin_block,cout_block,weight_bytes,l1_mshrs,l1_tgts_per_mshr,l2_mshrs,l2_tgts_per_mshr,l1_demand_reserve,prefetch_policy,prefetch_distance,l1_latency,l1_ii,l2_latency,l2_to_l1_latency,l2_miss_latency,l2_banks,l2_ii,dram_ii,core_accept_ii,inclusion,policy,total_cycles,tick_base_total,stretch_cycles,l1_hits,l1_accesses,l1_hit_rate,l2_hits,l2_accesses,l2_hit_rate,dram_accesses,dram_bytes,stall_l1_slot,stall_l1_line,stall_l1_port,stall_l2_slot,stall_l2_line,stall_l2_port,stall_channel,stall_barrier,stall_total,core_stall_sum,fetch_latency_sum,hidden_latency,hidden_fraction,pf_issued,pf_timely,pf_late,pf_wasted,pf_dropped_array_hit,pf_dropped_matching,pf_dropped_no_slot,pf_dropped_targets_full,pf_dropped_reserve,pf_coverage,pf_coverage_ceiling,pf_budget_exhausted,pf_pollution_evictions,padding_fraction,port_bound_threshold,l1_mshr_occ_p50,l1_mshr_occ_p95,l1_mshr_occ_max,l2_mshr_occ_p50,l2_mshr_occ_p95,l2_mshr_occ_max,max_wait_depth,hits_downgraded_to_miss,events,events_per_cycle,sim_wall_seconds,distinct_addr_per_core_tile_p50,distinct_addr_per_core_tile_max
30fd2224-7ff0-4eb9-9284-f55b1cc4f396,adc154abe3cea812fb9fedff32206f3a879c9e26,cache,cache16_lat,loas,16,resnet19_T4_all,layer_01_layer1_0_conv1,0,16384,8,1024,128,262144,16,16384,1024,16,1,16,1,16,20,20,12,1,none,0,0,1,5,0,50,1,1,1,1,non_inclusive,lru,2597061,205924,2391137,724096,3294784,0.219770,2563344,2570688,0.997143,3672,58752,0,0,0,0,0,37414267,432137,444556,38290960,37846404,37846404,0,0.000000,0,0,0,0,0,0,0,0,0,0.000000,0.990055,0,0,0.000000,39.011480,1,1,1,4,8,8,0,0,11736664,4.519210,1.709182,101,174
30fd2224-7ff0-4eb9-9284-f55b1cc4f396,adc154abe3cea812fb9fedff32206f3a879c9e26,cache,cache16_lat,loas,16,resnet19_T4_all,layer_01_layer1_0_conv1,0,16384,8,1024,128,262144,16,16384,1024,16,1,16,1,16,20,20,12,1,next_burst,2,0,1,5,0,50,1,1,1,1,non_inclusive,lru,2587214,205924,2381290,889854,3294784,0.270080,25968,26048,0.996929,3672,58752,0,0,333703,0,0,37248691,4960,546054,38133408,37587354,103294906,65707552,0.636116,3262016,165760,2378882,0,717374,0,0,0,0,0.772324,0.990055,0,0,0.000000,36.496019,2,3,3,5,13,20,10,0,15000124,5.797790,2.720311,101,174
30fd2224-7ff0-4eb9-9284-f55b1cc4f396,adc154abe3cea812fb9fedff32206f3a879c9e26,cache,cache16_lat,loas,16,resnet19_T4_all,layer_01_layer1_0_conv1,0,16384,8,1024,128,262144,16,16384,1024,16,1,16,1,16,20,20,12,1,next_burst,4,0,1,5,0,50,1,1,1,1,non_inclusive,lru,2585433,205924,2379509,923356,3294784,0.280248,36821,36901,0.997832,3672,58752,0,0,346521,0,0,37120323,4960,633108,38104912,37471804,165516212,128044408,0.773606,3262016,199296,2334527,0,728193,0,0,0,0,0.769041,0.990055,0,0,0.000000,35.987610,4,5,5,5,14,20,46,0,15000266,5.801839,2.808144,101,174
30fd2224-7ff0-4eb9-9284-f55b1cc4f396,adc154abe3cea812fb9fedff32206f3a879c9e26,cache,cache16_lat,loas,16,resnet19_T4_all,layer_01_layer1_0_conv1,0,16384,8,1024,128,262144,16,16384,1024,16,1,16,1,16,20,20,12,1,next_burst,8,0,1,5,0,50,1,1,1,1,non_inclusive,lru,2586924,205924,2381000,1067456,3294784,0.323984,79215,79295,0.998991,3672,58752,0,0,507200,0,0,36879124,4960,737484,38128768,37391284,282989317,245598033,0.867870,3262016,344276,2148033,0,769707,0,0,0,0,0.756441,0.990055,0,0,0.000000,33.800820,6,9,9,5,15,20,112,0,15002046,5.799183,2.931430,101,174
62b60aab-ae70-488b-b20d-a832da22db20,adc154abe3cea812fb9fedff32206f3a879c9e26,cache,cache16_lat,loas,16,resnet19_T4_all,layer_01_layer1_0_conv1,0,16384,8,512,64,262144,16,8192,512,32,2,16,1,16,20,20,12,1,none,0,0,1,5,0,50,1,1,1,1,non_inclusive,lru,2800921,205924,2594997,513840,3294784,0.155956,2776624,2780944,0.998447,2160,69120,0,0,0,0,0,40887106,252842,412772,41552720,41139948,41139948,0,0.000000,0,0,0,0,0,0,0,0,0,0.000000,0.990055,0,0,0.150000,42.202220,1,1,1,5,8,8,0,0,12155664,4.339881,1.756012,101,174
62b60aab-ae70-488b-b20d-a832da22db20,adc154abe3cea812fb9fedff32206f3a879c9e26,cache,cache16_lat,loas,16,resnet19_T4_all,layer_01_layer1_0_conv1,0,16384,8,512,64,262144,16,8192,512,32,2,16,1,16,20,20,12,1,next_burst,2,0,1,5,0,50,1,1,1,1,non_inclusive,lru,2794646,205924,2588722,657032,3294784,0.199416,31759,31823,0.997989,2160,69120,0,0,185581,0,0,40775323,3968,487448,41452320,40964872,115843701,74878829,0.646378,3262016,143192,2605929,0,261754,251141,0,0,0,0.834386,0.990055,0,0,0.150000,40.029210,2,3,3,6,15,20,10,0,15418978,5.517328,2.717672,101,174
62b60aab-ae70-488b-b20d-a832da22db20,adc154abe3cea812fb9fedff32206f3a879c9e26,cache,cache16_lat,loas,16,resnet19_T4_all,layer_01_layer1_0_conv1,0,16384,8,512,64,262144,16,8192,512,32,2,16,1,16,20,20,12,1,next_burst,4,0,1,5,0,50,1,1,1,1,non_inclusive,lru,2793988,205924,2588064,676590,3294784,0.205352,39030,39094,0.998363,2160,69120,0,0,167411,0,0,40694846,3968,575567,41441792,40866225,187768503,146902278,0.782358,3262016,162750,2579100,0,269127,251039,0,0,0,0.832179,0.990055,0,0,0.150000,39.732407,4,5,5,6,15,20,46,0,15419162,5.518693,2.811190,101,174
62b60aab-ae70-488b-b20d-a832da22db20,adc154abe3cea812fb9fedff32206f3a879c9e26,cache,cache16_lat,loas,16,resnet19_T4_all,layer_01_layer1_0_conv1,0,16384,8,512,64,262144,16,8192,512,32,2,16,1,16,20,20,12,1,next_burst,8,0,1,5,0,50,1,1,1,1,non_inclusive,lru,2795218,205924,2589294,780104,3294784,0.236769,65926,65990,0.999030,2160,69120,0,0,271238,0,0,40512885,3968,673381,41461472,40788091,325709808,284921717,0.874772,3262016,266746,2448690,0,299242,247338,0,0,0,0.824162,0.990055,0,0,0.150000,38.161530,7,9,9,6,17,20,112,0,15420105,5.516602,2.968585,101,174
92279d22-e219-44bd-bc30-aad72fc39a24,adc154abe3cea812fb9fedff32206f3a879c9e26,cache,cache16_lat,loas,16,resnet19_T4_all,layer_01_layer1_0_conv1,0,16384,8,256,32,262144,16,4096,256,64,4,16,1,16,20,20,12,1,none,0,0,1,5,0,50,1,1,1,1,non_inclusive,lru,2468659,205924,2262735,843168,3294784,0.255910,2449312,2451616,0.999060,1152,73728,0,0,0,0,0,35633421,133607,469500,36236528,35767028,35767028,0,0.000000,0,0,0,0,0,0,0,0,0,0.000000,0.990055,0,0,0.203125,37.204503,1,1,1,5,8,8,0,0,11496000,4.656779,1.672474,101,174
92279d22-e219-44bd-bc30-aad72fc39a24,adc154abe3cea812fb9fedff32206f3a879c9e26,cache,cache16_lat,loas,16,resnet19_T4_all,layer_01_layer1_0_conv1,0,16384,8,256,32,262144,16,4096,256,64,4,16,1,16,20,20,12,1,next_burst,2,0,1,5,0,50,1,1,1,1,non_inclusive,lru,2464684,205924,2258760,1073871,3294784,0.325931,32810,32874,0.998053,1152,73728,0,0,339696,0,0,35358461,3968,470803,36172928,35702125,93482966,57780841,0.618090,3262016,230703,2188039,0,60616,782658,0,0,0,0.734112,0.990055,0,0,0.203125,33.703469,2,3,3,10,18,20,8,0,14758260,5.987891,2.649007,101,174
92279d22-e219-44bd-bc30-aad72fc39a24,adc154abe3cea812fb9fedff32206f3a879c9e26,cache,cache16_lat,loas,16,resnet19_T4_all,layer_01_layer1_0_conv1,0,16384,8,256,32,262144,16,4096,256,64,4,16,1,16,20,20,12,1,next_burst,4,0,1,5,0,50,1,1,1,1,non_inclusive,lru,2464477,205924,2258553,1021773,3294784,0.310118,34646,34710,0.998156,1152,73728,0,0,244401,0,0,35360563,3968,560684,36169616,35608932,149335549,113726617,0.761551,3262016,178605,2238301,0,31060,814050,0,0,0,0.733555,0.990055,0,0,0.203125,34.494082,3,5,5,8,17,20,39,0,14759034,5.988708,2.717305,101,174
92279d22-e219-44bd-bc30-aad72fc39a24,adc154abe3cea812fb9fedff32206f3a879c9e26,cache,cache16_lat,loas,16,resnet19_T4_all,layer_01_layer1_0_conv1,0,16384,8,256,32,262144,16,4096,256,64,4,16,1,16,20,20,12,1,next_burst,8,0,1,5,0,50,1,1,1,1,non_inclusive,lru,2464596,205924,2258672,991326,3294784,0.300877,40567,40631,0.998425,1152,73728,0,0,207700,0,0,35419239,3968,540613,36171520,35630907,257940291,222309384,0.861864,3262016,148158,2262827,0,39507,811524,0,0,0,0.731758,0.990055,0,0,0.203125,34.956131,6,8,9,8,17,20,90,0,14759016,5.988412,2.772497,101,174
aaedc01a-a913-4d4d-871d-c6d184a1cfe8,adc154abe3cea812fb9fedff32206f3a879c9e26,cache,cache16_lat,loas,16,resnet19_T4_all,layer_01_layer1_0_conv1,1,16384,8,1024,128,262144,16,16384,1024,16,1,16,1,16,20,20,12,1,none,0,0,1,5,0,50,1,1,1,1,non_inclusive,lru,3154919,233160,2921759,605072,3730560,0.162193,3116272,3125488,0.997051,4608,73728,0,0,0,0,0,45799687,542109,439116,46780912,46341796,46341796,0,0.000000,0,0,0,0,0,0,0,0,0,0.000000,0.991216,0,0,0.000000,41.890333,1,1,1,5,8,8,0,0,13718752,4.348369,1.977484,114,205
aaedc01a-a913-4d4d-871d-c6d184a1cfe8,adc154abe3cea812fb9fedff32206f3a879c9e26,cache,cache16_lat,loas,16,resnet19_T4_all,layer_01_layer1_0_conv1,1,16384,8,1024,128,262144,16,16384,1024,16,1,16,1,16,20,20,12,1,next_burst,2,0,1,5,0,50,1,1,1,1,non_inclusive,lru,3142570,233160,2909410,754721,3730560,0.202308,29049,29289,0.991806,4608,73728,0,0,275113,0,0,45759170,14880,534165,46583328,46049163,131738213,85689050,0.650449,3697792,149649,2946550,0,601593,0,0,0,0,0.829956,0.991216,0,0,0.000000,39.884615,2,3,3,5,13,20,10,0,17418356,5.542711,3.071756,114,205
aaedc01a-a913-4d4d-871d-c6d184a1cfe8,adc154abe3cea812fb9fedff32206f3a879c9e26,cache,cache16_lat,loas,16,resnet19_T4_all,layer_01_layer1_0_conv1,1,16384,8,1024,128,262144,16,16384,1024,16,1,16,1,16,20,20,12,1,next_burst,4,0,1,5,0,50,1,1,1,1,non_inclusive,lru,3140301,233160,2907141,776003,3730560,0.208012,38466,38706,0.993799,4608,73728,0,0,269648,0,0,45648836,14880,613660,46547024,45933364,213472393,167539029,0.784828,3697792,170983,2915851,0,610958,0,0,0,0,0.827445,0.991216,0,0,0.000000,39.599377,4,5,5,5,13,20,47,0,17418504,5.546763,3.294238,114,205
aaedc01a-a913-4d4d-871d-c6d184a1cfe8,adc154abe3cea812fb9fedff32206f3a879c9e26,cache,cache16_lat,loas,16,resnet19_T4_all,layer_01_layer1_0_conv1,1,16384,8,1024,128,262144,16,16384,1024,16,1,16,1,16,20,20,12,1,next_burst,8,0,1,5,0,50,1,1,1,1,non_inclusive,lru,3141688,233160,2908528,908185,3730560,0.243445,77804,78044,0.996925,4608,73728,0,0,401702,0,0,45465725,14880,686909,46569216,45882307,370396753,324514446,0.876127,3697792,303977,2744331,0,649484,0,0,0,0,0.817118,0.991216,0,0,0.000000,37.827766,7,9,9,6,15,20,112,0,17420172,5.544845,3.350279,114,205
97da898c-818f-465e-b624-9b3ff6a98433,adc154abe3cea812fb9fedff32206f3a879c9e26,cache,cache16_lat,loas,16,resnet19_T4_all,layer_01_layer1_0_conv1,1,16384,8,512,64,262144,16,8192,512,32,2,16,1,16,20,20,12,1,none,0,0,1,5,0,50,1,1,1,1,non_inclusive,lru,3140750,233160,2907590,610688,3730560,0.163699,3115264,3119872,0.998523,2304,73728,0,0,0,0,0,45846899,269250,438059,46554208,46116149,46116149,0,0.000000,0,0,0,0,0,0,0,0,0,0.000000,0.991216,0,0,0.000000,41.815063,1,1,1,5,8,8,0,0,13705216,4.363676,1.985236,114,205
97da898c-818f-465e-b624-9b3ff6a98433,adc154abe3cea812fb9fedff32206f3a879c9e26,cache,cache16_lat,loas,16,resnet19_T4_all,layer_01_layer1_0_conv1,1,16384,8,512,64,262144,16,8192,512,32,2,16,1,16,20,20,12,1,next_burst,2,0,1,5,0,50,1,1,1,1,non_inclusive,lru,3133827,233160,2900667,782099,3730560,0.209647,31209,31385,0.994392,2304,73728,0,0,236294,0,0,45673128,10912,523106,46443440,45920334,130468840,84548506,0.648036,3697792,171411,2917076,0,218695,390610,0,0,0,0.827888,0.991216,0,0,0.000000,39.517673,2,3,3,6,17,20,10,0,17404202,5.553658,3.090274,114,205
97da898c-818f-465e-b624-9b3ff6a98433,adc154abe3cea812fb9fedff32206f3a879c9e26,cache,cache16_lat,loas,16,resnet19_T4_all,layer_01_layer1_0_conv1,1,16384,8,512,64,262144,16,8192,512,32,2,16,1,16,20,20,12,1,next_burst,4,0,1,5,0,50,1,1,1,1,non_inclusive,lru,3133109,233160,2899949,770260,3730560,0.206473,36801,36977,0.995240,2304,73728,0,0,192918,0,0,45619807,10912,608315,46431952,45823637,209868692,164045055,0.781656,3697792,159610,2923323,0,226690,388169,0,0,0,0.826400,0.991216,0,0,0.000000,39.676349,4,5,5,6,15,20,44,0,17404698,5.555089,3.185239,114,205
97da898c-818f-465e-b624-9b3ff6a98433,adc154abe3cea812fb9fedff32206f3a879c9e26,cache,cache16_lat,loas,16,resnet19_T4_all,layer_01_layer1_0_conv1,1,16384,8,512,64,262144,16,8192,512,32,2,16,1,16,20,20,12,1,next_burst,8,0,1,5,0,50,1,1,1,1,non_inclusive,lru,3134355,233160,2901195,840062,3730560,0.225184,62967,63143,0.997213,2304,73728,0,0,257354,0,0,45499663,10912,683959,46451888,45767929,366009325,320241396,0.874954,3697792,229690,2827355,0,254739,386008,0,0,0,0.819460,0.991216,0,0,0.000000,38.740806,7,9,9,6,16,20,107,0,17405282,5.553067,3.361960,114,205
451c52e8-78c5-472e-bfe8-c35698e49997,adc154abe3cea812fb9fedff32206f3a879c9e26,cache,cache16_lat,loas,16,resnet19_T4_all,layer_01_layer1_0_conv1,1,16384,8,256,32,262144,16,4096,256,64,4,16,1,16,20,20,12,1,none,0,0,1,5,0,50,1,1,1,1,non_inclusive,lru,2768595,233160,2535435,979104,3730560,0.262455,2749152,2751456,0.999163,1152,73728,0,0,0,0,0,39963574,131586,504568,40599728,40095160,40095160,0,0.000000,0,0,0,0,0,0,0,0,0,0.000000,0.991216,0,0,0.000000,36.877252,1,1,1,5,8,8,0,0,12967232,4.683687,1.865940,114,205
451c52e8-78c5-472e-bfe8-c35698e49997,adc154abe3cea812fb9fedff32206f3a879c9e26,cache,cache16_lat,loas,16,resnet19_T4_all,layer_01_layer1_0_conv1,1,16384,8,256,32,262144,16,4096,256,64,4,16,1,16,20,20,12,1,next_burst,2,0,1,5,0,50,1,1,1,1,non_inclusive,lru,2764033,233160,2530873,1245878,3730560,0.333965,32290,32402,0.996543,1152,73728,0,0,408245,0,0,39620137,6944,491410,40526736,40035326,105631976,65596650,0.620992,3697792,266774,2452280,0,62287,916451,0,0,0,0.728859,0.991216,0,0,0.000000,33.301729,2,3,3,12,18,20,10,0,16665576,6.029442,2.988929,114,205
451c52e8-78c5-472e-bfe8-c35698e49997,adc154abe3cea812fb9fedff32206f3a879c9e26,cache,cache16_lat,loas,16,resnet19_T4_all,layer_01_layer1_0_conv1,1,16384,8,256,32,262144,16,4096,256,64,4,16,1,16,20,20,12,1,next_burst,4,0,1,5,0,50,1,1,1,1,non_inclusive,lru,2764023,233160,2530863,1185260,3730560,0.317716,34190,34302,0.996735,1152,73728,0,0,315821,0,0,39581082,6944,622729,40526576,39903847,166977191,127073344,0.761022,3697792,206156,2510998,0,17304,963334,0,0,0,0.728350,0.991216,0,0,0.000000,34.114181,3,5,5,11,17,20,45,0,16666376,6.029753,3.082333,114,205
451c52e8-78c5-472e-bfe8-c35698e49997,adc154abe3cea812fb9fedff32206f3a879c9e26,cache,cache16_lat,loas,16,resnet19_T4_all,layer_01_layer1_0_conv1,1,16384,8,256,32,262144,16,4096,256,64,4,16,1,16,20,20,12,1,next_burst,8,0,1,5,0,50,1,1,1,1,non_inclusive,lru,2764548,233160,2531388,1169787,3730560,0.313569,44758,44870,0.997504,1152,73728,0,0,276378,0,0,39633748,6944,617906,40534976,39917070,289229277,249312207,0.861988,3697792,190777,2515903,0,30946,960166,0,0,0,0.725543,0.991216,0,0,0.000000,34.321563,6,8,9,10,17,20,107,0,16666562,6.028675,3.105003,114,205
2efc30d4-34ca-407f-8cda-1265e2c768a8,adc154abe3cea812fb9fedff32206f3a879c9e26,cache,cache16_lat,loas,16,resnet19_T4_all,layer_01_layer1_0_conv1,2,16384,8,1024,128,262144,16,16384,1024,16,1,16,1,16,20,20,12,1,none,0,0,1,5,0,50,1,1,1,1,non_inclusive,lru,2724812,205848,2518964,595376,3293568,0.180769,2690336,2698192,0.997088,3928,62848,0,0,0,0,0,39449128,459875,427189,40336192,39909003,39909003,0,0.000000,0,0,0,0,0,0,0,0,0,0.000000,0.990051,0,0,0.000000,40.961535,1,1,1,5,8,8,0,0,11989496,4.400119,1.739668,103,173
2efc30d4-34ca-407f-8cda-1265e2c768a8,adc154abe3cea812fb9fedff32206f3a879c9e26,cache,cache16_lat,loas,16,resnet19_T4_all,layer_01_layer1_0_conv1,2,16384,8,1024,128,262144,16,16384,1024,16,1,16,1,16,20,20,12,1,next_burst,2,0,1,5,0,50,1,1,1,1,non_inclusive,lru,2713776,205848,2507928,748250,3293568,0.227185,30884,31044,0.994846,3928,62848,0,0,261707,0,0,39341046,9920,546943,40159616,39612673,111415566,71802893,0.644460,3260800,152874,2514274,0,593652,0,0,0,0,0.809805,0.990051,0,0,0.000000,38.640739,2,3,3,6,13,20,10,0,15252192,5.620284,2.734597,103,173
2efc30d4-34ca-407f-8cda-1265e2c768a8,adc154abe3cea812fb9fedff32206f3a879c9e26,cache,cache16_lat,loas,16,resnet19_T4_all,layer_01_layer1_0_conv1,2,16384,8,1024,128,262144,16,16384,1024,16,1,16,1,16,20,20,12,1,next_burst,4,0,1,5,0,50,1,1,1,1,non_inclusive,lru,2712212,205848,2506364,767171,3293568,0.232930,39045,39205,0.995919,3928,62848,0,0,256020,0,0,39249711,9920,618941,40134592,39515651,179382261,139866610,0.779713,3260800,171825,2487192,0,601783,0,0,0,0,0.807336,0.990051,0,0,0.000000,38.353497,4,5,5,6,14,20,46,0,15252312,5.623569,2.828976,103,173
2efc30d4-34ca-407f-8cda-1265e2c768a8,adc154abe3cea812fb9fedff32206f3a879c9e26,cache,cache16_lat,loas,16,resnet19_T4_all,layer_01_layer1_0_conv1,2,16384,8,1024,128,262144,16,16384,1024,16,1,16,1,16,20,20,12,1,next_burst,8,0,1,5,0,50,1,1,1,1,non_inclusive,lru,2714615,205848,2508767,944208,3293568,0.286682,86441,86601,0.998152,3928,62848,0,0,427739,0,0,38996671,9920,738710,40173040,39434330,307767794,268333464,0.871870,3260800,349782,2262759,0,648259,0,0,0,0,0.793225,0.990051,0,0,0.000000,35.665880,7,9,9,6,15,20,112,0,15254376,5.619352,2.970775,103,173
a332f4e9-ec98-4956-8d1e-165ccb849d2b,adc154abe3cea812fb9fedff32206f3a879c9e26,cache,cache16_lat,loas,16,resnet19_T4_all,layer_01_layer1_0_conv1,2,16384,8,512,64,262144,16,8192,512,32,2,16,1,16,20,20,12,1,none,0,0,1,5,0,50,1,1,1,1,non_inclusive,lru,2826499,205848,2620651,487488,3293568,0.148012,2801616,2806080,0.998409,2232,71424,0,0,0,0,0,41301143,259572,402469,41963184,41560715,41560715,0,0.000000,0,0,0,0,0,0,0,0,0,0.000000,0.990051,0,0,0.120072,42.599394,1,1,1,5,8,8,0,0,12203576,4.317559,1.771568,103,173
a332f4e9-ec98-4956-8d1e-165ccb849d2b,adc154abe3cea812fb9fedff32206f3a879c9e26,cache,cache16_lat,loas,16,resnet19_T4_all,layer_01_layer1_0_conv1,2,16384,8,512,64,262144,16,8192,512,32,2,16,1,16,20,20,12,1,next_burst,2,0,1,5,0,50,1,1,1,1,non_inclusive,lru,2819285,205848,2613437,623081,3293568,0.189181,32935,33063,0.996129,2232,71424,0,0,182838,0,0,41160439,7936,496547,41847760,41351213,117792293,76441080,0.648948,3260800,135593,2637424,0,257890,229893,0,0,0,0.841949,0.990051,0,0,0.120072,40.540942,2,3,3,8,18,20,10,0,15465432,5.485587,2.720788,103,173
a332f4e9-ec98-4956-8d1e-165ccb849d2b,adc154abe3cea812fb9fedff32206f3a879c9e26,cache,cache16_lat,loas,16,resnet19_T4_all,layer_01_layer1_0_conv1,2,16384,8,512,64,262144,16,8192,512,32,2,16,1,16,20,20,12,1,next_burst,4,0,1,5,0,50,1,1,1,1,non_inclusive,lru,2819086,205848,2613238,627413,3293568,0.190496,38642,38770,0.996698,2232,71424,0,0,153487,0,0,41110509,7936,572644,41844576,41271932,191099662,149827730,0.784029,3260800,139925,2627385,0,264570,228920,0,0,0,0.840216,0.990051,0,0,0.120072,40.475178,4,5,5,8,16,20,46,0,15466128,5.486221,2.855502,103,173
a332f4e9-ec98-4956-8d1e-165ccb849d2b,adc154abe3cea812fb9fedff32206f3a879c9e26,cache,cache16_lat,loas,16,resnet19_T4_all,layer_01_layer1_0_conv1,2,16384,8,512,64,262144,16,8192,512,32,2,16,1,16,20,20,12,1,next_burst,8,0,1,5,0,50,1,1,1,1,non_inclusive,lru,2820297,205848,2614449,747875,3293568,0.227071,68478,68606,0.998134,2232,71424,0,0,273703,0,0,40899357,7936,682956,41863952,41180996,331071890,289890894,0.875613,3260800,260741,2477087,0,296697,226275,0,0,0,0.831265,0.990051,0,0,0.120072,38.646431,7,9,9,8,16,20,107,0,15466866,5.484127,2.960494,103,173
d8a4eafe-9139-464c-9f18-03c95cf70a0d,adc154abe3cea812fb9fedff32206f3a879c9e26,cache,cache16_lat,loas,16,resnet19_T4_all,layer_01_layer1_0_conv1,2,16384,8,256,32,262144,16,4096,256,64,4,16,1,16,20,20,12,1,none,0,0,1,5,0,50,1,1,1,1,non_inclusive,lru,2548070,205848,2342222,761840,3293568,0.231311,2529424,2531728,0.999090,1152,73728,0,0,0,0,0,36912735,131117,464468,37508320,37043852,37043852,0,0.000000,0,0,0,0,0,0,0,0,0,0.000000,0.990051,0,0,0.147569,38.434427,1,1,1,5,8,8,0,0,11653792,4.573576,1.693070,103,173
d8a4eafe-9139-464c-9f18-03c95cf70a0d,adc154abe3cea812fb9fedff32206f3a879c9e26,cache,cache16_lat,loas,16,resnet19_T4_all,layer_01_layer1_0_conv1,2,16384,8,256,32,262144,16,4096,256,64,4,16,1,16,20,20,12,1,next_burst,2,0,1,5,0,50,1,1,1,1,non_inclusive,lru,2544027,205848,2338179,997128,3293568,0.302750,32972,33052,0.997580,1152,73728,0,0,306684,0,0,36643120,4960,488868,37443632,36954764,98443187,61488423,0.624608,3260800,235288,2263388,0,43014,719110,0,0,0,0.758653,0.990051,0,0,0.147569,34.862496,2,3,3,12,18,20,8,0,14914786,5.862668,2.671390,103,173
d8a4eafe-9139-464c-9f18-03c95cf70a0d,adc154abe3cea812fb9fedff32206f3a879c9e26,cache,cache16_lat,loas,16,resnet19_T4_all,layer_01_layer1_0_conv1,2,16384,8,256,32,262144,16,4096,256,64,4,16,1,16,20,20,12,1,next_burst,4,0,1,5,0,50,1,1,1,1,non_inclusive,lru,2544095,205848,2338247,948416,3293568,0.287960,34834,34914,0.997709,1152,73728,0,0,204634,0,0,36682559,4960,552567,37444720,36892153,158010099,121117946,0.766520,3260800,186576,2310238,0,21546,742440,0,0,0,0.758088,0.990051,0,0,0.147569,35.601998,3,5,5,10,16,20,40,0,14915964,5.862974,2.766482,103,173
d8a4eafe-9139-464c-9f18-03c95cf70a0d,adc154abe3cea812fb9fedff32206f3a879c9e26,cache,cache16_lat,loas,16,resnet19_T4_all,layer_01_layer1_0_conv1,2,16384,8,256,32,262144,16,4096,256,64,4,16,1,16,20,20,12,1,next_burst,8,0,1,5,0,50,1,1,1,1,non_inclusive,lru,2544413,205848,2338565,911012,3293568,0.276603,41608,41688,0.998081,1152,73728,0,0,173745,0,0,36726707,4960,544396,37449808,36905412,273859786,236954374,0.865240,3260800,149172,2340868,0,30335,740425,0,0,0,0.756031,0.990051,0,0,0.147569,36.169832,6,8,9,10,17,20,91,0,14915972,5.862245,2.833469,103,173
99b35726-c93e-47eb-83f8-a41b8e08f54e,adc154abe3cea812fb9fedff32206f3a879c9e26,cache,cache16_lat,loas,16,resnet19_T4_all,layer_01_layer1_0_conv1,3,16384,8,1024,128,262144,16,16384,1024,16,1,16,1,16,20,20,12,1,none,0,0,1,5,0,50,1,1,1,1,non_inclusive,lru,2694407,198888,2495519,511744,3182208,0.160814,2663840,2670464,0.997520,3312,52992,0,0,0,0,0,39170746,388018,402308,39961072,39558764,39558764,0,0.000000,0,0,0,0,0,0,0,0,0,0.000000,0.989703,0,0,0.000000,41.959294,1,1,1,5,8,8,0,0,11710704,4.346301,1.708390,100,155
99b35726-c93e-47eb-83f8-a41b8e08f54e,adc154abe3cea812fb9fedff32206f3a879c9e26,cache,cache16_lat,loas,16,resnet19_T4_all,layer_01_layer1_0_conv1,3,16384,8,1024,128,262144,16,16384,1024,16,1,16,1,16,20,20,12,1,next_burst,2,0,1,5,0,50,1,1,1,1,non_inclusive,lru,2685294,198888,2486406,639448,3182208,0.200945,32360,32456,0.997042,3312,52992,0,0,227245,0,0,39047086,5952,534981,39815264,39280283,112142069,72861786,0.649727,3149440,127704,2510304,0,511432,0,0,0,0,0.828987,0.989703,0,0,0.000000,39.952762,2,3,3,6,13,20,10,0,14861560,5.534426,2.693270,100,155
99b35726-c93e-47eb-83f8-a41b8e08f54e,adc154abe3cea812fb9fedff32206f3a879c9e26,cache,cache16_lat,loas,16,resnet19_T4_all,layer_01_layer1_0_conv1,3,16384,8,1024,128,262144,16,16384,1024,16,1,16,1,16,20,20,12,1,next_burst,4,0,1,5,0,50,1,1,1,1,non_inclusive,lru,2683958,198888,2485070,665209,3182208,0.209040,44686,44782,0.997856,3312,52992,0,0,231838,0,0,38941220,5952,614878,39793888,39179010,181015968,141836958,0.783560,3149440,153465,2472217,0,523758,0,0,0,0,0.825113,0.989703,0,0,0.000000,39.547996,4,5,5,6,14,20,46,0,14861598,5.537195,2.752566,100,155
99b35726-c93e-47eb-83f8-a41b8e08f54e,adc154abe3cea812fb9fedff32206f3a879c9e26,cache,cache16_lat,loas,16,resnet19_T4_all,layer_01_layer1_0_conv1,3,16384,8,1024,128,262144,16,16384,1024,16,1,16,1,16,20,20,12,1,next_burst,8,0,1,5,0,50,1,1,1,1,non_inclusive,lru,2685979,198888,2487091,810413,3182208,0.254670,80624,80720,0.998811,3312,52992,0,0,365479,0,0,38769696,5952,685097,39826224,39141127,312855609,273714482,0.874891,3149440,299417,2291075,0,558948,0,0,0,0,0.814055,0.989703,0,0,0.000000,37.266499,7,9,9,6,15,20,112,0,14863212,5.533629,2.865887,100,155
2538d0a4-a363-4ed2-8348-6c1a82b219ed,adc154abe3cea812fb9fedff32206f3a879c9e26,cache,cache16_lat,loas,16,resnet19_T4_all,layer_01_layer1_0_conv1,3,16384,8,512,64,262144,16,8192,512,32,2,16,1,16,20,20,12,1,none,0,0,1,5,0,50,1,1,1,1,non_inclusive,lru,2713964,198888,2515076,488112,3182208,0.153388,2689632,2694096,0.998343,2232,71424,0,0,0,0,0,39610109,262520,401355,40273984,39872629,39872629,0,0.000000,0,0,0,0,0,0,0,0,0,0.000000,0.989703,0,0,0.258065,42.330608,1,1,1,4,8,8,0,0,11756888,4.331999,1.785058,100,155
2538d0a4-a363-4ed2-8348-6c1a82b219ed,adc154abe3cea812fb9fedff32206f3a879c9e26,cache,cache16_lat,loas,16,resnet19_T4_all,layer_01_layer1_0_conv1,3,16384,8,512,64,262144,16,8192,512,32,2,16,1,16,20,20,12,1,next_burst,2,0,1,5,0,50,1,1,1,1,non_inclusive,lru,2707543,198888,2508655,619519,3182208,0.194682,33226,33322,0.997119,2232,71424,0,0,182071,0,0,39480656,5952,502569,40171248,39668679,112954682,73286003,0.648809,3149440,131407,2529367,0,259294,229372,0,0,0,0.836141,0.989703,0,0,0.258065,40.265894,2,3,3,5,16,20,10,0,14907030,5.505741,2.630456,100,155
2538d0a4-a363-4ed2-8348-6c1a82b219ed,adc154abe3cea812fb9fedff32206f3a879c9e26,cache,cache16_lat,loas,16,resnet19_T4_all,layer_01_layer1_0_conv1,3,16384,8,512,64,262144,16,8192,512,32,2,16,1,16,20,20,12,1,next_burst,4,0,1,5,0,50,1,1,1,1,non_inclusive,lru,2707135,198888,2508247,628244,3182208,0.197424,41224,41320,0.997677,2232,71424,0,0,163005,0,0,39410618,5952,585145,40164720,39579575,182749216,143169641,0.783421,3149440,140132,2512644,0,267284,229380,0,0,0,0.833627,0.989703,0,0,0.258065,40.128804,4,5,5,5,16,20,46,0,14907488,5.506740,2.743002,100,155
2538d0a4-a363-4ed2-8348-6c1a82b219ed,adc154abe3cea812fb9fedff32206f3a879c9e26,cache,cache16_lat,loas,16,resnet19_T4_all,layer_01_layer1_0_conv1,3,16384,8,512,64,262144,16,8192,512,32,2,16,1,16,20,20,12,1,next_burst,8,0,1,5,0,50,1,1,1,1,non_inclusive,lru,2708564,198888,2509676,721532,3182208,0.226739,67954,68050,0.998589,2232,71424,0,0,250954,0,0,39281448,5952,649230,40187584,39538354,316631984,277093630,0.875128,3149440,233966,2392626,0,296515,226333,0,0,0,0.825399,0.989703,0,0,0.258065,38.663029,7,9,9,6,16,20,100,0,14908680,5.504275,2.874127,100,155
b2c3d40b-8b49-4424-b367-0f0bd413b213,adc154abe3cea812fb9fedff32206f3a879c9e26,cache,cache16_lat,loas,16,resnet19_T4_all,layer_01_layer1_0_conv1,3,16384,8,256,32,262144,16,4096,256,64,4,16,1,16,20,20,12,1,none,0,0,1,5,0,50,1,1,1,1,non_inclusive,lru,2508519,198888,2309631,689776,3182208,0.216760,2490128,2492432,0.999076,1152,73728,0,0,0,0,0,36410508,133251,443105,36986864,36543759,36543759,0,0.000000,0,0,0,0,0,0,0,0,0,0.000000,0.989703,0,0,0.281250,39.161991,1,1,1,5,8,8,0,0,11352480,4.525571,1.703517,100,155
b2c3d40b-8b49-4424-b367-0f0bd413b213,adc154abe3cea812fb9fedff32206f3a879c9e26,cache,cache16_lat,loas,16,resnet19_T4_all,layer_01_layer1_0_conv1,3,16384,8,256,32,262144,16,4096,256,64,4,16,1,16,20,20,12,1,next_burst,2,0,1,5,0,50,1,1,1,1,non_inclusive,lru,2505230,198888,2306342,885710,3182208,0.278332,33132,33212,0.997591,1152,73728,0,0,259739,0,0,36188364,4960,481177,36934240,36453063,98515893,62062830,0.629978,3149440,195934,2263286,0,54815,635405,0,0,0,0.772803,0.989703,0,0,0.281250,36.083405,2,3,3,7,16,20,8,0,14501984,5.788684,2.598797,100,155
b2c3d40b-8b49-4424-b367-0f0bd413b213,adc154abe3cea812fb9fedff32206f3a879c9e26,cache,cache16_lat,loas,16,resnet19_T4_all,layer_01_layer1_0_conv1,3,16384,8,256,32,262144,16,4096,256,64,4,16,1,16,20,20,12,1,next_burst,4,0,1,5,0,50,1,1,1,1,non_inclusive,lru,2504574,198888,2305686,854129,3182208,0.268408,36163,36243,0.997793,1152,73728,0,0,186686,0,0,36188953,4960,543145,36923744,36380599,158734230,122353631,0.770808,3149440,164353,2291836,0,41762,651489,0,0,0,0.771851,0.989703,0,0,0.281250,36.579617,3,5,5,7,17,20,42,0,14502568,5.790433,2.655972,100,155
b2c3d40b-8b49-4424-b367-0f0bd413b213,adc154abe3cea812fb9fedff32206f3a879c9e26,cache,cache16_lat,loas,16,resnet19_T4_all,layer_01_layer1_0_conv1,3,16384,8,256,32,262144,16,4096,256,64,4,16,1,16,20,20,12,1,next_burst,8,0,1,5,0,50,1,1,1,1,non_inclusive,lru,2504939,198888,2306051,831096,3182208,0.261170,43828,43908,0.998178,1152,73728,0,0,168841,0,0,36227120,4960,528663,36929584,36400921,274958806,238557885,0.867613,3149440,141544,2307204,0,51364,649328,0,0,0,0.769512,0.989703,0,0,0.281250,36.941520,6,9,9,8,17,20,76,0,14503152,5.789822,2.757929,100,155
4301cc33-e3ae-4a03-90df-80c8e98dd174,adc154abe3cea812fb9fedff32206f3a879c9e26,cache,cache16_lat,loas,16,resnet19_T4_all,layer_01_layer1_0_conv1,4,16384,8,1024,128,262144,16,16384,1024,16,1,16,1,16,20,20,12,1,none,0,0,1,5,0,50,1,1,1,1,non_inclusive,lru,2629773,210636,2419137,767696,3370176,0.227791,2594848,2602480,0.997067,3816,61056,0,0,0,0,0,37843340,444565,451055,38738960,38287905,38287905,0,0.000000,0,0,0,0,0,0,0,0,0,0.000000,0.990277,0,0,0.000000,38.610446,1,1,1,5,8,8,0,0,11951176,4.544566,1.774093,105,169
4301cc33-e3ae-4a03-90df-80c8e98dd174,adc154abe3cea812fb9fedff32206f3a879c9e26,cache,cache16_lat,loas,16,resnet19_T4_all,layer_01_layer1_0_conv1,4,16384,8,1024,128,262144,16,16384,1024,16,1,16,1,16,20,20,12,1,next_burst,2,0,1,5,0,50,1,1,1,1,non_inclusive,lru,2618705,210636,2408069,939316,3370176,0.278714,25505,25617,0.995628,3816,61056,0,0,358475,0,0,37662732,6944,533721,38561872,38028151,104049029,66020878,0.634517,3337408,171620,2405243,0,760545,0,0,0,0,0.764608,0.990277,0,0,0.000000,36.064289,2,3,3,6,14,20,10,0,15290432,5.838929,2.801113,105,169
4301cc33-e3ae-4a03-90df-80c8e98dd174,adc154abe3cea812fb9fedff32206f3a879c9e26,cache,cache16_lat,loas,16,resnet19_T4_all,layer_01_layer1_0_conv1,4,16384,8,1024,128,262144,16,16384,1024,16,1,16,1,16,20,20,12,1,next_burst,4,0,1,5,0,50,1,1,1,1,non_inclusive,lru,2617417,210636,2406781,968548,3370176,0.287388,37249,37361,0.997002,3816,61056,0,0,364600,0,0,37541190,6944,628530,38541264,37912734,166390960,128478226,0.772147,3337408,200942,2364267,0,772199,0,0,0,0,0.761150,0.990277,0,0,0.000000,35.630602,3,5,5,6,15,20,46,0,15290762,5.841928,2.918874,105,169
4301cc33-e3ae-4a03-90df-80c8e98dd174,adc154abe3cea812fb9fedff32206f3a879c9e26,cache,cache16_lat,loas,16,resnet19_T4_all,layer_01_layer1_0_conv1,4,16384,8,1024,128,262144,16,16384,1024,16,1,16,1,16,20,20,12,1,next_burst,8,0,1,5,0,50,1,1,1,1,non_inclusive,lru,2619530,210636,2408894,1122965,3370176,0.333207,78280,78392,0.998571,3816,61056,0,0,534291,0,0,37256068,6944,777769,38575072,37797303,284707498,246910195,0.867242,3337408,356348,2168819,0,812241,0,0,0,0,0.749269,0.990277,0,0,0.000000,33.339668,6,9,9,6,16,20,112,0,15292908,5.838035,3.025048,105,169
2d84f99a-e156-49be-8cbb-b8f5eaf2d284,adc154abe3cea812fb9fedff32206f3a879c9e26,cache,cache16_lat,loas,16,resnet19_T4_all,layer_01_layer1_0_conv1,4,16384,8,512,64,262144,16,8192,512,32,2,16,1,16,20,20,12,1,none,0,0,1,5,0,50,1,1,1,1,non_inclusive,lru,2875071,210636,2664435,514512,3370176,0.152666,2851488,2855664,0.998538,2088,66816,0,0,0,0,0,42008144,240557,415027,42663728,42248701,42248701,0,0.000000,0,0,0,0,0,0,0,0,0,0.000000,0.990277,0,0,0.086207,42.366689,1,1,1,5,8,8,0,0,12455816,4.332351,1.811185,105,169
2d84f99a-e156-49be-8cbb-b8f5eaf2d284,adc154abe3cea812fb9fedff32206f3a879c9e26,cache,cache16_lat,loas,16,resnet19_T4_all,layer_01_layer1_0_conv1,4,16384,8,512,64,262144,16,8192,512,32,2,16,1,16,20,20,12,1,next_burst,2,0,1,5,0,50,1,1,1,1,non_inclusive,lru,2868852,210636,2658216,662010,3370176,0.196432,30578,30642,0.997911,2088,66816,0,0,183598,0,0,41883089,3968,493569,42564224,42070655,119087505,77016850,0.646725,3337408,147498,2677524,0,221523,290863,0,0,0,0.838242,0.990277,0,0,0.086207,40.178406,2,3,3,9,17,20,10,0,15794504,5.505514,2.888313,105,169
2d84f99a-e156-49be-8cbb-b8f5eaf2d284,adc154abe3cea812fb9fedff32206f3a879c9e26,cache,cache16_lat,loas,16,resnet19_T4_all,layer_01_layer1_0_conv1,4,16384,8,512,64,262144,16,8192,512,32,2,16,1,16,20,20,12,1,next_burst,4,0,1,5,0,50,1,1,1,1,non_inclusive,lru,2868679,210636,2658043,673771,3370176,0.199922,36882,36946,0.998268,2088,66816,0,0,150097,0,0,41840627,3968,566764,42561456,41994692,193435968,151441276,0.782901,3337408,159259,2659459,0,228310,290380,0,0,0,0.836371,0.990277,0,0,0.086207,40.003920,4,5,5,8,15,20,43,0,15795042,5.506033,2.919932,105,169
2d84f99a-e156-49be-8cbb-b8f5eaf2d284,adc154abe3cea812fb9fedff32206f3a879c9e26,cache,cache16_lat,loas,16,resnet19_T4_all,layer_01_layer1_0_conv1,4,16384,8,512,64,262144,16,8192,512,32,2,16,1,16,20,20,12,1,next_burst,8,0,1,5,0,50,1,1,1,1,non_inclusive,lru,2870298,210636,2659662,753204,3370176,0.223491,60625,60689,0.998945,2088,66816,0,0,239881,0,0,41701672,3968,641839,42587360,41945521,336333321,294387800,0.875286,3337408,239498,2556283,0,253853,287774,0,0,0,0.829565,0.990277,0,0,0.086207,38.825450,7,9,9,9,16,20,107,0,15796732,5.503516,3.046660,105,169
e2cd7747-5b25-4f09-8e84-14da4a6b63aa,adc154abe3cea812fb9fedff32206f3a879c9e26,cache,cache16_lat,loas,16,resnet19_T4_all,layer_01_layer1_0_conv1,4,16384,8,256,32,262144,16,4096,256,64,4,16,1,16,20,20,12,1,none,0,0,1,5,0,50,1,1,1,1,non_inclusive,lru,2516661,210636,2306025,870000,3370176,0.258147,2497872,2500176,0.999078,1152,73728,0,0,0,0,0,36321482,131626,476060,36929168,36453108,36453108,0,0.000000,0,0,0,0,0,0,0,0,0,0.000000,0.990277,0,0,0.171875,37.092662,1,1,1,5,8,8,0,0,11743904,4.666462,1.710586,105,169
e2cd7747-5b25-4f09-8e84-14da4a6b63aa,adc154abe3cea812fb9fedff32206f3a879c9e26,cache,cache16_lat,loas,16,resnet19_T4_all,layer_01_layer1_0_conv1,4,16384,8,256,32,262144,16,4096,256,64,4,16,1,16,20,20,12,1,next_burst,2,0,1,5,0,50,1,1,1,1,non_inclusive,lru,2512473,210636,2301837,1096458,3370176,0.325341,32802,32866,0.998053,1152,73728,0,0,358722,0,0,36030714,3968,468756,36862160,36393404,95353602,58960198,0.618332,3337408,226458,2240852,0,68664,801434,0,0,0,0.732101,0.990277,0,0,0.171875,33.732927,2,3,3,11,15,20,8,0,15081354,6.002593,2.751195,105,169
e2cd7747-5b25-4f09-8e84-14da4a6b63aa,adc154abe3cea812fb9fedff32206f3a879c9e26,cache,cache16_lat,loas,16,resnet19_T4_all,layer_01_layer1_0_conv1,4,16384,8,256,32,262144,16,4096,256,64,4,16,1,16,20,20,12,1,next_burst,4,0,1,5,0,50,1,1,1,1,non_inclusive,lru,2512314,210636,2301678,1052935,3370176,0.312427,34306,34370,0.998138,1152,73728,0,0,276323,0,0,36008102,3968,571223,36859616,36288393,151940387,115651994,0.761167,3337408,182935,2282871,0,26184,845418,0,0,0,0.731655,0.990277,0,0,0.171875,34.378635,3,5,5,9,17,20,37,0,15082294,6.003348,2.789611,105,169
e2cd7747-5b25-4f09-8e84-14da4a6b63aa,adc154abe3cea812fb9fedff32206f3a879c9e26,cache,cache16_lat,loas,16,resnet19_T4_all,layer_01_layer1_0_conv1,4,16384,8,256,32,262144,16,4096,256,64,4,16,1,16,20,20,12,1,next_burst,8,0,1,5,0,50,1,1,1,1,non_inclusive,lru,2512634,210636,2301998,1016442,3370176,0.301599,40352,40416,0.998416,1152,73728,0,0,228315,0,0,36089901,3968,542552,36864736,36322184,261674878,225352694,0.861193,3337408,146538,2313318,0,34417,843135,0,0,0,0.729889,0.990277,0,0,0.171875,34.920046,6,8,9,9,16,20,76,0,15082654,6.002726,2.843856,105,169
10d9295e-7aa1-4f2d-bddb-802c8562f75a,adc154abe3cea812fb9fedff32206f3a879c9e26,cache,cache16_lat,loas,16,resnet19_T4_all,layer_16_layer3_0_conv2,0,16384,8,1024,128,262144,16,16384,1024,16,1,16,1,16,20,20,12,1,none,0,0,1,5,0,50,1,1,1,1,non_inclusive,lru,6376064,118456,6257608,0,1895296,0.000000,84848,1895296,0.044768,1810448,28967168,0,0,0,0,0,482114,99600955,39683,100122752,100083069,100083069,0,0.000000,0,0,0,0,0,0,0,0,0,0.000000,0.999460,0,0,0.000000,50.000000,1,1,1,13,15,16,0,0,9391696,1.472961,1.633101,1818,2753
10d9295e-7aa1-4f2d-bddb-802c8562f75a,adc154abe3cea812fb9fedff32206f3a879c9e26,cache,cache16_lat,loas,16,resnet19_T4_all,layer_16_layer3_0_conv2,0,16384,8,1024,128,262144,16,16384,1024,16,1,16,1,16,20,20,12,1,next_burst,2,0,1,5,0,50,1,1,1,1,non_inclusive,lru,5000584,118456,4882128,101602,1895296,0.053607,112,1024,0.109375,1810448,28967168,0,0,19807,0,0,77973684,57000,64581,78115072,78050491,237844265,159793774,0.671842,1894272,101602,1792670,0,0,0,0,0,0,0.999460,0.999460,0,0,0.000000,47.319627,2,3,3,18,19,20,28,0,13080999,2.615894,2.459301,1818,2753
10d9295e-7aa1-4f2d-bddb-802c8562f75a,adc154abe3cea812fb9fedff32206f3a879c9e26,cache,cache16_lat,loas,16,resnet19_T4_all,layer_16_layer3_0_conv2,0,16384,8,1024,128,262144,16,16384,1024,16,1,16,1,16,20,20,12,1,next_burst,4,0,1,5,0,50,1,1,1,1,non_inclusive,lru,5010680,118456,4892224,117904,1895296,0.062209,112,1024,0.109375,1810448,28967168,0,0,39995,0,0,78120639,57000,58974,78276608,78217634,398280906,320063272,0.803612,1894272,117904,1776368,0,0,0,0,0,0,0.999460,0.999460,0,0,0.000000,46.889562,4,5,5,18,19,20,60,0,13089539,2.612328,2.520735,1818,2753
10d9295e-7aa1-4f2d-bddb-802c8562f75a,adc154abe3cea812fb9fedff32206f3a879c9e26,cache,cache16_lat,loas,16,resnet19_T4_all,layer_16_layer3_0_conv2,0,16384,8,1024,128,262144,16,16384,1024,16,1,16,1,16,20,20,12,1,next_burst,8,0,1,5,0,50,1,1,1,1,non_inclusive,lru,5019289,118456,4900833,133437,1895296,0.070404,112,1024,0.109375,1810448,28967168,0,0,54498,0,0,78237408,57000,65446,78414352,78348906,718997523,640648617,0.891030,1894272,133437,1760835,0,0,0,0,0,0,0.999460,0.999460,0,0,0.000000,46.479785,8,9,9,18,19,20,124,0,13094598,2.608855,2.645817,1818,2753
9122741c-75d5-4da2-bf2b-61d342574628,adc154abe3cea812fb9fedff32206f3a879c9e26,cache,cache16_lat,loas,16,resnet19_T4_all,layer_16_layer3_0_conv2,0,16384,8,512,64,262144,16,8192,512,32,2,16,1,16,20,20,12,1,none,0,0,1,5,0,50,1,1,1,1,non_inclusive,lru,4757022,118456,4638566,534784,1895296,0.282164,13600,1360512,0.009996,1346912,43101184,0,0,0,0,0,106129,74093245,18706,74218080,74199374,74199374,0,0.000000,0,0,0,0,0,0,0,0,0,0.000000,0.999460,0,0,0.154590,35.891808,1,1,1,10,15,16,0,0,7858592,1.651998,1.352811,1818,2753
9122741c-75d5-4da2-bf2b-61d342574628,adc154abe3cea812fb9fedff32206f3a879c9e26,cache,cache16_lat,loas,16,resnet19_T4_all,layer_16_layer3_0_conv2,0,16384,8,512,64,262144,16,8192,512,32,2,16,1,16,20,20,12,1,next_burst,2,0,1,5,0,50,1,1,1,1,non_inclusive,lru,3716856,118456,3598400,656107,1895296,0.346177,48,1024,0.046875,1346912,43101184,0,0,141210,0,0,57284725,61000,88489,57575424,57486935,141442447,83955512,0.593567,1894272,121323,1238165,0,30226,504558,0,0,0,0.717296,0.999460,0,0,0.154590,32.691173,2,3,3,18,19,20,28,0,11095198,2.985103,2.183558,1818,2753
9122741c-75d5-4da2-bf2b-61d342574628,adc154abe3cea812fb9fedff32206f3a879c9e26,cache,cache16_lat,loas,16,resnet19_T4_all,layer_16_layer3_0_conv2,0,16384,8,512,64,262144,16,8192,512,32,2,16,1,16,20,20,12,1,next_burst,4,0,1,5,0,50,1,1,1,1,non_inclusive,lru,3717430,118456,3598974,745358,1895296,0.393267,48,1024,0.046875,1346912,43101184,0,0,263781,0,0,57201587,61000,58240,57584608,57526368,226046025,168519657,0.745510,1894272,210574,1148914,0,887,533897,0,0,0,0.717296,0.999460,0,0,0.154590,30.336633,3,4,5,18,19,20,60,0,11097115,2.985158,2.202744,1818,2753
9122741c-75d5-4da2-bf2b-61d342574628,adc154abe3cea812fb9fedff32206f3a879c9e26,cache,cache16_lat,loas,16,resnet19_T4_all,layer_16_layer3_0_conv2,0,16384,8,512,64,262144,16,8192,512,32,2,16,1,16,20,20,12,1,next_burst,8,0,1,5,0,50,1,1,1,1,non_inclusive,lru,3720614,118456,3602158,785198,1895296,0.414288,48,1024,0.046875,1346912,43101184,0,0,320238,0,0,57177846,61000,76468,57635552,57559084,397041890,339482806,0.855030,1894272,250414,1109074,0,863,533921,0,0,0,0.717296,0.999460,0,0,0.154590,29.285610,6,7,9,18,19,20,123,0,11097298,2.982652,2.255009,1818,2753
d039f5e9-c472-4714-ab7f-c99806e7eaa3,adc154abe3cea812fb9fedff32206f3a879c9e26,cache,cache16_lat,loas,16,resnet19_T4_all,layer_16_layer3_0_conv2,0,16384,8,256,32,262144,16,4096,256,64,4,16,1,16,20,20,12,1,none,0,0,1,5,0,50,1,1,1,1,non_inclusive,lru,2837759,118456,2719303,1100352,1895296,0.580570,5520,794944,0.006944,789424,50523136,0,0,0,0,0,72891,43426594,10387,43509872,43499485,43499485,0,0.000000,0,0,0,0,0,0,0,0,0,0.000000,0.999460,0,0,0.184679,20.971500,1,1,1,9,15,16,0,0,6169968,2.174240,1.026682,1818,2753
d039f5e9-c472-4714-ab7f-c99806e7eaa3,adc154abe3cea812fb9fedff32206f3a879c9e26,cache,cache16_lat,loas,16,resnet19_T4_all,layer_16_layer3_0_conv2,0,16384,8,256,32,262144,16,4096,256,64,4,16,1,16,20,20,12,1,next_burst,2,0,1,5,0,50,1,1,1,1,non_inclusive,lru,2233590,118456,2115134,1156779,1895296,0.610342,48,1024,0.046875,789424,50523136,0,0,534012,0,0,33077881,61000,170275,33843168,33672893,56749314,23076421,0.406638,1894272,56427,737493,0,172125,928227,0,0,0,0.418890,0.999460,0,0,0.184679,19.482893,1,2,3,17,20,20,27,0,8565512,3.834863,1.771123,1818,2753
d039f5e9-c472-4714-ab7f-c99806e7eaa3,adc154abe3cea812fb9fedff32206f3a879c9e26,cache,cache16_lat,loas,16,resnet19_T4_all,layer_16_layer3_0_conv2,0,16384,8,256,32,262144,16,4096,256,64,4,16,1,16,20,20,12,1,next_burst,4,0,1,5,0,50,1,1,1,1,non_inclusive,lru,2186472,118456,2068016,1206557,1895296,0.636606,48,1024,0.046875,789424,50523136,0,0,629518,0,0,32317844,61000,80918,33089280,33008362,86664403,53656041,0.619124,1894272,106205,687715,0,11351,1089001,0,0,0,0.418890,0.999460,0,0,0.184679,18.169695,2,3,5,18,19,20,57,0,8851368,4.048242,1.761831,1818,2753
d039f5e9-c472-4714-ab7f-c99806e7eaa3,adc154abe3cea812fb9fedff32206f3a879c9e26,cache,cache16_lat,loas,16,resnet19_T4_all,layer_16_layer3_0_conv2,0,16384,8,256,32,262144,16,4096,256,64,4,16,1,16,20,20,12,1,next_burst,8,0,1,5,0,50,1,1,1,1,non_inclusive,lru,2186777,118456,2068321,1243226,1895296,0.655953,48,1024,0.046875,789424,50523136,0,0,694777,0,0,32293589,61000,44794,33094160,33049366,145044766,111995400,0.772144,1894272,142874,651046,0,90,1100262,0,0,0,0.418890,0.999460,0,0,0.184679,17.202326,3,5,7,18,19,20,90,0,8852144,4.048032,1.782030,1818,2753
f81f79a1-f638-43bd-9b4b-288050caa912,adc154abe3cea812fb9fedff32206f3a879c9e26,cache,cache16_lat,loas,16,resnet19_T4_all,layer_16_layer3_0_conv2,1,16384,8,1024,128,262144,16,16384,1024,16,1,16,1,16,20,20,12,1,none,0,0,1,5,0,50,1,1,1,1,non_inclusive,lru,6830148,126100,6704048,0,2017600,0.000000,76096,2017600,0.037716,1941504,31064064,0,0,0,0,0,425466,106805040,35286,107265792,107230506,107230506,0,0.000000,0,0,0,0,0,0,0,0,0,0.000000,0.999492,0,0,0.000000,50.000000,1,1,1,12,15,16,0,0,10011968,1.465849,1.741400,1907,2937
f81f79a1-f638-43bd-9b4b-288050caa912,adc154abe3cea812fb9fedff32206f3a879c9e26,cache,cache16_lat,loas,16,resnet19_T4_all,layer_16_layer3_0_conv2,1,16384,8,1024,128,262144,16,16384,1024,16,1,16,1,16,20,20,12,1,next_burst,2,0,1,5,0,50,1,1,1,1,non_inclusive,lru,5357518,126100,5231418,94621,2017600,0.046898,112,1024,0.109375,1941504,31064064,0,0,18420,0,0,83571729,57000,56563,83703712,83647149,254872638,171225489,0.671808,2016576,94621,1921955,0,0,0,0,0,0,0.999492,0.999492,0,0,0.000000,47.655110,2,3,3,18,19,20,28,0,13958018,2.605314,2.593088,1907,2937
f81f79a1-f638-43bd-9b4b-288050caa912,adc154abe3cea812fb9fedff32206f3a879c9e26,cache,cache16_lat,loas,16,resnet19_T4_all,layer_16_layer3_0_conv2,1,16384,8,1024,128,262144,16,16384,1024,16,1,16,1,16,20,20,12,1,next_burst,4,0,1,5,0,50,1,1,1,1,non_inclusive,lru,5365885,126100,5239785,108576,2017600,0.053814,112,1024,0.109375,1941504,31064064,0,0,36279,0,0,83689308,57000,54997,83837584,83782587,426636553,342853966,0.803621,2016576,108576,1908000,0,0,0,0,0,0,0.999492,0.999492,0,0,0.000000,47.309278,4,5,5,18,19,20,60,0,13964577,2.602474,2.669399,1907,2937
f81f79a1-f638-43bd-9b4b-288050caa912,adc154abe3cea812fb9fedff32206f3a879c9e26,cache,cache16_lat,loas,16,resnet19_T4_all,layer_16_layer3_0_conv2,1,16384,8,1024,128,262144,16,16384,1024,16,1,16,1,16,20,20,12,1,next_burst,8,0,1,5,0,50,1,1,1,1,non_inclusive,lru,5371399,126100,5245299,118837,2017600,0.058900,112,1024,0.109375,1941504,31064064,0,0,47137,0,0,83776888,57000,44783,83925808,83881025,769569000,685687975,0.891003,2016576,118837,1897739,0,0,0,0,0,0,0.999492,0.999492,0,0,0.000000,47.054991,8,9,9,18,19,20,124,0,13967225,2.600296,2.802228,1907,2937
362f0623-3bc4-4d6d-8ee6-2692c58f6a52,adc154abe3cea812fb9fedff32206f3a879c9e26,cache,cache16_lat,loas,16,resnet19_T4_all,layer_16_layer3_0_conv2,1,16384,8,512,64,262144,16,8192,512,32,2,16,1,16,20,20,12,1,none,0,0,1,5,0,50,1,1,1,1,non_inclusive,lru,4906929,126100,4780829,616064,2017600,0.305345,13200,1401536,0.009418,1388336,44426752,0,0,0,0,0,104465,76371539,18284,76494288,76476004,76476004,0,0.000000,0,0,0,0,0,0,0,0,0,0.000000,0.999492,0,0,0.126432,34.732752,1,1,1,10,15,16,0,0,8226672,1.676542,1.440220,1907,2937
362f0623-3bc4-4d6d-8ee6-2692c58f6a52,adc154abe3cea812fb9fedff32206f3a879c9e26,cache,cache16_lat,loas,16,resnet19_T4_all,layer_16_layer3_0_conv2,1,16384,8,512,64,262144,16,8192,512,32,2,16,1,16,20,20,12,1,next_burst,2,0,1,5,0,50,1,1,1,1,non_inclusive,lru,3831791,126100,3705691,752285,2017600,0.372861,48,1024,0.046875,1388336,44426752,0,0,168496,0,0,58958707,61000,103877,59292080,59188203,142540283,83352080,0.584762,2016576,136221,1264291,0,38558,577506,0,0,0,0.694148,0.999492,0,0,0.126432,31.356934,2,3,3,18,19,20,28,0,11626330,3.034176,2.306151,1907,2937
362f0623-3bc4-4d6d-8ee6-2692c58f6a52,adc154abe3cea812fb9fedff32206f3a879c9e26,cache,cache16_lat,loas,16,resnet19_T4_all,layer_16_layer3_0_conv2,1,16384,8,512,64,262144,16,8192,512,32,2,16,1,16,20,20,12,1,next_burst,4,0,1,5,0,50,1,1,1,1,non_inclusive,lru,3831905,126100,3705805,836715,2017600,0.414708,48,1024,0.046875,1388336,44426752,0,0,295772,0,0,58859393,61000,77739,59293904,59216165,227534782,168318617,0.739749,2016576,220651,1179861,0,649,615415,0,0,0,0.694148,0.999492,0,0,0.126432,29.264597,3,4,5,18,19,20,59,0,11629021,3.034788,2.300962,1907,2937
362f0623-3bc4-4d6d-8ee6-2692c58f6a52,adc154abe3cea812fb9fedff32206f3a879c9e26,cache,cache16_lat,loas,16,resnet19_T4_all,layer_16_layer3_0_conv2,1,16384,8,512,64,262144,16,8192,512,32,2,16,1,16,20,20,12,1,next_burst,8,0,1,5,0,50,1,1,1,1,non_inclusive,lru,3834640,126100,3708540,881677,2017600,0.436993,48,1024,0.046875,1388336,44426752,0,0,350796,0,0,58842749,61000,83119,59337664,59254545,397257138,338002593,0.850841,2016576,265613,1134899,0,480,615584,0,0,0,0.694148,0.999492,0,0,0.126432,28.150352,6,7,9,18,19,20,123,0,11629334,3.032706,2.370683,1907,2937
5e971e13-c1cf-428f-baa5-7eb7e0bb869e,adc154abe3cea812fb9fedff32206f3a879c9e26,cache,cache16_lat,loas,16,resnet19_T4_all,layer_16_layer3_0_conv2,1,16384,8,256,32,262144,16,4096,256,64,4,16,1,16,20,20,12,1,none,0,0,1,5,0,50,1,1,1,1,non_inclusive,lru,2865354,126100,2739254,1216832,2017600,0.603109,5520,800768,0.006893,795248,50895872,0,0,0,0,0,72528,43746491,10069,43829088,43819019,43819019,0,0.000000,0,0,0,0,0,0,0,0,0,0.000000,0.999492,0,0,0.139323,19.844568,1,1,1,9,15,16,0,0,6432048,2.244766,1.069120,1907,2937
5e971e13-c1cf-428f-baa5-7eb7e0bb869e,adc154abe3cea812fb9fedff32206f3a879c9e26,cache,cache16_lat,loas,16,resnet19_T4_all,layer_16_layer3_0_conv2,1,16384,8,256,32,262144,16,4096,256,64,4,16,1,16,20,20,12,1,next_burst,2,0,1,5,0,50,1,1,1,1,non_inclusive,lru,2280475,126100,2154375,1271016,2017600,0.629964,48,1024,0.046875,795248,50895872,0,0,612865,0,0,33605469,61000,191690,34471024,34279334,54867418,20588084,0.375233,2016576,54184,745560,0,198514,1018318,0,0,0,0.396384,0.999492,0,0,0.139323,18.501784,1,2,3,17,20,20,28,0,8854252,3.882635,1.838932,1907,2937
5e971e13-c1cf-428f-baa5-7eb7e0bb869e,adc154abe3cea812fb9fedff32206f3a879c9e26,cache,cache16_lat,loas,16,resnet19_T4_all,layer_16_layer3_0_conv2,1,16384,8,256,32,262144,16,4096,256,64,4,16,1,16,20,20,12,1,next_burst,4,0,1,5,0,50,1,1,1,1,non_inclusive,lru,2203153,126100,2077053,1317296,2017600,0.652902,48,1024,0.046875,795248,50895872,0,0,704089,0,0,32382274,61000,86509,33233872,33147363,82952738,49805375,0.600407,2016576,100464,699280,0,14300,1202532,0,0,0,0.396384,0.999492,0,0,0.139323,17.354877,2,3,5,18,19,20,41,0,9240931,4.194412,1.843846,1907,2937
5e971e13-c1cf-428f-baa5-7eb7e0bb869e,adc154abe3cea812fb9fedff32206f3a879c9e26,cache,cache16_lat,loas,16,resnet19_T4_all,layer_16_layer3_0_conv2,1,16384,8,256,32,262144,16,4096,256,64,4,16,1,16,20,20,12,1,next_burst,8,0,1,5,0,50,1,1,1,1,non_inclusive,lru,2201934,126100,2075834,1370281,2017600,0.679164,48,1024,0.046875,795248,50895872,0,0,803543,0,0,32286502,61000,63323,33214368,33151045,139981165,106830120,0.763175,2016576,153449,646295,0,0,1216832,0,0,0,0.396384,0.999492,0,0,0.139323,16.041807,3,5,7,18,19,20,86,0,9242386,4.197395,1.864234,1907,2937
5cf8f092-84fb-4639-be72-7e06604c2f61,adc154abe3cea812fb9fedff32206f3a879c9e26,cache,cache16_lat,loas,16,resnet19_T4_all,layer_16_layer3_0_conv2,2,16384,8,1024,128,262144,16,16384,1024,16,1,16,1,16,20,20,12,1,none,0,0,1,5,0,50,1,1,1,1,non_inclusive,lru,6894693,126864,6767829,0,2029824,0.000000,68752,2029824,0.033871,1961072,31377152,0,0,0,0,0,376514,107878749,31025,108286288,108255263,108255263,0,0.000000,0,0,0,0,0,0,0,0,0,0.000000,0.999496,0,0,0.000000,50.000000,1,1,1,12,15,16,0,0,10080432,1.462057,1.747008,1922,2925
5cf8f092-84fb-4639-be72-7e06604c2f61,adc154abe3cea812fb9fedff32206f3a879c9e26,cache,cache16_lat,loas,16,resnet19_T4_all,layer_16_layer3_0_conv2,2,16384,8,1024,128,262144,16,16384,1024,16,1,16,1,16,20,20,12,1,next_burst,2,0,1,5,0,50,1,1,1,1,non_inclusive,lru,5410000,126864,5283136,74171,2029824,0.036541,0,1024,0.000000,1961072,31377152,0,0,15379,0,0,84403157,64000,48664,84531200,84482536,257384198,172901662,0.671765,2028800,74171,1954629,0,0,0,0,0,0,0.999496,0.999496,0,0,0.000000,48.172970,2,3,3,18,19,20,28,0,14058134,2.598546,2.618710,1922,2925
5cf8f092-84fb-4639-be72-7e06604c2f61,adc154abe3cea812fb9fedff32206f3a879c9e26,cache,cache16_lat,loas,16,resnet19_T4_all,layer_16_layer3_0_conv2,2,16384,8,1024,128,262144,16,16384,1024,16,1,16,1,16,20,20,12,1,next_burst,4,0,1,5,0,50,1,1,1,1,non_inclusive,lru,5418948,126864,5292084,84885,2029824,0.041819,0,1024,0.000000,1961072,31377152,0,0,31532,0,0,84532307,64000,46529,84674368,84627839,430875989,346248150,0.803591,2028800,84885,1943915,0,0,0,0,0,0,0.999496,0.999496,0,0,0.000000,47.909055,4,5,5,18,19,20,60,0,14065496,2.595614,2.678802,1922,2925
5cf8f092-84fb-4639-be72-7e06604c2f61,adc154abe3cea812fb9fedff32206f3a879c9e26,cache,cache16_lat,loas,16,resnet19_T4_all,layer_16_layer3_0_conv2,2,16384,8,1024,128,262144,16,16384,1024,16,1,16,1,16,20,20,12,1,next_burst,8,0,1,5,0,50,1,1,1,1,non_inclusive,lru,5423431,126864,5296567,100372,2029824,0.049449,0,1024,0.000000,1961072,31377152,0,0,43922,0,0,84589577,64000,48597,84746096,84697499,777074340,692376841,0.891005,2028800,100372,1928428,0,0,0,0,0,0,0.999496,0.999496,0,0,0.000000,47.527569,8,9,9,18,19,20,124,0,14068372,2.593999,2.831108,1922,2925
2e8a338a-2a26-4bb4-8ddc-cf60f055fbf6,adc154abe3cea812fb9fedff32206f3a879c9e26,cache,cache16_lat,loas,16,resnet19_T4_all,layer_16_layer3_0_conv2,2,16384,8,512,64,262144,16,8192,512,32,2,16,1,16,20,20,12,1,none,0,0,1,5,0,50,1,1,1,1,non_inclusive,lru,4930925,126864,4804061,623360,2029824,0.307101,11072,1406464,0.007872,1395392,44652544,0,0,0,0,0,92482,76758647,14871,76866000,76851129,76851129,0,0.000000,0,0,0,0,0,0,0,0,0,0.000000,0.999496,0,0,0.079063,34.644974,1,1,1,10,15,16,0,0,8268032,1.676771,1.420723,1922,2925
2e8a338a-2a26-4bb4-8ddc-cf60f055fbf6,adc154abe3cea812fb9fedff32206f3a879c9e26,cache,cache16_lat,loas,16,resnet19_T4_all,layer_16_layer3_0_conv2,2,16384,8,512,64,262144,16,8192,512,32,2,16,1,16,20,20,12,1,next_burst,2,0,1,5,0,50,1,1,1,1,non_inclusive,lru,3851258,126864,3724394,750807,2029824,0.369888,0,1024,0.000000,1395392,44652544,0,0,159863,0,0,59268033,64000,99432,59591328,59491896,142293938,82802042,0.581908,2028800,127447,1277993,0,37359,586001,0,0,0,0.692395,0.999496,0,0,0.079063,31.505613,2,3,3,18,19,20,28,0,11687352,3.034684,2.305732,1922,2925
2e8a338a-2a26-4bb4-8ddc-cf60f055fbf6,adc154abe3cea812fb9fedff32206f3a879c9e26,cache,cache16_lat,loas,16,resnet19_T4_all,layer_16_layer3_0_conv2,2,16384,8,512,64,262144,16,8192,512,32,2,16,1,16,20,20,12,1,next_burst,4,0,1,5,0,50,1,1,1,1,non_inclusive,lru,3851322,126864,3724458,836163,2029824,0.411939,0,1024,0.000000,1395392,44652544,0,0,279850,0,0,59179473,64000,69029,59592352,59523323,227674807,168151484,0.738560,2028800,212803,1192637,0,598,622762,0,0,0,0.692395,0.999496,0,0,0.079063,29.403066,3,4,5,18,19,20,59,0,11689602,3.035218,2.318410,1922,2925
2e8a338a-2a26-4bb4-8ddc-cf60f055fbf6,adc154abe3cea812fb9fedff32206f3a879c9e26,cache,cache16_lat,loas,16,resnet19_T4_all,layer_16_layer3_0_conv2,2,16384,8,512,64,262144,16,8192,512,32,2,16,1,16,20,20,12,1,next_burst,8,0,1,5,0,50,1,1,1,1,non_inclusive,lru,3853211,126864,3726347,880476,2029824,0.433770,0,1024,0.000000,1395392,44652544,0,0,343036,0,0,59140939,64000,74601,59622576,59547975,396281400,336733425,0.849733,2028800,257116,1148324,0,393,622967,0,0,0,0.692395,0.999496,0,0,0.079063,28.311519,6,7,9,18,19,20,123,0,11689689,3.033753,2.377097,1922,2925
720af230-2049-4d6c-84b9-0c4ba2cc9415,adc154abe3cea812fb9fedff32206f3a879c9e26,cache,cache16_lat,loas,16,resnet19_T4_all,layer_16_layer3_0_conv2,2,16384,8,256,32,262144,16,4096,256,64,4,16,1,16,20,20,12,1,none,0,0,1,5,0,50,1,1,1,1,non_inclusive,lru,2870713,126864,2743849,1227776,2029824,0.604868,5520,802048,0.006882,796528,50977792,0,0,0,0,0,75330,43817224,10054,43902608,43892554,43892554,0,0.000000,0,0,0,0,0,0,0,0,0,0.000000,0.999496,0,0,0.087457,19.756590,1,1,1,9,15,16,0,0,6460336,2.250429,1.090413,1922,2925
720af230-2049-4d6c-84b9-0c4ba2cc9415,adc154abe3cea812fb9fedff32206f3a879c9e26,cache,cache16_lat,loas,16,resnet19_T4_all,layer_16_layer3_0_conv2,2,16384,8,256,32,262144,16,4096,256,64,4,16,1,16,20,20,12,1,next_burst,2,0,1,5,0,50,1,1,1,1,non_inclusive,lru,2288342,126864,2161478,1281022,2029824,0.631100,0,1024,0.000000,796528,50977792,0,0,620936,0,0,33719507,64000,180229,34584672,34404443,54811344,20406901,0.372312,2028800,53246,747778,0,205712,1022064,0,0,0,0.394627,0.999496,0,0,0.087457,18.444998,1,2,3,17,19,20,23,0,8904043,3.891046,1.909033,1922,2925
720af230-2049-4d6c-84b9-0c4ba2cc9415,adc154abe3cea812fb9fedff32206f3a879c9e26,cache,cache16_lat,loas,16,resnet19_T4_all,layer_16_layer3_0_conv2,2,16384,8,256,32,262144,16,4096,256,64,4,16,1,16,20,20,12,1,next_burst,4,0,1,5,0,50,1,1,1,1,non_inclusive,lru,2206458,126864,2079594,1322493,2029824,0.651531,0,1024,0.000000,796528,50977792,0,0,702921,0,0,32421888,64000,85719,33274528,33188809,82539866,49351057,0.597906,2028800,94717,706307,0,14763,1213013,0,0,0,0.394627,0.999496,0,0,0.087457,17.423456,2,3,5,18,19,20,42,0,9282395,4.206921,1.920737,1922,2925
720af230-2049-4d6c-84b9-0c4ba2cc9415,adc154abe3cea812fb9fedff32206f3a879c9e26,cache,cache16_lat,loas,16,resnet19_T4_all,layer_16_layer3_0_conv2,2,16384,8,256,32,262144,16,4096,256,64,4,16,1,16,20,20,12,1,next_burst,8,0,1,5,0,50,1,1,1,1,non_inclusive,lru,2205289,126864,2078425,1371926,2029824,0.675884,0,1024,0.000000,796528,50977792,0,0,793713,0,0,32338853,64000,59258,33255824,33196566,139147854,105951288,0.761430,2028800,144150,656874,0,96,1227680,0,0,0,0.394627,0.999496,0,0,0.087457,16.205789,3,5,7,18,19,20,89,0,9284189,4.209965,1.852841,1922,2925
50cbb4c4-379f-4abb-9161-6949e0584a0c,adc154abe3cea812fb9fedff32206f3a879c9e26,cache,cache16_lat,loas,16,resnet19_T4_all,layer_16_layer3_0_conv2,3,16384,8,1024,128,262144,16,16384,1024,16,1,16,1,16,20,20,12,1,none,0,0,1,5,0,50,1,1,1,1,non_inclusive,lru,6791723,125044,6666679,0,2000704,0.000000,69312,2000704,0.034644,1931392,30902272,0,0,0,0,0,388912,106247730,31246,106667888,106636642,106636642,0,0.000000,0,0,0,0,0,0,0,0,0,0.000000,0.999488,0,0,0.000000,50.000000,1,1,1,12,15,16,0,0,9934272,1.462703,1.766787,1868,2895
50cbb4c4-379f-4abb-9161-6949e0584a0c,adc154abe3cea812fb9fedff32206f3a879c9e26,cache,cache16_lat,loas,16,resnet19_T4_all,layer_16_layer3_0_conv2,3,16384,8,1024,128,262144,16,16384,1024,16,1,16,1,16,20,20,12,1,next_burst,2,0,1,5,0,50,1,1,1,1,non_inclusive,lru,5328830,125044,5203786,80431,2000704,0.040201,48,1024,0.046875,1931392,30902272,0,0,14987,0,0,83135000,61000,50613,83261600,83210987,253500440,170289453,0.671752,1999680,80431,1919249,0,0,0,0,0,0,0.999488,0.999488,0,0,0.000000,47.989933,2,3,3,18,19,20,28,0,13855247,2.600054,2.604397,1868,2895
50cbb4c4-379f-4abb-9161-6949e0584a0c,adc154abe3cea812fb9fedff32206f3a879c9e26,cache,cache16_lat,loas,16,resnet19_T4_all,layer_16_layer3_0_conv2,3,16384,8,1024,128,262144,16,16384,1024,16,1,16,1,16,20,20,12,1,next_burst,4,0,1,5,0,50,1,1,1,1,non_inclusive,lru,5336125,125044,5211081,89815,2000704,0.044892,48,1024,0.046875,1931392,30902272,0,0,31800,0,0,83245797,61000,39723,83378320,83338597,424254936,340916339,0.803565,1999680,89815,1909865,0,0,0,0,0,0,0.999488,0.999488,0,0,0.000000,47.755415,4,5,5,18,19,20,60,0,13861548,2.597681,2.646567,1868,2895
50cbb4c4-379f-4abb-9161-6949e0584a0c,adc154abe3cea812fb9fedff32206f3a879c9e26,cache,cache16_lat,loas,16,resnet19_T4_all,layer_16_layer3_0_conv2,3,16384,8,1024,128,262144,16,16384,1024,16,1,16,1,16,20,20,12,1,next_burst,8,0,1,5,0,50,1,1,1,1,non_inclusive,lru,5341193,125044,5216149,99505,2000704,0.049735,48,1024,0.046875,1931392,30902272,0,0,43229,0,0,83312779,61000,42400,83459408,83417008,765230024,681813016,0.890991,1999680,99505,1900175,0,0,0,0,0,0,0.999488,0.999488,0,0,0.000000,47.513250,8,9,9,18,19,20,124,0,13863000,2.595488,2.785492,1868,2895
552d4247-3671-49a7-9b90-ba2fce6b5f01,adc154abe3cea812fb9fedff32206f3a879c9e26,cache,cache16_lat,loas,16,resnet19_T4_all,layer_16_layer3_0_conv2,3,16384,8,512,64,262144,16,8192,512,32,2,16,1,16,20,20,12,1,none,0,0,1,5,0,50,1,1,1,1,non_inclusive,lru,4910934,125044,4785890,596544,2000704,0.298167,14560,1404160,0.010369,1389600,44467200,0,0,0,0,0,116991,76441224,17049,76575264,76558215,76558215,0,0.000000,0,0,0,0,0,0,0,0,0,0.000000,0.999488,0,0,0.080722,35.091648,1,1,1,10,15,16,0,0,8199392,1.669620,1.471028,1868,2895
552d4247-3671-49a7-9b90-ba2fce6b5f01,adc154abe3cea812fb9fedff32206f3a879c9e26,cache,cache16_lat,loas,16,resnet19_T4_all,layer_16_layer3_0_conv2,3,16384,8,512,64,262144,16,8192,512,32,2,16,1,16,20,20,12,1,next_burst,2,0,1,5,0,50,1,1,1,1,non_inclusive,lru,3836534,125044,3711490,730798,2000704,0.365270,48,1024,0.046875,1389600,44467200,0,0,164903,0,0,59065715,61000,93246,59384864,59291618,143322760,84031142,0.586307,1999680,134254,1268882,0,38676,557868,0,0,0,0.701321,0.999488,0,0,0.080722,31.736479,2,3,3,18,19,20,28,0,11583744,3.019325,2.314813,1868,2895
552d4247-3671-49a7-9b90-ba2fce6b5f01,adc154abe3cea812fb9fedff32206f3a879c9e26,cache,cache16_lat,loas,16,resnet19_T4_all,layer_16_layer3_0_conv2,3,16384,8,512,64,262144,16,8192,512,32,2,16,1,16,20,20,12,1,next_burst,4,0,1,5,0,50,1,1,1,1,non_inclusive,lru,3835554,125044,3710510,811500,2000704,0.405607,48,1024,0.046875,1389600,44467200,0,0,278819,0,0,58955922,61000,73443,59369184,59295741,229885812,170590071,0.742064,1999680,214956,1188180,0,1023,595521,0,0,0,0.701321,0.999488,0,0,0.080722,29.719639,3,4,5,18,19,20,59,0,11586222,3.020743,2.399646,1868,2895
552d4247-3671-49a7-9b90-ba2fce6b5f01,adc154abe3cea812fb9fedff32206f3a879c9e26,cache,cache16_lat,loas,16,resnet19_T4_all,layer_16_layer3_0_conv2,3,16384,8,512,64,262144,16,8192,512,32,2,16,1,16,20,20,12,1,next_burst,8,0,1,5,0,50,1,1,1,1,non_inclusive,lru,3838906,125044,3713862,859970,2000704,0.429834,48,1024,0.046875,1389600,44467200,0,0,344586,0,0,58938659,61000,78571,59422816,59344245,401017951,341673706,0.852016,1999680,263426,1139710,0,976,595568,0,0,0,0.701321,0.999488,0,0,0.080722,28.508315,6,7,9,18,19,20,123,0,11586313,3.018129,2.374362,1868,2895
2086a2c5-1702-4508-a968-1c3ae1d1c6bf,adc154abe3cea812fb9fedff32206f3a879c9e26,cache,cache16_lat,loas,16,resnet19_T4_all,layer_16_layer3_0_conv2,3,16384,8,256,32,262144,16,4096,256,64,4,16,1,16,20,20,12,1,none,0,0,1,5,0,50,1,1,1,1,non_inclusive,lru,2850154,125044,2725110,1203904,2000704,0.601740,5760,796800,0.007229,791040,50626560,0,0,0,0,0,78036,43514865,9883,43602784,43592901,43592901,0,0.000000,0,0,0,0,0,0,0,0,0,0.000000,0.999488,0,0,0.083116,19.912991,1,1,1,9,15,16,0,0,6386112,2.240620,1.119924,1868,2895
2086a2c5-1702-4508-a968-1c3ae1d1c6bf,adc154abe3cea812fb9fedff32206f3a879c9e26,cache,cache16_lat,loas,16,resnet19_T4_all,layer_16_layer3_0_conv2,3,16384,8,256,32,262144,16,4096,256,64,4,16,1,16,20,20,12,1,next_burst,2,0,1,5,0,50,1,1,1,1,non_inclusive,lru,2267819,125044,2142775,1257243,2000704,0.628400,48,1024,0.046875,791040,50626560,0,0,609178,0,0,33427281,61000,187965,34285424,34097459,54845024,20747565,0.378294,1999680,53339,742437,0,206613,997291,0,0,0,0.397748,0.999488,0,0,0.083116,18.579985,1,2,3,17,20,20,24,0,8803867,3.882085,1.840396,1868,2895
2086a2c5-1702-4508-a968-1c3ae1d1c6bf,adc154abe3cea812fb9fedff32206f3a879c9e26,cache,cache16_lat,loas,16,resnet19_T4_all,layer_16_layer3_0_conv2,3,16384,8,256,32,262144,16,4096,256,64,4,16,1,16,20,20,12,1,next_burst,4,0,1,5,0,50,1,1,1,1,non_inclusive,lru,2192008,125044,2066964,1303990,2000704,0.651766,48,1024,0.046875,791040,50626560,0,0,700374,0,0,32225460,61000,85614,33072448,32986834,83455410,50468576,0.604737,1999680,100086,695690,0,14769,1189135,0,0,0,0.397748,0.999488,0,0,0.083116,17.411721,2,3,5,18,19,20,42,0,9174077,4.185239,1.876547,1868,2895
2086a2c5-1702-4508-a968-1c3ae1d1c6bf,adc154abe3cea812fb9fedff32206f3a879c9e26,cache,cache16_lat,loas,16,resnet19_T4_all,layer_16_layer3_0_conv2,3,16384,8,256,32,262144,16,4096,256,64,4,16,1,16,20,20,12,1,next_burst,8,0,1,5,0,50,1,1,1,1,non_inclusive,lru,2190322,125044,2065278,1353153,2000704,0.676338,48,1024,0.046875,791040,50626560,0,0,788364,0,0,32128943,61000,67165,33045472,32978307,139501504,106523197,0.763599,1999680,149249,646527,0,6,1203898,0,0,0,0.397748,0.999488,0,0,0.083116,16.183079,3,5,7,18,19,20,89,0,9175488,4.189105,1.898364,1868,2895
cbe74d15-f4cb-4c4d-a863-93bc0965d339,adc154abe3cea812fb9fedff32206f3a879c9e26,cache,cache16_lat,loas,16,resnet19_T4_all,layer_16_layer3_0_conv2,4,16384,8,1024,128,262144,16,16384,1024,16,1,16,1,16,20,20,12,1,none,0,0,1,5,0,50,1,1,1,1,non_inclusive,lru,6509835,120532,6389303,0,1928512,0.000000,79104,1928512,0.041018,1849408,29590528,0,0,0,0,0,449487,101742460,37925,102229872,102191947,102191947,0,0.000000,0,0,0,0,0,0,0,0,0,0.000000,0.999469,0,0,0.000000,50.000000,1,1,1,12,15,16,0,0,9563520,1.469088,1.673361,1830,2817
cbe74d15-f4cb-4c4d-a863-93bc0965d339,adc154abe3cea812fb9fedff32206f3a879c9e26,cache,cache16_lat,loas,16,resnet19_T4_all,layer_16_layer3_0_conv2,4,16384,8,1024,128,262144,16,16384,1024,16,1,16,1,16,20,20,12,1,next_burst,2,0,1,5,0,50,1,1,1,1,non_inclusive,lru,5108049,120532,4987517,70934,1928512,0.036782,0,1024,0.000000,1849408,29590528,0,0,18068,0,0,79663823,64000,55405,79801296,79745891,242960297,163214406,0.671774,1927488,70934,1856554,0,0,0,0,0,0,0.999469,0.999469,0,0,0.000000,48.160914,2,3,3,18,19,20,28,0,13319150,2.607483,2.513559,1830,2817
cbe74d15-f4cb-4c4d-a863-93bc0965d339,adc154abe3cea812fb9fedff32206f3a879c9e26,cache,cache16_lat,loas,16,resnet19_T4_all,layer_16_layer3_0_conv2,4,16384,8,1024,128,262144,16,16384,1024,16,1,16,1,16,20,20,12,1,next_burst,4,0,1,5,0,50,1,1,1,1,non_inclusive,lru,5123400,120532,5002868,87700,1928512,0.045475,0,1024,0.000000,1849408,29590528,0,0,33446,0,0,79902898,64000,46568,80046912,80000344,407324800,327324456,0.803596,1927488,87700,1839788,0,0,0,0,0,0,0.999469,0.999469,0,0,0.000000,47.726226,4,5,5,18,19,20,60,0,13334154,2.602599,2.558284,1830,2817
cbe74d15-f4cb-4c4d-a863-93bc0965d339,adc154abe3cea812fb9fedff32206f3a879c9e26,cache,cache16_lat,loas,16,resnet19_T4_all,layer_16_layer3_0_conv2,4,16384,8,1024,128,262144,16,16384,1024,16,1,16,1,16,20,20,12,1,next_burst,8,0,1,5,0,50,1,1,1,1,non_inclusive,lru,5131260,120532,5010728,101503,1928512,0.052633,0,1024,0.000000,1849408,29590528,0,0,49285,0,0,80019665,64000,39722,80172672,80132950,735062401,654929451,0.890985,1927488,101503,1825985,0,0,0,0,0,0,0.999469,0.999469,0,0,0.000000,47.368360,8,9,9,18,19,20,124,0,13338344,2.599429,2.682604,1830,2817
42eb0c47-2468-4fd2-a95e-c0d2c579ed51,adc154abe3cea812fb9fedff32206f3a879c9e26,cache,cache16_lat,loas,16,resnet19_T4_all,layer_16_layer3_0_conv2,4,16384,8,512,64,262144,16,8192,512,32,2,16,1,16,20,20,12,1,none,0,0,1,5,0,50,1,1,1,1,non_inclusive,lru,4714250,120532,4593718,578240,1928512,0.299837,16640,1350272,0.012323,1333632,42676224,0,0,0,0,0,118761,73362568,19183,73500512,73481329,73481329,0,0.000000,0,0,0,0,0,0,0,0,0,0.000000,0.999469,0,0,0.119508,35.008131,1,1,1,10,15,16,0,0,7891264,1.673917,1.356382,1830,2817
42eb0c47-2468-4fd2-a95e-c0d2c579ed51,adc154abe3cea812fb9fedff32206f3a879c9e26,cache,cache16_lat,loas,16,resnet19_T4_all,layer_16_layer3_0_conv2,4,16384,8,512,64,262144,16,8192,512,32,2,16,1,16,20,20,12,1,next_burst,2,0,1,5,0,50,1,1,1,1,non_inclusive,lru,3682278,120532,3561746,699653,1928512,0.362794,0,1024,0.000000,1333632,42676224,0,0,148514,0,0,56675920,64000,100526,56988960,56888434,137457665,80569231,0.586139,1927488,121413,1227835,0,35870,542370,0,0,0,0.699632,0.999469,0,0,0.119508,31.860289,2,3,3,18,19,20,28,0,11144314,3.026473,2.220885,1830,2817
42eb0c47-2468-4fd2-a95e-c0d2c579ed51,adc154abe3cea812fb9fedff32206f3a879c9e26,cache,cache16_lat,loas,16,resnet19_T4_all,layer_16_layer3_0_conv2,4,16384,8,512,64,262144,16,8192,512,32,2,16,1,16,20,20,12,1,next_burst,4,0,1,5,0,50,1,1,1,1,non_inclusive,lru,3681732,120532,3561200,791282,1928512,0.410307,0,1024,0.000000,1333632,42676224,0,0,280222,0,0,56573957,64000,62045,56980224,56918179,219305462,162387283,0.740462,1927488,213042,1136206,0,1006,577234,0,0,0,0.699632,0.999469,0,0,0.119508,29.484649,3,4,5,18,19,20,60,0,11149687,3.028381,2.216698,1830,2817
42eb0c47-2468-4fd2-a95e-c0d2c579ed51,adc154abe3cea812fb9fedff32206f3a879c9e26,cache,cache16_lat,loas,16,resnet19_T4_all,layer_16_layer3_0_conv2,4,16384,8,512,64,262144,16,8192,512,32,2,16,1,16,20,20,12,1,next_burst,8,0,1,5,0,50,1,1,1,1,non_inclusive,lru,3685252,120532,3564720,841749,1928512,0.436476,0,1024,0.000000,1333632,42676224,0,0,355081,0,0,56521576,64000,95887,57036544,56940657,383339544,326398887,0.851462,1927488,263509,1085739,0,889,577351,0,0,0,0.699632,0.999469,0,0,0.119508,28.176205,6,7,9,18,19,20,124,0,11149916,3.025550,2.285428,1830,2817
bd3575c1-cebf-4a58-b9a9-c453752111a4,adc154abe3cea812fb9fedff32206f3a879c9e26,cache,cache16_lat,loas,16,resnet19_T4_all,layer_16_layer3_0_conv2,4,16384,8,256,32,262144,16,4096,256,64,4,16,1,16,20,20,12,1,none,0,0,1,5,0,50,1,1,1,1,non_inclusive,lru,2815665,120532,2695133,1140800,1928512,0.591544,5232,787712,0.006642,782480,50078720,0,0,0,0,0,66204,43045241,11707,43123152,43111445,43111445,0,0.000000,0,0,0,0,0,0,0,0,0,0.000000,0.999469,0,0,0.127937,20.422792,1,1,1,9,15,16,0,0,6214992,2.207291,1.038665,1830,2817
bd3575c1-cebf-4a58-b9a9-c453752111a4,adc154abe3cea812fb9fedff32206f3a879c9e26,cache,cache16_lat,loas,16,resnet19_T4_all,layer_16_layer3_0_conv2,4,16384,8,256,32,262144,16,4096,256,64,4,16,1,16,20,20,12,1,next_burst,2,0,1,5,0,50,1,1,1,1,non_inclusive,lru,2229982,120532,2109450,1192929,1928512,0.618575,0,1024,0.000000,782480,50078720,0,0,578803,0,0,32925278,64000,184143,33752224,33568081,55426065,21857984,0.394363,1927488,52129,734559,0,201352,939448,0,0,0,0.407925,0.999469,0,0,0.127937,19.071258,1,2,3,17,20,20,27,0,8591856,3.852881,1.789662,1830,2817
bd3575c1-cebf-4a58-b9a9-c453752111a4,adc154abe3cea812fb9fedff32206f3a879c9e26,cache,cache16_lat,loas,16,resnet19_T4_all,layer_16_layer3_0_conv2,4,16384,8,256,32,262144,16,4096,256,64,4,16,1,16,20,20,12,1,next_burst,4,0,1,5,0,50,1,1,1,1,non_inclusive,lru,2167899,120532,2047367,1234585,1928512,0.640175,0,1024,0.000000,782480,50078720,0,0,658822,0,0,31954116,64000,81958,32758896,32676938,84405547,51728609,0.612858,1927488,93785,692903,0,14870,1125930,0,0,0,0.407925,0.999469,0,0,0.127937,17.991254,2,3,5,18,19,20,59,0,8922374,4.115678,1.781391,1830,2817
bd3575c1-cebf-4a58-b9a9-c453752111a4,adc154abe3cea812fb9fedff32206f3a879c9e26,cache,cache16_lat,loas,16,resnet19_T4_all,layer_16_layer3_0_conv2,4,16384,8,256,32,262144,16,4096,256,64,4,16,1,16,20,20,12,1,next_burst,8,0,1,5,0,50,1,1,1,1,non_inclusive,lru,2168351,120532,2047819,1282937,1928512,0.665247,0,1024,0.000000,782480,50078720,0,0,746171,0,0,31898371,64000,57586,32766128,32708542,140799523,108090981,0.767694,1927488,142137,644551,0,340,1140460,0,0,0,0.407925,0.999469,0,0,0.127937,16.737645,3,5,8,18,19,20,107,0,8923378,4.115283,1.815696,1830,2817
f787c4ef-154a-43e6-ba6c-55cf1703fdfe,adc154abe3cea812fb9fedff32206f3a879c9e26,cache,cache16_lat,loas,16,vgg16_T4_all,layer_01_features_3,0,16384,8,1024,128,262144,16,16384,1024,16,1,16,1,16,20,20,12,1,none,0,0,1,5,0,50,1,1,1,1,non_inclusive,lru,1112755,118912,993843,813440,1902592,0.427543,1082528,1089152,0.993918,1656,26496,0,0,0,0,0,15269895,371029,276948,15917872,15640924,15640924,0,0.000000,0,0,0,0,0,0,0,0,0,0.000000,0.991389,0,0,0.000000,28.622847,1,1,1,3,4,4,0,0,5986168,5.379592,0.936377,116,170
f787c4ef-154a-43e6-ba6c-55cf1703fdfe,adc154abe3cea812fb9fedff32206f3a879c9e26,cache,cache16_lat,loas,16,vgg16_T4_all,layer_01_features_3,0,16384,8,1024,128,262144,16,16384,1024,16,1,16,1,16,20,20,12,1,next_burst,2,0,1,5,0,50,1,1,1,1,non_inclusive,lru,1102230,118912,983318,910478,1902592,0.478546,12208,12384,0.985788,1656,26496,0,0,471636,0,0,14984414,10736,282686,15749472,15466786,37289489,21822703,0.585224,1886208,97038,979730,0,809440,0,0,0,0,0.565948,0.991389,0,0,0.000000,26.072695,2,3,3,6,11,12,0,0,7872376,7.142226,1.562982,116,170
f787c4ef-154a-43e6-ba6c-55cf1703fdfe,adc154abe3cea812fb9fedff32206f3a879c9e26,cache,cache16_lat,loas,16,vgg16_T4_all,layer_01_features_3,0,16384,8,1024,128,262144,16,16384,1024,16,1,16,1,16,20,20,12,1,next_burst,4,0,1,5,0,50,1,1,1,1,non_inclusive,lru,1098897,118912,979985,926337,1902592,0.486882,12942,13118,0.986583,1656,26496,0,0,492895,0,0,14887965,10736,304548,15696144,15391596,57696672,42305076,0.733233,1886208,112897,963137,0,810174,0,0,0,0,0.565562,0.991389,0,0,0.000000,25.655921,3,5,5,7,13,13,0,0,7872376,7.163889,1.583715,116,170
f787c4ef-154a-43e6-ba6c-55cf1703fdfe,adc154abe3cea812fb9fedff32206f3a879c9e26,cache,cache16_lat,loas,16,vgg16_T4_all,layer_01_features_3,0,16384,8,1024,128,262144,16,16384,1024,16,1,16,1,16,20,20,12,1,next_burst,8,0,1,5,0,50,1,1,1,1,non_inclusive,lru,1097509,118912,978597,939780,1902592,0.493947,26120,26296,0.993307,1656,26496,0,0,507001,0,0,14795177,10736,361022,15673936,15312914,95475427,80162513,0.839614,1886208,126430,936516,0,823262,0,0,0,0,0.558683,0.991389,0,0,0.000000,25.302640,5,8,9,8,13,13,0,0,7872556,7.173113,1.618152,116,170
55ba4916-f695-4ae0-be0f-2595f6d9b2bc,adc154abe3cea812fb9fedff32206f3a879c9e26,cache,cache16_lat,loas,16,vgg16_T4_all,layer_01_features_3,0,16384,8,512,64,262144,16,8192,512,32,2,16,1,16,20,20,12,1,none,0,0,1,5,0,50,1,1,1,1,non_inclusive,lru,1235650,118912,1116738,683488,1902592,0.359240,1215072,1219104,0.996693,1008,32256,0,0,0,0,0,17387951,225611,270630,17884192,17613562,17613562,0,0.000000,0,0,0,0,0,0,0,0,0,0.000000,0.991389,0,0,0.178571,32.037978,1,1,1,3,4,4,0,0,6245424,5.054363,0.966768,116,170
55ba4916-f695-4ae0-be0f-2595f6d9b2bc,adc154abe3cea812fb9fedff32206f3a879c9e26,cache,cache16_lat,loas,16,vgg16_T4_all,layer_01_features_3,0,16384,8,512,64,262144,16,8192,512,32,2,16,1,16,20,20,12,1,next_burst,2,0,1,5,0,50,1,1,1,1,non_inclusive,lru,1228613,118912,1109701,811383,1902592,0.426462,13456,13600,0.989412,1008,32256,0,0,338516,0,0,17158580,8784,265720,17771600,17505880,43244517,25738637,0.595188,1886208,127895,1077609,0,468067,212637,0,0,0,0.633611,0.991389,0,0,0.178571,28.676905,2,3,3,6,11,12,0,0,8131632,6.618546,1.573810,116,170
55ba4916-f695-4ae0-be0f-2595f6d9b2bc,adc154abe3cea812fb9fedff32206f3a879c9e26,cache,cache16_lat,loas,16,vgg16_T4_all,layer_01_features_3,0,16384,8,512,64,262144,16,8192,512,32,2,16,1,16,20,20,12,1,next_burst,4,0,1,5,0,50,1,1,1,1,non_inclusive,lru,1226788,118912,1107876,800957,1902592,0.420982,14329,14473,0.990050,1008,32256,0,0,320334,0,0,17106376,8784,306906,17742400,17435494,67749849,50314355,0.742649,1886208,117469,1087162,0,468396,213181,0,0,0,0.633153,0.991389,0,0,0.178571,28.950900,3,5,5,8,13,13,0,0,8131632,6.628392,1.591699,116,170
55ba4916-f695-4ae0-be0f-2595f6d9b2bc,adc154abe3cea812fb9fedff32206f3a879c9e26,cache,cache16_lat,loas,16,vgg16_T4_all,layer_01_features_3,0,16384,8,512,64,262144,16,8192,512,32,2,16,1,16,20,20,12,1,next_burst,8,0,1,5,0,50,1,1,1,1,non_inclusive,lru,1226475,118912,1107563,825240,1902592,0.433745,28906,29050,0.995043,1008,32256,0,0,348190,0,0,17019764,8784,360654,17737392,17376738,114330176,96953438,0.848013,1886208,141927,1048302,0,487244,208735,0,0,0,0.625583,0.991389,0,0,0.178571,28.312744,5,8,9,9,13,13,0,0,8131982,6.630369,1.644339,116,170
0de1b864-5f15-47b8-ad33-ff36bcb5ee66,adc154abe3cea812fb9fedff32206f3a879c9e26,cache,cache16_lat,loas,16,vgg16_T4_all,layer_01_features_3,0,16384,8,256,32,262144,16,4096,256,64,4,16,1,16,20,20,12,1,none,0,0,1,5,0,50,1,1,1,1,non_inclusive,lru,1151445,118912,1032533,764016,1902592,0.401566,1136416,1138576,0.998103,540,34560,0,0,0,0,0,16142196,120842,273874,16536912,16263038,16263038,0,0.000000,0,0,0,0,0,0,0,0,0,0.000000,0.991389,0,0,0.233333,29.921707,1,1,1,3,4,4,0,0,6083900,5.283709,0.910998,116,170
0de1b864-5f15-47b8-ad33-ff36bcb5ee66,adc154abe3cea812fb9fedff32206f3a879c9e26,cache,cache16_lat,loas,16,vgg16_T4_all,layer_01_features_3,0,16384,8,256,32,262144,16,4096,256,64,4,16,1,16,20,20,12,1,next_burst,2,0,1,5,0,50,1,1,1,1,non_inclusive,lru,1147484,118912,1028572,891645,1902592,0.468648,15731,15811,0.994940,540,34560,0,0,379255,0,0,15834914,4880,254487,16473536,16219049,38253508,22034459,0.576011,1886208,127629,995136,0,298390,465053,0,0,0,0.590124,0.991389,0,0,0.233333,26.567625,1,3,3,6,11,12,0,0,7970108,6.945725,1.509849,116,170
0de1b864-5f15-47b8-ad33-ff36bcb5ee66,adc154abe3cea812fb9fedff32206f3a879c9e26,cache,cache16_lat,loas,16,vgg16_T4_all,layer_01_features_3,0,16384,8,256,32,262144,16,4096,256,64,4,16,1,16,20,20,12,1,next_burst,4,0,1,5,0,50,1,1,1,1,non_inclusive,lru,1146192,118912,1027280,879271,1902592,0.462144,16579,16659,0.995198,540,34560,0,0,361645,0,0,15784431,4880,301908,16452864,16150956,59275292,43124336,0.727526,1886208,115255,1006662,0,259033,505258,0,0,0,0.589678,0.991389,0,0,0.233333,26.892813,3,4,5,9,13,13,0,0,7970108,6.953554,1.519763,116,170
0de1b864-5f15-47b8-ad33-ff36bcb5ee66,adc154abe3cea812fb9fedff32206f3a879c9e26,cache,cache16_lat,loas,16,vgg16_T4_all,layer_01_features_3,0,16384,8,256,32,262144,16,4096,256,64,4,16,1,16,20,20,12,1,next_burst,8,0,1,5,0,50,1,1,1,1,non_inclusive,lru,1145759,118912,1026847,885979,1902592,0.465669,27269,27349,0.997075,540,34560,0,0,359416,0,0,15748120,4880,333520,16445936,16112416,99665575,83553159,0.838335,1886208,122085,989264,0,276336,498523,0,0,0,0.584124,0.991389,0,0,0.233333,26.716527,5,7,9,12,13,14,0,0,7970352,6.956395,1.552867,116,170
f26640a7-d612-4b8c-a7f1-20195d368b88,adc154abe3cea812fb9fedff32206f3a879c9e26,cache,cache16_lat,loas,16,vgg16_T4_all,layer_01_features_3,1,16384,8,1024,128,262144,16,16384,1024,16,1,16,1,16,20,20,12,1,none,0,0,1,5,0,50,1,1,1,1,non_inclusive,lru,1528008,135303,1392705,661904,2164848,0.305751,1493920,1502944,0.993996,2256,36096,0,0,0,0,0,21520019,504846,274799,22299664,22024865,22024865,0,0.000000,0,0,0,0,0,0,0,0,0,0.000000,0.992432,0,0,0.000000,34.712460,1,1,1,3,4,4,0,0,7338864,4.802896,1.167347,129,248
f26640a7-d612-4b8c-a7f1-20195d368b88,adc154abe3cea812fb9fedff32206f3a879c9e26,cache,cache16_lat,loas,16,vgg16_T4_all,layer_01_features_3,1,16384,8,1024,128,262144,16,16384,1024,16,1,16,1,16,20,20,12,1,next_burst,2,0,1,5,0,50,1,1,1,1,non_inclusive,lru,1513868,135303,1378565,779484,2164848,0.360064,13936,14080,0.989773,2256,36096,0,0,346917,0,0,21440865,8784,276858,22073424,21796566,57177245,35380679,0.618790,2148464,117580,1371284,0,659600,0,0,0,0,0.687745,0.992432,0,0,0.000000,31.996796,2,3,3,5,11,12,0,0,9487328,6.266945,1.877087,129,248
f26640a7-d612-4b8c-a7f1-20195d368b88,adc154abe3cea812fb9fedff32206f3a879c9e26,cache,cache16_lat,loas,16,vgg16_T4_all,layer_01_features_3,1,16384,8,1024,128,262144,16,16384,1024,16,1,16,1,16,20,20,12,1,next_burst,4,0,1,5,0,50,1,1,1,1,non_inclusive,lru,1510756,135303,1375453,785512,2164848,0.362849,14252,14396,0.989997,2256,36096,0,0,347892,0,0,21347270,8784,319686,22023632,21703946,91075419,69371473,0.761693,2148464,123608,1364940,0,659916,0,0,0,0,0.687599,0.992432,0,0,0.000000,31.857572,3,5,5,6,13,13,0,0,9487328,6.279855,1.890929,129,248
f26640a7-d612-4b8c-a7f1-20195d368b88,adc154abe3cea812fb9fedff32206f3a879c9e26,cache,cache16_lat,loas,16,vgg16_T4_all,layer_01_features_3,1,16384,8,1024,128,262144,16,16384,1024,16,1,16,1,16,20,20,12,1,next_burst,8,0,1,5,0,50,1,1,1,1,non_inclusive,lru,1510153,135303,1374850,795227,2164848,0.367336,26863,27007,0.994668,2256,36096,0,0,354975,0,0,21296815,8784,353410,22013984,21660574,155625184,133964610,0.860816,2148464,133419,1342614,0,672431,0,0,0,0,0.681818,0.992432,0,0,0.000000,31.633191,6,9,9,6,13,14,0,0,9487520,6.282489,1.953006,129,248
4132e0a9-0696-418e-905b-08352079f335,adc154abe3cea812fb9fedff32206f3a879c9e26,cache,cache16_lat,loas,16,vgg16_T4_all,layer_01_features_3,1,16384,8,512,64,262144,16,8192,512,32,2,16,1,16,20,20,12,1,none,0,0,1,5,0,50,1,1,1,1,non_inclusive,lru,1568451,135303,1433148,612880,2164848,0.283105,1547360,1551968,0.997031,1152,36864,0,0,0,0,0,22409751,257643,279358,22946752,22667394,22667394,0,0.000000,0,0,0,0,0,0,0,0,0,0.000000,0.992432,0,0,0.020833,35.844734,1,1,1,3,4,4,0,0,7435808,4.740861,1.138329,129,248
4132e0a9-0696-418e-905b-08352079f335,adc154abe3cea812fb9fedff32206f3a879c9e26,cache,cache16_lat,loas,16,vgg16_T4_all,layer_01_features_3,1,16384,8,512,64,262144,16,8192,512,32,2,16,1,16,20,20,12,1,next_burst,2,0,1,5,0,50,1,1,1,1,non_inclusive,lru,1560941,135303,1425638,758543,2164848,0.350391,14800,14912,0.992489,1152,36864,0,0,285179,0,0,22259907,6832,274674,22826592,22551918,59173842,36621924,0.618887,2148464,145663,1391393,0,354761,256647,0,0,0,0.710006,0.992432,0,0,0.020833,32.480456,2,3,3,5,11,12,0,0,9584272,6.140060,1.825995,129,248
4132e0a9-0696-418e-905b-08352079f335,adc154abe3cea812fb9fedff32206f3a879c9e26,cache,cache16_lat,loas,16,vgg16_T4_all,layer_01_features_3,1,16384,8,512,64,262144,16,8192,512,32,2,16,1,16,20,20,12,1,next_burst,4,0,1,5,0,50,1,1,1,1,non_inclusive,lru,1559379,135303,1424076,747909,2164848,0.345479,15235,15347,0.992702,1152,36864,0,0,259065,0,0,22231728,6832,303975,22801600,22497625,94144326,71646701,0.761030,2148464,135029,1401592,0,354004,257839,0,0,0,0.709805,0.992432,0,0,0.020833,32.726062,3,5,5,6,13,13,0,0,9584272,6.146211,1.858444,129,248
4132e0a9-0696-418e-905b-08352079f335,adc154abe3cea812fb9fedff32206f3a879c9e26,cache,cache16_lat,loas,16,vgg16_T4_all,layer_01_features_3,1,16384,8,512,64,262144,16,8192,512,32,2,16,1,16,20,20,12,1,next_burst,8,0,1,5,0,50,1,1,1,1,non_inclusive,lru,1558991,135303,1423688,750498,2164848,0.346675,26780,26892,0.995835,1152,36864,0,0,259662,0,0,22189375,6832,339523,22795392,22455869,161804479,139348610,0.861216,2148464,137698,1387458,0,368254,255054,0,0,0,0.704510,0.992432,0,0,0.020833,32.666266,6,8,9,7,13,14,0,0,9584432,6.147843,1.921926,129,248
68348de5-f07c-4fc1-bbf8-08f4a8e3eb94,adc154abe3cea812fb9fedff32206f3a879c9e26,cache,cache16_lat,loas,16,vgg16_T4_all,layer_01_features_3,1,16384,8,256,32,262144,16,4096,256,64,4,16,1,16,20,20,12,1,none,0,0,1,5,0,50,1,1,1,1,non_inclusive,lru,1424373,135303,1289070,753120,2164848,0.347886,1409424,1411728,0.998368,576,36864,0,0,0,0,0,20223431,128600,289473,20641504,20352031,20352031,0,0.000000,0,0,0,0,0,0,0,0,0,0.000000,0.992432,0,0,0.020833,32.605707,1,1,1,3,4,4,0,0,7154752,5.023089,1.060778,129,248
68348de5-f07c-4fc1-bbf8-08f4a8e3eb94,adc154abe3cea812fb9fedff32206f3a879c9e26,cache,cache16_lat,loas,16,vgg16_T4_all,layer_01_features_3,1,16384,8,256,32,262144,16,4096,256,64,4,16,1,16,20,20,12,1,next_burst,2,0,1,5,0,50,1,1,1,1,non_inclusive,lru,1419495,135303,1284192,906023,2164848,0.418516,15920,16016,0.994006,576,36864,0,0,356425,0,0,19940721,5856,260454,20563456,20303002,50066591,29763589,0.594480,2148464,152903,1242809,0,193574,559178,0,0,0,0.644716,0.992432,0,0,0.020833,29.074212,2,3,3,7,11,12,0,0,9303216,6.553891,1.761131,129,248
68348de5-f07c-4fc1-bbf8-08f4a8e3eb94,adc154abe3cea812fb9fedff32206f3a879c9e26,cache,cache16_lat,loas,16,vgg16_T4_all,layer_01_features_3,1,16384,8,256,32,262144,16,4096,256,64,4,16,1,16,20,20,12,1,next_burst,4,0,1,5,0,50,1,1,1,1,non_inclusive,lru,1418523,135303,1283220,893247,2164848,0.412614,16140,16236,0.994087,576,36864,0,0,333876,0,0,19909173,5856,298999,20547904,20248905,78863904,58614999,0.743242,2148464,140127,1255365,0,135653,617319,0,0,0,0.644614,0.992432,0,0,0.020833,29.369291,3,5,5,10,13,14,0,0,9303216,6.558382,1.879474,129,248
68348de5-f07c-4fc1-bbf8-08f4a8e3eb94,adc154abe3cea812fb9fedff32206f3a879c9e26,cache,cache16_lat,loas,16,vgg16_T4_all,layer_01_features_3,1,16384,8,256,32,262144,16,4096,256,64,4,16,1,16,20,20,12,1,next_burst,8,0,1,5,0,50,1,1,1,1,non_inclusive,lru,1418319,135303,1283016,882345,2164848,0.407578,23263,23359,0.995890,576,36864,0,0,310144,0,0,19919759,5856,308881,20544640,20235759,134914710,114678951,0.850011,2148464,129259,1259144,0,146278,613783,0,0,0,0.641340,0.992432,0,0,0.020833,29.621087,5,8,9,12,13,14,0,0,9303284,6.559373,1.818221,129,248
0e7db03e-db7f-4dad-a07a-55dd9080a4c9,adc154abe3cea812fb9fedff32206f3a879c9e26,cache,cache16_lat,loas,16,vgg16_T4_all,layer_01_features_3,2,16384,8,1024,128,262144,16,16384,1024,16,1,16,1,16,20,20,12,1,none,0,0,1,5,0,50,1,1,1,1,non_inclusive,lru,1230303,122789,1107514,759216,1964624,0.386443,1196960,1205408,0.992992,2112,33792,0,0,0,0,0,16974881,474894,286833,17736608,17449775,17449775,0,0.000000,0,0,0,0,0,0,0,0,0,0.000000,0.991660,0,0,0.000000,30.677829,1,1,1,3,4,4,0,0,6343200,5.155803,0.981957,122,206
0e7db03e-db7f-4dad-a07a-55dd9080a4c9,adc154abe3cea812fb9fedff32206f3a879c9e26,cache,cache16_lat,loas,16,vgg16_T4_all,layer_01_features_3,2,16384,8,1024,128,262144,16,16384,1024,16,1,16,1,16,20,20,12,1,next_burst,2,0,1,5,0,50,1,1,1,1,non_inclusive,lru,1218163,122789,1095374,868826,1964624,0.442235,12800,12944,0.988875,2112,33792,0,0,435343,0,0,16804467,8784,293774,17542368,17248594,42767695,25519101,0.596691,1948240,109610,1082854,0,755776,0,0,0,0,0.606968,0.991660,0,0,0.000000,27.888237,2,3,3,3,11,12,0,0,8291440,6.806511,1.637356,122,206
0e7db03e-db7f-4dad-a07a-55dd9080a4c9,adc154abe3cea812fb9fedff32206f3a879c9e26,cache,cache16_lat,loas,16,vgg16_T4_all,layer_01_features_3,2,16384,8,1024,128,262144,16,16384,1024,16,1,16,1,16,20,20,12,1,next_burst,4,0,1,5,0,50,1,1,1,1,non_inclusive,lru,1214575,122789,1091786,891226,1964624,0.453637,13049,13193,0.989085,2112,33792,0,0,464038,0,0,16693325,8784,318813,17484960,17166147,66688830,49522683,0.742593,1948240,132010,1060205,0,756025,0,0,0,0,0.606841,0.991660,0,0,0.000000,27.318153,3,5,5,4,13,13,0,0,8291440,6.826618,1.661510,122,206
0e7db03e-db7f-4dad-a07a-55dd9080a4c9,adc154abe3cea812fb9fedff32206f3a879c9e26,cache,cache16_lat,loas,16,vgg16_T4_all,layer_01_features_3,2,16384,8,1024,128,262144,16,16384,1024,16,1,16,1,16,20,20,12,1,next_burst,8,0,1,5,0,50,1,1,1,1,non_inclusive,lru,1213346,122789,1090557,890078,1964624,0.453053,25593,25737,0.994405,2112,33792,0,0,461588,0,0,16617854,8784,377070,17465296,17088226,110950148,93861922,0.845983,1948240,130900,1048809,0,768531,0,0,0,0,0.600476,0.991660,0,0,0.000000,27.347370,5,8,9,4,13,13,0,0,8291516,6.833596,1.698524,122,206
05a05a0a-44ac-4279-a61a-5c9e3aa6d650,adc154abe3cea812fb9fedff32206f3a879c9e26,cache,cache16_lat,loas,16,vgg16_T4_all,layer_01_features_3,2,16384,8,512,64,262144,16,8192,512,32,2,16,1,16,20,20,12,1,none,0,0,1,5,0,50,1,1,1,1,non_inclusive,lru,1324731,122789,1201942,656544,1964624,0.334183,1303472,1308080,0.996477,1152,36864,0,0,0,0,0,18709931,259470,278055,19247456,18969401,18969401,0,0.000000,0,0,0,0,0,0,0,0,0,0.000000,0.991660,0,0,0.083333,33.290849,1,1,1,3,4,4,0,0,6547584,4.942576,0.987597,122,206
05a05a0a-44ac-4279-a61a-5c9e3aa6d650,adc154abe3cea812fb9fedff32206f3a879c9e26,cache,cache16_lat,loas,16,vgg16_T4_all,layer_01_features_3,2,16384,8,512,64,262144,16,8192,512,32,2,16,1,16,20,20,12,1,next_burst,2,0,1,5,0,50,1,1,1,1,non_inclusive,lru,1317008,122789,1194219,801336,1964624,0.407883,13760,13856,0.993072,1152,36864,0,0,314950,0,0,18531395,5856,271687,19123888,18852201,47260684,28408483,0.601102,1948240,144792,1149432,0,417455,236561,0,0,0,0.658764,0.991660,0,0,0.083333,29.605869,2,3,3,5,11,12,0,0,8495824,6.450852,1.604622,122,206
05a05a0a-44ac-4279-a61a-5c9e3aa6d650,adc154abe3cea812fb9fedff32206f3a879c9e26,cache,cache16_lat,loas,16,vgg16_T4_all,layer_01_features_3,2,16384,8,512,64,262144,16,8192,512,32,2,16,1,16,20,20,12,1,next_burst,4,0,1,5,0,50,1,1,1,1,non_inclusive,lru,1315424,122789,1192635,778592,1964624,0.396306,14281,14377,0.993323,1152,36864,0,0,279713,0,0,18495225,5856,317750,19098544,18780794,74464677,55683883,0.747789,1948240,122048,1171655,0,416802,237735,0,0,0,0.658499,0.991660,0,0,0.083333,30.184707,3,5,5,6,13,13,0,0,8495824,6.458620,1.631643,122,206
05a05a0a-44ac-4279-a61a-5c9e3aa6d650,adc154abe3cea812fb9fedff32206f3a879c9e26,cache,cache16_lat,loas,16,vgg16_T4_all,layer_01_features_3,2,16384,8,512,64,262144,16,8192,512,32,2,16,1,16,20,20,12,1,next_burst,8,0,1,5,0,50,1,1,1,1,non_inclusive,lru,1315213,122789,1192424,800613,1964624,0.407515,28390,28486,0.996630,1152,36864,0,0,308136,0,0,18412733,5856,368443,19095168,18726725,126694159,107967434,0.852190,1948240,144189,1135525,0,433836,234690,0,0,0,0.651379,0.991660,0,0,0.083333,29.624269,6,8,9,6,13,13,0,0,8496064,6.459839,1.678934,122,206
5075014f-2846-4af1-ae38-f1602a2e31a2,adc154abe3cea812fb9fedff32206f3a879c9e26,cache,cache16_lat,loas,16,vgg16_T4_all,layer_01_features_3,2,16384,8,256,32,262144,16,4096,256,64,4,16,1,16,20,20,12,1,none,0,0,1,5,0,50,1,1,1,1,non_inclusive,lru,1244109,122789,1121320,732976,1964624,0.373087,1229344,1231648,0.998129,576,36864,0,0,0,0,0,17554093,129069,274342,17957504,17683162,17683162,0,0.000000,0,0,0,0,0,0,0,0,0,0.000000,0.991660,0,0,0.083333,31.345642,1,1,1,3,4,4,0,0,6394144,5.139537,0.943423,122,206
5075014f-2846-4af1-ae38-f1602a2e31a2,adc154abe3cea812fb9fedff32206f3a879c9e26,cache,cache16_lat,loas,16,vgg16_T4_all,layer_01_features_3,2,16384,8,256,32,262144,16,4096,256,64,4,16,1,16,20,20,12,1,next_burst,2,0,1,5,0,50,1,1,1,1,non_inclusive,lru,1239884,122789,1117095,872269,1964624,0.443988,15856,15936,0.994980,576,36864,0,0,361913,0,0,17263462,4880,259649,17889904,17630255,42492173,24861918,0.585094,1948240,139293,1076419,0,236884,495644,0,0,0,0.618801,0.991660,0,0,0.083333,27.800612,1,3,3,6,11,12,0,0,8342384,6.728358,1.562761,122,206
5075014f-2846-4af1-ae38-f1602a2e31a2,adc154abe3cea812fb9fedff32206f3a879c9e26,cache,cache16_lat,loas,16,vgg16_T4_all,layer_01_features_3,2,16384,8,256,32,262144,16,4096,256,64,4,16,1,16,20,20,12,1,next_burst,4,0,1,5,0,50,1,1,1,1,non_inclusive,lru,1238617,122789,1115828,861065,1964624,0.438285,16126,16206,0.995064,576,36864,0,0,347267,0,0,17189141,4880,328344,17869632,17541288,66252354,48711066,0.735235,1948240,128089,1087353,0,177620,555178,0,0,0,0.618664,0.991660,0,0,0.083333,28.085756,3,4,5,9,13,13,0,0,8342384,6.735241,1.577724,122,206
5075014f-2846-4af1-ae38-f1602a2e31a2,adc154abe3cea812fb9fedff32206f3a879c9e26,cache,cache16_lat,loas,16,vgg16_T4_all,layer_01_features_3,2,16384,8,256,32,262144,16,4096,256,64,4,16,1,16,20,20,12,1,next_burst,8,0,1,5,0,50,1,1,1,1,non_inclusive,lru,1238220,122789,1115431,859467,1964624,0.437471,26326,26406,0.996970,576,36864,0,0,330217,0,0,17183466,4880,344717,17863280,17518563,112042551,94523988,0.843644,1948240,126539,1078751,0,193636,549314,0,0,0,0.613497,0.991660,0,0,0.083333,28.126425,5,7,9,12,13,13,0,0,8342480,6.737478,1.603352,122,206
52d5b149-bde3-4e2d-9022-6d4396d208da,adc154abe3cea812fb9fedff32206f3a879c9e26,cache,cache16_lat,loas,16,vgg16_T4_all,layer_01_features_3,3,16384,8,1024,128,262144,16,16384,1024,16,1,16,1,16,20,20,12,1,none,0,0,1,5,0,50,1,1,1,1,non_inclusive,lru,1289131,122744,1166387,695248,1963904,0.354013,1262464,1268656,0.995119,1548,24768,0,0,0,0,0,18056609,348256,273711,18678576,18404865,18404865,0,0.000000,0,0,0,0,0,0,0,0,0,0.000000,0.991657,0,0,0.000000,32.299338,1,1,1,3,4,4,0,0,6467692,5.017094,1.008523,126,173
52d5b149-bde3-4e2d-9022-6d4396d208da,adc154abe3cea812fb9fedff32206f3a879c9e26,cache,cache16_lat,loas,16,vgg16_T4_all,layer_01_features_3,3,16384,8,1024,128,262144,16,16384,1024,16,1,16,1,16,20,20,12,1,next_burst,2,0,1,5,0,50,1,1,1,1,non_inclusive,lru,1279203,122744,1156459,802516,1963904,0.408633,12640,12816,0.986267,1548,24768,0,0,377223,0,0,17861967,10736,269802,18519728,18249926,46310621,28060695,0.605924,1947520,107268,1148572,0,691680,0,0,0,0,0.639461,0.991657,0,0,0.000000,29.568350,2,3,3,4,11,12,0,0,8415212,6.578481,1.619567,126,173
52d5b149-bde3-4e2d-9022-6d4396d208da,adc154abe3cea812fb9fedff32206f3a879c9e26,cache,cache16_lat,loas,16,vgg16_T4_all,layer_01_features_3,3,16384,8,1024,128,262144,16,16384,1024,16,1,16,1,16,20,20,12,1,next_burst,4,0,1,5,0,50,1,1,1,1,non_inclusive,lru,1276954,122744,1154210,808675,1963904,0.411769,12916,13092,0.986557,1548,24768,0,0,381466,0,0,17778006,10736,313536,18483744,18170208,72885720,54715512,0.750703,1947520,113427,1142137,0,691956,0,0,0,0,0.639320,0.991657,0,0,0.000000,29.411545,3,5,5,5,13,13,0,0,8415212,6.590067,1.646354,126,173
52d5b149-bde3-4e2d-9022-6d4396d208da,adc154abe3cea812fb9fedff32206f3a879c9e26,cache,cache16_lat,loas,16,vgg16_T4_all,layer_01_features_3,3,16384,8,1024,128,262144,16,16384,1024,16,1,16,1,16,20,20,12,1,next_burst,8,0,1,5,0,50,1,1,1,1,non_inclusive,lru,1276374,122744,1153630,842554,1963904,0.429020,33154,33330,0.994719,1548,24768,0,0,418912,0,0,17682643,10736,362173,18474464,18112291,122503068,104390777,0.852148,1947520,147393,1088020,0,712107,0,0,0,0,0.629060,0.991657,0,0,0.000000,28.549002,6,8,9,5,13,14,0,0,8415386,6.593198,1.691119,126,173
1cc0a2ba-1bc2-46fe-b408-c14031ca5073,adc154abe3cea812fb9fedff32206f3a879c9e26,cache,cache16_lat,loas,16,vgg16_T4_all,layer_01_features_3,3,16384,8,512,64,262144,16,8192,512,32,2,16,1,16,20,20,12,1,none,0,0,1,5,0,50,1,1,1,1,non_inclusive,lru,1350125,122744,1227381,628656,1963904,0.320105,1331504,1335248,0.997196,936,29952,0,0,0,0,0,19171529,209711,273240,19654480,19381240,19381240,0,0.000000,0,0,0,0,0,0,0,0,0,0.000000,0.991657,0,0,0.173077,33.994737,1,1,1,3,4,4,0,0,6600264,4.888632,0.985379,126,173
1cc0a2ba-1bc2-46fe-b408-c14031ca5073,adc154abe3cea812fb9fedff32206f3a879c9e26,cache,cache16_lat,loas,16,vgg16_T4_all,layer_01_features_3,3,16384,8,512,64,262144,16,8192,512,32,2,16,1,16,20,20,12,1,next_burst,2,0,1,5,0,50,1,1,1,1,non_inclusive,lru,1343928,122744,1221184,766219,1963904,0.390151,13936,14064,0.990899,936,29952,0,0,304828,0,0,18971519,7808,271173,19555328,19284155,49090790,29806635,0.607174,1947520,137563,1183621,0,377378,248958,0,0,0,0.672733,0.991657,0,0,0.173077,30.492453,2,3,3,6,11,12,0,0,8547784,6.360299,1.592769,126,173
1cc0a2ba-1bc2-46fe-b408-c14031ca5073,adc154abe3cea812fb9fedff32206f3a879c9e26,cache,cache16_lat,loas,16,vgg16_T4_all,layer_01_features_3,3,16384,8,512,64,262144,16,8192,512,32,2,16,1,16,20,20,12,1,next_burst,4,0,1,5,0,50,1,1,1,1,non_inclusive,lru,1342442,122744,1219698,756940,1963904,0.385426,14483,14611,0.991239,936,29952,0,0,281950,0,0,18933771,7808,308023,19531552,19223529,77057692,57834163,0.750531,1947520,128284,1192353,0,376703,250180,0,0,0,0.672455,0.991657,0,0,0.173077,30.728691,3,5,5,6,13,13,0,0,8547784,6.367340,1.621024,126,173
1cc0a2ba-1bc2-46fe-b408-c14031ca5073,adc154abe3cea812fb9fedff32206f3a879c9e26,cache,cache16_lat,loas,16,vgg16_T4_all,layer_01_features_3,3,16384,8,512,64,262144,16,8192,512,32,2,16,1,16,20,20,12,1,next_burst,8,0,1,5,0,50,1,1,1,1,non_inclusive,lru,1342415,122744,1219671,800483,1963904,0.407598,34209,34337,0.996272,936,29952,0,0,327086,0,0,18823672,7808,372554,19531120,19158566,131270388,112111822,0.854053,1947520,171922,1129084,0,401173,245341,0,0,0,0.662459,0.991657,0,0,0.173077,29.620109,6,8,9,7,13,14,0,0,8547974,6.367609,1.666602,126,173
6301b6dd-0b46-4186-860a-b10ecb0e59bc,adc154abe3cea812fb9fedff32206f3a879c9e26,cache,cache16_lat,loas,16,vgg16_T4_all,layer_01_features_3,3,16384,8,256,32,262144,16,4096,256,64,4,16,1,16,20,20,12,1,none,0,0,1,5,0,50,1,1,1,1,non_inclusive,lru,1273458,122744,1150714,702448,1963904,0.357679,1259296,1261456,0.998288,540,34560,0,0,0,0,0,18035229,120742,271837,18427808,18155971,18155971,0,0.000000,0,0,0,0,0,0,0,0,0,0.000000,0.991657,0,0,0.283333,32.116030,1,1,1,3,4,4,0,0,6452284,5.066743,0.960024,126,173
6301b6dd-0b46-4186-860a-b10ecb0e59bc,adc154abe3cea812fb9fedff32206f3a879c9e26,cache,cache16_lat,loas,16,vgg16_T4_all,layer_01_features_3,3,16384,8,256,32,262144,16,4096,256,64,4,16,1,16,20,20,12,1,next_burst,2,0,1,5,0,50,1,1,1,1,non_inclusive,lru,1269369,122744,1146625,831538,1963904,0.423411,15632,15744,0.992886,540,34560,0,0,342416,0,0,17737704,6832,275432,18362384,18086952,44664632,26577680,0.595050,1947520,129090,1116622,0,217828,483980,0,0,0,0.634304,0.991657,0,0,0.283333,28.829464,2,3,3,6,11,12,0,0,8399804,6.617307,1.573989,126,173
6301b6dd-0b46-4186-860a-b10ecb0e59bc,adc154abe3cea812fb9fedff32206f3a879c9e26,cache,cache16_lat,loas,16,vgg16_T4_all,layer_01_features_3,3,16384,8,256,32,262144,16,4096,256,64,4,16,1,16,20,20,12,1,next_burst,4,0,1,5,0,50,1,1,1,1,non_inclusive,lru,1268139,122744,1145395,833692,1963904,0.424508,16073,16185,0.993080,540,34560,0,0,340765,0,0,17699464,6832,295643,18342704,18047061,69431690,51384629,0.740075,1947520,131244,1114027,0,164213,538036,0,0,0,0.634079,0.991657,0,0,0.283333,28.774624,3,4,5,10,13,13,0,0,8399804,6.623725,1.608180,126,173
6301b6dd-0b46-4186-860a-b10ecb0e59bc,adc154abe3cea812fb9fedff32206f3a879c9e26,cache,cache16_lat,loas,16,vgg16_T4_all,layer_01_features_3,3,16384,8,256,32,262144,16,4096,256,64,4,16,1,16,20,20,12,1,next_burst,8,0,1,5,0,50,1,1,1,1,non_inclusive,lru,1268031,122744,1145287,847511,1963904,0.431544,29651,29763,0.996237,540,34560,0,0,341400,0,0,17651806,6832,340938,18340976,18000038,117533929,99533891,0.846852,1947520,145143,1086630,0,185052,530695,0,0,0,0.627206,0.991657,0,0,0.283333,28.422800,5,7,9,12,13,13,0,0,8399964,6.624415,1.623526,126,173
4bf4710a-f630-4a68-815f-d600cfb48831,adc154abe3cea812fb9fedff32206f3a879c9e26,cache,cache16_lat,loas,16,vgg16_T4_all,layer_01_features_3,4,16384,8,1024,128,262144,16,16384,1024,16,1,16,1,16,20,20,12,1,none,0,0,1,5,0,50,1,1,1,1,non_inclusive,lru,1079769,122610,957159,907584,1961760,0.462638,1046640,1054176,0.992851,1884,30144,0,0,0,0,0,14619432,422031,289465,15330928,15041463,15041463,0,0.000000,0,0,0,0,0,0,0,0,0,0.000000,0.991648,0,0,0.000000,26.868118,1,1,1,3,4,4,0,0,6034780,5.588955,0.959730,124,170
4bf4710a-f630-4a68-815f-d600cfb48831,adc154abe3cea812fb9fedff32206f3a879c9e26,cache,cache16_lat,loas,16,vgg16_T4_all,layer_01_features_3,4,16384,8,1024,128,262144,16,16384,1024,16,1,16,1,16,20,20,12,1,next_burst,2,0,1,5,0,50,1,1,1,1,non_inclusive,lru,1069814,122610,947204,1007601,1961760,0.513621,9904,10000,0.990400,1884,30144,0,0,545591,0,0,14312781,5856,307420,15171648,14864228,34904201,20039973,0.574142,1945376,100017,944159,0,901200,0,0,0,0,0.532265,0.991648,0,0,0.000000,24.318953,1,3,3,4,11,12,0,0,7980156,7.459386,1.605414,124,170
4bf4710a-f630-4a68-815f-d600cfb48831,adc154abe3cea812fb9fedff32206f3a879c9e26,cache,cache16_lat,loas,16,vgg16_T4_all,layer_01_features_3,4,16384,8,1024,128,262144,16,16384,1024,16,1,16,1,16,20,20,12,1,next_burst,4,0,1,5,0,50,1,1,1,1,non_inclusive,lru,1065832,122610,943222,1019563,1961760,0.519719,10196,10292,0.990672,1884,30144,0,0,572309,0,0,14186645,5856,343126,15107936,14764810,53434858,38670048,0.723686,1945376,111979,931905,0,901492,0,0,0,0,0.532116,0.991648,0,0,0.000000,24.014074,3,4,5,5,13,13,0,0,7980156,7.487255,1.622944,124,170
4bf4710a-f630-4a68-815f-d600cfb48831,adc154abe3cea812fb9fedff32206f3a879c9e26,cache,cache16_lat,loas,16,vgg16_T4_all,layer_01_features_3,4,16384,8,1024,128,262144,16,16384,1024,16,1,16,1,16,20,20,12,1,next_burst,8,0,1,5,0,50,1,1,1,1,non_inclusive,lru,1063982,122610,941372,1031176,1961760,0.525638,23036,23132,0.995850,1884,30144,0,0,587658,0,0,14102803,5856,382019,15078336,14696317,88304921,73608604,0.833573,1945376,123732,907452,0,914192,0,0,0,0,0.525642,0.991648,0,0,0.000000,23.718090,5,7,9,6,13,13,0,0,7980436,7.500537,1.667651,124,170
fbca88b0-034b-443f-8273-ed61d4b7f5f9,adc154abe3cea812fb9fedff32206f3a879c9e26,cache,cache16_lat,loas,16,vgg16_T4_all,layer_01_features_3,4,16384,8,512,64,262144,16,8192,512,32,2,16,1,16,20,20,12,1,none,0,0,1,5,0,50,1,1,1,1,non_inclusive,lru,1271111,122610,1148501,708304,1961760,0.361055,1248896,1253456,0.996362,1140,36480,0,0,0,0,0,17860895,255949,275556,18392400,18116844,18116844,0,0.000000,0,0,0,0,0,0,0,0,0,0.000000,0.991648,0,0,0.173684,31.947231,1,1,1,3,4,4,0,0,6432596,5.060609,0.971595,124,170
fbca88b0-034b-443f-8273-ed61d4b7f5f9,adc154abe3cea812fb9fedff32206f3a879c9e26,cache,cache16_lat,loas,16,vgg16_T4_all,layer_01_features_3,4,16384,8,512,64,262144,16,8192,512,32,2,16,1,16,20,20,12,1,next_burst,2,0,1,5,0,50,1,1,1,1,non_inclusive,lru,1264260,122610,1141650,832987,1961760,0.424612,13136,13216,0.993947,1140,36480,0,0,360959,0,0,17642982,4880,273963,18282784,18008821,44836782,26827961,0.598347,1945376,124683,1115557,0,494184,210952,0,0,0,0.632208,0.991648,0,0,0.173684,28.769396,2,3,3,5,11,12,0,0,8377972,6.626779,1.595496,124,170
fbca88b0-034b-443f-8273-ed61d4b7f5f9,adc154abe3cea812fb9fedff32206f3a879c9e26,cache,cache16_lat,loas,16,vgg16_T4_all,layer_01_features_3,4,16384,8,512,64,262144,16,8192,512,32,2,16,1,16,20,20,12,1,next_burst,4,0,1,5,0,50,1,1,1,1,non_inclusive,lru,1262194,122610,1139584,822467,1961760,0.419250,13698,13778,0.994194,1140,36480,0,0,345864,0,0,17584469,4880,314515,18249728,17935213,70426209,52490996,0.745333,1945376,114163,1125515,0,493872,211826,0,0,0,0.631921,0.991648,0,0,0.173684,29.037522,3,5,5,6,13,13,0,0,8377972,6.637626,1.617802,124,170
fbca88b0-034b-443f-8273-ed61d4b7f5f9,adc154abe3cea812fb9fedff32206f3a879c9e26,cache,cache16_lat,loas,16,vgg16_T4_all,layer_01_features_3,4,16384,8,512,64,262144,16,8192,512,32,2,16,1,16,20,20,12,1,next_burst,8,0,1,5,0,50,1,1,1,1,non_inclusive,lru,1261625,122610,1139015,857631,1961760,0.437174,29343,29423,0.997281,1140,36480,0,0,387614,0,0,17469877,4880,378253,18240624,17862371,119068581,101206210,0.849982,1945376,149490,1074706,0,513425,207755,0,0,0,0.624029,0.991648,0,0,0.173684,28.141286,5,8,9,7,13,13,0,0,8378298,6.640878,1.688125,124,170
4994e625-f402-4ea5-a4dd-3c5686912e01,adc154abe3cea812fb9fedff32206f3a879c9e26,cache,cache16_lat,loas,16,vgg16_T4_all,layer_01_features_3,4,16384,8,256,32,262144,16,4096,256,64,4,16,1,16,20,20,12,1,none,0,0,1,5,0,50,1,1,1,1,non_inclusive,lru,1169798,122610,1047188,805152,1961760,0.410423,1154304,1156608,0.998008,576,36864,0,0,0,0,0,16365932,128740,276720,16771392,16494672,16494672,0,0.000000,0,0,0,0,0,0,0,0,0,0.000000,0.991648,0,0,0.182292,29.478835,1,1,1,3,4,4,0,0,6238336,5.332832,0.945334,124,170
4994e625-f402-4ea5-a4dd-3c5686912e01,adc154abe3cea812fb9fedff32206f3a879c9e26,cache,cache16_lat,loas,16,vgg16_T4_all,layer_01_features_3,4,16384,8,256,32,262144,16,4096,256,64,4,16,1,16,20,20,12,1,next_burst,2,0,1,5,0,50,1,1,1,1,non_inclusive,lru,1166181,122610,1043571,935407,1961760,0.476820,15623,15687,0.995920,576,36864,0,0,388384,0,0,16061122,3904,260110,16713520,16453410,38264651,21811241,0.570010,1945376,130255,1010666,0,246979,557476,0,0,0,0.581580,0.991648,0,0,0.182292,26.158985,1,3,3,6,10,12,0,0,8183712,7.017532,1.560588,124,170
4994e625-f402-4ea5-a4dd-3c5686912e01,adc154abe3cea812fb9fedff32206f3a879c9e26,cache,cache16_lat,loas,16,vgg16_T4_all,layer_01_features_3,4,16384,8,256,32,262144,16,4096,256,64,4,16,1,16,20,20,12,1,next_burst,4,0,1,5,0,50,1,1,1,1,non_inclusive,lru,1164431,122610,1041821,925366,1961760,0.471702,16079,16143,0.996035,576,36864,0,0,378317,0,0,15997971,3904,305328,16685520,16380192,59812848,43432656,0.726143,1945376,120214,1020251,0,206741,598170,0,0,0,0.581348,0.991648,0,0,0.182292,26.414903,3,4,5,9,13,13,0,0,8183712,7.028078,1.563223,124,170
4994e625-f402-4ea5-a4dd-3c5686912e01,adc154abe3cea812fb9fedff32206f3a879c9e26,cache,cache16_lat,loas,16,vgg16_T4_all,layer_01_features_3,4,16384,8,256,32,262144,16,4096,256,64,4,16,1,16,20,20,12,1,next_burst,8,0,1,5,0,50,1,1,1,1,non_inclusive,lru,1164214,122610,1041604,931332,1961760,0.474743,27662,27726,0.997692,576,36864,0,0,373718,0,0,15963258,3904,341168,16682048,16340880,100554659,84213779,0.837493,1945376,126250,1002702,0,226121,590303,0,0,0,0.575479,0.991648,0,0,0.182292,26.262846,5,7,9,11,13,13,0,0,8183852,7.029508,1.611679,124,170
ff8dc7ce-cec5-4094-85ac-c9774048823a,adc154abe3cea812fb9fedff32206f3a879c9e26,cache,cache16_lat,loas,16,vgg16_T4_all,layer_09_features_30,0,16384,8,1024,128,262144,16,16384,1024,16,1,16,1,16,20,20,12,1,none,0,0,1,5,0,50,1,1,1,1,non_inclusive,lru,16476062,295576,16180486,0,4729216,0.000000,27360,4729216,0.005785,4701856,75229696,0,0,0,0,0,229572,258629242,31010,258889824,258858814,258858814,0,0.000000,0,0,0,0,0,0,0,0,0,0.000000,0.999567,0,0,0.000000,50.000000,1,1,1,10,15,16,0,0,23618848,1.433525,4.182714,2236,3407
ff8dc7ce-cec5-4094-85ac-c9774048823a,adc154abe3cea812fb9fedff32206f3a879c9e26,cache,cache16_lat,loas,16,vgg16_T4_all,layer_09_features_30,0,16384,8,1024,128,262144,16,16384,1024,16,1,16,1,16,20,20,12,1,next_burst,2,0,1,5,0,50,1,1,1,1,non_inclusive,lru,12951576,295576,12656000,9288,4729216,0.001964,0,2048,0.000000,4701856,75229696,0,0,3414,0,0,202314876,128000,51758,202498048,202446290,616528342,414082052,0.671635,4727168,9288,4717880,0,0,0,0,0,0,0.999567,0.999567,0,0,0.000000,49.901802,2,3,3,18,19,20,28,0,33038856,2.550953,6.189700,2236,3407
ff8dc7ce-cec5-4094-85ac-c9774048823a,adc154abe3cea812fb9fedff32206f3a879c9e26,cache,cache16_lat,loas,16,vgg16_T4_all,layer_09_features_30,0,16384,8,1024,128,262144,16,16384,1024,16,1,16,1,16,20,20,12,1,next_burst,4,0,1,5,0,50,1,1,1,1,non_inclusive,lru,12954902,295576,12659326,21948,4729216,0.004641,0,2048,0.000000,4701856,75229696,0,0,7608,0,0,202364492,128000,51164,202551264,202500100,1030536508,828036408,0.803500,4727168,21948,4705220,0,0,0,0,0,0,0.999567,0.999567,0,0,0.000000,49.767953,4,5,5,18,19,20,60,0,33039258,2.550329,6.210736,2236,3407
ff8dc7ce-cec5-4094-85ac-c9774048823a,adc154abe3cea812fb9fedff32206f3a879c9e26,cache,cache16_lat,loas,16,vgg16_T4_all,layer_09_features_30,0,16384,8,1024,128,262144,16,16384,1024,16,1,16,1,16,20,20,12,1,next_burst,8,0,1,5,0,50,1,1,1,1,non_inclusive,lru,12965230,295576,12669654,18672,4729216,0.003948,0,2048,0.000000,4701856,75229696,0,0,10692,0,0,202521826,128000,55994,202716512,202660518,1858610374,1655949856,0.890961,4727168,18672,4708496,0,0,0,0,0,0,0.999567,0.999567,0,0,0.000000,49.802589,8,9,9,18,19,20,124,0,33041394,2.548462,6.522236,2236,3407
c28c8fc8-98cf-481c-ad20-2dcba9d903ca,adc154abe3cea812fb9fedff32206f3a879c9e26,cache,cache16_lat,loas,16,vgg16_T4_all,layer_09_features_30,0,16384,8,512,64,262144,16,8192,512,32,2,16,1,16,20,20,12,1,none,0,0,1,5,0,50,1,1,1,1,non_inclusive,lru,10581154,295576,10285578,1721344,4729216,0.363981,21216,3007872,0.007053,2986656,95572992,0,0,0,0,0,252984,164288640,29672,164571296,164541624,164541624,0,0.000000,0,0,0,0,0,0,0,0,0,0.000000,0.999567,0,0,0.015842,31.800958,1,1,1,10,15,16,0,0,18460960,1.744702,3.089757,2236,3407
c28c8fc8-98cf-481c-ad20-2dcba9d903ca,adc154abe3cea812fb9fedff32206f3a879c9e26,cache,cache16_lat,loas,16,vgg16_T4_all,layer_09_features_30,0,16384,8,512,64,262144,16,8192,512,32,2,16,1,16,20,20,12,1,next_burst,2,0,1,5,0,50,1,1,1,1,non_inclusive,lru,8251970,295576,7956394,2023084,4729216,0.427784,96,2048,0.046875,2986656,95572992,0,0,440320,0,0,126469658,122000,272374,127304352,127031978,288594394,161562416,0.559825,4727168,301740,2704084,0,122884,1598460,0,0,0,0.635586,0.999567,0,0,0.015842,28.610789,1,3,3,18,19,20,28,0,26166136,3.170896,5.114099,2236,3407
c28c8fc8-98cf-481c-ad20-2dcba9d903ca,adc154abe3cea812fb9fedff32206f3a879c9e26,cache,cache16_lat,loas,16,vgg16_T4_all,layer_09_features_30,0,16384,8,512,64,262144,16,8192,512,32,2,16,1,16,20,20,12,1,next_burst,4,0,1,5,0,50,1,1,1,1,non_inclusive,lru,8247336,295576,7951760,2206246,4729216,0.466514,96,2048,0.046875,2986656,95572992,0,0,731372,0,0,126209804,122000,167032,127230208,127063176,453465070,326401894,0.719795,4727168,484902,2520922,0,714,1720630,0,0,0,0.635586,0.999567,0,0,0.015842,26.674294,3,4,5,18,19,20,59,0,26170332,3.173186,5.139176,2236,3407
c28c8fc8-98cf-481c-ad20-2dcba9d903ca,adc154abe3cea812fb9fedff32206f3a879c9e26,cache,cache16_lat,loas,16,vgg16_T4_all,layer_09_features_30,0,16384,8,512,64,262144,16,8192,512,32,2,16,1,16,20,20,12,1,next_burst,8,0,1,5,0,50,1,1,1,1,non_inclusive,lru,8253698,295576,7958122,2283816,4729216,0.482916,96,2048,0.046875,2986656,95572992,0,0,842882,0,0,126228928,122000,138190,127332000,127193810,788035508,660841698,0.838594,4727168,562472,2443352,0,0,1721344,0,0,0,0.635586,0.999567,0,0,0.015842,25.854180,5,7,9,18,19,20,123,0,26170704,3.170785,5.268646,2236,3407
7d414238-2e5c-40aa-8090-9af6d756b760,adc154abe3cea812fb9fedff32206f3a879c9e26,cache,cache16_lat,loas,16,vgg16_T4_all,layer_09_features_30,0,16384,8,256,32,262144,16,4096,256,64,4,16,1,16,20,20,12,1,none,0,0,1,5,0,50,1,1,1,1,non_inclusive,lru,5863838,295576,5568262,3100800,4729216,0.655669,12000,1628416,0.007369,1616416,103450624,0,0,0,0,0,156234,88918612,19394,89094240,89074846,89074846,0,0.000000,0,0,0,0,0,0,0,0,0,0.000000,0.999567,0,0,0.015842,17.216553,1,1,1,9,15,16,0,0,14331808,2.444100,2.376327,2236,3407
7d414238-2e5c-40aa-8090-9af6d756b760,adc154abe3cea812fb9fedff32206f3a879c9e26,cache,cache16_lat,loas,16,vgg16_T4_all,layer_09_features_30,0,16384,8,256,32,262144,16,4096,256,64,4,16,1,16,20,20,12,1,next_burst,2,0,1,5,0,50,1,1,1,1,non_inclusive,lru,4878640,295576,4583064,3171318,4729216,0.670580,96,2048,0.046875,1616416,103450624,0,0,1713286,0,0,71092610,122000,403176,73331072,72927896,101755806,28827910,0.283305,4727168,70518,1555850,0,648300,2452500,0,0,0,0.343898,0.999567,0,0,0.015842,16.470996,1,2,3,16,19,20,23,0,19479002,3.992711,4.062130,2236,3407
7d414238-2e5c-40aa-8090-9af6d756b760,adc154abe3cea812fb9fedff32206f3a879c9e26,cache,cache16_lat,loas,16,vgg16_T4_all,layer_09_features_30,0,16384,8,256,32,262144,16,4096,256,64,4,16,1,16,20,20,12,1,next_burst,4,0,1,5,0,50,1,1,1,1,non_inclusive,lru,4480438,295576,4184862,3250220,4729216,0.687264,96,2048,0.046875,1616416,103450624,0,0,1868798,0,0,64761850,122000,207192,66959840,66752648,153946244,87193596,0.566390,4727168,149420,1476948,0,37116,3063684,0,0,0,0.343898,0.999567,0,0,0.015842,15.636799,2,3,4,18,19,20,40,0,20668232,4.612994,4.116999,2236,3407
7d414238-2e5c-40aa-8090-9af6d756b760,adc154abe3cea812fb9fedff32206f3a879c9e26,cache,cache16_lat,loas,16,vgg16_T4_all,layer_09_features_30,0,16384,8,256,32,262144,16,4096,256,64,4,16,1,16,20,20,12,1,next_burst,8,0,1,5,0,50,1,1,1,1,non_inclusive,lru,4475596,295576,4180020,3379752,4729216,0.714654,96,2048,0.046875,1616416,103450624,0,0,2117960,0,0,64511698,122000,130710,66882368,66751658,250016446,183264788,0.733011,4727168,278952,1347416,0,200,3100600,0,0,0,0.343898,0.999567,0,0,0.015842,14.267312,3,4,6,18,19,20,71,0,20672618,4.618964,4.198085,2236,3407
025da6d6-6700-4193-a107-187e829eb891,adc154abe3cea812fb9fedff32206f3a879c9e26,cache,cache16_lat,loas,16,vgg16_T4_all,layer_09_features_30,1,16384,8,1024,128,262144,16,16384,1024,16,1,16,1,16,20,20,12,1,none,0,0,1,5,0,50,1,1,1,1,non_inclusive,lru,17143526,307600,16835926,0,4921600,0.000000,28704,4921600,0.005832,4892896,78286336,0,0,0,0,0,210858,269135764,30242,269376864,269346622,269346622,0,0.000000,0,0,0,0,0,0,0,0,0,0.000000,0.999584,0,0,0.000000,50.000000,1,1,1,10,15,16,0,0,24579424,1.433744,4.268107,2322,3515
025da6d6-6700-4193-a107-187e829eb891,adc154abe3cea812fb9fedff32206f3a879c9e26,cache,cache16_lat,loas,16,vgg16_T4_all,layer_09_features_30,1,16384,8,1024,128,262144,16,16384,1024,16,1,16,1,16,20,20,12,1,next_burst,2,0,1,5,0,50,1,1,1,1,non_inclusive,lru,13474558,307600,13166958,13602,4921600,0.002764,0,2048,0.000000,4892896,78286336,0,0,4482,0,0,210484662,128000,56232,210673376,210617144,641425862,430808718,0.671642,4919552,13602,4905950,0,0,0,0,0,0,0.999584,0.999584,0,0,0.000000,49.861813,2,3,3,18,19,20,28,0,34380870,2.551540,6.326628,2322,3515
025da6d6-6700-4193-a107-187e829eb891,adc154abe3cea812fb9fedff32206f3a879c9e26,cache,cache16_lat,loas,16,vgg16_T4_all,layer_09_features_30,1,16384,8,1024,128,262144,16,16384,1024,16,1,16,1,16,20,20,12,1,next_burst,4,0,1,5,0,50,1,1,1,1,non_inclusive,lru,13479612,307600,13172012,17904,4921600,0.003638,0,2048,0.000000,4892896,78286336,0,0,9252,0,0,210562970,128000,54018,210754240,210700222,1072314520,861614298,0.803509,4919552,17904,4901648,0,0,0,0,0,0,0.999584,0.999584,0,0,0.000000,49.818108,4,5,5,18,19,20,60,0,34383252,2.550760,6.498025,2322,3515
025da6d6-6700-4193-a107-187e829eb891,adc154abe3cea812fb9fedff32206f3a879c9e26,cache,cache16_lat,loas,16,vgg16_T4_all,layer_09_features_30,1,16384,8,1024,128,262144,16,16384,1024,16,1,16,1,16,20,20,12,1,next_burst,8,0,1,5,0,50,1,1,1,1,non_inclusive,lru,13488524,307600,13180924,23514,4921600,0.004778,0,2048,0.000000,4892896,78286336,0,0,14742,0,0,210692458,128000,61632,210896832,210835200,1933784414,1722949214,0.890973,4919552,23514,4896038,0,0,0,0,0,0,0.999584,0.999584,0,0,0.000000,49.761114,8,9,9,18,19,20,124,0,34383924,2.549124,7.054710,2322,3515
f16eda24-dd98-403a-85ce-422252fa9a93,adc154abe3cea812fb9fedff32206f3a879c9e26,cache,cache16_lat,loas,16,vgg16_T4_all,layer_09_features_30,1,16384,8,512,64,262144,16,8192,512,32,2,16,1,16,20,20,12,1,none,0,0,1,5,0,50,1,1,1,1,non_inclusive,lru,10852272,307600,10544672,1837568,4921600,0.373368,22176,3084032,0.007191,3061856,97979392,0,0,0,0,0,263784,168424568,28448,168716800,168688352,168688352,0,0.000000,0,0,0,0,0,0,0,0,0,0.000000,0.999584,0,0,0.016493,31.331599,1,1,1,10,15,16,0,0,19073248,1.757535,3.203317,2322,3515
f16eda24-dd98-403a-85ce-422252fa9a93,adc154abe3cea812fb9fedff32206f3a879c9e26,cache,cache16_lat,loas,16,vgg16_T4_all,layer_09_features_30,1,16384,8,512,64,262144,16,8192,512,32,2,16,1,16,20,20,12,1,next_burst,2,0,1,5,0,50,1,1,1,1,non_inclusive,lru,8461350,307600,8153750,2149694,4921600,0.436788,96,2048,0.046875,3061856,97979392,0,0,459170,0,0,129587326,122000,293552,130462048,130168496,289557324,159388828,0.550457,4919552,312126,2769858,0,127278,1710290,0,0,0,0.626216,0.999584,0,0,0.016493,28.160618,1,3,3,18,19,20,28,0,27045470,3.196354,5.315452,2322,3515
f16eda24-dd98-403a-85ce-422252fa9a93,adc154abe3cea812fb9fedff32206f3a879c9e26,cache,cache16_lat,loas,16,vgg16_T4_all,layer_09_features_30,1,16384,8,512,64,262144,16,8192,512,32,2,16,1,16,20,20,12,1,next_burst,4,0,1,5,0,50,1,1,1,1,non_inclusive,lru,8456904,307600,8149304,2332066,4921600,0.473843,96,2048,0.046875,3061856,97979392,0,0,758056,0,0,129355450,122000,155406,130390912,130235506,459182534,328947028,0.716375,4919552,494498,2587486,0,642,1836926,0,0,0,0.626216,0.999584,0,0,0.016493,26.307847,3,4,5,18,19,20,59,0,27050204,3.198594,5.340611,2322,3515
f16eda24-dd98-403a-85ce-422252fa9a93,adc154abe3cea812fb9fedff32206f3a879c9e26,cache,cache16_lat,loas,16,vgg16_T4_all,layer_09_features_30,1,16384,8,512,64,262144,16,8192,512,32,2,16,1,16,20,20,12,1,next_burst,8,0,1,5,0,50,1,1,1,1,non_inclusive,lru,8461162,307600,8153562,2403272,4921600,0.488311,96,2048,0.046875,3061856,97979392,0,0,867560,0,0,129327294,122000,142186,130459040,130316854,796250760,665933906,0.836337,4919552,565704,2516280,0,0,1837568,0,0,0,0.626216,0.999584,0,0,0.016493,25.584444,5,7,9,18,19,20,121,0,27050682,3.197041,5.450537,2322,3515
a2038c48-535d-4026-8c93-b6903b0f4769,adc154abe3cea812fb9fedff32206f3a879c9e26,cache,cache16_lat,loas,16,vgg16_T4_all,layer_09_features_30,1,16384,8,256,32,262144,16,4096,256,64,4,16,1,16,20,20,12,1,none,0,0,1,5,0,50,1,1,1,1,non_inclusive,lru,5898258,307600,5590658,3286400,4921600,0.667750,12288,1635200,0.007515,1622912,103866368,0,0,0,0,0,157326,89275112,20138,89452576,89432438,89432438,0,0.000000,0,0,0,0,0,0,0,0,0,0.000000,0.999584,0,0,0.016493,16.612484,1,1,1,9,15,16,0,0,14736640,2.498473,2.400128,2322,3515
a2038c48-535d-4026-8c93-b6903b0f4769,adc154abe3cea812fb9fedff32206f3a879c9e26,cache,cache16_lat,loas,16,vgg16_T4_all,layer_09_features_30,1,16384,8,256,32,262144,16,4096,256,64,4,16,1,16,20,20,12,1,next_burst,2,0,1,5,0,50,1,1,1,1,non_inclusive,lru,5024144,307600,4716544,3343716,4921600,0.679396,96,2048,0.046875,1622912,103866368,0,0,1825334,0,0,73172302,122000,347116,75466752,75119636,99923462,24803826,0.248228,4919552,57316,1575836,0,672844,2613556,0,0,0,0.331834,0.999584,0,0,0.016493,16.030193,1,2,3,16,19,20,23,0,19982492,3.977293,4.053082,2322,3515
a2038c48-535d-4026-8c93-b6903b0f4769,adc154abe3cea812fb9fedff32206f3a879c9e26,cache,cache16_lat,loas,16,vgg16_T4_all,layer_09_features_30,1,16384,8,256,32,262144,16,4096,256,64,4,16,1,16,20,20,12,1,next_burst,4,0,1,5,0,50,1,1,1,1,non_inclusive,lru,4496810,307600,4189210,3434578,4921600,0.697858,96,2048,0.046875,1622912,103866368,0,0,2005934,0,0,64673292,122000,228182,67029408,66801226,149150164,82348938,0.552121,4919552,148178,1484974,0,42474,3243926,0,0,0,0.331834,0.999584,0,0,0.016493,15.107099,2,2,4,18,19,20,37,0,21271658,4.730388,4.177919,2322,3515
a2038c48-535d-4026-8c93-b6903b0f4769,adc154abe3cea812fb9fedff32206f3a879c9e26,cache,cache16_lat,loas,16,vgg16_T4_all,layer_09_features_30,1,16384,8,256,32,262144,16,4096,256,64,4,16,1,16,20,20,12,1,next_burst,8,0,1,5,0,50,1,1,1,1,non_inclusive,lru,4493722,307600,4186122,3566180,4921600,0.724598,96,2048,0.046875,1622912,103866368,0,0,2260408,0,0,64460444,122000,137148,66980000,66842852,240975652,174132800,0.722616,4919552,279780,1353372,0,0,3286400,0,0,0,0.331834,0.999584,0,0,0.016493,13.770115,3,4,6,18,19,20,60,0,21276320,4.734677,4.257712,2322,3515
94e7c6c7-a94d-48d9-9f32-e21119391629,adc154abe3cea812fb9fedff32206f3a879c9e26,cache,cache16_lat,loas,16,vgg16_T4_all,layer_09_features_30,2,16384,8,1024,128,262144,16,16384,1024,16,1,16,1,16,20,20,12,1,none,0,0,1,5,0,50,1,1,1,1,non_inclusive,lru,17680416,317208,17363208,0,5075328,0.000000,29280,5075328,0.005769,5046048,80736768,0,0,0,0,0,220590,277560546,32240,277813376,277781136,277781136,0,0.000000,0,0,0,0,0,0,0,0,0,0.000000,0.999596,0,0,0.000000,50.000000,1,1,1,10,15,16,0,0,25347488,1.433648,4.387671,2382,3590
94e7c6c7-a94d-48d9-9f32-e21119391629,adc154abe3cea812fb9fedff32206f3a879c9e26,cache,cache16_lat,loas,16,vgg16_T4_all,layer_09_features_30,2,16384,8,1024,128,262144,16,16384,1024,16,1,16,1,16,20,20,12,1,next_burst,2,0,1,5,0,50,1,1,1,1,non_inclusive,lru,13897758,317208,13580550,11904,5075328,0.002345,0,2048,0.000000,5046048,80736768,0,0,3726,0,0,217105398,128000,53724,217290848,217237124,661595930,444358806,0.671647,5073280,11904,5061376,0,0,0,0,0,0,0.999596,0.999596,0,0,0.000000,49.882727,2,3,3,18,19,20,28,0,35456720,2.551255,6.536138,2382,3590
94e7c6c7-a94d-48d9-9f32-e21119391629,adc154abe3cea812fb9fedff32206f3a879c9e26,cache,cache16_lat,loas,16,vgg16_T4_all,layer_09_features_30,2,16384,8,1024,128,262144,16,16384,1024,16,1,16,1,16,20,20,12,1,next_burst,4,0,1,5,0,50,1,1,1,1,non_inclusive,lru,13901486,317208,13584278,18582,5075328,0.003661,0,2048,0.000000,5046048,80736768,0,0,9084,0,0,217157378,128000,56034,217350496,217294462,1105888678,888594216,0.803511,5073280,18582,5054698,0,0,0,0,0,0,0.999596,0.999596,0,0,0.000000,49.816938,4,5,5,18,19,20,60,0,35457722,2.550643,6.709241,2382,3590
94e7c6c7-a94d-48d9-9f32-e21119391629,adc154abe3cea812fb9fedff32206f3a879c9e26,cache,cache16_lat,loas,16,vgg16_T4_all,layer_09_features_30,2,16384,8,1024,128,262144,16,16384,1024,16,1,16,1,16,20,20,12,1,next_burst,8,0,1,5,0,50,1,1,1,1,non_inclusive,lru,13911178,317208,13593970,22410,5075328,0.004415,0,2048,0.000000,5046048,80736768,0,0,12954,0,0,217315300,128000,49314,217505568,217456254,1994494282,1777038028,0.890972,5073280,22410,5050870,0,0,0,0,0,0,0.999596,0.999596,0,0,0.000000,49.779226,8,9,9,18,19,20,124,0,35459156,2.548969,6.969477,2382,3590
349ea4d8-0f59-4e23-a53d-79a17064a9e1,adc154abe3cea812fb9fedff32206f3a879c9e26,cache,cache16_lat,loas,16,vgg16_T4_all,layer_09_features_30,2,16384,8,512,64,262144,16,8192,512,32,2,16,1,16,20,20,12,1,none,0,0,1,5,0,50,1,1,1,1,non_inclusive,lru,10954170,317208,10636962,1964544,5075328,0.387077,22176,3110784,0.007129,3088608,98835456,0,0,0,0,0,271230,169894596,27614,170193440,170165826,170165826,0,0.000000,0,0,0,0,0,0,0,0,0,0.000000,0.999596,0,0,0.009332,30.646138,1,1,1,10,15,16,0,0,19460960,1.776580,3.283578,2382,3590
349ea4d8-0f59-4e23-a53d-79a17064a9e1,adc154abe3cea812fb9fedff32206f3a879c9e26,cache,cache16_lat,loas,16,vgg16_T4_all,layer_09_features_30,2,16384,8,512,64,262144,16,8192,512,32,2,16,1,16,20,20,12,1,next_burst,2,0,1,5,0,50,1,1,1,1,non_inclusive,lru,8535598,317208,8218390,2278070,5075328,0.448852,96,2048,0.046875,3088608,98835456,0,0,475172,0,0,130606138,122000,292978,131496288,131203310,288045506,156842196,0.544505,5073280,313526,2795210,0,136892,1827652,0,0,0,0.612519,0.999596,0,0,0.009332,27.557411,1,3,3,18,19,20,27,0,27613792,3.235133,5.455950,2382,3590
349ea4d8-0f59-4e23-a53d-79a17064a9e1,adc154abe3cea812fb9fedff32206f3a879c9e26,cache,cache16_lat,loas,16,vgg16_T4_all,layer_09_features_30,2,16384,8,512,64,262144,16,8192,512,32,2,16,1,16,20,20,12,1,next_burst,4,0,1,5,0,50,1,1,1,1,non_inclusive,lru,8530552,317208,8213344,2464990,5075328,0.485681,96,2048,0.046875,3088608,98835456,0,0,782840,0,0,130332578,122000,178134,131415552,131237418,451321396,320083978,0.709215,5073280,500446,2608290,0,486,1964058,0,0,0,0.612519,0.999596,0,0,0.009332,25.715954,3,4,5,18,19,20,59,0,27618546,3.237604,5.506751,2382,3590
349ea4d8-0f59-4e23-a53d-79a17064a9e1,adc154abe3cea812fb9fedff32206f3a879c9e26,cache,cache16_lat,loas,16,vgg16_T4_all,layer_09_features_30,2,16384,8,512,64,262144,16,8192,512,32,2,16,1,16,20,20,12,1,next_burst,8,0,1,5,0,50,1,1,1,1,non_inclusive,lru,8534220,317208,8217012,2575834,5075328,0.507521,96,2048,0.046875,3088608,98835456,0,0,963074,0,0,130197640,122000,191526,131474240,131282714,783653624,652370910,0.832474,5073280,611290,2497446,0,102,1964442,0,0,0,0.612519,0.999596,0,0,0.009332,24.623965,5,7,9,18,19,20,121,0,27618918,3.236256,5.554988,2382,3590
68d23e22-924d-4b70-9c8f-4e59697ea1a6,adc154abe3cea812fb9fedff32206f3a879c9e26,cache,cache16_lat,loas,16,vgg16_T4_all,layer_09_features_30,2,16384,8,256,32,262144,16,4096,256,64,4,16,1,16,20,20,12,1,none,0,0,1,5,0,50,1,1,1,1,non_inclusive,lru,5912958,317208,5595750,3438720,5075328,0.677537,12192,1636608,0.007450,1624416,103962624,0,0,0,0,0,155316,89358648,20084,89534048,89513964,89513964,0,0.000000,0,0,0,0,0,0,0,0,0,0.000000,0.999596,0,0,0.009332,16.123175,1,1,1,9,15,16,0,0,15048416,2.544989,2.476884,2382,3590
68d23e22-924d-4b70-9c8f-4e59697ea1a6,adc154abe3cea812fb9fedff32206f3a879c9e26,cache,cache16_lat,loas,16,vgg16_T4_all,layer_09_features_30,2,16384,8,256,32,262144,16,4096,256,64,4,16,1,16,20,20,12,1,next_burst,2,0,1,5,0,50,1,1,1,1,non_inclusive,lru,5115738,317208,4798530,3481986,5075328,0.686061,96,2048,0.046875,1624416,103962624,0,0,1928674,0,0,74352702,122000,375152,76778528,76403376,97514156,21110780,0.216489,5073280,43266,1591294,0,722532,2716188,0,0,0,0.322060,0.999596,0,0,0.009332,15.696936,1,2,3,15,19,20,12,0,20314164,3.970916,4.150646,2382,3590
68d23e22-924d-4b70-9c8f-4e59697ea1a6,adc154abe3cea812fb9fedff32206f3a879c9e26,cache,cache16_lat,loas,16,vgg16_T4_all,layer_09_features_30,2,16384,8,256,32,262144,16,4096,256,64,4,16,1,16,20,20,12,1,next_burst,4,0,1,5,0,50,1,1,1,1,non_inclusive,lru,4500992,317208,4183784,3587516,5075328,0.706854,96,2048,0.046875,1624416,103962624,0,0,2137290,0,0,64442318,122000,240984,66942592,66701608,147288814,80587206,0.547137,5073280,148796,1485764,0,44656,3394064,0,0,0,0.322060,0.999596,0,0,0.009332,14.657299,1,2,4,18,19,20,38,0,21738660,4.829749,4.287409,2382,3590
68d23e22-924d-4b70-9c8f-4e59697ea1a6,adc154abe3cea812fb9fedff32206f3a879c9e26,cache,cache16_lat,loas,16,vgg16_T4_all,layer_09_features_30,2,16384,8,256,32,262144,16,4096,256,64,4,16,1,16,20,20,12,1,next_burst,8,0,1,5,0,50,1,1,1,1,non_inclusive,lru,4496312,317208,4179104,3718120,5075328,0.732587,96,2048,0.046875,1624416,103962624,0,0,2392908,0,0,64210628,122000,142176,66867712,66725536,234489872,167764336,0.715444,5073280,279400,1355160,0,42,3438678,0,0,0,0.322060,0.999596,0,0,0.009332,13.370643,3,4,5,18,19,20,58,0,21743124,4.835769,4.349296,2382,3590
ab0c6193-6db2-4e58-9dba-eee14b979c36,adc154abe3cea812fb9fedff32206f3a879c9e26,cache,cache16_lat,loas,16,vgg16_T4_all,layer_09_features_30,3,16384,8,1024,128,262144,16,16384,1024,16,1,16,1,16,20,20,12,1,none,0,0,1,5,0,50,1,1,1,1,non_inclusive,lru,17884344,320904,17563440,0,5134464,0.000000,30048,5134464,0.005852,5104416,81670656,0,0,0,0,0,213018,280769844,34226,281017088,280982862,280982862,0,0.000000,0,0,0,0,0,0,0,0,0,0.000000,0.999601,0,0,0.000000,50.000000,1,1,1,10,15,16,0,0,25642400,1.433790,4.452733,2408,3642
ab0c6193-6db2-4e58-9dba-eee14b979c36,adc154abe3cea812fb9fedff32206f3a879c9e26,cache,cache16_lat,loas,16,vgg16_T4_all,layer_09_features_30,3,16384,8,1024,128,262144,16,16384,1024,16,1,16,1,16,20,20,12,1,next_burst,2,0,1,5,0,50,1,1,1,1,non_inclusive,lru,14057264,320904,13736360,13302,5134464,0.002591,0,2048,0.000000,5104416,81670656,0,0,5040,0,0,219595252,128000,55516,219783808,219728292,669193600,449465308,0.671652,5132416,13302,5119114,0,0,0,0,0,0,0.999601,0.999601,0,0,0.000000,49.870464,2,3,3,18,19,20,28,0,35868530,2.551601,6.628754,2408,3642
ab0c6193-6db2-4e58-9dba-eee14b979c36,adc154abe3cea812fb9fedff32206f3a879c9e26,cache,cache16_lat,loas,16,vgg16_T4_all,layer_09_features_30,3,16384,8,1024,128,262144,16,16384,1024,16,1,16,1,16,20,20,12,1,next_burst,4,0,1,5,0,50,1,1,1,1,non_inclusive,lru,14062006,320904,13741102,20874,5134464,0.004065,0,2048,0.000000,5104416,81670656,0,0,10356,0,0,219662394,128000,58930,219859680,219800750,1118650210,898849460,0.803513,5132416,20874,5111542,0,0,0,0,0,0,0.999601,0.999601,0,0,0.000000,49.796727,4,5,5,18,19,20,60,0,35870564,2.550885,6.709602,2408,3642
ab0c6193-6db2-4e58-9dba-eee14b979c36,adc154abe3cea812fb9fedff32206f3a879c9e26,cache,cache16_lat,loas,16,vgg16_T4_all,layer_09_features_30,3,16384,8,1024,128,262144,16,16384,1024,16,1,16,1,16,20,20,12,1,next_burst,8,0,1,5,0,50,1,1,1,1,non_inclusive,lru,14071722,320904,13750818,21606,5134464,0.004208,0,2048,0.000000,5104416,81670656,0,0,13458,0,0,219813320,128000,60358,220015136,219954778,2017521378,1797566600,0.890978,5132416,21606,5110810,0,0,0,0,0,0,0.999601,0.999601,0,0,0.000000,49.789598,8,9,9,18,19,20,124,0,35872202,2.549240,7.005064,2408,3642
02308633-0d52-449e-b9f3-60c992d3c220,adc154abe3cea812fb9fedff32206f3a879c9e26,cache,cache16_lat,loas,16,vgg16_T4_all,layer_09_features_30,3,16384,8,512,64,262144,16,8192,512,32,2,16,1,16,20,20,12,1,none,0,0,1,5,0,50,1,1,1,1,non_inclusive,lru,10997358,320904,10676454,2012160,5134464,0.391893,21984,3122304,0.007041,3100320,99210240,0,0,0,0,0,256896,170540070,28346,170825312,170796966,170796966,0,0.000000,0,0,0,0,0,0,0,0,0,0.000000,0.999601,0,0,0.008681,30.405355,1,1,1,10,15,16,0,0,19613984,1.783518,3.355526,2408,3642
02308633-0d52-449e-b9f3-60c992d3c220,adc154abe3cea812fb9fedff32206f3a879c9e26,cache,cache16_lat,loas,16,vgg16_T4_all,layer_09_features_30,3,16384,8,512,64,262144,16,8192,512,32,2,16,1,16,20,20,12,1,next_burst,2,0,1,5,0,50,1,1,1,1,non_inclusive,lru,8566550,320904,8245646,2341148,5134464,0.455967,96,2048,0.046875,3100320,99210240,0,0,515030,0,0,130998514,122000,296840,131932384,131635544,287516698,155881154,0.542164,5132416,328988,2791268,0,154456,1857704,0,0,0,0.607708,0.999601,0,0,0.008681,27.201632,1,2,3,18,19,20,27,0,27837718,3.249583,5.535657,2408,3642
02308633-0d52-449e-b9f3-60c992d3c220,adc154abe3cea812fb9fedff32206f3a879c9e26,cache,cache16_lat,loas,16,vgg16_T4_all,layer_09_features_30,3,16384,8,512,64,262144,16,8192,512,32,2,16,1,16,20,20,12,1,next_burst,4,0,1,5,0,50,1,1,1,1,non_inclusive,lru,8561866,320904,8240962,2505494,5134464,0.487976,96,2048,0.046875,3100320,99210240,0,0,785126,0,0,130760004,122000,190310,131857440,131667130,448785586,317118456,0.706615,5132416,493334,2626922,0,700,2011460,0,0,0,0.607708,0.999601,0,0,0.008681,25.601212,3,4,5,18,19,20,59,0,27842100,3.251873,5.565585,2408,3642
02308633-0d52-449e-b9f3-60c992d3c220,adc154abe3cea812fb9fedff32206f3a879c9e26,cache,cache16_lat,loas,16,vgg16_T4_all,layer_09_features_30,3,16384,8,512,64,262144,16,8192,512,32,2,16,1,16,20,20,12,1,next_burst,8,0,1,5,0,50,1,1,1,1,non_inclusive,lru,8566374,320904,8245470,2608606,5134464,0.508058,96,2048,0.046875,3100320,99210240,0,0,941476,0,0,130718950,122000,147142,131929568,131782426,782843086,651060660,0.831662,5132416,596446,2523810,0,336,2011824,0,0,0,0.607708,0.999601,0,0,0.008681,24.597095,5,6,9,18,19,20,120,0,27842714,3.250233,5.664975,2408,3642
e1ebc9c5-cebc-4bce-ad4c-353754b41d25,adc154abe3cea812fb9fedff32206f3a879c9e26,cache,cache16_lat,loas,16,vgg16_T4_all,layer_09_features_30,3,16384,8,256,32,262144,16,4096,256,64,4,16,1,16,20,20,12,1,none,0,0,1,5,0,50,1,1,1,1,non_inclusive,lru,5914304,320904,5593400,3498496,5134464,0.681375,12192,1635968,0.007452,1623776,103921664,0,0,0,0,0,153108,89323298,20042,89496448,89476406,89476406,0,0.000000,0,0,0,0,0,0,0,0,0,0.000000,0.999601,0,0,0.008681,15.931244,1,1,1,9,15,16,0,0,15164768,2.564083,2.518257,2408,3642
e1ebc9c5-cebc-4bce-ad4c-353754b41d25,adc154abe3cea812fb9fedff32206f3a879c9e26,cache,cache16_lat,loas,16,vgg16_T4_all,layer_09_features_30,3,16384,8,256,32,262144,16,4096,256,64,4,16,1,16,20,20,12,1,next_burst,2,0,1,5,0,50,1,1,1,1,non_inclusive,lru,5143500,320904,4822596,3543356,5134464,0.690112,96,2048,0.046875,1623776,103921664,0,0,1987138,0,0,74704778,122000,349668,77163584,76813916,97536692,20722776,0.212461,5132416,44860,1589060,0,758922,2739574,0,0,0,0.318226,0.999601,0,0,0.008681,15.494392,1,2,3,15,19,20,17,0,20490006,3.983670,4.183995,2408,3642
e1ebc9c5-cebc-4bce-ad4c-353754b41d25,adc154abe3cea812fb9fedff32206f3a879c9e26,cache,cache16_lat,loas,16,vgg16_T4_all,layer_09_features_30,3,16384,8,256,32,262144,16,4096,256,64,4,16,1,16,20,20,12,1,next_burst,4,0,1,5,0,50,1,1,1,1,non_inclusive,lru,4499486,320904,4178582,3649902,5134464,0.710863,96,2048,0.046875,1623776,103921664,0,0,2198308,0,0,64314680,122000,224372,66859360,66634988,145944644,79309656,0.543423,5132416,151406,1482514,0,46828,3451668,0,0,0,0.318226,0.999601,0,0,0.008681,14.456835,1,2,3,18,19,20,28,0,21913406,4.870202,4.463798,2408,3642
e1ebc9c5-cebc-4bce-ad4c-353754b41d25,adc154abe3cea812fb9fedff32206f3a879c9e26,cache,cache16_lat,loas,16,vgg16_T4_all,layer_09_features_30,3,16384,8,256,32,262144,16,4096,256,64,4,16,1,16,20,20,12,1,next_burst,8,0,1,5,0,50,1,1,1,1,non_inclusive,lru,4494968,320904,4174064,3763532,5134464,0.732994,96,2048,0.046875,1623776,103921664,0,0,2419672,0,0,64100738,122000,144662,66787072,66642410,232272754,165630344,0.713086,5132416,265036,1368884,0,324,3498172,0,0,0,0.318226,0.999601,0,0,0.008681,13.350293,3,4,5,18,19,20,59,0,21918112,4.876144,4.446599,2408,3642
fab1d1b9-011c-4cda-9ef9-c87745926d87,adc154abe3cea812fb9fedff32206f3a879c9e26,cache,cache16_lat,loas,16,vgg16_T4_all,layer_09_features_30,4,16384,8,1024,128,262144,16,16384,1024,16,1,16,1,16,20,20,12,1,none,0,0,1,5,0,50,1,1,1,1,non_inclusive,lru,17945586,321984,17623602,0,5151744,0.000000,29664,5151744,0.005758,5122080,81953280,0,0,0,0,0,207732,281740458,31490,281979680,281948190,281948190,0,0.000000,0,0,0,0,0,0,0,0,0,0.000000,0.999602,0,0,0.000000,50.000000,1,1,1,10,15,16,0,0,25729184,1.433733,4.438357,2413,3694
fab1d1b9-011c-4cda-9ef9-c87745926d87,adc154abe3cea812fb9fedff32206f3a879c9e26,cache,cache16_lat,loas,16,vgg16_T4_all,layer_09_features_30,4,16384,8,1024,128,262144,16,16384,1024,16,1,16,1,16,20,20,12,1,next_burst,2,0,1,5,0,50,1,1,1,1,non_inclusive,lru,14104298,321984,13782314,13080,5151744,0.002539,96,2048,0.046875,5122080,81953280,0,0,4416,0,0,220336600,122000,56056,220519072,220463016,671433014,450969998,0.671653,5149696,13080,5136616,0,0,0,0,0,0,0.999602,0.999602,0,0,0.000000,49.873053,2,3,3,18,19,20,28,0,35989766,2.551688,6.799171,2413,3694
fab1d1b9-011c-4cda-9ef9-c87745926d87,adc154abe3cea812fb9fedff32206f3a879c9e26,cache,cache16_lat,loas,16,vgg16_T4_all,layer_09_features_30,4,16384,8,1024,128,262144,16,16384,1024,16,1,16,1,16,20,20,12,1,next_burst,4,0,1,5,0,50,1,1,1,1,non_inclusive,lru,14109796,321984,13787812,20772,5151744,0.004032,96,2048,0.046875,5122080,81953280,0,0,8562,0,0,220419852,122000,56626,220607040,220550414,1122486070,901935656,0.803516,5149696,20772,5128924,0,0,0,0,0,0,0.999602,0.999602,0,0,0.000000,49.798398,4,5,5,18,19,20,60,0,35992328,2.550875,6.706916,2413,3694
fab1d1b9-011c-4cda-9ef9-c87745926d87,adc154abe3cea812fb9fedff32206f3a879c9e26,cache,cache16_lat,loas,16,vgg16_T4_all,layer_09_features_30,4,16384,8,1024,128,262144,16,16384,1024,16,1,16,1,16,20,20,12,1,next_burst,8,0,1,5,0,50,1,1,1,1,non_inclusive,lru,14119434,321984,13797450,28188,5151744,0.005472,96,2048,0.046875,5122080,81953280,0,0,12684,0,0,220564616,122000,61948,220761248,220699300,2024361180,1803661880,0.890978,5149696,28188,5121508,0,0,0,0,0,0,0.999602,0.999602,0,0,0.000000,49.726423,8,9,9,18,19,20,124,0,35993816,2.549239,7.003842,2413,3694
221785ab-7616-4ce0-a841-156c221282c8,adc154abe3cea812fb9fedff32206f3a879c9e26,cache,cache16_lat,loas,16,vgg16_T4_all,layer_09_features_30,4,16384,8,512,64,262144,16,8192,512,32,2,16,1,16,20,20,12,1,none,0,0,1,5,0,50,1,1,1,1,non_inclusive,lru,11064392,321984,10742408,2009728,5151744,0.390106,22560,3142016,0.007180,3119456,99822592,0,0,0,0,0,259740,171593192,27644,171880576,171852932,171852932,0,0.000000,0,0,0,0,0,0,0,0,0,0.000000,0.999602,0,0,0.015625,30.494683,1,1,1,10,15,16,0,0,19707104,1.781129,3.336416,2413,3694
221785ab-7616-4ce0-a841-156c221282c8,adc154abe3cea812fb9fedff32206f3a879c9e26,cache,cache16_lat,loas,16,vgg16_T4_all,layer_09_features_30,4,16384,8,512,64,262144,16,8192,512,32,2,16,1,16,20,20,12,1,next_burst,2,0,1,5,0,50,1,1,1,1,non_inclusive,lru,8619564,321984,8297580,2340186,5151744,0.454251,96,2048,0.046875,3119456,99822592,0,0,515816,0,0,131838784,122000,286728,132763328,132476600,291180266,158703666,0.545036,5149696,330458,2809510,0,153860,1855868,0,0,0,0.609496,0.999602,0,0,0.015625,27.287439,1,3,3,18,19,20,27,0,27966602,3.244549,5.592500,2413,3694
221785ab-7616-4ce0-a841-156c221282c8,adc154abe3cea812fb9fedff32206f3a879c9e26,cache,cache16_lat,loas,16,vgg16_T4_all,layer_09_features_30,4,16384,8,512,64,262144,16,8192,512,32,2,16,1,16,20,20,12,1,next_burst,4,0,1,5,0,50,1,1,1,1,non_inclusive,lru,8613580,321984,8291596,2490284,5151744,0.483387,96,2048,0.046875,3119456,99822592,0,0,755630,0,0,131600212,122000,189742,132667584,132477842,453970512,321492670,0.708180,5149696,480556,2659412,0,528,2009200,0,0,0,0.609496,0.999602,0,0,0.015625,25.830670,3,4,5,18,19,20,57,0,27971678,3.247393,5.622103,2413,3694
221785ab-7616-4ce0-a841-156c221282c8,adc154abe3cea812fb9fedff32206f3a879c9e26,cache,cache16_lat,loas,16,vgg16_T4_all,layer_09_features_30,4,16384,8,512,64,262144,16,8192,512,32,2,16,1,16,20,20,12,1,next_burst,8,0,1,5,0,50,1,1,1,1,non_inclusive,lru,8617820,321984,8295836,2659810,5151744,0.516293,96,2048,0.046875,3119456,99822592,0,0,1027452,0,0,131420258,122000,165714,132735424,132569710,788102880,655533170,0.831786,5149696,650082,2489886,0,282,2009446,0,0,0,0.609496,0.999602,0,0,0.015625,24.185344,5,6,8,18,19,20,106,0,27972002,3.245833,5.653312,2413,3694
7d54e780-192b-4dcb-b424-262c4e457887,adc154abe3cea812fb9fedff32206f3a879c9e26,cache,cache16_lat,loas,16,vgg16_T4_all,layer_09_features_30,4,16384,8,256,32,262144,16,4096,256,64,4,16,1,16,20,20,12,1,none,0,0,1,5,0,50,1,1,1,1,non_inclusive,lru,5909870,321984,5587886,3517312,5151744,0.682742,12288,1634432,0.007518,1622144,103817216,0,0,0,0,0,154914,89232932,20378,89408224,89387846,89387846,0,0.000000,0,0,0,0,0,0,0,0,0,0.000000,0.999602,0,0,0.015625,15.862900,1,1,1,9,15,16,0,0,15194624,2.571059,2.504971,2413,3694
7d54e780-192b-4dcb-b424-262c4e457887,adc154abe3cea812fb9fedff32206f3a879c9e26,cache,cache16_lat,loas,16,vgg16_T4_all,layer_09_features_30,4,16384,8,256,32,262144,16,4096,256,64,4,16,1,16,20,20,12,1,next_burst,2,0,1,5,0,50,1,1,1,1,non_inclusive,lru,5176878,321984,4854894,3556632,5151744,0.690374,96,2048,0.046875,1622144,103817216,0,0,2006330,0,0,75242078,122000,309944,77680352,77370408,97097572,19727164,0.203168,5149696,39320,1593064,0,758942,2758370,0,0,0,0.316860,0.999602,0,0,0.015625,15.481282,1,2,3,15,19,20,17,0,20525326,3.964808,4.190957,2413,3694
7d54e780-192b-4dcb-b424-262c4e457887,adc154abe3cea812fb9fedff32206f3a879c9e26,cache,cache16_lat,loas,16,vgg16_T4_all,layer_09_features_30,4,16384,8,256,32,262144,16,4096,256,64,4,16,1,16,20,20,12,1,next_burst,4,0,1,5,0,50,1,1,1,1,non_inclusive,lru,4496950,321984,4174966,3664566,5151744,0.711325,96,2048,0.046875,1622144,103817216,0,0,2220974,0,0,64230366,122000,228164,66801504,66573340,145499740,78926400,0.542450,5149696,147254,1485130,0,49328,3467984,0,0,0,0.316860,0.999602,0,0,0.015625,14.433734,1,2,4,18,19,20,26,0,21958944,4.883075,4.378589,2413,3694
7d54e780-192b-4dcb-b424-262c4e457887,adc154abe3cea812fb9fedff32206f3a879c9e26,cache,cache16_lat,loas,16,vgg16_T4_all,layer_09_features_30,4,16384,8,256,32,262144,16,4096,256,64,4,16,1,16,20,20,12,1,next_burst,8,0,1,5,0,50,1,1,1,1,non_inclusive,lru,4490754,321984,4168770,3770258,5151744,0.731841,96,2048,0.046875,1622144,103817216,0,0,2424824,0,0,64003150,122000,152394,66702368,66549974,231417956,164867982,0.712425,5149696,252946,1379438,0,16,3517296,0,0,0,0.316860,0.999602,0,0,0.015625,13.407945,3,4,5,18,19,20,58,0,21963678,4.890866,4.455248,2413,3694
32786cf7-9d23-44af-bb6a-e3fa35be3e44,adc154abe3cea812fb9fedff32206f3a879c9e26,cache,cache16_lat,ptb,16,resnet19_T4_all,layer_01_layer1_0_conv1,0,16384,8,1024,128,262144,16,16384,1024,16,1,16,1,16,20,20,12,1,none,0,0,1,5,0,50,1,1,1,1,non_inclusive,lru,2610373,219236,2391137,724096,3294784,0.219770,2563344,2570688,0.997143,3672,58752,0,0,0,0,0,37414267,432137,657548,38503952,37846404,37846404,0,0.000000,0,0,0,0,0,0,0,0,0,0.000000,0.990055,0,0,0.000000,39.011480,1,1,1,4,8,8,0,0,11736664,4.496164,1.714532,101,174
32786cf7-9d23-44af-bb6a-e3fa35be3e44,adc154abe3cea812fb9fedff32206f3a879c9e26,cache,cache16_lat,ptb,16,resnet19_T4_all,layer_01_layer1_0_conv1,0,16384,8,1024,128,262144,16,16384,1024,16,1,16,1,16,20,20,12,1,next_burst,2,0,1,5,0,50,1,1,1,1,non_inclusive,lru,2600526,219236,2381290,889854,3294784,0.270080,25968,26048,0.996929,3672,58752,0,0,333703,0,0,37248691,4960,759046,38346400,37587354,103294906,65707552,0.636116,3262016,165760,2378882,0,717374,0,0,0,0,0.772324,0.990055,0,0,0.000000,36.496019,2,3,3,5,13,20,10,0,15000124,5.768112,2.711027,101,174
32786cf7-9d23-44af-bb6a-e3fa35be3e44,adc154abe3cea812fb9fedff32206f3a879c9e26,cache,cache16_lat,ptb,16,resnet19_T4_all,layer_01_layer1_0_conv1,0,16384,8,1024,128,262144,16,16384,1024,16,1,16,1,16,20,20,12,1,next_burst,4,0,1,5,0,50,1,1,1,1,non_inclusive,lru,2598745,219236,2379509,923356,3294784,0.280248,36821,36901,0.997832,3672,58752,0,0,346521,0,0,37120323,4960,846100,38317904,37471804,165516212,128044408,0.773606,3262016,199296,2334527,0,728193,0,0,0,0,0.769041,0.990055,0,0,0.000000,35.987610,4,5,5,5,14,20,46,0,15000266,5.772119,2.803235,101,174
32786cf7-9d23-44af-bb6a-e3fa35be3e44,adc154abe3cea812fb9fedff32206f3a879c9e26,cache,cache16_lat,ptb,16,resnet19_T4_all,layer_01_layer1_0_conv1,0,16384,8,1024,128,262144,16,16384,1024,16,1,16,1,16,20,20,12,1,next_burst,8,0,1,5,0,50,1,1,1,1,non_inclusive,lru,2600236,219236,2381000,1067456,3294784,0.323984,79215,79295,0.998991,3672,58752,0,0,507200,0,0,36879124,4960,950476,38341760,37391284,282989317,245598033,0.867870,3262016,344276,2148033,0,769707,0,0,0,0,0.756441,0.990055,0,0,0.000000,33.800820,6,9,9,5,15,20,112,0,15002046,5.769494,2.912982,101,174
82fd8155-4f53-47df-b5d7-e46c0ba22c84,adc154abe3cea812fb9fedff32206f3a879c9e26,cache,cache16_lat,ptb,16,resnet19_T4_all,layer_01_layer1_0_conv1,0,16384,8,512,64,262144,16,8192,512,32,2,16,1,16,20,20,12,1,none,0,0,1,5,0,50,1,1,1,1,non_inclusive,lru,2814233,219236,2594997,513840,3294784,0.155956,2776624,2780944,0.998447,2160,69120,0,0,0,0,0,40887106,252842,625764,41765712,41139948,41139948,0,0.000000,0,0,0,0,0,0,0,0,0,0.000000,0.990055,0,0,0.150000,42.202220,1,1,1,5,8,8,0,0,12155664,4.319352,1.751597,101,174
82fd8155-4f53-47df-b5d7-e46c0ba22c84,adc154abe3cea812fb9fedff32206f3a879c9e26,cache,cache16_lat,ptb,16,resnet19_T4_all,layer_01_layer1_0_conv1,0,16384,8,512,64,262144,16,8192,512,32,2,16,1,16,20,20,12,1,next_burst,2,0,1,5,0,50,1,1,1,1,non_inclusive,lru,2807958,219236,2588722,657032,3294784,0.199416,31759,31823,0.997989,2160,69120,0,0,185581,0,0,40775323,3968,700440,41665312,40964872,115843701,74878829,0.646378,3262016,143192,2605929,0,261754,251141,0,0,0,0.834386,0.990055,0,0,0.150000,40.029210,2,3,3,6,15,20,10,0,15418978,5.491171,2.726957,101,174
82fd8155-4f53-47df-b5d7-e46c0ba22c84,adc154abe3cea812fb9fedff32206f3a879c9e26,cache,cache16_lat,ptb,16,resnet19_T4_all,layer_01_layer1_0_conv1,0,16384,8,512,64,262144,16,8192,512,32,2,16,1,16,20,20,12,1,next_burst,4,0,1,5,0,50,1,1,1,1,non_inclusive,lru,2807300,219236,2588064,676590,3294784,0.205352,39030,39094,0.998363,2160,69120,0,0,167411,0,0,40694846,3968,788559,41654784,40866225,187768503,146902278,0.782358,3262016,162750,2579100,0,269127,251039,0,0,0,0.832179,0.990055,0,0,0.150000,39.732407,4,5,5,6,15,20,46,0,15419162,5.492524,2.840285,101,174
82fd8155-4f53-47df-b5d7-e46c0ba22c84,adc154abe3cea812fb9fedff32206f3a879c9e26,cache,cache16_lat,ptb,16,resnet19_T4_all,layer_01_layer1_0_conv1,0,16384,8,512,64,262144,16,8192,512,32,2,16,1,16,20,20,12,1,next_burst,8,0,1,5,0,50,1,1,1,1,non_inclusive,lru,2808530,219236,2589294,780104,3294784,0.236769,65926,65990,0.999030,2160,69120,0,0,271238,0,0,40512885,3968,886373,41674464,40788091,325709808,284921717,0.874772,3262016,266746,2448690,0,299242,247338,0,0,0,0.824162,0.990055,0,0,0.150000,38.161530,7,9,9,6,17,20,112,0,15420105,5.490454,2.955467,101,174
ef81ae3d-0dd4-40ef-8f9d-7362893fe822,adc154abe3cea812fb9fedff32206f3a879c9e26,cache,cache16_lat,ptb,16,resnet19_T4_all,layer_01_layer1_0_conv1,0,16384,8,256,32,262144,16,4096,256,64,4,16,1,16,20,20,12,1,none,0,0,1,5,0,50,1,1,1,1,non_inclusive,lru,2481971,219236,2262735,843168,3294784,0.255910,2449312,2451616,0.999060,1152,73728,0,0,0,0,0,35633421,133607,682492,36449520,35767028,35767028,0,0.000000,0,0,0,0,0,0,0,0,0,0.000000,0.990055,0,0,0.203125,37.204503,1,1,1,5,8,8,0,0,11496000,4.631803,1.676885,101,174
ef81ae3d-0dd4-40ef-8f9d-7362893fe822,adc154abe3cea812fb9fedff32206f3a879c9e26,cache,cache16_lat,ptb,16,resnet19_T4_all,layer_01_layer1_0_conv1,0,16384,8,256,32,262144,16,4096,256,64,4,16,1,16,20,20,12,1,next_burst,2,0,1,5,0,50,1,1,1,1,non_inclusive,lru,2477996,219236,2258760,1073871,3294784,0.325931,32810,32874,0.998053,1152,73728,0,0,339696,0,0,35358461,3968,683795,36385920,35702125,93482966,57780841,0.618090,3262016,230703,2188039,0,60616,782658,0,0,0,0.734112,0.990055,0,0,0.203125,33.703469,2,3,3,10,18,20,8,0,14758260,5.955724,2.659479,101,174
ef81ae3d-0dd4-40ef-8f9d-7362893fe822,adc154abe3cea812fb9fedff32206f3a879c9e26,cache,cache16_lat,ptb,16,resnet19_T4_all,layer_01_layer1_0_conv1,0,16384,8,256,32,262144,16,4096,256,64,4,16,1,16,20,20,12,1,next_burst,4,0,1,5,0,50,1,1,1,1,non_inclusive,lru,2477789,219236,2258553,1021773,3294784,0.310118,34646,34710,0.998156,1152,73728,0,0,244401,0,0,35360563,3968,773676,36382608,35608932,149335549,113726617,0.761551,3262016,178605,2238301,0,31060,814050,0,0,0,0.733555,0.990055,0,0,0.203125,34.494082,3,5,5,8,17,20,39,0,14759034,5.956534,2.703608,101,174
ef81ae3d-0dd4-40ef-8f9d-7362893fe822,adc154abe3cea812fb9fedff32206f3a879c9e26,cache,cache16_lat,ptb,16,resnet19_T4_all,layer_01_layer1_0_conv1,0,16384,8,256,32,262144,16,4096,256,64,4,16,1,16,20,20,12,1,next_burst,8,0,1,5,0,50,1,1,1,1,non_inclusive,lru,2477908,219236,2258672,991326,3294784,0.300877,40567,40631,0.998425,1152,73728,0,0,207700,0,0,35419239,3968,753605,36384512,35630907,257940291,222309384,0.861864,3262016,148158,2262827,0,39507,811524,0,0,0,0.731758,0.990055,0,0,0.203125,34.956131,6,8,9,8,17,20,90,0,14759016,5.956241,2.762196,101,174
ec3b8846-c2bd-4b37-af6c-a27cdd18d130,adc154abe3cea812fb9fedff32206f3a879c9e26,cache,cache16_lat,ptb,16,resnet19_T4_all,layer_01_layer1_0_conv1,1,16384,8,1024,128,262144,16,16384,1024,16,1,16,1,16,20,20,12,1,none,0,0,1,5,0,50,1,1,1,1,non_inclusive,lru,3168275,246516,2921759,605072,3730560,0.162193,3116272,3125488,0.997051,4608,73728,0,0,0,0,0,45799687,542109,652812,46994608,46341796,46341796,0,0.000000,0,0,0,0,0,0,0,0,0,0.000000,0.991216,0,0,0.000000,41.890333,1,1,1,5,8,8,0,0,13718752,4.330038,1.976972,114,205
ec3b8846-c2bd-4b37-af6c-a27cdd18d130,adc154abe3cea812fb9fedff32206f3a879c9e26,cache,cache16_lat,ptb,16,resnet19_T4_all,layer_01_layer1_0_conv1,1,16384,8,1024,128,262144,16,16384,1024,16,1,16,1,16,20,20,12,1,next_burst,2,0,1,5,0,50,1,1,1,1,non_inclusive,lru,3155926,246516,2909410,754721,3730560,0.202308,29049,29289,0.991806,4608,73728,0,0,275113,0,0,45759170,14880,747861,46797024,46049163,131738213,85689050,0.650449,3697792,149649,2946550,0,601593,0,0,0,0,0.829956,0.991216,0,0,0.000000,39.884615,2,3,3,5,13,20,10,0,17418356,5.519254,3.103446,114,205
ec3b8846-c2bd-4b37-af6c-a27cdd18d130,adc154abe3cea812fb9fedff32206f3a879c9e26,cache,cache16_lat,ptb,16,resnet19_T4_all,layer_01_layer1_0_conv1,1,16384,8,1024,128,262144,16,16384,1024,16,1,16,1,16,20,20,12,1,next_burst,4,0,1,5,0,50,1,1,1,1,non_inclusive,lru,3153657,246516,2907141,776003,3730560,0.208012,38466,38706,0.993799,4608,73728,0,0,269648,0,0,45648836,14880,827356,46760720,45933364,213472393,167539029,0.784828,3697792,170983,2915851,0,610958,0,0,0,0,0.827445,0.991216,0,0,0.000000,39.599377,4,5,5,5,13,20,47,0,17418504,5.523272,3.199177,114,205
ec3b8846-c2bd-4b37-af6c-a27cdd18d130,adc154abe3cea812fb9fedff32206f3a879c9e26,cache,cache16_lat,ptb,16,resnet19_T4_all,layer_01_layer1_0_conv1,1,16384,8,1024,128,262144,16,16384,1024,16,1,16,1,16,20,20,12,1,next_burst,8,0,1,5,0,50,1,1,1,1,non_inclusive,lru,3155044,246516,2908528,908185,3730560,0.243445,77804,78044,0.996925,4608,73728,0,0,401702,0,0,45465725,14880,900605,46782912,45882307,370396753,324514446,0.876127,3697792,303977,2744331,0,649484,0,0,0,0,0.817118,0.991216,0,0,0.000000,37.827766,7,9,9,6,15,20,112,0,17420172,5.521372,3.324681,114,205
566fd2a7-84bf-48bd-b3a3-b13b8df9eb87,adc154abe3cea812fb9fedff32206f3a879c9e26,cache,cache16_lat,ptb,16,resnet19_T4_all,layer_01_layer1_0_conv1,1,16384,8,512,64,262144,16,8192,512,32,2,16,1,16,20,20,12,1,none,0,0,1,5,0,50,1,1,1,1,non_inclusive,lru,3154106,246516,2907590,610688,3730560,0.163699,3115264,3119872,0.998523,2304,73728,0,0,0,0,0,45846899,269250,651755,46767904,46116149,46116149,0,0.000000,0,0,0,0,0,0,0,0,0,0.000000,0.991216,0,0,0.000000,41.815063,1,1,1,5,8,8,0,0,13705216,4.345198,1.987605,114,205
566fd2a7-84bf-48bd-b3a3-b13b8df9eb87,adc154abe3cea812fb9fedff32206f3a879c9e26,cache,cache16_lat,ptb,16,resnet19_T4_all,layer_01_layer1_0_conv1,1,16384,8,512,64,262144,16,8192,512,32,2,16,1,16,20,20,12,1,next_burst,2,0,1,5,0,50,1,1,1,1,non_inclusive,lru,3147183,246516,2900667,782099,3730560,0.209647,31209,31385,0.994392,2304,73728,0,0,236294,0,0,45673128,10912,736802,46657136,45920334,130468840,84548506,0.648036,3697792,171411,2917076,0,218695,390610,0,0,0,0.827888,0.991216,0,0,0.000000,39.517673,2,3,3,6,17,20,10,0,17404202,5.530089,3.061309,114,205
566fd2a7-84bf-48bd-b3a3-b13b8df9eb87,adc154abe3cea812fb9fedff32206f3a879c9e26,cache,cache16_lat,ptb,16,resnet19_T4_all,layer_01_layer1_0_conv1,1,16384,8,512,64,262144,16,8192,512,32,2,16,1,16,20,20,12,1,next_burst,4,0,1,5,0,50,1,1,1,1,non_inclusive,lru,3146465,246516,2899949,770260,3730560,0.206473,36801,36977,0.995240,2304,73728,0,0,192918,0,0,45619807,10912,822011,46645648,45823637,209868692,164045055,0.781656,3697792,159610,2923323,0,226690,388169,0,0,0,0.826400,0.991216,0,0,0.000000,39.676349,4,5,5,6,15,20,44,0,17404698,5.531509,3.175408,114,205
566fd2a7-84bf-48bd-b3a3-b13b8df9eb87,adc154abe3cea812fb9fedff32206f3a879c9e26,cache,cache16_lat,ptb,16,resnet19_T4_all,layer_01_layer1_0_conv1,1,16384,8,512,64,262144,16,8192,512,32,2,16,1,16,20,20,12,1,next_burst,8,0,1,5,0,50,1,1,1,1,non_inclusive,lru,3147711,246516,2901195,840062,3730560,0.225184,62967,63143,0.997213,2304,73728,0,0,257354,0,0,45499663,10912,897655,46665584,45767929,366009325,320241396,0.874954,3697792,229690,2827355,0,254739,386008,0,0,0,0.819460,0.991216,0,0,0.000000,38.740806,7,9,9,6,16,20,107,0,17405282,5.529504,3.286245,114,205
487c9559-e0a4-4553-8344-9ed6806e619c,adc154abe3cea812fb9fedff32206f3a879c9e26,cache,cache16_lat,ptb,16,resnet19_T4_all,layer_01_layer1_0_conv1,1,16384,8,256,32,262144,16,4096,256,64,4,16,1,16,20,20,12,1,none,0,0,1,5,0,50,1,1,1,1,non_inclusive,lru,2781951,246516,2535435,979104,3730560,0.262455,2749152,2751456,0.999163,1152,73728,0,0,0,0,0,39963574,131586,718264,40813424,40095160,40095160,0,0.000000,0,0,0,0,0,0,0,0,0,0.000000,0.991216,0,0,0.000000,36.877252,1,1,1,5,8,8,0,0,12967232,4.661201,1.880354,114,205
487c9559-e0a4-4553-8344-9ed6806e619c,adc154abe3cea812fb9fedff32206f3a879c9e26,cache,cache16_lat,ptb,16,resnet19_T4_all,layer_01_layer1_0_conv1,1,16384,8,256,32,262144,16,4096,256,64,4,16,1,16,20,20,12,1,next_burst,2,0,1,5,0,50,1,1,1,1,non_inclusive,lru,2777389,246516,2530873,1245878,3730560,0.333965,32290,32402,0.996543,1152,73728,0,0,408245,0,0,39620137,6944,705106,40740432,40035326,105631976,65596650,0.620992,3697792,266774,2452280,0,62287,916451,0,0,0,0.728859,0.991216,0,0,0.000000,33.301729,2,3,3,12,18,20,10,0,16665576,6.000447,3.021928,114,205
487c9559-e0a4-4553-8344-9ed6806e619c,adc154abe3cea812fb9fedff32206f3a879c9e26,cache,cache16_lat,ptb,16,resnet19_T4_all,layer_01_layer1_0_conv1,1,16384,8,256,32,262144,16,4096,256,64,4,16,1,16,20,20,12,1,next_burst,4,0,1,5,0,50,1,1,1,1,non_inclusive,lru,2777379,246516,2530863,1185260,3730560,0.317716,34190,34302,0.996735,1152,73728,0,0,315821,0,0,39581082,6944,836425,40740272,39903847,166977191,127073344,0.761022,3697792,206156,2510998,0,17304,963334,0,0,0,0.728350,0.991216,0,0,0.000000,34.114181,3,5,5,11,17,20,45,0,16666376,6.000757,3.082307,114,205
487c9559-e0a4-4553-8344-9ed6806e619c,adc154abe3cea812fb9fedff32206f3a879c9e26,cache,cache16_lat,ptb,16,resnet19_T4_all,layer_01_layer1_0_conv1,1,16384,8,256,32,262144,16,4096,256,64,4,16,1,16,20,20,12,1,next_burst,8,0,1,5,0,50,1,1,1,1,non_inclusive,lru,2777904,246516,2531388,1169787,3730560,0.313569,44758,44870,0.997504,1152,73728,0,0,276378,0,0,39633748,6944,831602,40748672,39917070,289229277,249312207,0.861988,3697792,190777,2515903,0,30946,960166,0,0,0,0.725543,0.991216,0,0,0.000000,34.321563,6,8,9,10,17,20,107,0,16666562,5.999690,3.129076,114,205
4f61c164-6e43-4001-b500-fb99daf5fcf5,adc154abe3cea812fb9fedff32206f3a879c9e26,cache,cache16_lat,ptb,16,resnet19_T4_all,layer_01_layer1_0_conv1,2,16384,8,1024,128,262144,16,16384,1024,16,1,16,1,16,20,20,12,1,none,0,0,1,5,0,50,1,1,1,1,non_inclusive,lru,2735992,217028,2518964,595376,3293568,0.180769,2690336,2698192,0.997088,3928,62848,0,0,0,0,0,39449128,459875,606069,40515072,39909003,39909003,0,0.000000,0,0,0,0,0,0,0,0,0,0.000000,0.990051,0,0,0.000000,40.961535,1,1,1,5,8,8,0,0,11989496,4.382139,1.738415,103,173
4f61c164-6e43-4001-b500-fb99daf5fcf5,adc154abe3cea812fb9fedff32206f3a879c9e26,cache,cache16_lat,ptb,16,resnet19_T4_all,layer_01_layer1_0_conv1,2,16384,8,1024,128,262144,16,16384,1024,16,1,16,1,16,20,20,12,1,next_burst,2,0,1,5,0,50,1,1,1,1,non_inclusive,lru,2724956,217028,2507928,748250,3293568,0.227185,30884,31044,0.994846,3928,62848,0,0,261707,0,0,39341046,9920,725823,40338496,39612673,111415566,71802893,0.644460,3260800,152874,2514274,0,593652,0,0,0,0,0.809805,0.990051,0,0,0.000000,38.640739,2,3,3,6,13,20,10,0,15252192,5.597225,2.718107,103,173
4f61c164-6e43-4001-b500-fb99daf5fcf5,adc154abe3cea812fb9fedff32206f3a879c9e26,cache,cache16_lat,ptb,16,resnet19_T4_all,layer_01_layer1_0_conv1,2,16384,8,1024,128,262144,16,16384,1024,16,1,16,1,16,20,20,12,1,next_burst,4,0,1,5,0,50,1,1,1,1,non_inclusive,lru,2723392,217028,2506364,767171,3293568,0.232930,39045,39205,0.995919,3928,62848,0,0,256020,0,0,39249711,9920,797821,40313472,39515651,179382261,139866610,0.779713,3260800,171825,2487192,0,601783,0,0,0,0,0.807336,0.990051,0,0,0.000000,38.353497,4,5,5,6,14,20,46,0,15252312,5.600484,2.823252,103,173
4f61c164-6e43-4001-b500-fb99daf5fcf5,adc154abe3cea812fb9fedff32206f3a879c9e26,cache,cache16_lat,ptb,16,resnet19_T4_all,layer_01_layer1_0_conv1,2,16384,8,1024,128,262144,16,16384,1024,16,1,16,1,16,20,20,12,1,next_burst,8,0,1,5,0,50,1,1,1,1,non_inclusive,lru,2725795,217028,2508767,944208,3293568,0.286682,86441,86601,0.998152,3928,62848,0,0,427739,0,0,38996671,9920,917590,40351920,39434330,307767794,268333464,0.871870,3260800,349782,2262759,0,648259,0,0,0,0,0.793225,0.990051,0,0,0.000000,35.665880,7,9,9,6,15,20,112,0,15254376,5.596303,2.945634,103,173
38980eae-7a0f-40d5-8b15-74584d36847d,adc154abe3cea812fb9fedff32206f3a879c9e26,cache,cache16_lat,ptb,16,resnet19_T4_all,layer_01_layer1_0_conv1,2,16384,8,512,64,262144,16,8192,512,32,2,16,1,16,20,20,12,1,none,0,0,1,5,0,50,1,1,1,1,non_inclusive,lru,2837679,217028,2620651,487488,3293568,0.148012,2801616,2806080,0.998409,2232,71424,0,0,0,0,0,41301143,259572,581349,42142064,41560715,41560715,0,0.000000,0,0,0,0,0,0,0,0,0,0.000000,0.990051,0,0,0.120072,42.599394,1,1,1,5,8,8,0,0,12203576,4.300548,1.775404,103,173
38980eae-7a0f-40d5-8b15-74584d36847d,adc154abe3cea812fb9fedff32206f3a879c9e26,cache,cache16_lat,ptb,16,resnet19_T4_all,layer_01_layer1_0_conv1,2,16384,8,512,64,262144,16,8192,512,32,2,16,1,16,20,20,12,1,next_burst,2,0,1,5,0,50,1,1,1,1,non_inclusive,lru,2830465,217028,2613437,623081,3293568,0.189181,32935,33063,0.996129,2232,71424,0,0,182838,0,0,41160439,7936,675427,42026640,41351213,117792293,76441080,0.648948,3260800,135593,2637424,0,257890,229893,0,0,0,0.841949,0.990051,0,0,0.120072,40.540942,2,3,3,8,18,20,10,0,15465432,5.463919,2.728284,103,173
38980eae-7a0f-40d5-8b15-74584d36847d,adc154abe3cea812fb9fedff32206f3a879c9e26,cache,cache16_lat,ptb,16,resnet19_T4_all,layer_01_layer1_0_conv1,2,16384,8,512,64,262144,16,8192,512,32,2,16,1,16,20,20,12,1,next_burst,4,0,1,5,0,50,1,1,1,1,non_inclusive,lru,2830266,217028,2613238,627413,3293568,0.190496,38642,38770,0.996698,2232,71424,0,0,153487,0,0,41110509,7936,751524,42023456,41271932,191099662,149827730,0.784029,3260800,139925,2627385,0,264570,228920,0,0,0,0.840216,0.990051,0,0,0.120072,40.475178,4,5,5,8,16,20,46,0,15466128,5.464549,2.864663,103,173
38980eae-7a0f-40d5-8b15-74584d36847d,adc154abe3cea812fb9fedff32206f3a879c9e26,cache,cache16_lat,ptb,16,resnet19_T4_all,layer_01_layer1_0_conv1,2,16384,8,512,64,262144,16,8192,512,32,2,16,1,16,20,20,12,1,next_burst,8,0,1,5,0,50,1,1,1,1,non_inclusive,lru,2831477,217028,2614449,747875,3293568,0.227071,68478,68606,0.998134,2232,71424,0,0,273703,0,0,40899357,7936,861836,42042832,41180996,331071890,289890894,0.875613,3260800,260741,2477087,0,296697,226275,0,0,0,0.831265,0.990051,0,0,0.120072,38.646431,7,9,9,8,16,20,107,0,15466866,5.462473,2.950699,103,173
5fe72554-f2b3-40f2-9368-c787b8aafcd9,adc154abe3cea812fb9fedff32206f3a879c9e26,cache,cache16_lat,ptb,16,resnet19_T4_all,layer_01_layer1_0_conv1,2,16384,8,256,32,262144,16,4096,256,64,4,16,1,16,20,20,12,1,none,0,0,1,5,0,50,1,1,1,1,non_inclusive,lru,2559250,217028,2342222,761840,3293568,0.231311,2529424,2531728,0.999090,1152,73728,0,0,0,0,0,36912735,131117,643348,37687200,37043852,37043852,0,0.000000,0,0,0,0,0,0,0,0,0,0.000000,0.990051,0,0,0.147569,38.434427,1,1,1,5,8,8,0,0,11653792,4.553597,1.693392,103,173
5fe72554-f2b3-40f2-9368-c787b8aafcd9,adc154abe3cea812fb9fedff32206f3a879c9e26,cache,cache16_lat,ptb,16,resnet19_T4_all,layer_01_layer1_0_conv1,2,16384,8,256,32,262144,16,4096,256,64,4,16,1,16,20,20,12,1,next_burst,2,0,1,5,0,50,1,1,1,1,non_inclusive,lru,2555207,217028,2338179,997128,3293568,0.302750,32972,33052,0.997580,1152,73728,0,0,306684,0,0,36643120,4960,667748,37622512,36954764,98443187,61488423,0.624608,3260800,235288,2263388,0,43014,719110,0,0,0,0.758653,0.990051,0,0,0.147569,34.862496,2,3,3,12,18,20,8,0,14914786,5.837017,2.687247,103,173
5fe72554-f2b3-40f2-9368-c787b8aafcd9,adc154abe3cea812fb9fedff32206f3a879c9e26,cache,cache16_lat,ptb,16,resnet19_T4_all,layer_01_layer1_0_conv1,2,16384,8,256,32,262144,16,4096,256,64,4,16,1,16,20,20,12,1,next_burst,4,0,1,5,0,50,1,1,1,1,non_inclusive,lru,2555275,217028,2338247,948416,3293568,0.287960,34834,34914,0.997709,1152,73728,0,0,204634,0,0,36682559,4960,731447,37623600,36892153,158010099,121117946,0.766520,3260800,186576,2310238,0,21546,742440,0,0,0,0.758088,0.990051,0,0,0.147569,35.601998,3,5,5,10,16,20,40,0,14915964,5.837322,2.741887,103,173
5fe72554-f2b3-40f2-9368-c787b8aafcd9,adc154abe3cea812fb9fedff32206f3a879c9e26,cache,cache16_lat,ptb,16,resnet19_T4_all,layer_01_layer1_0_conv1,2,16384,8,256,32,262144,16,4096,256,64,4,16,1,16,20,20,12,1,next_burst,8,0,1,5,0,50,1,1,1,1,non_inclusive,lru,2555593,217028,2338565,911012,3293568,0.276603,41608,41688,0.998081,1152,73728,0,0,173745,0,0,36726707,4960,723276,37628688,36905412,273859786,236954374,0.865240,3260800,149172,2340868,0,30335,740425,0,0,0,0.756031,0.990051,0,0,0.147569,36.169832,6,8,9,10,17,20,91,0,14915972,5.836599,2.814714,103,173
0c3e01e3-4a05-46a9-993f-254969aea154,adc154abe3cea812fb9fedff32206f3a879c9e26,cache,cache16_lat,ptb,16,resnet19_T4_all,layer_01_layer1_0_conv1,3,16384,8,1024,128,262144,16,16384,1024,16,1,16,1,16,20,20,12,1,none,0,0,1,5,0,50,1,1,1,1,non_inclusive,lru,2707355,211836,2495519,511744,3182208,0.160814,2663840,2670464,0.997520,3312,52992,0,0,0,0,0,39170746,388018,609476,40168240,39558764,39558764,0,0.000000,0,0,0,0,0,0,0,0,0,0.000000,0.989703,0,0,0.000000,41.959294,1,1,1,5,8,8,0,0,11710704,4.325515,1.714406,100,155
0c3e01e3-4a05-46a9-993f-254969aea154,adc154abe3cea812fb9fedff32206f3a879c9e26,cache,cache16_lat,ptb,16,resnet19_T4_all,layer_01_layer1_0_conv1,3,16384,8,1024,128,262144,16,16384,1024,16,1,16,1,16,20,20,12,1,next_burst,2,0,1,5,0,50,1,1,1,1,non_inclusive,lru,2698242,211836,2486406,639448,3182208,0.200945,32360,32456,0.997042,3312,52992,0,0,227245,0,0,39047086,5952,742149,40022432,39280283,112142069,72861786,0.649727,3149440,127704,2510304,0,511432,0,0,0,0,0.828987,0.989703,0,0,0.000000,39.952762,2,3,3,6,13,20,10,0,14861560,5.507868,2.669244,100,155
0c3e01e3-4a05-46a9-993f-254969aea154,adc154abe3cea812fb9fedff32206f3a879c9e26,cache,cache16_lat,ptb,16,resnet19_T4_all,layer_01_layer1_0_conv1,3,16384,8,1024,128,262144,16,16384,1024,16,1,16,1,16,20,20,12,1,next_burst,4,0,1,5,0,50,1,1,1,1,non_inclusive,lru,2696906,211836,2485070,665209,3182208,0.209040,44686,44782,0.997856,3312,52992,0,0,231838,0,0,38941220,5952,822046,40001056,39179010,181015968,141836958,0.783560,3149440,153465,2472217,0,523758,0,0,0,0,0.825113,0.989703,0,0,0.000000,39.547996,4,5,5,6,14,20,46,0,14861598,5.510610,2.775368,100,155
0c3e01e3-4a05-46a9-993f-254969aea154,adc154abe3cea812fb9fedff32206f3a879c9e26,cache,cache16_lat,ptb,16,resnet19_T4_all,layer_01_layer1_0_conv1,3,16384,8,1024,128,262144,16,16384,1024,16,1,16,1,16,20,20,12,1,next_burst,8,0,1,5,0,50,1,1,1,1,non_inclusive,lru,2698927,211836,2487091,810413,3182208,0.254670,80624,80720,0.998811,3312,52992,0,0,365479,0,0,38769696,5952,892265,40033392,39141127,312855609,273714482,0.874891,3149440,299417,2291075,0,558948,0,0,0,0,0.814055,0.989703,0,0,0.000000,37.266499,7,9,9,6,15,20,112,0,14863212,5.507082,2.883737,100,155
c74ee5a4-447c-4ac7-84b8-9351e25d9a18,adc154abe3cea812fb9fedff32206f3a879c9e26,cache,cache16_lat,ptb,16,resnet19_T4_all,layer_01_layer1_0_conv1,3,16384,8,512,64,262144,16,8192,512,32,2,16,1,16,20,20,12,1,none,0,0,1,5,0,50,1,1,1,1,non_inclusive,lru,2726912,211836,2515076,488112,3182208,0.153388,2689632,2694096,0.998343,2232,71424,0,0,0,0,0,39610109,262520,608523,40481152,39872629,39872629,0,0.000000,0,0,0,0,0,0,0,0,0,0.000000,0.989703,0,0,0.258065,42.330608,1,1,1,4,8,8,0,0,11756888,4.311429,1.810711,100,155
c74ee5a4-447c-4ac7-84b8-9351e25d9a18,adc154abe3cea812fb9fedff32206f3a879c9e26,cache,cache16_lat,ptb,16,resnet19_T4_all,layer_01_layer1_0_conv1,3,16384,8,512,64,262144,16,8192,512,32,2,16,1,16,20,20,12,1,next_burst,2,0,1,5,0,50,1,1,1,1,non_inclusive,lru,2720491,211836,2508655,619519,3182208,0.194682,33226,33322,0.997119,2232,71424,0,0,182071,0,0,39480656,5952,709737,40378416,39668679,112954682,73286003,0.648809,3149440,131407,2529367,0,259294,229372,0,0,0,0.836141,0.989703,0,0,0.258065,40.265894,2,3,3,5,16,20,10,0,14907030,5.479537,2.696393,100,155
c74ee5a4-447c-4ac7-84b8-9351e25d9a18,adc154abe3cea812fb9fedff32206f3a879c9e26,cache,cache16_lat,ptb,16,resnet19_T4_all,layer_01_layer1_0_conv1,3,16384,8,512,64,262144,16,8192,512,32,2,16,1,16,20,20,12,1,next_burst,4,0,1,5,0,50,1,1,1,1,non_inclusive,lru,2720083,211836,2508247,628244,3182208,0.197424,41224,41320,0.997677,2232,71424,0,0,163005,0,0,39410618,5952,792313,40371888,39579575,182749216,143169641,0.783421,3149440,140132,2512644,0,267284,229380,0,0,0,0.833627,0.989703,0,0,0.258065,40.128804,4,5,5,5,16,20,46,0,14907488,5.480527,2.763101,100,155
c74ee5a4-447c-4ac7-84b8-9351e25d9a18,adc154abe3cea812fb9fedff32206f3a879c9e26,cache,cache16_lat,ptb,16,resnet19_T4_all,layer_01_layer1_0_conv1,3,16384,8,512,64,262144,16,8192,512,32,2,16,1,16,20,20,12,1,next_burst,8,0,1,5,0,50,1,1,1,1,non_inclusive,lru,2721512,211836,2509676,721532,3182208,0.226739,67954,68050,0.998589,2232,71424,0,0,250954,0,0,39281448,5952,856398,40394752,39538354,316631984,277093630,0.875128,3149440,233966,2392626,0,296515,226333,0,0,0,0.825399,0.989703,0,0,0.258065,38.663029,7,9,9,6,16,20,100,0,14908680,5.478087,2.952479,100,155
de8d9f18-12c6-4f39-8330-e6b009d16db1,adc154abe3cea812fb9fedff32206f3a879c9e26,cache,cache16_lat,ptb,16,resnet19_T4_all,layer_01_layer1_0_conv1,3,16384,8,256,32,262144,16,4096,256,64,4,16,1,16,20,20,12,1,none,0,0,1,5,0,50,1,1,1,1,non_inclusive,lru,2521467,211836,2309631,689776,3182208,0.216760,2490128,2492432,0.999076,1152,73728,0,0,0,0,0,36410508,133251,650273,37194032,36543759,36543759,0,0.000000,0,0,0,0,0,0,0,0,0,0.000000,0.989703,0,0,0.281250,39.161991,1,1,1,5,8,8,0,0,11352480,4.502331,1.713893,100,155
de8d9f18-12c6-4f39-8330-e6b009d16db1,adc154abe3cea812fb9fedff32206f3a879c9e26,cache,cache16_lat,ptb,16,resnet19_T4_all,layer_01_layer1_0_conv1,3,16384,8,256,32,262144,16,4096,256,64,4,16,1,16,20,20,12,1,next_burst,2,0,1,5,0,50,1,1,1,1,non_inclusive,lru,2518178,211836,2306342,885710,3182208,0.278332,33132,33212,0.997591,1152,73728,0,0,259739,0,0,36188364,4960,688345,37141408,36453063,98515893,62062830,0.629978,3149440,195934,2263286,0,54815,635405,0,0,0,0.772803,0.989703,0,0,0.281250,36.083405,2,3,3,7,16,20,8,0,14501984,5.758919,2.585941,100,155
de8d9f18-12c6-4f39-8330-e6b009d16db1,adc154abe3cea812fb9fedff32206f3a879c9e26,cache,cache16_lat,ptb,16,resnet19_T4_all,layer_01_layer1_0_conv1,3,16384,8,256,32,262144,16,4096,256,64,4,16,1,16,20,20,12,1,next_burst,4,0,1,5,0,50,1,1,1,1,non_inclusive,lru,2517522,211836,2305686,854129,3182208,0.268408,36163,36243,0.997793,1152,73728,0,0,186686,0,0,36188953,4960,750313,37130912,36380599,158734230,122353631,0.770808,3149440,164353,2291836,0,41762,651489,0,0,0,0.771851,0.989703,0,0,0.281250,36.579617,3,5,5,7,17,20,42,0,14502568,5.760652,2.656568,100,155
de8d9f18-12c6-4f39-8330-e6b009d16db1,adc154abe3cea812fb9fedff32206f3a879c9e26,cache,cache16_lat,ptb,16,resnet19_T4_all,layer_01_layer1_0_conv1,3,16384,8,256,32,262144,16,4096,256,64,4,16,1,16,20,20,12,1,next_burst,8,0,1,5,0,50,1,1,1,1,non_inclusive,lru,2517887,211836,2306051,831096,3182208,0.261170,43828,43908,0.998178,1152,73728,0,0,168841,0,0,36227120,4960,735831,37136752,36400921,274958806,238557885,0.867613,3149440,141544,2307204,0,51364,649328,0,0,0,0.769512,0.989703,0,0,0.281250,36.941520,6,9,9,8,17,20,76,0,14503152,5.760049,2.748846,100,155
e07ce09d-4d0c-4d42-b6a4-cfe70869ffa5,adc154abe3cea812fb9fedff32206f3a879c9e26,cache,cache16_lat,ptb,16,resnet19_T4_all,layer_01_layer1_0_conv1,4,16384,8,1024,128,262144,16,16384,1024,16,1,16,1,16,20,20,12,1,none,0,0,1,5,0,50,1,1,1,1,non_inclusive,lru,2643623,224486,2419137,767696,3370176,0.227791,2594848,2602480,0.997067,3816,61056,0,0,0,0,0,37843340,444565,672655,38960560,38287905,38287905,0,0.000000,0,0,0,0,0,0,0,0,0,0.000000,0.990277,0,0,0.000000,38.610446,1,1,1,5,8,8,0,0,11951176,4.520757,1.797099,105,169
e07ce09d-4d0c-4d42-b6a4-cfe70869ffa5,adc154abe3cea812fb9fedff32206f3a879c9e26,cache,cache16_lat,ptb,16,resnet19_T4_all,layer_01_layer1_0_conv1,4,16384,8,1024,128,262144,16,16384,1024,16,1,16,1,16,20,20,12,1,next_burst,2,0,1,5,0,50,1,1,1,1,non_inclusive,lru,2632555,224486,2408069,939316,3370176,0.278714,25505,25617,0.995628,3816,61056,0,0,358475,0,0,37662732,6944,755321,38783472,38028151,104049029,66020878,0.634517,3337408,171620,2405243,0,760545,0,0,0,0,0.764608,0.990277,0,0,0.000000,36.064289,2,3,3,6,14,20,10,0,15290432,5.808210,2.870080,105,169
e07ce09d-4d0c-4d42-b6a4-cfe70869ffa5,adc154abe3cea812fb9fedff32206f3a879c9e26,cache,cache16_lat,ptb,16,resnet19_T4_all,layer_01_layer1_0_conv1,4,16384,8,1024,128,262144,16,16384,1024,16,1,16,1,16,20,20,12,1,next_burst,4,0,1,5,0,50,1,1,1,1,non_inclusive,lru,2631267,224486,2406781,968548,3370176,0.287388,37249,37361,0.997002,3816,61056,0,0,364600,0,0,37541190,6944,850130,38762864,37912734,166390960,128478226,0.772147,3337408,200942,2364267,0,772199,0,0,0,0,0.761150,0.990277,0,0,0.000000,35.630602,3,5,5,6,15,20,46,0,15290762,5.811178,2.914459,105,169
e07ce09d-4d0c-4d42-b6a4-cfe70869ffa5,adc154abe3cea812fb9fedff32206f3a879c9e26,cache,cache16_lat,ptb,16,resnet19_T4_all,layer_01_layer1_0_conv1,4,16384,8,1024,128,262144,16,16384,1024,16,1,16,1,16,20,20,12,1,next_burst,8,0,1,5,0,50,1,1,1,1,non_inclusive,lru,2633380,224486,2408894,1122965,3370176,0.333207,78280,78392,0.998571,3816,61056,0,0,534291,0,0,37256068,6944,999369,38796672,37797303,284707498,246910195,0.867242,3337408,356348,2168819,0,812241,0,0,0,0,0.749269,0.990277,0,0,0.000000,33.339668,6,9,9,6,16,20,112,0,15292908,5.807331,3.042431,105,169
f84d5d9f-3a56-466c-a970-cf1b5ad8f710,adc154abe3cea812fb9fedff32206f3a879c9e26,cache,cache16_lat,ptb,16,resnet19_T4_all,layer_01_layer1_0_conv1,4,16384,8,512,64,262144,16,8192,512,32,2,16,1,16,20,20,12,1,none,0,0,1,5,0,50,1,1,1,1,non_inclusive,lru,2888921,224486,2664435,514512,3370176,0.152666,2851488,2855664,0.998538,2088,66816,0,0,0,0,0,42008144,240557,636627,42885328,42248701,42248701,0,0.000000,0,0,0,0,0,0,0,0,0,0.000000,0.990277,0,0,0.086207,42.366689,1,1,1,5,8,8,0,0,12455816,4.311581,1.819802,105,169
f84d5d9f-3a56-466c-a970-cf1b5ad8f710,adc154abe3cea812fb9fedff32206f3a879c9e26,cache,cache16_lat,ptb,16,resnet19_T4_all,layer_01_layer1_0_conv1,4,16384,8,512,64,262144,16,8192,512,32,2,16,1,16,20,20,12,1,next_burst,2,0,1,5,0,50,1,1,1,1,non_inclusive,lru,2882702,224486,2658216,662010,3370176,0.196432,30578,30642,0.997911,2088,66816,0,0,183598,0,0,41883089,3968,715169,42785824,42070655,119087505,77016850,0.646725,3337408,147498,2677524,0,221523,290863,0,0,0,0.838242,0.990277,0,0,0.086207,40.178406,2,3,3,9,17,20,10,0,15794504,5.479062,2.873861,105,169
f84d5d9f-3a56-466c-a970-cf1b5ad8f710,adc154abe3cea812fb9fedff32206f3a879c9e26,cache,cache16_lat,ptb,16,resnet19_T4_all,layer_01_layer1_0_conv1,4,16384,8,512,64,262144,16,8192,512,32,2,16,1,16,20,20,12,1,next_burst,4,0,1,5,0,50,1,1,1,1,non_inclusive,lru,2882529,224486,2658043,673771,3370176,0.199922,36882,36946,0.998268,2088,66816,0,0,150097,0,0,41840627,3968,788364,42783056,41994692,193435968,151441276,0.782901,3337408,159259,2659459,0,228310,290380,0,0,0,0.836371,0.990277,0,0,0.086207,40.003920,4,5,5,8,15,20,43,0,15795042,5.479578,2.917520,105,169
f84d5d9f-3a56-466c-a970-cf1b5ad8f710,adc154abe3cea812fb9fedff32206f3a879c9e26,cache,cache16_lat,ptb,16,resnet19_T4_all,layer_01_layer1_0_conv1,4,16384,8,512,64,262144,16,8192,512,32,2,16,1,16,20,20,12,1,next_burst,8,0,1,5,0,50,1,1,1,1,non_inclusive,lru,2884148,224486,2659662,753204,3370176,0.223491,60625,60689,0.998945,2088,66816,0,0,239881,0,0,41701672,3968,863439,42808960,41945521,336333321,294387800,0.875286,3337408,239498,2556283,0,253853,287774,0,0,0,0.829565,0.990277,0,0,0.086207,38.825450,7,9,9,9,16,20,107,0,15796732,5.477088,3.079208,105,169
7efacc45-0834-4dc7-bdda-a792fd2d0cd7,adc154abe3cea812fb9fedff32206f3a879c9e26,cache,cache16_lat,ptb,16,resnet19_T4_all,layer_01_layer1_0_conv1,4,16384,8,256,32,262144,16,4096,256,64,4,16,1,16,20,20,12,1,none,0,0,1,5,0,50,1,1,1,1,non_inclusive,lru,2530511,224486,2306025,870000,3370176,0.258147,2497872,2500176,0.999078,1152,73728,0,0,0,0,0,36321482,131626,697660,37150768,36453108,36453108,0,0.000000,0,0,0,0,0,0,0,0,0,0.000000,0.990277,0,0,0.171875,37.092662,1,1,1,5,8,8,0,0,11743904,4.640922,1.760553,105,169
7efacc45-0834-4dc7-bdda-a792fd2d0cd7,adc154abe3cea812fb9fedff32206f3a879c9e26,cache,cache16_lat,ptb,16,resnet19_T4_all,layer_01_layer1_0_conv1,4,16384,8,256,32,262144,16,4096,256,64,4,16,1,16,20,20,12,1,next_burst,2,0,1,5,0,50,1,1,1,1,non_inclusive,lru,2526323,224486,2301837,1096458,3370176,0.325341,32802,32866,0.998053,1152,73728,0,0,358722,0,0,36030714,3968,690356,37083760,36393404,95353602,58960198,0.618332,3337408,226458,2240852,0,68664,801434,0,0,0,0.732101,0.990277,0,0,0.171875,33.732927,2,3,3,11,15,20,8,0,15081354,5.969686,2.763888,105,169
7efacc45-0834-4dc7-bdda-a792fd2d0cd7,adc154abe3cea812fb9fedff32206f3a879c9e26,cache,cache16_lat,ptb,16,resnet19_T4_all,layer_01_layer1_0_conv1,4,16384,8,256,32,262144,16,4096,256,64,4,16,1,16,20,20,12,1,next_burst,4,0,1,5,0,50,1,1,1,1,non_inclusive,lru,2526164,224486,2301678,1052935,3370176,0.312427,34306,34370,0.998138,1152,73728,0,0,276323,0,0,36008102,3968,792823,37081216,36288393,151940387,115651994,0.761167,3337408,182935,2282871,0,26184,845418,0,0,0,0.731655,0.990277,0,0,0.171875,34.378635,3,5,5,9,17,20,37,0,15082294,5.970433,2.825558,105,169
7efacc45-0834-4dc7-bdda-a792fd2d0cd7,adc154abe3cea812fb9fedff32206f3a879c9e26,cache,cache16_lat,ptb,16,resnet19_T4_all,layer_01_layer1_0_conv1,4,16384,8,256,32,262144,16,4096,256,64,4,16,1,16,20,20,12,1,next_burst,8,0,1,5,0,50,1,1,1,1,non_inclusive,lru,2526484,224486,2301998,1016442,3370176,0.301599,40352,40416,0.998416,1152,73728,0,0,228315,0,0,36089901,3968,764152,37086336,36322184,261674878,225352694,0.861193,3337408,146538,2313318,0,34417,843135,0,0,0,0.729889,0.990277,0,0,0.171875,34.920046,6,8,9,9,16,20,76,0,15082654,5.969820,2.897506,105,169
595f390b-692b-42a0-aedf-64f485b37098,adc154abe3cea812fb9fedff32206f3a879c9e26,cache,cache16_lat,ptb,16,resnet19_T4_all,layer_16_layer3_0_conv2,0,16384,8,1024,128,262144,16,16384,1024,16,1,16,1,16,20,20,12,1,none,0,0,1,5,0,50,1,1,1,1,non_inclusive,lru,6376064,118456,6257608,0,1895296,0.000000,84848,1895296,0.044768,1810448,28967168,0,0,0,0,0,482114,99600955,39683,100122752,100083069,100083069,0,0.000000,0,0,0,0,0,0,0,0,0,0.000000,0.999460,0,0,0.000000,50.000000,1,1,1,13,15,16,0,0,9391696,1.472961,1.653927,1818,2753
595f390b-692b-42a0-aedf-64f485b37098,adc154abe3cea812fb9fedff32206f3a879c9e26,cache,cache16_lat,ptb,16,resnet19_T4_all,layer_16_layer3_0_conv2,0,16384,8,1024,128,262144,16,16384,1024,16,1,16,1,16,20,20,12,1,next_burst,2,0,1,5,0,50,1,1,1,1,non_inclusive,lru,5000584,118456,4882128,101602,1895296,0.053607,112,1024,0.109375,1810448,28967168,0,0,19807,0,0,77973684,57000,64581,78115072,78050491,237844265,159793774,0.671842,1894272,101602,1792670,0,0,0,0,0,0,0.999460,0.999460,0,0,0.000000,47.319627,2,3,3,18,19,20,28,0,13080999,2.615894,2.481660,1818,2753
595f390b-692b-42a0-aedf-64f485b37098,adc154abe3cea812fb9fedff32206f3a879c9e26,cache,cache16_lat,ptb,16,resnet19_T4_all,layer_16_layer3_0_conv2,0,16384,8,1024,128,262144,16,16384,1024,16,1,16,1,16,20,20,12,1,next_burst,4,0,1,5,0,50,1,1,1,1,non_inclusive,lru,5010680,118456,4892224,117904,1895296,0.062209,112,1024,0.109375,1810448,28967168,0,0,39995,0,0,78120639,57000,58974,78276608,78217634,398280906,320063272,0.803612,1894272,117904,1776368,0,0,0,0,0,0,0.999460,0.999460,0,0,0.000000,46.889562,4,5,5,18,19,20,60,0,13089539,2.612328,2.542309,1818,2753
595f390b-692b-42a0-aedf-64f485b37098,adc154abe3cea812fb9fedff32206f3a879c9e26,cache,cache16_lat,ptb,16,resnet19_T4_all,layer_16_layer3_0_conv2,0,16384,8,1024,128,262144,16,16384,1024,16,1,16,1,16,20,20,12,1,next_burst,8,0,1,5,0,50,1,1,1,1,non_inclusive,lru,5019289,118456,4900833,133437,1895296,0.070404,112,1024,0.109375,1810448,28967168,0,0,54498,0,0,78237408,57000,65446,78414352,78348906,718997523,640648617,0.891030,1894272,133437,1760835,0,0,0,0,0,0,0.999460,0.999460,0,0,0.000000,46.479785,8,9,9,18,19,20,124,0,13094598,2.608855,2.680787,1818,2753
412a2db3-4bd5-437b-b2fc-ed46b794ae74,adc154abe3cea812fb9fedff32206f3a879c9e26,cache,cache16_lat,ptb,16,resnet19_T4_all,layer_16_layer3_0_conv2,0,16384,8,512,64,262144,16,8192,512,32,2,16,1,16,20,20,12,1,none,0,0,1,5,0,50,1,1,1,1,non_inclusive,lru,4757022,118456,4638566,534784,1895296,0.282164,13600,1360512,0.009996,1346912,43101184,0,0,0,0,0,106129,74093245,18706,74218080,74199374,74199374,0,0.000000,0,0,0,0,0,0,0,0,0,0.000000,0.999460,0,0,0.154590,35.891808,1,1,1,10,15,16,0,0,7858592,1.651998,1.367401,1818,2753
412a2db3-4bd5-437b-b2fc-ed46b794ae74,adc154abe3cea812fb9fedff32206f3a879c9e26,cache,cache16_lat,ptb,16,resnet19_T4_all,layer_16_layer3_0_conv2,0,16384,8,512,64,262144,16,8192,512,32,2,16,1,16,20,20,12,1,next_burst,2,0,1,5,0,50,1,1,1,1,non_inclusive,lru,3716856,118456,3598400,656107,1895296,0.346177,48,1024,0.046875,1346912,43101184,0,0,141210,0,0,57284725,61000,88489,57575424,57486935,141442447,83955512,0.593567,1894272,121323,1238165,0,30226,504558,0,0,0,0.717296,0.999460,0,0,0.154590,32.691173,2,3,3,18,19,20,28,0,11095198,2.985103,2.211640,1818,2753
412a2db3-4bd5-437b-b2fc-ed46b794ae74,adc154abe3cea812fb9fedff32206f3a879c9e26,cache,cache16_lat,ptb,16,resnet19_T4_all,layer_16_layer3_0_conv2,0,16384,8,512,64,262144,16,8192,512,32,2,16,1,16,20,20,12,1,next_burst,4,0,1,5,0,50,1,1,1,1,non_inclusive,lru,3717430,118456,3598974,745358,1895296,0.393267,48,1024,0.046875,1346912,43101184,0,0,263781,0,0,57201587,61000,58240,57584608,57526368,226046025,168519657,0.745510,1894272,210574,1148914,0,887,533897,0,0,0,0.717296,0.999460,0,0,0.154590,30.336633,3,4,5,18,19,20,60,0,11097115,2.985158,2.201851,1818,2753
412a2db3-4bd5-437b-b2fc-ed46b794ae74,adc154abe3cea812fb9fedff32206f3a879c9e26,cache,cache16_lat,ptb,16,resnet19_T4_all,layer_16_layer3_0_conv2,0,16384,8,512,64,262144,16,8192,512,32,2,16,1,16,20,20,12,1,next_burst,8,0,1,5,0,50,1,1,1,1,non_inclusive,lru,3720614,118456,3602158,785198,1895296,0.414288,48,1024,0.046875,1346912,43101184,0,0,320238,0,0,57177846,61000,76468,57635552,57559084,397041890,339482806,0.855030,1894272,250414,1109074,0,863,533921,0,0,0,0.717296,0.999460,0,0,0.154590,29.285610,6,7,9,18,19,20,123,0,11097298,2.982652,2.257947,1818,2753
9169505a-bffc-4019-8670-01364eb0bb4f,adc154abe3cea812fb9fedff32206f3a879c9e26,cache,cache16_lat,ptb,16,resnet19_T4_all,layer_16_layer3_0_conv2,0,16384,8,256,32,262144,16,4096,256,64,4,16,1,16,20,20,12,1,none,0,0,1,5,0,50,1,1,1,1,non_inclusive,lru,2837759,118456,2719303,1100352,1895296,0.580570,5520,794944,0.006944,789424,50523136,0,0,0,0,0,72891,43426594,10387,43509872,43499485,43499485,0,0.000000,0,0,0,0,0,0,0,0,0,0.000000,0.999460,0,0,0.184679,20.971500,1,1,1,9,15,16,0,0,6169968,2.174240,1.036671,1818,2753
9169505a-bffc-4019-8670-01364eb0bb4f,adc154abe3cea812fb9fedff32206f3a879c9e26,cache,cache16_lat,ptb,16,resnet19_T4_all,layer_16_layer3_0_conv2,0,16384,8,256,32,262144,16,4096,256,64,4,16,1,16,20,20,12,1,next_burst,2,0,1,5,0,50,1,1,1,1,non_inclusive,lru,2233590,118456,2115134,1156779,1895296,0.610342,48,1024,0.046875,789424,50523136,0,0,534012,0,0,33077881,61000,170275,33843168,33672893,56749314,23076421,0.406638,1894272,56427,737493,0,172125,928227,0,0,0,0.418890,0.999460,0,0,0.184679,19.482893,1,2,3,17,20,20,27,0,8565512,3.834863,1.761732,1818,2753
9169505a-bffc-4019-8670-01364eb0bb4f,adc154abe3cea812fb9fedff32206f3a879c9e26,cache,cache16_lat,ptb,16,resnet19_T4_all,layer_16_layer3_0_conv2,0,16384,8,256,32,262144,16,4096,256,64,4,16,1,16,20,20,12,1,next_burst,4,0,1,5,0,50,1,1,1,1,non_inclusive,lru,2186472,118456,2068016,1206557,1895296,0.636606,48,1024,0.046875,789424,50523136,0,0,629518,0,0,32317844,61000,80918,33089280,33008362,86664403,53656041,0.619124,1894272,106205,687715,0,11351,1089001,0,0,0,0.418890,0.999460,0,0,0.184679,18.169695,2,3,5,18,19,20,57,0,8851368,4.048242,1.746148,1818,2753
9169505a-bffc-4019-8670-01364eb0bb4f,adc154abe3cea812fb9fedff32206f3a879c9e26,cache,cache16_lat,ptb,16,resnet19_T4_all,layer_16_layer3_0_conv2,0,16384,8,256,32,262144,16,4096,256,64,4,16,1,16,20,20,12,1,next_burst,8,0,1,5,0,50,1,1,1,1,non_inclusive,lru,2186777,118456,2068321,1243226,1895296,0.655953,48,1024,0.046875,789424,50523136,0,0,694777,0,0,32293589,61000,44794,33094160,33049366,145044766,111995400,0.772144,1894272,142874,651046,0,90,1100262,0,0,0,0.418890,0.999460,0,0,0.184679,17.202326,3,5,7,18,19,20,90,0,8852144,4.048032,1.778024,1818,2753
037dd318-7574-4bfd-a778-31bd68589699,adc154abe3cea812fb9fedff32206f3a879c9e26,cache,cache16_lat,ptb,16,resnet19_T4_all,layer_16_layer3_0_conv2,1,16384,8,1024,128,262144,16,16384,1024,16,1,16,1,16,20,20,12,1,none,0,0,1,5,0,50,1,1,1,1,non_inclusive,lru,6830148,126100,6704048,0,2017600,0.000000,76096,2017600,0.037716,1941504,31064064,0,0,0,0,0,425466,106805040,35286,107265792,107230506,107230506,0,0.000000,0,0,0,0,0,0,0,0,0,0.000000,0.999492,0,0,0.000000,50.000000,1,1,1,12,15,16,0,0,10011968,1.465849,1.787759,1907,2937
037dd318-7574-4bfd-a778-31bd68589699,adc154abe3cea812fb9fedff32206f3a879c9e26,cache,cache16_lat,ptb,16,resnet19_T4_all,layer_16_layer3_0_conv2,1,16384,8,1024,128,262144,16,16384,1024,16,1,16,1,16,20,20,12,1,next_burst,2,0,1,5,0,50,1,1,1,1,non_inclusive,lru,5357518,126100,5231418,94621,2017600,0.046898,112,1024,0.109375,1941504,31064064,0,0,18420,0,0,83571729,57000,56563,83703712,83647149,254872638,171225489,0.671808,2016576,94621,1921955,0,0,0,0,0,0,0.999492,0.999492,0,0,0.000000,47.655110,2,3,3,18,19,20,28,0,13958018,2.605314,2.631092,1907,2937
037dd318-7574-4bfd-a778-31bd68589699,adc154abe3cea812fb9fedff32206f3a879c9e26,cache,cache16_lat,ptb,16,resnet19_T4_all,layer_16_layer3_0_conv2,1,16384,8,1024,128,262144,16,16384,1024,16,1,16,1,16,20,20,12,1,next_burst,4,0,1,5,0,50,1,1,1,1,non_inclusive,lru,5365885,126100,5239785,108576,2017600,0.053814,112,1024,0.109375,1941504,31064064,0,0,36279,0,0,83689308,57000,54997,83837584,83782587,426636553,342853966,0.803621,2016576,108576,1908000,0,0,0,0,0,0,0.999492,0.999492,0,0,0.000000,47.309278,4,5,5,18,19,20,60,0,13964577,2.602474,2.674890,1907,2937
037dd318-7574-4bfd-a778-31bd68589699,adc154abe3cea812fb9fedff32206f3a879c9e26,cache,cache16_lat,ptb,16,resnet19_T4_all,layer_16_layer3_0_conv2,1,16384,8,1024,128,262144,16,16384,1024,16,1,16,1,16,20,20,12,1,next_burst,8,0,1,5,0,50,1,1,1,1,non_inclusive,lru,5371399,126100,5245299,118837,2017600,0.058900,112,1024,0.109375,1941504,31064064,0,0,47137,0,0,83776888,57000,44783,83925808,83881025,769569000,685687975,0.891003,2016576,118837,1897739,0,0,0,0,0,0,0.999492,0.999492,0,0,0.000000,47.054991,8,9,9,18,19,20,124,0,13967225,2.600296,2.843978,1907,2937
fe810be1-3d32-4fae-918a-6ee2da0b7829,adc154abe3cea812fb9fedff32206f3a879c9e26,cache,cache16_lat,ptb,16,resnet19_T4_all,layer_16_layer3_0_conv2,1,16384,8,512,64,262144,16,8192,512,32,2,16,1,16,20,20,12,1,none,0,0,1,5,0,50,1,1,1,1,non_inclusive,lru,4906929,126100,4780829,616064,2017600,0.305345,13200,1401536,0.009418,1388336,44426752,0,0,0,0,0,104465,76371539,18284,76494288,76476004,76476004,0,0.000000,0,0,0,0,0,0,0,0,0,0.000000,0.999492,0,0,0.126432,34.732752,1,1,1,10,15,16,0,0,8226672,1.676542,1.485204,1907,2937
fe810be1-3d32-4fae-918a-6ee2da0b7829,adc154abe3cea812fb9fedff32206f3a879c9e26,cache,cache16_lat,ptb,16,resnet19_T4_all,layer_16_layer3_0_conv2,1,16384,8,512,64,262144,16,8192,512,32,2,16,1,16,20,20,12,1,next_burst,2,0,1,5,0,50,1,1,1,1,non_inclusive,lru,3831791,126100,3705691,752285,2017600,0.372861,48,1024,0.046875,1388336,44426752,0,0,168496,0,0,58958707,61000,103877,59292080,59188203,142540283,83352080,0.584762,2016576,136221,1264291,0,38558,577506,0,0,0,0.694148,0.999492,0,0,0.126432,31.356934,2,3,3,18,19,20,28,0,11626330,3.034176,2.324910,1907,2937
fe810be1-3d32-4fae-918a-6ee2da0b7829,adc154abe3cea812fb9fedff32206f3a879c9e26,cache,cache16_lat,ptb,16,resnet19_T4_all,layer_16_layer3_0_conv2,1,16384,8,512,64,262144,16,8192,512,32,2,16,1,16,20,20,12,1,next_burst,4,0,1,5,0,50,1,1,1,1,non_inclusive,lru,3831905,126100,3705805,836715,2017600,0.414708,48,1024,0.046875,1388336,44426752,0,0,295772,0,0,58859393,61000,77739,59293904,59216165,227534782,168318617,0.739749,2016576,220651,1179861,0,649,615415,0,0,0,0.694148,0.999492,0,0,0.126432,29.264597,3,4,5,18,19,20,59,0,11629021,3.034788,2.322846,1907,2937
fe810be1-3d32-4fae-918a-6ee2da0b7829,adc154abe3cea812fb9fedff32206f3a879c9e26,cache,cache16_lat,ptb,16,resnet19_T4_all,layer_16_layer3_0_conv2,1,16384,8,512,64,262144,16,8192,512,32,2,16,1,16,20,20,12,1,next_burst,8,0,1,5,0,50,1,1,1,1,non_inclusive,lru,3834640,126100,3708540,881677,2017600,0.436993,48,1024,0.046875,1388336,44426752,0,0,350796,0,0,58842749,61000,83119,59337664,59254545,397257138,338002593,0.850841,2016576,265613,1134899,0,480,615584,0,0,0,0.694148,0.999492,0,0,0.126432,28.150352,6,7,9,18,19,20,123,0,11629334,3.032706,2.375145,1907,2937
634b44b3-1248-47eb-a855-0a406b6edb78,adc154abe3cea812fb9fedff32206f3a879c9e26,cache,cache16_lat,ptb,16,resnet19_T4_all,layer_16_layer3_0_conv2,1,16384,8,256,32,262144,16,4096,256,64,4,16,1,16,20,20,12,1,none,0,0,1,5,0,50,1,1,1,1,non_inclusive,lru,2865354,126100,2739254,1216832,2017600,0.603109,5520,800768,0.006893,795248,50895872,0,0,0,0,0,72528,43746491,10069,43829088,43819019,43819019,0,0.000000,0,0,0,0,0,0,0,0,0,0.000000,0.999492,0,0,0.139323,19.844568,1,1,1,9,15,16,0,0,6432048,2.244766,1.060661,1907,2937
634b44b3-1248-47eb-a855-0a406b6edb78,adc154abe3cea812fb9fedff32206f3a879c9e26,cache,cache16_lat,ptb,16,resnet19_T4_all,layer_16_layer3_0_conv2,1,16384,8,256,32,262144,16,4096,256,64,4,16,1,16,20,20,12,1,next_burst,2,0,1,5,0,50,1,1,1,1,non_inclusive,lru,2280475,126100,2154375,1271016,2017600,0.629964,48,1024,0.046875,795248,50895872,0,0,612865,0,0,33605469,61000,191690,34471024,34279334,54867418,20588084,0.375233,2016576,54184,745560,0,198514,1018318,0,0,0,0.396384,0.999492,0,0,0.139323,18.501784,1,2,3,17,20,20,28,0,8854252,3.882635,1.831601,1907,2937
634b44b3-1248-47eb-a855-0a406b6edb78,adc154abe3cea812fb9fedff32206f3a879c9e26,cache,cache16_lat,ptb,16,resnet19_T4_all,layer_16_layer3_0_conv2,1,16384,8,256,32,262144,16,4096,256,64,4,16,1,16,20,20,12,1,next_burst,4,0,1,5,0,50,1,1,1,1,non_inclusive,lru,2203153,126100,2077053,1317296,2017600,0.652902,48,1024,0.046875,795248,50895872,0,0,704089,0,0,32382274,61000,86509,33233872,33147363,82952738,49805375,0.600407,2016576,100464,699280,0,14300,1202532,0,0,0,0.396384,0.999492,0,0,0.139323,17.354877,2,3,5,18,19,20,41,0,9240931,4.194412,1.843897,1907,2937
634b44b3-1248-47eb-a855-0a406b6edb78,adc154abe3cea812fb9fedff32206f3a879c9e26,cache,cache16_lat,ptb,16,resnet19_T4_all,layer_16_layer3_0_conv2,1,16384,8,256,32,262144,16,4096,256,64,4,16,1,16,20,20,12,1,next_burst,8,0,1,5,0,50,1,1,1,1,non_inclusive,lru,2201934,126100,2075834,1370281,2017600,0.679164,48,1024,0.046875,795248,50895872,0,0,803543,0,0,32286502,61000,63323,33214368,33151045,139981165,106830120,0.763175,2016576,153449,646295,0,0,1216832,0,0,0,0.396384,0.999492,0,0,0.139323,16.041807,3,5,7,18,19,20,86,0,9242386,4.197395,1.864564,1907,2937
9400d5a5-ed7a-4bd3-ae05-29a056fd1bfa,adc154abe3cea812fb9fedff32206f3a879c9e26,cache,cache16_lat,ptb,16,resnet19_T4_all,layer_16_layer3_0_conv2,2,16384,8,1024,128,262144,16,16384,1024,16,1,16,1,16,20,20,12,1,none,0,0,1,5,0,50,1,1,1,1,non_inclusive,lru,6894693,126864,6767829,0,2029824,0.000000,68752,2029824,0.033871,1961072,31377152,0,0,0,0,0,376514,107878749,31025,108286288,108255263,108255263,0,0.000000,0,0,0,0,0,0,0,0,0,0.000000,0.999496,0,0,0.000000,50.000000,1,1,1,12,15,16,0,0,10080432,1.462057,1.807971,1922,2925
9400d5a5-ed7a-4bd3-ae05-29a056fd1bfa,adc154abe3cea812fb9fedff32206f3a879c9e26,cache,cache16_lat,ptb,16,resnet19_T4_all,layer_16_layer3_0_conv2,2,16384,8,1024,128,262144,16,16384,1024,16,1,16,1,16,20,20,12,1,next_burst,2,0,1,5,0,50,1,1,1,1,non_inclusive,lru,5410000,126864,5283136,74171,2029824,0.036541,0,1024,0.000000,1961072,31377152,0,0,15379,0,0,84403157,64000,48664,84531200,84482536,257384198,172901662,0.671765,2028800,74171,1954629,0,0,0,0,0,0,0.999496,0.999496,0,0,0.000000,48.172970,2,3,3,18,19,20,28,0,14058134,2.598546,2.688115,1922,2925
9400d5a5-ed7a-4bd3-ae05-29a056fd1bfa,adc154abe3cea812fb9fedff32206f3a879c9e26,cache,cache16_lat,ptb,16,resnet19_T4_all,layer_16_layer3_0_conv2,2,16384,8,1024,128,262144,16,16384,1024,16,1,16,1,16,20,20,12,1,next_burst,4,0,1,5,0,50,1,1,1,1,non_inclusive,lru,5418948,126864,5292084,84885,2029824,0.041819,0,1024,0.000000,1961072,31377152,0,0,31532,0,0,84532307,64000,46529,84674368,84627839,430875989,346248150,0.803591,2028800,84885,1943915,0,0,0,0,0,0,0.999496,0.999496,0,0,0.000000,47.909055,4,5,5,18,19,20,60,0,14065496,2.595614,2.749805,1922,2925
9400d5a5-ed7a-4bd3-ae05-29a056fd1bfa,adc154abe3cea812fb9fedff32206f3a879c9e26,cache,cache16_lat,ptb,16,resnet19_T4_all,layer_16_layer3_0_conv2,2,16384,8,1024,128,262144,16,16384,1024,16,1,16,1,16,20,20,12,1,next_burst,8,0,1,5,0,50,1,1,1,1,non_inclusive,lru,5423431,126864,5296567,100372,2029824,0.049449,0,1024,0.000000,1961072,31377152,0,0,43922,0,0,84589577,64000,48597,84746096,84697499,777074340,692376841,0.891005,2028800,100372,1928428,0,0,0,0,0,0,0.999496,0.999496,0,0,0.000000,47.527569,8,9,9,18,19,20,124,0,14068372,2.593999,2.827676,1922,2925
9891f0af-8530-452c-a157-f18b5fefc37d,adc154abe3cea812fb9fedff32206f3a879c9e26,cache,cache16_lat,ptb,16,resnet19_T4_all,layer_16_layer3_0_conv2,2,16384,8,512,64,262144,16,8192,512,32,2,16,1,16,20,20,12,1,none,0,0,1,5,0,50,1,1,1,1,non_inclusive,lru,4930925,126864,4804061,623360,2029824,0.307101,11072,1406464,0.007872,1395392,44652544,0,0,0,0,0,92482,76758647,14871,76866000,76851129,76851129,0,0.000000,0,0,0,0,0,0,0,0,0,0.000000,0.999496,0,0,0.079063,34.644974,1,1,1,10,15,16,0,0,8268032,1.676771,1.499784,1922,2925
9891f0af-8530-452c-a157-f18b5fefc37d,adc154abe3cea812fb9fedff32206f3a879c9e26,cache,cache16_lat,ptb,16,resnet19_T4_all,layer_16_layer3_0_conv2,2,16384,8,512,64,262144,16,8192,512,32,2,16,1,16,20,20,12,1,next_burst,2,0,1,5,0,50,1,1,1,1,non_inclusive,lru,3851258,126864,3724394,750807,2029824,0.369888,0,1024,0.000000,1395392,44652544,0,0,159863,0,0,59268033,64000,99432,59591328,59491896,142293938,82802042,0.581908,2028800,127447,1277993,0,37359,586001,0,0,0,0.692395,0.999496,0,0,0.079063,31.505613,2,3,3,18,19,20,28,0,11687352,3.034684,2.443937,1922,2925
9891f0af-8530-452c-a157-f18b5fefc37d,adc154abe3cea812fb9fedff32206f3a879c9e26,cache,cache16_lat,ptb,16,resnet19_T4_all,layer_16_layer3_0_conv2,2,16384,8,512,64,262144,16,8192,512,32,2,16,1,16,20,20,12,1,next_burst,4,0,1,5,0,50,1,1,1,1,non_inclusive,lru,3851322,126864,3724458,836163,2029824,0.411939,0,1024,0.000000,1395392,44652544,0,0,279850,0,0,59179473,64000,69029,59592352,59523323,227674807,168151484,0.738560,2028800,212803,1192637,0,598,622762,0,0,0,0.692395,0.999496,0,0,0.079063,29.403066,3,4,5,18,19,20,59,0,11689602,3.035218,2.341410,1922,2925
9891f0af-8530-452c-a157-f18b5fefc37d,adc154abe3cea812fb9fedff32206f3a879c9e26,cache,cache16_lat,ptb,16,resnet19_T4_all,layer_16_layer3_0_conv2,2,16384,8,512,64,262144,16,8192,512,32,2,16,1,16,20,20,12,1,next_burst,8,0,1,5,0,50,1,1,1,1,non_inclusive,lru,3853211,126864,3726347,880476,2029824,0.433770,0,1024,0.000000,1395392,44652544,0,0,343036,0,0,59140939,64000,74601,59622576,59547975,396281400,336733425,0.849733,2028800,257116,1148324,0,393,622967,0,0,0,0.692395,0.999496,0,0,0.079063,28.311519,6,7,9,18,19,20,123,0,11689689,3.033753,2.394804,1922,2925
4e063362-1c42-48ba-afd8-344dbc4199cf,adc154abe3cea812fb9fedff32206f3a879c9e26,cache,cache16_lat,ptb,16,resnet19_T4_all,layer_16_layer3_0_conv2,2,16384,8,256,32,262144,16,4096,256,64,4,16,1,16,20,20,12,1,none,0,0,1,5,0,50,1,1,1,1,non_inclusive,lru,2870713,126864,2743849,1227776,2029824,0.604868,5520,802048,0.006882,796528,50977792,0,0,0,0,0,75330,43817224,10054,43902608,43892554,43892554,0,0.000000,0,0,0,0,0,0,0,0,0,0.000000,0.999496,0,0,0.087457,19.756590,1,1,1,9,15,16,0,0,6460336,2.250429,1.140856,1922,2925
4e063362-1c42-48ba-afd8-344dbc4199cf,adc154abe3cea812fb9fedff32206f3a879c9e26,cache,cache16_lat,ptb,16,resnet19_T4_all,layer_16_layer3_0_conv2,2,16384,8,256,32,262144,16,4096,256,64,4,16,1,16,20,20,12,1,next_burst,2,0,1,5,0,50,1,1,1,1,non_inclusive,lru,2288342,126864,2161478,1281022,2029824,0.631100,0,1024,0.000000,796528,50977792,0,0,620936,0,0,33719507,64000,180229,34584672,34404443,54811344,20406901,0.372312,2028800,53246,747778,0,205712,1022064,0,0,0,0.394627,0.999496,0,0,0.087457,18.444998,1,2,3,17,19,20,23,0,8904043,3.891046,1.895703,1922,2925
4e063362-1c42-48ba-afd8-344dbc4199cf,adc154abe3cea812fb9fedff32206f3a879c9e26,cache,cache16_lat,ptb,16,resnet19_T4_all,layer_16_layer3_0_conv2,2,16384,8,256,32,262144,16,4096,256,64,4,16,1,16,20,20,12,1,next_burst,4,0,1,5,0,50,1,1,1,1,non_inclusive,lru,2206458,126864,2079594,1322493,2029824,0.651531,0,1024,0.000000,796528,50977792,0,0,702921,0,0,32421888,64000,85719,33274528,33188809,82539866,49351057,0.597906,2028800,94717,706307,0,14763,1213013,0,0,0,0.394627,0.999496,0,0,0.087457,17.423456,2,3,5,18,19,20,42,0,9282395,4.206921,1.876416,1922,2925
4e063362-1c42-48ba-afd8-344dbc4199cf,adc154abe3cea812fb9fedff32206f3a879c9e26,cache,cache16_lat,ptb,16,resnet19_T4_all,layer_16_layer3_0_conv2,2,16384,8,256,32,262144,16,4096,256,64,4,16,1,16,20,20,12,1,next_burst,8,0,1,5,0,50,1,1,1,1,non_inclusive,lru,2205289,126864,2078425,1371926,2029824,0.675884,0,1024,0.000000,796528,50977792,0,0,793713,0,0,32338853,64000,59258,33255824,33196566,139147854,105951288,0.761430,2028800,144150,656874,0,96,1227680,0,0,0,0.394627,0.999496,0,0,0.087457,16.205789,3,5,7,18,19,20,89,0,9284189,4.209965,1.887167,1922,2925
ae481b41-b54a-4dd4-82aa-fd3ccdeb2b27,adc154abe3cea812fb9fedff32206f3a879c9e26,cache,cache16_lat,ptb,16,resnet19_T4_all,layer_16_layer3_0_conv2,3,16384,8,1024,128,262144,16,16384,1024,16,1,16,1,16,20,20,12,1,none,0,0,1,5,0,50,1,1,1,1,non_inclusive,lru,6791723,125044,6666679,0,2000704,0.000000,69312,2000704,0.034644,1931392,30902272,0,0,0,0,0,388912,106247730,31246,106667888,106636642,106636642,0,0.000000,0,0,0,0,0,0,0,0,0,0.000000,0.999488,0,0,0.000000,50.000000,1,1,1,12,15,16,0,0,9934272,1.462703,1.831551,1868,2895
ae481b41-b54a-4dd4-82aa-fd3ccdeb2b27,adc154abe3cea812fb9fedff32206f3a879c9e26,cache,cache16_lat,ptb,16,resnet19_T4_all,layer_16_layer3_0_conv2,3,16384,8,1024,128,262144,16,16384,1024,16,1,16,1,16,20,20,12,1,next_burst,2,0,1,5,0,50,1,1,1,1,non_inclusive,lru,5328830,125044,5203786,80431,2000704,0.040201,48,1024,0.046875,1931392,30902272,0,0,14987,0,0,83135000,61000,50613,83261600,83210987,253500440,170289453,0.671752,1999680,80431,1919249,0,0,0,0,0,0,0.999488,0.999488,0,0,0.000000,47.989933,2,3,3,18,19,20,28,0,13855247,2.600054,2.628430,1868,2895
ae481b41-b54a-4dd4-82aa-fd3ccdeb2b27,adc154abe3cea812fb9fedff32206f3a879c9e26,cache,cache16_lat,ptb,16,resnet19_T4_all,layer_16_layer3_0_conv2,3,16384,8,1024,128,262144,16,16384,1024,16,1,16,1,16,20,20,12,1,next_burst,4,0,1,5,0,50,1,1,1,1,non_inclusive,lru,5336125,125044,5211081,89815,2000704,0.044892,48,1024,0.046875,1931392,30902272,0,0,31800,0,0,83245797,61000,39723,83378320,83338597,424254936,340916339,0.803565,1999680,89815,1909865,0,0,0,0,0,0,0.999488,0.999488,0,0,0.000000,47.755415,4,5,5,18,19,20,60,0,13861548,2.597681,2.663015,1868,2895
ae481b41-b54a-4dd4-82aa-fd3ccdeb2b27,adc154abe3cea812fb9fedff32206f3a879c9e26,cache,cache16_lat,ptb,16,resnet19_T4_all,layer_16_layer3_0_conv2,3,16384,8,1024,128,262144,16,16384,1024,16,1,16,1,16,20,20,12,1,next_burst,8,0,1,5,0,50,1,1,1,1,non_inclusive,lru,5341193,125044,5216149,99505,2000704,0.049735,48,1024,0.046875,1931392,30902272,0,0,43229,0,0,83312779,61000,42400,83459408,83417008,765230024,681813016,0.890991,1999680,99505,1900175,0,0,0,0,0,0,0.999488,0.999488,0,0,0.000000,47.513250,8,9,9,18,19,20,124,0,13863000,2.595488,2.811853,1868,2895
a8cc99f7-68a2-4c86-b412-31bffe3a42da,adc154abe3cea812fb9fedff32206f3a879c9e26,cache,cache16_lat,ptb,16,resnet19_T4_all,layer_16_layer3_0_conv2,3,16384,8,512,64,262144,16,8192,512,32,2,16,1,16,20,20,12,1,none,0,0,1,5,0,50,1,1,1,1,non_inclusive,lru,4910934,125044,4785890,596544,2000704,0.298167,14560,1404160,0.010369,1389600,44467200,0,0,0,0,0,116991,76441224,17049,76575264,76558215,76558215,0,0.000000,0,0,0,0,0,0,0,0,0,0.000000,0.999488,0,0,0.080722,35.091648,1,1,1,10,15,16,0,0,8199392,1.669620,1.467707,1868,2895
a8cc99f7-68a2-4c86-b412-31bffe3a42da,adc154abe3cea812fb9fedff32206f3a879c9e26,cache,cache16_lat,ptb,16,resnet19_T4_all,layer_16_layer3_0_conv2,3,16384,8,512,64,262144,16,8192,512,32,2,16,1,16,20,20,12,1,next_burst,2,0,1,5,0,50,1,1,1,1,non_inclusive,lru,3836534,125044,3711490,730798,2000704,0.365270,48,1024,0.046875,1389600,44467200,0,0,164903,0,0,59065715,61000,93246,59384864,59291618,143322760,84031142,0.586307,1999680,134254,1268882,0,38676,557868,0,0,0,0.701321,0.999488,0,0,0.080722,31.736479,2,3,3,18,19,20,28,0,11583744,3.019325,2.288146,1868,2895
a8cc99f7-68a2-4c86-b412-31bffe3a42da,adc154abe3cea812fb9fedff32206f3a879c9e26,cache,cache16_lat,ptb,16,resnet19_T4_all,layer_16_layer3_0_conv2,3,16384,8,512,64,262144,16,8192,512,32,2,16,1,16,20,20,12,1,next_burst,4,0,1,5,0,50,1,1,1,1,non_inclusive,lru,3835554,125044,3710510,811500,2000704,0.405607,48,1024,0.046875,1389600,44467200,0,0,278819,0,0,58955922,61000,73443,59369184,59295741,229885812,170590071,0.742064,1999680,214956,1188180,0,1023,595521,0,0,0,0.701321,0.999488,0,0,0.080722,29.719639,3,4,5,18,19,20,59,0,11586222,3.020743,2.307362,1868,2895
a8cc99f7-68a2-4c86-b412-31bffe3a42da,adc154abe3cea812fb9fedff32206f3a879c9e26,cache,cache16_lat,ptb,16,resnet19_T4_all,layer_16_layer3_0_conv2,3,16384,8,512,64,262144,16,8192,512,32,2,16,1,16,20,20,12,1,next_burst,8,0,1,5,0,50,1,1,1,1,non_inclusive,lru,3838906,125044,3713862,859970,2000704,0.429834,48,1024,0.046875,1389600,44467200,0,0,344586,0,0,58938659,61000,78571,59422816,59344245,401017951,341673706,0.852016,1999680,263426,1139710,0,976,595568,0,0,0,0.701321,0.999488,0,0,0.080722,28.508315,6,7,9,18,19,20,123,0,11586313,3.018129,2.362473,1868,2895
c239440d-d504-4b41-b71c-895c90e93868,adc154abe3cea812fb9fedff32206f3a879c9e26,cache,cache16_lat,ptb,16,resnet19_T4_all,layer_16_layer3_0_conv2,3,16384,8,256,32,262144,16,4096,256,64,4,16,1,16,20,20,12,1,none,0,0,1,5,0,50,1,1,1,1,non_inclusive,lru,2850154,125044,2725110,1203904,2000704,0.601740,5760,796800,0.007229,791040,50626560,0,0,0,0,0,78036,43514865,9883,43602784,43592901,43592901,0,0.000000,0,0,0,0,0,0,0,0,0,0.000000,0.999488,0,0,0.083116,19.912991,1,1,1,9,15,16,0,0,6386112,2.240620,1.085905,1868,2895
c239440d-d504-4b41-b71c-895c90e93868,adc154abe3cea812fb9fedff32206f3a879c9e26,cache,cache16_lat,ptb,16,resnet19_T4_all,layer_16_layer3_0_conv2,3,16384,8,256,32,262144,16,4096,256,64,4,16,1,16,20,20,12,1,next_burst,2,0,1,5,0,50,1,1,1,1,non_inclusive,lru,2267819,125044,2142775,1257243,2000704,0.628400,48,1024,0.046875,791040,50626560,0,0,609178,0,0,33427281,61000,187965,34285424,34097459,54845024,20747565,0.378294,1999680,53339,742437,0,206613,997291,0,0,0,0.397748,0.999488,0,0,0.083116,18.579985,1,2,3,17,20,20,24,0,8803867,3.882085,1.824323,1868,2895
c239440d-d504-4b41-b71c-895c90e93868,adc154abe3cea812fb9fedff32206f3a879c9e26,cache,cache16_lat,ptb,16,resnet19_T4_all,layer_16_layer3_0_conv2,3,16384,8,256,32,262144,16,4096,256,64,4,16,1,16,20,20,12,1,next_burst,4,0,1,5,0,50,1,1,1,1,non_inclusive,lru,2192008,125044,2066964,1303990,2000704,0.651766,48,1024,0.046875,791040,50626560,0,0,700374,0,0,32225460,61000,85614,33072448,32986834,83455410,50468576,0.604737,1999680,100086,695690,0,14769,1189135,0,0,0,0.397748,0.999488,0,0,0.083116,17.411721,2,3,5,18,19,20,42,0,9174077,4.185239,1.837874,1868,2895
c239440d-d504-4b41-b71c-895c90e93868,adc154abe3cea812fb9fedff32206f3a879c9e26,cache,cache16_lat,ptb,16,resnet19_T4_all,layer_16_layer3_0_conv2,3,16384,8,256,32,262144,16,4096,256,64,4,16,1,16,20,20,12,1,next_burst,8,0,1,5,0,50,1,1,1,1,non_inclusive,lru,2190322,125044,2065278,1353153,2000704,0.676338,48,1024,0.046875,791040,50626560,0,0,788364,0,0,32128943,61000,67165,33045472,32978307,139501504,106523197,0.763599,1999680,149249,646527,0,6,1203898,0,0,0,0.397748,0.999488,0,0,0.083116,16.183079,3,5,7,18,19,20,89,0,9175488,4.189105,1.833679,1868,2895
3587be41-ae80-4a75-a7a8-25068bce4216,adc154abe3cea812fb9fedff32206f3a879c9e26,cache,cache16_lat,ptb,16,resnet19_T4_all,layer_16_layer3_0_conv2,4,16384,8,1024,128,262144,16,16384,1024,16,1,16,1,16,20,20,12,1,none,0,0,1,5,0,50,1,1,1,1,non_inclusive,lru,6509835,120532,6389303,0,1928512,0.000000,79104,1928512,0.041018,1849408,29590528,0,0,0,0,0,449487,101742460,37925,102229872,102191947,102191947,0,0.000000,0,0,0,0,0,0,0,0,0,0.000000,0.999469,0,0,0.000000,50.000000,1,1,1,12,15,16,0,0,9563520,1.469088,1.682468,1830,2817
3587be41-ae80-4a75-a7a8-25068bce4216,adc154abe3cea812fb9fedff32206f3a879c9e26,cache,cache16_lat,ptb,16,resnet19_T4_all,layer_16_layer3_0_conv2,4,16384,8,1024,128,262144,16,16384,1024,16,1,16,1,16,20,20,12,1,next_burst,2,0,1,5,0,50,1,1,1,1,non_inclusive,lru,5108049,120532,4987517,70934,1928512,0.036782,0,1024,0.000000,1849408,29590528,0,0,18068,0,0,79663823,64000,55405,79801296,79745891,242960297,163214406,0.671774,1927488,70934,1856554,0,0,0,0,0,0,0.999469,0.999469,0,0,0.000000,48.160914,2,3,3,18,19,20,28,0,13319150,2.607483,2.507432,1830,2817
3587be41-ae80-4a75-a7a8-25068bce4216,adc154abe3cea812fb9fedff32206f3a879c9e26,cache,cache16_lat,ptb,16,resnet19_T4_all,layer_16_layer3_0_conv2,4,16384,8,1024,128,262144,16,16384,1024,16,1,16,1,16,20,20,12,1,next_burst,4,0,1,5,0,50,1,1,1,1,non_inclusive,lru,5123400,120532,5002868,87700,1928512,0.045475,0,1024,0.000000,1849408,29590528,0,0,33446,0,0,79902898,64000,46568,80046912,80000344,407324800,327324456,0.803596,1927488,87700,1839788,0,0,0,0,0,0,0.999469,0.999469,0,0,0.000000,47.726226,4,5,5,18,19,20,60,0,13334154,2.602599,2.587651,1830,2817
3587be41-ae80-4a75-a7a8-25068bce4216,adc154abe3cea812fb9fedff32206f3a879c9e26,cache,cache16_lat,ptb,16,resnet19_T4_all,layer_16_layer3_0_conv2,4,16384,8,1024,128,262144,16,16384,1024,16,1,16,1,16,20,20,12,1,next_burst,8,0,1,5,0,50,1,1,1,1,non_inclusive,lru,5131260,120532,5010728,101503,1928512,0.052633,0,1024,0.000000,1849408,29590528,0,0,49285,0,0,80019665,64000,39722,80172672,80132950,735062401,654929451,0.890985,1927488,101503,1825985,0,0,0,0,0,0,0.999469,0.999469,0,0,0.000000,47.368360,8,9,9,18,19,20,124,0,13338344,2.599429,2.727389,1830,2817
653fdcba-2363-4f76-9ae4-a4bb6c41b4a3,adc154abe3cea812fb9fedff32206f3a879c9e26,cache,cache16_lat,ptb,16,resnet19_T4_all,layer_16_layer3_0_conv2,4,16384,8,512,64,262144,16,8192,512,32,2,16,1,16,20,20,12,1,none,0,0,1,5,0,50,1,1,1,1,non_inclusive,lru,4714250,120532,4593718,578240,1928512,0.299837,16640,1350272,0.012323,1333632,42676224,0,0,0,0,0,118761,73362568,19183,73500512,73481329,73481329,0,0.000000,0,0,0,0,0,0,0,0,0,0.000000,0.999469,0,0,0.119508,35.008131,1,1,1,10,15,16,0,0,7891264,1.673917,1.413188,1830,2817
653fdcba-2363-4f76-9ae4-a4bb6c41b4a3,adc154abe3cea812fb9fedff32206f3a879c9e26,cache,cache16_lat,ptb,16,resnet19_T4_all,layer_16_layer3_0_conv2,4,16384,8,512,64,262144,16,8192,512,32,2,16,1,16,20,20,12,1,next_burst,2,0,1,5,0,50,1,1,1,1,non_inclusive,lru,3682278,120532,3561746,699653,1928512,0.362794,0,1024,0.000000,1333632,42676224,0,0,148514,0,0,56675920,64000,100526,56988960,56888434,137457665,80569231,0.586139,1927488,121413,1227835,0,35870,542370,0,0,0,0.699632,0.999469,0,0,0.119508,31.860289,2,3,3,18,19,20,28,0,11144314,3.026473,2.342703,1830,2817
653fdcba-2363-4f76-9ae4-a4bb6c41b4a3,adc154abe3cea812fb9fedff32206f3a879c9e26,cache,cache16_lat,ptb,16,resnet19_T4_all,layer_16_layer3_0_conv2,4,16384,8,512,64,262144,16,8192,512,32,2,16,1,16,20,20,12,1,next_burst,4,0,1,5,0,50,1,1,1,1,non_inclusive,lru,3681732,120532,3561200,791282,1928512,0.410307,0,1024,0.000000,1333632,42676224,0,0,280222,0,0,56573957,64000,62045,56980224,56918179,219305462,162387283,0.740462,1927488,213042,1136206,0,1006,577234,0,0,0,0.699632,0.999469,0,0,0.119508,29.484649,3,4,5,18,19,20,60,0,11149687,3.028381,2.262090,1830,2817
653fdcba-2363-4f76-9ae4-a4bb6c41b4a3,adc154abe3cea812fb9fedff32206f3a879c9e26,cache,cache16_lat,ptb,16,resnet19_T4_all,layer_16_layer3_0_conv2,4,16384,8,512,64,262144,16,8192,512,32,2,16,1,16,20,20,12,1,next_burst,8,0,1,5,0,50,1,1,1,1,non_inclusive,lru,3685252,120532,3564720,841749,1928512,0.436476,0,1024,0.000000,1333632,42676224,0,0,355081,0,0,56521576,64000,95887,57036544,56940657,383339544,326398887,0.851462,1927488,263509,1085739,0,889,577351,0,0,0,0.699632,0.999469,0,0,0.119508,28.176205,6,7,9,18,19,20,124,0,11149916,3.025550,2.322607,1830,2817
698f6552-bb02-4d8a-9d48-6111a7cb7d44,adc154abe3cea812fb9fedff32206f3a879c9e26,cache,cache16_lat,ptb,16,resnet19_T4_all,layer_16_layer3_0_conv2,4,16384,8,256,32,262144,16,4096,256,64,4,16,1,16,20,20,12,1,none,0,0,1,5,0,50,1,1,1,1,non_inclusive,lru,2815665,120532,2695133,1140800,1928512,0.591544,5232,787712,0.006642,782480,50078720,0,0,0,0,0,66204,43045241,11707,43123152,43111445,43111445,0,0.000000,0,0,0,0,0,0,0,0,0,0.000000,0.999469,0,0,0.127937,20.422792,1,1,1,9,15,16,0,0,6214992,2.207291,1.040233,1830,2817
698f6552-bb02-4d8a-9d48-6111a7cb7d44,adc154abe3cea812fb9fedff32206f3a879c9e26,cache,cache16_lat,ptb,16,resnet19_T4_all,layer_16_layer3_0_conv2,4,16384,8,256,32,262144,16,4096,256,64,4,16,1,16,20,20,12,1,next_burst,2,0,1,5,0,50,1,1,1,1,non_inclusive,lru,2229982,120532,2109450,1192929,1928512,0.618575,0,1024,0.000000,782480,50078720,0,0,578803,0,0,32925278,64000,184143,33752224,33568081,55426065,21857984,0.394363,1927488,52129,734559,0,201352,939448,0,0,0,0.407925,0.999469,0,0,0.127937,19.071258,1,2,3,17,20,20,27,0,8591856,3.852881,1.795964,1830,2817
698f6552-bb02-4d8a-9d48-6111a7cb7d44,adc154abe3cea812fb9fedff32206f3a879c9e26,cache,cache16_lat,ptb,16,resnet19_T4_all,layer_16_layer3_0_conv2,4,16384,8,256,32,262144,16,4096,256,64,4,16,1,16,20,20,12,1,next_burst,4,0,1,5,0,50,1,1,1,1,non_inclusive,lru,2167899,120532,2047367,1234585,1928512,0.640175,0,1024,0.000000,782480,50078720,0,0,658822,0,0,31954116,64000,81958,32758896,32676938,84405547,51728609,0.612858,1927488,93785,692903,0,14870,1125930,0,0,0,0.407925,0.999469,0,0,0.127937,17.991254,2,3,5,18,19,20,59,0,8922374,4.115678,1.795349,1830,2817
698f6552-bb02-4d8a-9d48-6111a7cb7d44,adc154abe3cea812fb9fedff32206f3a879c9e26,cache,cache16_lat,ptb,16,resnet19_T4_all,layer_16_layer3_0_conv2,4,16384,8,256,32,262144,16,4096,256,64,4,16,1,16,20,20,12,1,next_burst,8,0,1,5,0,50,1,1,1,1,non_inclusive,lru,2168351,120532,2047819,1282937,1928512,0.665247,0,1024,0.000000,782480,50078720,0,0,746171,0,0,31898371,64000,57586,32766128,32708542,140799523,108090981,0.767694,1927488,142137,644551,0,340,1140460,0,0,0,0.407925,0.999469,0,0,0.127937,16.737645,3,5,8,18,19,20,107,0,8923378,4.115283,1.842400,1830,2817
ed9f8cb6-bdca-4cee-b32e-802b9038e495,adc154abe3cea812fb9fedff32206f3a879c9e26,cache,cache16_lat,ptb,16,vgg16_T4_all,layer_01_features_3,0,16384,8,1024,128,262144,16,16384,1024,16,1,16,1,16,20,20,12,1,none,0,0,1,5,0,50,1,1,1,1,non_inclusive,lru,1118674,124831,993843,813440,1902592,0.427543,1082528,1089152,0.993918,1656,26496,0,0,0,0,0,15269895,371029,371652,16012576,15640924,15640924,0,0.000000,0,0,0,0,0,0,0,0,0,0.000000,0.991389,0,0,0.000000,28.622847,1,1,1,3,4,4,0,0,5986168,5.351128,0.952522,116,170
ed9f8cb6-bdca-4cee-b32e-802b9038e495,adc154abe3cea812fb9fedff32206f3a879c9e26,cache,cache16_lat,ptb,16,vgg16_T4_all,layer_01_features_3,0,16384,8,1024,128,262144,16,16384,1024,16,1,16,1,16,20,20,12,1,next_burst,2,0,1,5,0,50,1,1,1,1,non_inclusive,lru,1108149,124831,983318,910478,1902592,0.478546,12208,12384,0.985788,1656,26496,0,0,471636,0,0,14984414,10736,377390,15844176,15466786,37289489,21822703,0.585224,1886208,97038,979730,0,809440,0,0,0,0,0.565948,0.991389,0,0,0.000000,26.072695,2,3,3,6,11,12,0,0,7872376,7.104077,1.569780,116,170
ed9f8cb6-bdca-4cee-b32e-802b9038e495,adc154abe3cea812fb9fedff32206f3a879c9e26,cache,cache16_lat,ptb,16,vgg16_T4_all,layer_01_features_3,0,16384,8,1024,128,262144,16,16384,1024,16,1,16,1,16,20,20,12,1,next_burst,4,0,1,5,0,50,1,1,1,1,non_inclusive,lru,1104816,124831,979985,926337,1902592,0.486882,12942,13118,0.986583,1656,26496,0,0,492895,0,0,14887965,10736,399252,15790848,15391596,57696672,42305076,0.733233,1886208,112897,963137,0,810174,0,0,0,0,0.565562,0.991389,0,0,0.000000,25.655921,3,5,5,7,13,13,0,0,7872376,7.125509,1.587839,116,170
ed9f8cb6-bdca-4cee-b32e-802b9038e495,adc154abe3cea812fb9fedff32206f3a879c9e26,cache,cache16_lat,ptb,16,vgg16_T4_all,layer_01_features_3,0,16384,8,1024,128,262144,16,16384,1024,16,1,16,1,16,20,20,12,1,next_burst,8,0,1,5,0,50,1,1,1,1,non_inclusive,lru,1103428,124831,978597,939780,1902592,0.493947,26120,26296,0.993307,1656,26496,0,0,507001,0,0,14795177,10736,455726,15768640,15312914,95475427,80162513,0.839614,1886208,126430,936516,0,823262,0,0,0,0,0.558683,0.991389,0,0,0.000000,25.302640,5,8,9,8,13,13,0,0,7872556,7.134635,1.627613,116,170
f03b77f3-d878-4131-ab4a-1c302352ad5c,adc154abe3cea812fb9fedff32206f3a879c9e26,cache,cache16_lat,ptb,16,vgg16_T4_all,layer_01_features_3,0,16384,8,512,64,262144,16,8192,512,32,2,16,1,16,20,20,12,1,none,0,0,1,5,0,50,1,1,1,1,non_inclusive,lru,1241569,124831,1116738,683488,1902592,0.359240,1215072,1219104,0.996693,1008,32256,0,0,0,0,0,17387951,225611,365334,17978896,17613562,17613562,0,0.000000,0,0,0,0,0,0,0,0,0,0.000000,0.991389,0,0,0.178571,32.037978,1,1,1,3,4,4,0,0,6245424,5.030267,0.956709,116,170
f03b77f3-d878-4131-ab4a-1c302352ad5c,adc154abe3cea812fb9fedff32206f3a879c9e26,cache,cache16_lat,ptb,16,vgg16_T4_all,layer_01_features_3,0,16384,8,512,64,262144,16,8192,512,32,2,16,1,16,20,20,12,1,next_burst,2,0,1,5,0,50,1,1,1,1,non_inclusive,lru,1234532,124831,1109701,811383,1902592,0.426462,13456,13600,0.989412,1008,32256,0,0,338516,0,0,17158580,8784,360424,17866304,17505880,43244517,25738637,0.595188,1886208,127895,1077609,0,468067,212637,0,0,0,0.633611,0.991389,0,0,0.178571,28.676905,2,3,3,6,11,12,0,0,8131632,6.586813,1.553084,116,170
f03b77f3-d878-4131-ab4a-1c302352ad5c,adc154abe3cea812fb9fedff32206f3a879c9e26,cache,cache16_lat,ptb,16,vgg16_T4_all,layer_01_features_3,0,16384,8,512,64,262144,16,8192,512,32,2,16,1,16,20,20,12,1,next_burst,4,0,1,5,0,50,1,1,1,1,non_inclusive,lru,1232707,124831,1107876,800957,1902592,0.420982,14329,14473,0.990050,1008,32256,0,0,320334,0,0,17106376,8784,401610,17837104,17435494,67749849,50314355,0.742649,1886208,117469,1087162,0,468396,213181,0,0,0,0.633153,0.991389,0,0,0.178571,28.950900,3,5,5,8,13,13,0,0,8131632,6.596565,1.587132,116,170
f03b77f3-d878-4131-ab4a-1c302352ad5c,adc154abe3cea812fb9fedff32206f3a879c9e26,cache,cache16_lat,ptb,16,vgg16_T4_all,layer_01_features_3,0,16384,8,512,64,262144,16,8192,512,32,2,16,1,16,20,20,12,1,next_burst,8,0,1,5,0,50,1,1,1,1,non_inclusive,lru,1232394,124831,1107563,825240,1902592,0.433745,28906,29050,0.995043,1008,32256,0,0,348190,0,0,17019764,8784,455358,17832096,17376738,114330176,96953438,0.848013,1886208,141927,1048302,0,487244,208735,0,0,0,0.625583,0.991389,0,0,0.178571,28.312744,5,8,9,9,13,13,0,0,8131982,6.598524,1.622671,116,170
6917e83a-75ae-4b45-a39d-25fe7835141e,adc154abe3cea812fb9fedff32206f3a879c9e26,cache,cache16_lat,ptb,16,vgg16_T4_all,layer_01_features_3,0,16384,8,256,32,262144,16,4096,256,64,4,16,1,16,20,20,12,1,none,0,0,1,5,0,50,1,1,1,1,non_inclusive,lru,1157364,124831,1032533,764016,1902592,0.401566,1136416,1138576,0.998103,540,34560,0,0,0,0,0,16142196,120842,368578,16631616,16263038,16263038,0,0.000000,0,0,0,0,0,0,0,0,0,0.000000,0.991389,0,0,0.233333,29.921707,1,1,1,3,4,4,0,0,6083900,5.256687,0.911938,116,170
6917e83a-75ae-4b45-a39d-25fe7835141e,adc154abe3cea812fb9fedff32206f3a879c9e26,cache,cache16_lat,ptb,16,vgg16_T4_all,layer_01_features_3,0,16384,8,256,32,262144,16,4096,256,64,4,16,1,16,20,20,12,1,next_burst,2,0,1,5,0,50,1,1,1,1,non_inclusive,lru,1153403,124831,1028572,891645,1902592,0.468648,15731,15811,0.994940,540,34560,0,0,379255,0,0,15834914,4880,349191,16568240,16219049,38253508,22034459,0.576011,1886208,127629,995136,0,298390,465053,0,0,0,0.590124,0.991389,0,0,0.233333,26.567625,1,3,3,6,11,12,0,0,7970108,6.910081,1.516677,116,170
6917e83a-75ae-4b45-a39d-25fe7835141e,adc154abe3cea812fb9fedff32206f3a879c9e26,cache,cache16_lat,ptb,16,vgg16_T4_all,layer_01_features_3,0,16384,8,256,32,262144,16,4096,256,64,4,16,1,16,20,20,12,1,next_burst,4,0,1,5,0,50,1,1,1,1,non_inclusive,lru,1152111,124831,1027280,879271,1902592,0.462144,16579,16659,0.995198,540,34560,0,0,361645,0,0,15784431,4880,396612,16547568,16150956,59275292,43124336,0.727526,1886208,115255,1006662,0,259033,505258,0,0,0,0.589678,0.991389,0,0,0.233333,26.892813,3,4,5,9,13,13,0,0,7970108,6.917830,1.561198,116,170
6917e83a-75ae-4b45-a39d-25fe7835141e,adc154abe3cea812fb9fedff32206f3a879c9e26,cache,cache16_lat,ptb,16,vgg16_T4_all,layer_01_features_3,0,16384,8,256,32,262144,16,4096,256,64,4,16,1,16,20,20,12,1,next_burst,8,0,1,5,0,50,1,1,1,1,non_inclusive,lru,1151678,124831,1026847,885979,1902592,0.465669,27269,27349,0.997075,540,34560,0,0,359416,0,0,15748120,4880,428224,16540640,16112416,99665575,83553159,0.838335,1886208,122085,989264,0,276336,498523,0,0,0,0.584124,0.991389,0,0,0.233333,26.716527,5,7,9,12,13,14,0,0,7970352,6.920643,1.555315,116,170
a95e1761-dedc-47c2-ba12-760e51ec46d9,adc154abe3cea812fb9fedff32206f3a879c9e26,cache,cache16_lat,ptb,16,vgg16_T4_all,layer_01_features_3,1,16384,8,1024,128,262144,16,16384,1024,16,1,16,1,16,20,20,12,1,none,0,0,1,5,0,50,1,1,1,1,non_inclusive,lru,1534596,141891,1392705,661904,2164848,0.305751,1493920,1502944,0.993996,2256,36096,0,0,0,0,0,21520019,504846,380207,22405072,22024865,22024865,0,0.000000,0,0,0,0,0,0,0,0,0,0.000000,0.992432,0,0,0.000000,34.712460,1,1,1,3,4,4,0,0,7338864,4.782278,1.115388,129,248
a95e1761-dedc-47c2-ba12-760e51ec46d9,adc154abe3cea812fb9fedff32206f3a879c9e26,cache,cache16_lat,ptb,16,vgg16_T4_all,layer_01_features_3,1,16384,8,1024,128,262144,16,16384,1024,16,1,16,1,16,20,20,12,1,next_burst,2,0,1,5,0,50,1,1,1,1,non_inclusive,lru,1520456,141891,1378565,779484,2164848,0.360064,13936,14080,0.989773,2256,36096,0,0,346917,0,0,21440865,8784,382266,22178832,21796566,57177245,35380679,0.618790,2148464,117580,1371284,0,659600,0,0,0,0,0.687745,0.992432,0,0,0.000000,31.996796,2,3,3,5,11,12,0,0,9487328,6.239791,1.787374,129,248
a95e1761-dedc-47c2-ba12-760e51ec46d9,adc154abe3cea812fb9fedff32206f3a879c9e26,cache,cache16_lat,ptb,16,vgg16_T4_all,layer_01_features_3,1,16384,8,1024,128,262144,16,16384,1024,16,1,16,1,16,20,20,12,1,next_burst,4,0,1,5,0,50,1,1,1,1,non_inclusive,lru,1517344,141891,1375453,785512,2164848,0.362849,14252,14396,0.989997,2256,36096,0,0,347892,0,0,21347270,8784,425094,22129040,21703946,91075419,69371473,0.761693,2148464,123608,1364940,0,659916,0,0,0,0,0.687599,0.992432,0,0,0.000000,31.857572,3,5,5,6,13,13,0,0,9487328,6.252589,1.825452,129,248
a95e1761-dedc-47c2-ba12-760e51ec46d9,adc154abe3cea812fb9fedff32206f3a879c9e26,cache,cache16_lat,ptb,16,vgg16_T4_all,layer_01_features_3,1,16384,8,1024,128,262144,16,16384,1024,16,1,16,1,16,20,20,12,1,next_burst,8,0,1,5,0,50,1,1,1,1,non_inclusive,lru,1516741,141891,1374850,795227,2164848,0.367336,26863,27007,0.994668,2256,36096,0,0,354975,0,0,21296815,8784,458818,22119392,21660574,155625184,133964610,0.860816,2148464,133419,1342614,0,672431,0,0,0,0,0.681818,0.992432,0,0,0.000000,31.633191,6,9,9,6,13,14,0,0,9487520,6.255201,1.873503,129,248
e2daf900-666c-4fc4-8c94-aa2b1acdea2b,adc154abe3cea812fb9fedff32206f3a879c9e26,cache,cache16_lat,ptb,16,vgg16_T4_all,layer_01_features_3,1,16384,8,512,64,262144,16,8192,512,32,2,16,1,16,20,20,12,1,none,0,0,1,5,0,50,1,1,1,1,non_inclusive,lru,1575039,141891,1433148,612880,2164848,0.283105,1547360,1551968,0.997031,1152,36864,0,0,0,0,0,22409751,257643,384766,23052160,22667394,22667394,0,0.000000,0,0,0,0,0,0,0,0,0,0.000000,0.992432,0,0,0.020833,35.844734,1,1,1,3,4,4,0,0,7435808,4.721031,1.153220,129,248
e2daf900-666c-4fc4-8c94-aa2b1acdea2b,adc154abe3cea812fb9fedff32206f3a879c9e26,cache,cache16_lat,ptb,16,vgg16_T4_all,layer_01_features_3,1,16384,8,512,64,262144,16,8192,512,32,2,16,1,16,20,20,12,1,next_burst,2,0,1,5,0,50,1,1,1,1,non_inclusive,lru,1567529,141891,1425638,758543,2164848,0.350391,14800,14912,0.992489,1152,36864,0,0,285179,0,0,22259907,6832,380082,22932000,22551918,59173842,36621924,0.618887,2148464,145663,1391393,0,354761,256647,0,0,0,0.710006,0.992432,0,0,0.020833,32.480456,2,3,3,5,11,12,0,0,9584272,6.114255,1.837560,129,248
e2daf900-666c-4fc4-8c94-aa2b1acdea2b,adc154abe3cea812fb9fedff32206f3a879c9e26,cache,cache16_lat,ptb,16,vgg16_T4_all,layer_01_features_3,1,16384,8,512,64,262144,16,8192,512,32,2,16,1,16,20,20,12,1,next_burst,4,0,1,5,0,50,1,1,1,1,non_inclusive,lru,1565967,141891,1424076,747909,2164848,0.345479,15235,15347,0.992702,1152,36864,0,0,259065,0,0,22231728,6832,409383,22907008,22497625,94144326,71646701,0.761030,2148464,135029,1401592,0,354004,257839,0,0,0,0.709805,0.992432,0,0,0.020833,32.726062,3,5,5,6,13,13,0,0,9584272,6.120354,1.890531,129,248
e2daf900-666c-4fc4-8c94-aa2b1acdea2b,adc154abe3cea812fb9fedff32206f3a879c9e26,cache,cache16_lat,ptb,16,vgg16_T4_all,layer_01_features_3,1,16384,8,512,64,262144,16,8192,512,32,2,16,1,16,20,20,12,1,next_burst,8,0,1,5,0,50,1,1,1,1,non_inclusive,lru,1565579,141891,1423688,750498,2164848,0.346675,26780,26892,0.995835,1152,36864,0,0,259662,0,0,22189375,6832,444931,22900800,22455869,161804479,139348610,0.861216,2148464,137698,1387458,0,368254,255054,0,0,0,0.704510,0.992432,0,0,0.020833,32.666266,6,8,9,7,13,14,0,0,9584432,6.121973,1.970454,129,248
108ff02e-385f-4105-bb26-d15b0f27703b,adc154abe3cea812fb9fedff32206f3a879c9e26,cache,cache16_lat,ptb,16,vgg16_T4_all,layer_01_features_3,1,16384,8,256,32,262144,16,4096,256,64,4,16,1,16,20,20,12,1,none,0,0,1,5,0,50,1,1,1,1,non_inclusive,lru,1430961,141891,1289070,753120,2164848,0.347886,1409424,1411728,0.998368,576,36864,0,0,0,0,0,20223431,128600,394881,20746912,20352031,20352031,0,0.000000,0,0,0,0,0,0,0,0,0,0.000000,0.992432,0,0,0.020833,32.605707,1,1,1,3,4,4,0,0,7154752,4.999963,1.067422,129,248
108ff02e-385f-4105-bb26-d15b0f27703b,adc154abe3cea812fb9fedff32206f3a879c9e26,cache,cache16_lat,ptb,16,vgg16_T4_all,layer_01_features_3,1,16384,8,256,32,262144,16,4096,256,64,4,16,1,16,20,20,12,1,next_burst,2,0,1,5,0,50,1,1,1,1,non_inclusive,lru,1426083,141891,1284192,906023,2164848,0.418516,15920,16016,0.994006,576,36864,0,0,356425,0,0,19940721,5856,365862,20668864,20303002,50066591,29763589,0.594480,2148464,152903,1242809,0,193574,559178,0,0,0,0.644716,0.992432,0,0,0.020833,29.074212,2,3,3,7,11,12,0,0,9303216,6.523615,1.770844,129,248
108ff02e-385f-4105-bb26-d15b0f27703b,adc154abe3cea812fb9fedff32206f3a879c9e26,cache,cache16_lat,ptb,16,vgg16_T4_all,layer_01_features_3,1,16384,8,256,32,262144,16,4096,256,64,4,16,1,16,20,20,12,1,next_burst,4,0,1,5,0,50,1,1,1,1,non_inclusive,lru,1425111,141891,1283220,893247,2164848,0.412614,16140,16236,0.994087,576,36864,0,0,333876,0,0,19909173,5856,404407,20653312,20248905,78863904,58614999,0.743242,2148464,140127,1255365,0,135653,617319,0,0,0,0.644614,0.992432,0,0,0.020833,29.369291,3,5,5,10,13,14,0,0,9303216,6.528064,1.772488,129,248
108ff02e-385f-4105-bb26-d15b0f27703b,adc154abe3cea812fb9fedff32206f3a879c9e26,cache,cache16_lat,ptb,16,vgg16_T4_all,layer_01_features_3,1,16384,8,256,32,262144,16,4096,256,64,4,16,1,16,20,20,12,1,next_burst,8,0,1,5,0,50,1,1,1,1,non_inclusive,lru,1424907,141891,1283016,882345,2164848,0.407578,23263,23359,0.995890,576,36864,0,0,310144,0,0,19919759,5856,414289,20650048,20235759,134914710,114678951,0.850011,2148464,129259,1259144,0,146278,613783,0,0,0,0.641340,0.992432,0,0,0.020833,29.621087,5,8,9,12,13,14,0,0,9303284,6.529046,1.786911,129,248
51bb29ae-a77e-4778-a9e5-da0409af3620,adc154abe3cea812fb9fedff32206f3a879c9e26,cache,cache16_lat,ptb,16,vgg16_T4_all,layer_01_features_3,2,16384,8,1024,128,262144,16,16384,1024,16,1,16,1,16,20,20,12,1,none,0,0,1,5,0,50,1,1,1,1,non_inclusive,lru,1235660,128146,1107514,759216,1964624,0.386443,1196960,1205408,0.992992,2112,33792,0,0,0,0,0,16974881,474894,372545,17822320,17449775,17449775,0,0.000000,0,0,0,0,0,0,0,0,0,0.000000,0.991660,0,0,0.000000,30.677829,1,1,1,3,4,4,0,0,6343200,5.133451,0.971017,122,206
51bb29ae-a77e-4778-a9e5-da0409af3620,adc154abe3cea812fb9fedff32206f3a879c9e26,cache,cache16_lat,ptb,16,vgg16_T4_all,layer_01_features_3,2,16384,8,1024,128,262144,16,16384,1024,16,1,16,1,16,20,20,12,1,next_burst,2,0,1,5,0,50,1,1,1,1,non_inclusive,lru,1223520,128146,1095374,868826,1964624,0.442235,12800,12944,0.988875,2112,33792,0,0,435343,0,0,16804467,8784,379486,17628080,17248594,42767695,25519101,0.596691,1948240,109610,1082854,0,755776,0,0,0,0,0.606968,0.991660,0,0,0.000000,27.888237,2,3,3,3,11,12,0,0,8291440,6.776710,1.611189,122,206
51bb29ae-a77e-4778-a9e5-da0409af3620,adc154abe3cea812fb9fedff32206f3a879c9e26,cache,cache16_lat,ptb,16,vgg16_T4_all,layer_01_features_3,2,16384,8,1024,128,262144,16,16384,1024,16,1,16,1,16,20,20,12,1,next_burst,4,0,1,5,0,50,1,1,1,1,non_inclusive,lru,1219932,128146,1091786,891226,1964624,0.453637,13049,13193,0.989085,2112,33792,0,0,464038,0,0,16693325,8784,404525,17570672,17166147,66688830,49522683,0.742593,1948240,132010,1060205,0,756025,0,0,0,0,0.606841,0.991660,0,0,0.000000,27.318153,3,5,5,4,13,13,0,0,8291440,6.796641,1.645198,122,206
51bb29ae-a77e-4778-a9e5-da0409af3620,adc154abe3cea812fb9fedff32206f3a879c9e26,cache,cache16_lat,ptb,16,vgg16_T4_all,layer_01_features_3,2,16384,8,1024,128,262144,16,16384,1024,16,1,16,1,16,20,20,12,1,next_burst,8,0,1,5,0,50,1,1,1,1,non_inclusive,lru,1218703,128146,1090557,890078,1964624,0.453053,25593,25737,0.994405,2112,33792,0,0,461588,0,0,16617854,8784,462782,17551008,17088226,110950148,93861922,0.845983,1948240,130900,1048809,0,768531,0,0,0,0,0.600476,0.991660,0,0,0.000000,27.347370,5,8,9,4,13,13,0,0,8291516,6.803558,1.679414,122,206
2792efe4-49e6-4446-bae5-ea6d792bb8ea,adc154abe3cea812fb9fedff32206f3a879c9e26,cache,cache16_lat,ptb,16,vgg16_T4_all,layer_01_features_3,2,16384,8,512,64,262144,16,8192,512,32,2,16,1,16,20,20,12,1,none,0,0,1,5,0,50,1,1,1,1,non_inclusive,lru,1330088,128146,1201942,656544,1964624,0.334183,1303472,1308080,0.996477,1152,36864,0,0,0,0,0,18709931,259470,363767,19333168,18969401,18969401,0,0.000000,0,0,0,0,0,0,0,0,0,0.000000,0.991660,0,0,0.083333,33.290849,1,1,1,3,4,4,0,0,6547584,4.922670,0.971468,122,206
2792efe4-49e6-4446-bae5-ea6d792bb8ea,adc154abe3cea812fb9fedff32206f3a879c9e26,cache,cache16_lat,ptb,16,vgg16_T4_all,layer_01_features_3,2,16384,8,512,64,262144,16,8192,512,32,2,16,1,16,20,20,12,1,next_burst,2,0,1,5,0,50,1,1,1,1,non_inclusive,lru,1322365,128146,1194219,801336,1964624,0.407883,13760,13856,0.993072,1152,36864,0,0,314950,0,0,18531395,5856,357399,19209600,18852201,47260684,28408483,0.601102,1948240,144792,1149432,0,417455,236561,0,0,0,0.658764,0.991660,0,0,0.083333,29.605869,2,3,3,5,11,12,0,0,8495824,6.424719,1.603689,122,206
2792efe4-49e6-4446-bae5-ea6d792bb8ea,adc154abe3cea812fb9fedff32206f3a879c9e26,cache,cache16_lat,ptb,16,vgg16_T4_all,layer_01_features_3,2,16384,8,512,64,262144,16,8192,512,32,2,16,1,16,20,20,12,1,next_burst,4,0,1,5,0,50,1,1,1,1,non_inclusive,lru,1320781,128146,1192635,778592,1964624,0.396306,14281,14377,0.993323,1152,36864,0,0,279713,0,0,18495225,5856,403462,19184256,18780794,74464677,55683883,0.747789,1948240,122048,1171655,0,416802,237735,0,0,0,0.658499,0.991660,0,0,0.083333,30.184707,3,5,5,6,13,13,0,0,8495824,6.432424,1.614391,122,206
2792efe4-49e6-4446-bae5-ea6d792bb8ea,adc154abe3cea812fb9fedff32206f3a879c9e26,cache,cache16_lat,ptb,16,vgg16_T4_all,layer_01_features_3,2,16384,8,512,64,262144,16,8192,512,32,2,16,1,16,20,20,12,1,next_burst,8,0,1,5,0,50,1,1,1,1,non_inclusive,lru,1320570,128146,1192424,800613,1964624,0.407515,28390,28486,0.996630,1152,36864,0,0,308136,0,0,18412733,5856,454155,19180880,18726725,126694159,107967434,0.852190,1948240,144189,1135525,0,433836,234690,0,0,0,0.651379,0.991660,0,0,0.083333,29.624269,6,8,9,6,13,13,0,0,8496064,6.433634,1.668981,122,206
d7bfebd4-4ebd-409a-8924-3b1e89e57d37,adc154abe3cea812fb9fedff32206f3a879c9e26,cache,cache16_lat,ptb,16,vgg16_T4_all,layer_01_features_3,2,16384,8,256,32,262144,16,4096,256,64,4,16,1,16,20,20,12,1,none,0,0,1,5,0,50,1,1,1,1,non_inclusive,lru,1249466,128146,1121320,732976,1964624,0.373087,1229344,1231648,0.998129,576,36864,0,0,0,0,0,17554093,129069,360054,18043216,17683162,17683162,0,0.000000,0,0,0,0,0,0,0,0,0,0.000000,0.991660,0,0,0.083333,31.345642,1,1,1,3,4,4,0,0,6394144,5.117501,0.948449,122,206
d7bfebd4-4ebd-409a-8924-3b1e89e57d37,adc154abe3cea812fb9fedff32206f3a879c9e26,cache,cache16_lat,ptb,16,vgg16_T4_all,layer_01_features_3,2,16384,8,256,32,262144,16,4096,256,64,4,16,1,16,20,20,12,1,next_burst,2,0,1,5,0,50,1,1,1,1,non_inclusive,lru,1245241,128146,1117095,872269,1964624,0.443988,15856,15936,0.994980,576,36864,0,0,361913,0,0,17263462,4880,345361,17975616,17630255,42492173,24861918,0.585094,1948240,139293,1076419,0,236884,495644,0,0,0,0.618801,0.991660,0,0,0.083333,27.800612,1,3,3,6,11,12,0,0,8342384,6.699413,1.581874,122,206
d7bfebd4-4ebd-409a-8924-3b1e89e57d37,adc154abe3cea812fb9fedff32206f3a879c9e26,cache,cache16_lat,ptb,16,vgg16_T4_all,layer_01_features_3,2,16384,8,256,32,262144,16,4096,256,64,4,16,1,16,20,20,12,1,next_burst,4,0,1,5,0,50,1,1,1,1,non_inclusive,lru,1243974,128146,1115828,861065,1964624,0.438285,16126,16206,0.995064,576,36864,0,0,347267,0,0,17189141,4880,414056,17955344,17541288,66252354,48711066,0.735235,1948240,128089,1087353,0,177620,555178,0,0,0,0.618664,0.991660,0,0,0.083333,28.085756,3,4,5,9,13,13,0,0,8342384,6.706237,1.585671,122,206
d7bfebd4-4ebd-409a-8924-3b1e89e57d37,adc154abe3cea812fb9fedff32206f3a879c9e26,cache,cache16_lat,ptb,16,vgg16_T4_all,layer_01_features_3,2,16384,8,256,32,262144,16,4096,256,64,4,16,1,16,20,20,12,1,next_burst,8,0,1,5,0,50,1,1,1,1,non_inclusive,lru,1243577,128146,1115431,859467,1964624,0.437471,26326,26406,0.996970,576,36864,0,0,330217,0,0,17183466,4880,430429,17948992,17518563,112042551,94523988,0.843644,1948240,126539,1078751,0,193636,549314,0,0,0,0.613497,0.991660,0,0,0.083333,28.126425,5,7,9,12,13,13,0,0,8342480,6.708455,1.616644,122,206
de45d54c-3298-4692-bdd3-02b07b1f8ef0,adc154abe3cea812fb9fedff32206f3a879c9e26,cache,cache16_lat,ptb,16,vgg16_T4_all,layer_01_features_3,3,16384,8,1024,128,262144,16,16384,1024,16,1,16,1,16,20,20,12,1,none,0,0,1,5,0,50,1,1,1,1,non_inclusive,lru,1295272,128885,1166387,695248,1963904,0.354013,1262464,1268656,0.995119,1548,24768,0,0,0,0,0,18056609,348256,371967,18776832,18404865,18404865,0,0.000000,0,0,0,0,0,0,0,0,0,0.000000,0.991657,0,0,0.000000,32.299338,1,1,1,3,4,4,0,0,6467692,4.993308,0.973028,126,173
de45d54c-3298-4692-bdd3-02b07b1f8ef0,adc154abe3cea812fb9fedff32206f3a879c9e26,cache,cache16_lat,ptb,16,vgg16_T4_all,layer_01_features_3,3,16384,8,1024,128,262144,16,16384,1024,16,1,16,1,16,20,20,12,1,next_burst,2,0,1,5,0,50,1,1,1,1,non_inclusive,lru,1285344,128885,1156459,802516,1963904,0.408633,12640,12816,0.986267,1548,24768,0,0,377223,0,0,17861967,10736,368058,18617984,18249926,46310621,28060695,0.605924,1947520,107268,1148572,0,691680,0,0,0,0,0.639461,0.991657,0,0,0.000000,29.568350,2,3,3,4,11,12,0,0,8415212,6.547050,1.647919,126,173
de45d54c-3298-4692-bdd3-02b07b1f8ef0,adc154abe3cea812fb9fedff32206f3a879c9e26,cache,cache16_lat,ptb,16,vgg16_T4_all,layer_01_features_3,3,16384,8,1024,128,262144,16,16384,1024,16,1,16,1,16,20,20,12,1,next_burst,4,0,1,5,0,50,1,1,1,1,non_inclusive,lru,1283095,128885,1154210,808675,1963904,0.411769,12916,13092,0.986557,1548,24768,0,0,381466,0,0,17778006,10736,411792,18582000,18170208,72885720,54715512,0.750703,1947520,113427,1142137,0,691956,0,0,0,0,0.639320,0.991657,0,0,0.000000,29.411545,3,5,5,5,13,13,0,0,8415212,6.558526,1.644545,126,173
de45d54c-3298-4692-bdd3-02b07b1f8ef0,adc154abe3cea812fb9fedff32206f3a879c9e26,cache,cache16_lat,ptb,16,vgg16_T4_all,layer_01_features_3,3,16384,8,1024,128,262144,16,16384,1024,16,1,16,1,16,20,20,12,1,next_burst,8,0,1,5,0,50,1,1,1,1,non_inclusive,lru,1282515,128885,1153630,842554,1963904,0.429020,33154,33330,0.994719,1548,24768,0,0,418912,0,0,17682643,10736,460429,18572720,18112291,122503068,104390777,0.852148,1947520,147393,1088020,0,712107,0,0,0,0,0.629060,0.991657,0,0,0.000000,28.549002,6,8,9,5,13,14,0,0,8415386,6.561628,1.722691,126,173
7a2ac2e9-9bd8-4dba-b0f6-344c1ba9e674,adc154abe3cea812fb9fedff32206f3a879c9e26,cache,cache16_lat,ptb,16,vgg16_T4_all,layer_01_features_3,3,16384,8,512,64,262144,16,8192,512,32,2,16,1,16,20,20,12,1,none,0,0,1,5,0,50,1,1,1,1,non_inclusive,lru,1356266,128885,1227381,628656,1963904,0.320105,1331504,1335248,0.997196,936,29952,0,0,0,0,0,19171529,209711,371496,19752736,19381240,19381240,0,0.000000,0,0,0,0,0,0,0,0,0,0.000000,0.991657,0,0,0.173077,33.994737,1,1,1,3,4,4,0,0,6600264,4.866497,0.982679,126,173
7a2ac2e9-9bd8-4dba-b0f6-344c1ba9e674,adc154abe3cea812fb9fedff32206f3a879c9e26,cache,cache16_lat,ptb,16,vgg16_T4_all,layer_01_features_3,3,16384,8,512,64,262144,16,8192,512,32,2,16,1,16,20,20,12,1,next_burst,2,0,1,5,0,50,1,1,1,1,non_inclusive,lru,1350069,128885,1221184,766219,1963904,0.390151,13936,14064,0.990899,936,29952,0,0,304828,0,0,18971519,7808,369429,19653584,19284155,49090790,29806635,0.607174,1947520,137563,1183621,0,377378,248958,0,0,0,0.672733,0.991657,0,0,0.173077,30.492453,2,3,3,6,11,12,0,0,8547784,6.331368,1.633591,126,173
7a2ac2e9-9bd8-4dba-b0f6-344c1ba9e674,adc154abe3cea812fb9fedff32206f3a879c9e26,cache,cache16_lat,ptb,16,vgg16_T4_all,layer_01_features_3,3,16384,8,512,64,262144,16,8192,512,32,2,16,1,16,20,20,12,1,next_burst,4,0,1,5,0,50,1,1,1,1,non_inclusive,lru,1348583,128885,1219698,756940,1963904,0.385426,14483,14611,0.991239,936,29952,0,0,281950,0,0,18933771,7808,406279,19629808,19223529,77057692,57834163,0.750531,1947520,128284,1192353,0,376703,250180,0,0,0,0.672455,0.991657,0,0,0.173077,30.728691,3,5,5,6,13,13,0,0,8547784,6.338345,1.641585,126,173
7a2ac2e9-9bd8-4dba-b0f6-344c1ba9e674,adc154abe3cea812fb9fedff32206f3a879c9e26,cache,cache16_lat,ptb,16,vgg16_T4_all,layer_01_features_3,3,16384,8,512,64,262144,16,8192,512,32,2,16,1,16,20,20,12,1,next_burst,8,0,1,5,0,50,1,1,1,1,non_inclusive,lru,1348556,128885,1219671,800483,1963904,0.407598,34209,34337,0.996272,936,29952,0,0,327086,0,0,18823672,7808,470810,19629376,19158566,131270388,112111822,0.854053,1947520,171922,1129084,0,401173,245341,0,0,0,0.662459,0.991657,0,0,0.173077,29.620109,6,8,9,7,13,14,0,0,8547974,6.338613,1.697785,126,173
442bf6b3-7bdd-4486-8a8d-93a490b33858,adc154abe3cea812fb9fedff32206f3a879c9e26,cache,cache16_lat,ptb,16,vgg16_T4_all,layer_01_features_3,3,16384,8,256,32,262144,16,4096,256,64,4,16,1,16,20,20,12,1,none,0,0,1,5,0,50,1,1,1,1,non_inclusive,lru,1279599,128885,1150714,702448,1963904,0.357679,1259296,1261456,0.998288,540,34560,0,0,0,0,0,18035229,120742,370093,18526064,18155971,18155971,0,0.000000,0,0,0,0,0,0,0,0,0,0.000000,0.991657,0,0,0.283333,32.116030,1,1,1,3,4,4,0,0,6452284,5.042427,0.951914,126,173
442bf6b3-7bdd-4486-8a8d-93a490b33858,adc154abe3cea812fb9fedff32206f3a879c9e26,cache,cache16_lat,ptb,16,vgg16_T4_all,layer_01_features_3,3,16384,8,256,32,262144,16,4096,256,64,4,16,1,16,20,20,12,1,next_burst,2,0,1,5,0,50,1,1,1,1,non_inclusive,lru,1275510,128885,1146625,831538,1963904,0.423411,15632,15744,0.992886,540,34560,0,0,342416,0,0,17737704,6832,373688,18460640,18086952,44664632,26577680,0.595050,1947520,129090,1116622,0,217828,483980,0,0,0,0.634304,0.991657,0,0,0.283333,28.829464,2,3,3,6,11,12,0,0,8399804,6.585447,1.571760,126,173
442bf6b3-7bdd-4486-8a8d-93a490b33858,adc154abe3cea812fb9fedff32206f3a879c9e26,cache,cache16_lat,ptb,16,vgg16_T4_all,layer_01_features_3,3,16384,8,256,32,262144,16,4096,256,64,4,16,1,16,20,20,12,1,next_burst,4,0,1,5,0,50,1,1,1,1,non_inclusive,lru,1274280,128885,1145395,833692,1963904,0.424508,16073,16185,0.993080,540,34560,0,0,340765,0,0,17699464,6832,393899,18440960,18047061,69431690,51384629,0.740075,1947520,131244,1114027,0,164213,538036,0,0,0,0.634079,0.991657,0,0,0.283333,28.774624,3,4,5,10,13,13,0,0,8399804,6.591804,1.598350,126,173
442bf6b3-7bdd-4486-8a8d-93a490b33858,adc154abe3cea812fb9fedff32206f3a879c9e26,cache,cache16_lat,ptb,16,vgg16_T4_all,layer_01_features_3,3,16384,8,256,32,262144,16,4096,256,64,4,16,1,16,20,20,12,1,next_burst,8,0,1,5,0,50,1,1,1,1,non_inclusive,lru,1274172,128885,1145287,847511,1963904,0.431544,29651,29763,0.996237,540,34560,0,0,341400,0,0,17651806,6832,439194,18439232,18000038,117533929,99533891,0.846852,1947520,145143,1086630,0,185052,530695,0,0,0,0.627206,0.991657,0,0,0.283333,28.422800,5,7,9,12,13,13,0,0,8399964,6.592488,1.629991,126,173
1fdd6fcd-ae3c-44d9-9688-be3908a8c2f0,adc154abe3cea812fb9fedff32206f3a879c9e26,cache,cache16_lat,ptb,16,vgg16_T4_all,layer_01_features_3,4,16384,8,1024,128,262144,16,16384,1024,16,1,16,1,16,20,20,12,1,none,0,0,1,5,0,50,1,1,1,1,non_inclusive,lru,1086501,129342,957159,907584,1961760,0.462638,1046640,1054176,0.992851,1884,30144,0,0,0,0,0,14619432,422031,397177,15438640,15041463,15041463,0,0.000000,0,0,0,0,0,0,0,0,0,0.000000,0.991648,0,0,0.000000,26.868118,1,1,1,3,4,4,0,0,6034780,5.554325,0.948261,124,170
1fdd6fcd-ae3c-44d9-9688-be3908a8c2f0,adc154abe3cea812fb9fedff32206f3a879c9e26,cache,cache16_lat,ptb,16,vgg16_T4_all,layer_01_features_3,4,16384,8,1024,128,262144,16,16384,1024,16,1,16,1,16,20,20,12,1,next_burst,2,0,1,5,0,50,1,1,1,1,non_inclusive,lru,1076546,129342,947204,1007601,1961760,0.513621,9904,10000,0.990400,1884,30144,0,0,545591,0,0,14312781,5856,415132,15279360,14864228,34904201,20039973,0.574142,1945376,100017,944159,0,901200,0,0,0,0,0.532265,0.991648,0,0,0.000000,24.318953,1,3,3,4,11,12,0,0,7980156,7.412740,1.671399,124,170
1fdd6fcd-ae3c-44d9-9688-be3908a8c2f0,adc154abe3cea812fb9fedff32206f3a879c9e26,cache,cache16_lat,ptb,16,vgg16_T4_all,layer_01_features_3,4,16384,8,1024,128,262144,16,16384,1024,16,1,16,1,16,20,20,12,1,next_burst,4,0,1,5,0,50,1,1,1,1,non_inclusive,lru,1072564,129342,943222,1019563,1961760,0.519719,10196,10292,0.990672,1884,30144,0,0,572309,0,0,14186645,5856,450838,15215648,14764810,53434858,38670048,0.723686,1945376,111979,931905,0,901492,0,0,0,0,0.532116,0.991648,0,0,0.000000,24.014074,3,4,5,5,13,13,0,0,7980156,7.440261,1.646450,124,170
1fdd6fcd-ae3c-44d9-9688-be3908a8c2f0,adc154abe3cea812fb9fedff32206f3a879c9e26,cache,cache16_lat,ptb,16,vgg16_T4_all,layer_01_features_3,4,16384,8,1024,128,262144,16,16384,1024,16,1,16,1,16,20,20,12,1,next_burst,8,0,1,5,0,50,1,1,1,1,non_inclusive,lru,1070714,129342,941372,1031176,1961760,0.525638,23036,23132,0.995850,1884,30144,0,0,587658,0,0,14102803,5856,489731,15186048,14696317,88304921,73608604,0.833573,1945376,123732,907452,0,914192,0,0,0,0,0.525642,0.991648,0,0,0.000000,23.718090,5,7,9,6,13,13,0,0,7980436,7.453378,1.690389,124,170
bafe0f1b-0b76-4ee9-a948-3c58c7a3b860,adc154abe3cea812fb9fedff32206f3a879c9e26,cache,cache16_lat,ptb,16,vgg16_T4_all,layer_01_features_3,4,16384,8,512,64,262144,16,8192,512,32,2,16,1,16,20,20,12,1,none,0,0,1,5,0,50,1,1,1,1,non_inclusive,lru,1277843,129342,1148501,708304,1961760,0.361055,1248896,1253456,0.996362,1140,36480,0,0,0,0,0,17860895,255949,383268,18500112,18116844,18116844,0,0.000000,0,0,0,0,0,0,0,0,0,0.000000,0.991648,0,0,0.173684,31.947231,1,1,1,3,4,4,0,0,6432596,5.033949,0.981788,124,170
bafe0f1b-0b76-4ee9-a948-3c58c7a3b860,adc154abe3cea812fb9fedff32206f3a879c9e26,cache,cache16_lat,ptb,16,vgg16_T4_all,layer_01_features_3,4,16384,8,512,64,262144,16,8192,512,32,2,16,1,16,20,20,12,1,next_burst,2,0,1,5,0,50,1,1,1,1,non_inclusive,lru,1270992,129342,1141650,832987,1961760,0.424612,13136,13216,0.993947,1140,36480,0,0,360959,0,0,17642982,4880,381675,18390496,18008821,44836782,26827961,0.598347,1945376,124683,1115557,0,494184,210952,0,0,0,0.632208,0.991648,0,0,0.173684,28.769396,2,3,3,5,11,12,0,0,8377972,6.591680,1.604521,124,170
bafe0f1b-0b76-4ee9-a948-3c58c7a3b860,adc154abe3cea812fb9fedff32206f3a879c9e26,cache,cache16_lat,ptb,16,vgg16_T4_all,layer_01_features_3,4,16384,8,512,64,262144,16,8192,512,32,2,16,1,16,20,20,12,1,next_burst,4,0,1,5,0,50,1,1,1,1,non_inclusive,lru,1268926,129342,1139584,822467,1961760,0.419250,13698,13778,0.994194,1140,36480,0,0,345864,0,0,17584469,4880,422227,18357440,17935213,70426209,52490996,0.745333,1945376,114163,1125515,0,493872,211826,0,0,0,0.631921,0.991648,0,0,0.173684,29.037522,3,5,5,6,13,13,0,0,8377972,6.602412,1.661586,124,170
bafe0f1b-0b76-4ee9-a948-3c58c7a3b860,adc154abe3cea812fb9fedff32206f3a879c9e26,cache,cache16_lat,ptb,16,vgg16_T4_all,layer_01_features_3,4,16384,8,512,64,262144,16,8192,512,32,2,16,1,16,20,20,12,1,next_burst,8,0,1,5,0,50,1,1,1,1,non_inclusive,lru,1268357,129342,1139015,857631,1961760,0.437174,29343,29423,0.997281,1140,36480,0,0,387614,0,0,17469877,4880,485965,18348336,17862371,119068581,101206210,0.849982,1945376,149490,1074706,0,513425,207755,0,0,0,0.624029,0.991648,0,0,0.173684,28.141286,5,8,9,7,13,13,0,0,8378298,6.605631,1.677462,124,170
7085ae6d-a624-4364-bd2b-706b7c7c0006,adc154abe3cea812fb9fedff32206f3a879c9e26,cache,cache16_lat,ptb,16,vgg16_T4_all,layer_01_features_3,4,16384,8,256,32,262144,16,4096,256,64,4,16,1,16,20,20,12,1,none,0,0,1,5,0,50,1,1,1,1,non_inclusive,lru,1176530,129342,1047188,805152,1961760,0.410423,1154304,1156608,0.998008,576,36864,0,0,0,0,0,16365932,128740,384432,16879104,16494672,16494672,0,0.000000,0,0,0,0,0,0,0,0,0,0.000000,0.991648,0,0,0.182292,29.478835,1,1,1,3,4,4,0,0,6238336,5.302318,0.943738,124,170
7085ae6d-a624-4364-bd2b-706b7c7c0006,adc154abe3cea812fb9fedff32206f3a879c9e26,cache,cache16_lat,ptb,16,vgg16_T4_all,layer_01_features_3,4,16384,8,256,32,262144,16,4096,256,64,4,16,1,16,20,20,12,1,next_burst,2,0,1,5,0,50,1,1,1,1,non_inclusive,lru,1172913,129342,1043571,935407,1961760,0.476820,15623,15687,0.995920,576,36864,0,0,388384,0,0,16061122,3904,367822,16821232,16453410,38264651,21811241,0.570010,1945376,130255,1010666,0,246979,557476,0,0,0,0.581580,0.991648,0,0,0.182292,26.158985,1,3,3,6,10,12,0,0,8183712,6.977254,1.592365,124,170
7085ae6d-a624-4364-bd2b-706b7c7c0006,adc154abe3cea812fb9fedff32206f3a879c9e26,cache,cache16_lat,ptb,16,vgg16_T4_all,layer_01_features_3,4,16384,8,256,32,262144,16,4096,256,64,4,16,1,16,20,20,12,1,next_burst,4,0,1,5,0,50,1,1,1,1,non_inclusive,lru,1171163,129342,1041821,925366,1961760,0.471702,16079,16143,0.996035,576,36864,0,0,378317,0,0,15997971,3904,413040,16793232,16380192,59812848,43432656,0.726143,1945376,120214,1020251,0,206741,598170,0,0,0,0.581348,0.991648,0,0,0.182292,26.414903,3,4,5,9,13,13,0,0,8183712,6.987680,1.583017,124,170
7085ae6d-a624-4364-bd2b-706b7c7c0006,adc154abe3cea812fb9fedff32206f3a879c9e26,cache,cache16_lat,ptb,16,vgg16_T4_all,layer_01_features_3,4,16384,8,256,32,262144,16,4096,256,64,4,16,1,16,20,20,12,1,next_burst,8,0,1,5,0,50,1,1,1,1,non_inclusive,lru,1170946,129342,1041604,931332,1961760,0.474743,27662,27726,0.997692,576,36864,0,0,373718,0,0,15963258,3904,448880,16789760,16340880,100554659,84213779,0.837493,1945376,126250,1002702,0,226121,590303,0,0,0,0.575479,0.991648,0,0,0.182292,26.262846,5,7,9,11,13,13,0,0,8183852,6.989094,1.638798,124,170
4aae74d6-e357-40f1-bf17-68ec3fccaf9c,adc154abe3cea812fb9fedff32206f3a879c9e26,cache,cache16_lat,ptb,16,vgg16_T4_all,layer_09_features_30,0,16384,8,1024,128,262144,16,16384,1024,16,1,16,1,16,20,20,12,1,none,0,0,1,5,0,50,1,1,1,1,non_inclusive,lru,16476062,295576,16180486,0,4729216,0.000000,27360,4729216,0.005785,4701856,75229696,0,0,0,0,0,229572,258629242,31010,258889824,258858814,258858814,0,0.000000,0,0,0,0,0,0,0,0,0,0.000000,0.999567,0,0,0.000000,50.000000,1,1,1,10,15,16,0,0,23618848,1.433525,4.080735,2236,3407
4aae74d6-e357-40f1-bf17-68ec3fccaf9c,adc154abe3cea812fb9fedff32206f3a879c9e26,cache,cache16_lat,ptb,16,vgg16_T4_all,layer_09_features_30,0,16384,8,1024,128,262144,16,16384,1024,16,1,16,1,16,20,20,12,1,next_burst,2,0,1,5,0,50,1,1,1,1,non_inclusive,lru,12951576,295576,12656000,9288,4729216,0.001964,0,2048,0.000000,4701856,75229696,0,0,3414,0,0,202314876,128000,51758,202498048,202446290,616528342,414082052,0.671635,4727168,9288,4717880,0,0,0,0,0,0,0.999567,0.999567,0,0,0.000000,49.901802,2,3,3,18,19,20,28,0,33038856,2.550953,6.008150,2236,3407
4aae74d6-e357-40f1-bf17-68ec3fccaf9c,adc154abe3cea812fb9fedff32206f3a879c9e26,cache,cache16_lat,ptb,16,vgg16_T4_all,layer_09_features_30,0,16384,8,1024,128,262144,16,16384,1024,16,1,16,1,16,20,20,12,1,next_burst,4,0,1,5,0,50,1,1,1,1,non_inclusive,lru,12954902,295576,12659326,21948,4729216,0.004641,0,2048,0.000000,4701856,75229696,0,0,7608,0,0,202364492,128000,51164,202551264,202500100,1030536508,828036408,0.803500,4727168,21948,4705220,0,0,0,0,0,0,0.999567,0.999567,0,0,0.000000,49.767953,4,5,5,18,19,20,60,0,33039258,2.550329,6.158829,2236,3407
4aae74d6-e357-40f1-bf17-68ec3fccaf9c,adc154abe3cea812fb9fedff32206f3a879c9e26,cache,cache16_lat,ptb,16,vgg16_T4_all,layer_09_features_30,0,16384,8,1024,128,262144,16,16384,1024,16,1,16,1,16,20,20,12,1,next_burst,8,0,1,5,0,50,1,1,1,1,non_inclusive,lru,12965230,295576,12669654,18672,4729216,0.003948,0,2048,0.000000,4701856,75229696,0,0,10692,0,0,202521826,128000,55994,202716512,202660518,1858610374,1655949856,0.890961,4727168,18672,4708496,0,0,0,0,0,0,0.999567,0.999567,0,0,0.000000,49.802589,8,9,9,18,19,20,124,0,33041394,2.548462,6.467647,2236,3407
f1779145-af2b-480b-93d7-8994e987f3ff,adc154abe3cea812fb9fedff32206f3a879c9e26,cache,cache16_lat,ptb,16,vgg16_T4_all,layer_09_features_30,0,16384,8,512,64,262144,16,8192,512,32,2,16,1,16,20,20,12,1,none,0,0,1,5,0,50,1,1,1,1,non_inclusive,lru,10581154,295576,10285578,1721344,4729216,0.363981,21216,3007872,0.007053,2986656,95572992,0,0,0,0,0,252984,164288640,29672,164571296,164541624,164541624,0,0.000000,0,0,0,0,0,0,0,0,0,0.000000,0.999567,0,0,0.015842,31.800958,1,1,1,10,15,16,0,0,18460960,1.744702,3.096665,2236,3407
f1779145-af2b-480b-93d7-8994e987f3ff,adc154abe3cea812fb9fedff32206f3a879c9e26,cache,cache16_lat,ptb,16,vgg16_T4_all,layer_09_features_30,0,16384,8,512,64,262144,16,8192,512,32,2,16,1,16,20,20,12,1,next_burst,2,0,1,5,0,50,1,1,1,1,non_inclusive,lru,8251970,295576,7956394,2023084,4729216,0.427784,96,2048,0.046875,2986656,95572992,0,0,440320,0,0,126469658,122000,272374,127304352,127031978,288594394,161562416,0.559825,4727168,301740,2704084,0,122884,1598460,0,0,0,0.635586,0.999567,0,0,0.015842,28.610789,1,3,3,18,19,20,28,0,26166136,3.170896,5.135157,2236,3407
f1779145-af2b-480b-93d7-8994e987f3ff,adc154abe3cea812fb9fedff32206f3a879c9e26,cache,cache16_lat,ptb,16,vgg16_T4_all,layer_09_features_30,0,16384,8,512,64,262144,16,8192,512,32,2,16,1,16,20,20,12,1,next_burst,4,0,1,5,0,50,1,1,1,1,non_inclusive,lru,8247336,295576,7951760,2206246,4729216,0.466514,96,2048,0.046875,2986656,95572992,0,0,731372,0,0,126209804,122000,167032,127230208,127063176,453465070,326401894,0.719795,4727168,484902,2520922,0,714,1720630,0,0,0,0.635586,0.999567,0,0,0.015842,26.674294,3,4,5,18,19,20,59,0,26170332,3.173186,5.163331,2236,3407
f1779145-af2b-480b-93d7-8994e987f3ff,adc154abe3cea812fb9fedff32206f3a879c9e26,cache,cache16_lat,ptb,16,vgg16_T4_all,layer_09_features_30,0,16384,8,512,64,262144,16,8192,512,32,2,16,1,16,20,20,12,1,next_burst,8,0,1,5,0,50,1,1,1,1,non_inclusive,lru,8253698,295576,7958122,2283816,4729216,0.482916,96,2048,0.046875,2986656,95572992,0,0,842882,0,0,126228928,122000,138190,127332000,127193810,788035508,660841698,0.838594,4727168,562472,2443352,0,0,1721344,0,0,0,0.635586,0.999567,0,0,0.015842,25.854180,5,7,9,18,19,20,123,0,26170704,3.170785,5.307641,2236,3407
6d655fdf-4aef-4378-9c72-88bb89779f76,adc154abe3cea812fb9fedff32206f3a879c9e26,cache,cache16_lat,ptb,16,vgg16_T4_all,layer_09_features_30,0,16384,8,256,32,262144,16,4096,256,64,4,16,1,16,20,20,12,1,none,0,0,1,5,0,50,1,1,1,1,non_inclusive,lru,5863838,295576,5568262,3100800,4729216,0.655669,12000,1628416,0.007369,1616416,103450624,0,0,0,0,0,156234,88918612,19394,89094240,89074846,89074846,0,0.000000,0,0,0,0,0,0,0,0,0,0.000000,0.999567,0,0,0.015842,17.216553,1,1,1,9,15,16,0,0,14331808,2.444100,2.399643,2236,3407
6d655fdf-4aef-4378-9c72-88bb89779f76,adc154abe3cea812fb9fedff32206f3a879c9e26,cache,cache16_lat,ptb,16,vgg16_T4_all,layer_09_features_30,0,16384,8,256,32,262144,16,4096,256,64,4,16,1,16,20,20,12,1,next_burst,2,0,1,5,0,50,1,1,1,1,non_inclusive,lru,4878640,295576,4583064,3171318,4729216,0.670580,96,2048,0.046875,1616416,103450624,0,0,1713286,0,0,71092610,122000,403176,73331072,72927896,101755806,28827910,0.283305,4727168,70518,1555850,0,648300,2452500,0,0,0,0.343898,0.999567,0,0,0.015842,16.470996,1,2,3,16,19,20,23,0,19479002,3.992711,4.062845,2236,3407
6d655fdf-4aef-4378-9c72-88bb89779f76,adc154abe3cea812fb9fedff32206f3a879c9e26,cache,cache16_lat,ptb,16,vgg16_T4_all,layer_09_features_30,0,16384,8,256,32,262144,16,4096,256,64,4,16,1,16,20,20,12,1,next_burst,4,0,1,5,0,50,1,1,1,1,non_inclusive,lru,4480438,295576,4184862,3250220,4729216,0.687264,96,2048,0.046875,1616416,103450624,0,0,1868798,0,0,64761850,122000,207192,66959840,66752648,153946244,87193596,0.566390,4727168,149420,1476948,0,37116,3063684,0,0,0,0.343898,0.999567,0,0,0.015842,15.636799,2,3,4,18,19,20,40,0,20668232,4.612994,4.111214,2236,3407
6d655fdf-4aef-4378-9c72-88bb89779f76,adc154abe3cea812fb9fedff32206f3a879c9e26,cache,cache16_lat,ptb,16,vgg16_T4_all,layer_09_features_30,0,16384,8,256,32,262144,16,4096,256,64,4,16,1,16,20,20,12,1,next_burst,8,0,1,5,0,50,1,1,1,1,non_inclusive,lru,4475596,295576,4180020,3379752,4729216,0.714654,96,2048,0.046875,1616416,103450624,0,0,2117960,0,0,64511698,122000,130710,66882368,66751658,250016446,183264788,0.733011,4727168,278952,1347416,0,200,3100600,0,0,0,0.343898,0.999567,0,0,0.015842,14.267312,3,4,6,18,19,20,71,0,20672618,4.618964,4.190876,2236,3407
c58e0bb7-bdbf-48fa-9c38-559290a161ca,adc154abe3cea812fb9fedff32206f3a879c9e26,cache,cache16_lat,ptb,16,vgg16_T4_all,layer_09_features_30,1,16384,8,1024,128,262144,16,16384,1024,16,1,16,1,16,20,20,12,1,none,0,0,1,5,0,50,1,1,1,1,non_inclusive,lru,17143526,307600,16835926,0,4921600,0.000000,28704,4921600,0.005832,4892896,78286336,0,0,0,0,0,210858,269135764,30242,269376864,269346622,269346622,0,0.000000,0,0,0,0,0,0,0,0,0,0.000000,0.999584,0,0,0.000000,50.000000,1,1,1,10,15,16,0,0,24579424,1.433744,4.225545,2322,3515
c58e0bb7-bdbf-48fa-9c38-559290a161ca,adc154abe3cea812fb9fedff32206f3a879c9e26,cache,cache16_lat,ptb,16,vgg16_T4_all,layer_09_features_30,1,16384,8,1024,128,262144,16,16384,1024,16,1,16,1,16,20,20,12,1,next_burst,2,0,1,5,0,50,1,1,1,1,non_inclusive,lru,13474558,307600,13166958,13602,4921600,0.002764,0,2048,0.000000,4892896,78286336,0,0,4482,0,0,210484662,128000,56232,210673376,210617144,641425862,430808718,0.671642,4919552,13602,4905950,0,0,0,0,0,0,0.999584,0.999584,0,0,0.000000,49.861813,2,3,3,18,19,20,28,0,34380870,2.551540,6.259229,2322,3515
c58e0bb7-bdbf-48fa-9c38-559290a161ca,adc154abe3cea812fb9fedff32206f3a879c9e26,cache,cache16_lat,ptb,16,vgg16_T4_all,layer_09_features_30,1,16384,8,1024,128,262144,16,16384,1024,16,1,16,1,16,20,20,12,1,next_burst,4,0,1,5,0,50,1,1,1,1,non_inclusive,lru,13479612,307600,13172012,17904,4921600,0.003638,0,2048,0.000000,4892896,78286336,0,0,9252,0,0,210562970,128000,54018,210754240,210700222,1072314520,861614298,0.803509,4919552,17904,4901648,0,0,0,0,0,0,0.999584,0.999584,0,0,0.000000,49.818108,4,5,5,18,19,20,60,0,34383252,2.550760,6.408103,2322,3515
c58e0bb7-bdbf-48fa-9c38-559290a161ca,adc154abe3cea812fb9fedff32206f3a879c9e26,cache,cache16_lat,ptb,16,vgg16_T4_all,layer_09_features_30,1,16384,8,1024,128,262144,16,16384,1024,16,1,16,1,16,20,20,12,1,next_burst,8,0,1,5,0,50,1,1,1,1,non_inclusive,lru,13488524,307600,13180924,23514,4921600,0.004778,0,2048,0.000000,4892896,78286336,0,0,14742,0,0,210692458,128000,61632,210896832,210835200,1933784414,1722949214,0.890973,4919552,23514,4896038,0,0,0,0,0,0,0.999584,0.999584,0,0,0.000000,49.761114,8,9,9,18,19,20,124,0,34383924,2.549124,6.817570,2322,3515
a236e115-bf50-4870-834e-d5b6a23910ae,adc154abe3cea812fb9fedff32206f3a879c9e26,cache,cache16_lat,ptb,16,vgg16_T4_all,layer_09_features_30,1,16384,8,512,64,262144,16,8192,512,32,2,16,1,16,20,20,12,1,none,0,0,1,5,0,50,1,1,1,1,non_inclusive,lru,10852272,307600,10544672,1837568,4921600,0.373368,22176,3084032,0.007191,3061856,97979392,0,0,0,0,0,263784,168424568,28448,168716800,168688352,168688352,0,0.000000,0,0,0,0,0,0,0,0,0,0.000000,0.999584,0,0,0.016493,31.331599,1,1,1,10,15,16,0,0,19073248,1.757535,3.203762,2322,3515
a236e115-bf50-4870-834e-d5b6a23910ae,adc154abe3cea812fb9fedff32206f3a879c9e26,cache,cache16_lat,ptb,16,vgg16_T4_all,layer_09_features_30,1,16384,8,512,64,262144,16,8192,512,32,2,16,1,16,20,20,12,1,next_burst,2,0,1,5,0,50,1,1,1,1,non_inclusive,lru,8461350,307600,8153750,2149694,4921600,0.436788,96,2048,0.046875,3061856,97979392,0,0,459170,0,0,129587326,122000,293552,130462048,130168496,289557324,159388828,0.550457,4919552,312126,2769858,0,127278,1710290,0,0,0,0.626216,0.999584,0,0,0.016493,28.160618,1,3,3,18,19,20,28,0,27045470,3.196354,5.292816,2322,3515
a236e115-bf50-4870-834e-d5b6a23910ae,adc154abe3cea812fb9fedff32206f3a879c9e26,cache,cache16_lat,ptb,16,vgg16_T4_all,layer_09_features_30,1,16384,8,512,64,262144,16,8192,512,32,2,16,1,16,20,20,12,1,next_burst,4,0,1,5,0,50,1,1,1,1,non_inclusive,lru,8456904,307600,8149304,2332066,4921600,0.473843,96,2048,0.046875,3061856,97979392,0,0,758056,0,0,129355450,122000,155406,130390912,130235506,459182534,328947028,0.716375,4919552,494498,2587486,0,642,1836926,0,0,0,0.626216,0.999584,0,0,0.016493,26.307847,3,4,5,18,19,20,59,0,27050204,3.198594,5.384046,2322,3515
a236e115-bf50-4870-834e-d5b6a23910ae,adc154abe3cea812fb9fedff32206f3a879c9e26,cache,cache16_lat,ptb,16,vgg16_T4_all,layer_09_features_30,1,16384,8,512,64,262144,16,8192,512,32,2,16,1,16,20,20,12,1,next_burst,8,0,1,5,0,50,1,1,1,1,non_inclusive,lru,8461162,307600,8153562,2403272,4921600,0.488311,96,2048,0.046875,3061856,97979392,0,0,867560,0,0,129327294,122000,142186,130459040,130316854,796250760,665933906,0.836337,4919552,565704,2516280,0,0,1837568,0,0,0,0.626216,0.999584,0,0,0.016493,25.584444,5,7,9,18,19,20,121,0,27050682,3.197041,5.484771,2322,3515
e06f2afe-2686-40c4-b1a7-7a07f4b805e1,adc154abe3cea812fb9fedff32206f3a879c9e26,cache,cache16_lat,ptb,16,vgg16_T4_all,layer_09_features_30,1,16384,8,256,32,262144,16,4096,256,64,4,16,1,16,20,20,12,1,none,0,0,1,5,0,50,1,1,1,1,non_inclusive,lru,5898258,307600,5590658,3286400,4921600,0.667750,12288,1635200,0.007515,1622912,103866368,0,0,0,0,0,157326,89275112,20138,89452576,89432438,89432438,0,0.000000,0,0,0,0,0,0,0,0,0,0.000000,0.999584,0,0,0.016493,16.612484,1,1,1,9,15,16,0,0,14736640,2.498473,2.401405,2322,3515
e06f2afe-2686-40c4-b1a7-7a07f4b805e1,adc154abe3cea812fb9fedff32206f3a879c9e26,cache,cache16_lat,ptb,16,vgg16_T4_all,layer_09_features_30,1,16384,8,256,32,262144,16,4096,256,64,4,16,1,16,20,20,12,1,next_burst,2,0,1,5,0,50,1,1,1,1,non_inclusive,lru,5024144,307600,4716544,3343716,4921600,0.679396,96,2048,0.046875,1622912,103866368,0,0,1825334,0,0,73172302,122000,347116,75466752,75119636,99923462,24803826,0.248228,4919552,57316,1575836,0,672844,2613556,0,0,0,0.331834,0.999584,0,0,0.016493,16.030193,1,2,3,16,19,20,23,0,19982492,3.977293,4.057187,2322,3515
e06f2afe-2686-40c4-b1a7-7a07f4b805e1,adc154abe3cea812fb9fedff32206f3a879c9e26,cache,cache16_lat,ptb,16,vgg16_T4_all,layer_09_features_30,1,16384,8,256,32,262144,16,4096,256,64,4,16,1,16,20,20,12,1,next_burst,4,0,1,5,0,50,1,1,1,1,non_inclusive,lru,4496810,307600,4189210,3434578,4921600,0.697858,96,2048,0.046875,1622912,103866368,0,0,2005934,0,0,64673292,122000,228182,67029408,66801226,149150164,82348938,0.552121,4919552,148178,1484974,0,42474,3243926,0,0,0,0.331834,0.999584,0,0,0.016493,15.107099,2,2,4,18,19,20,37,0,21271658,4.730388,4.172740,2322,3515
e06f2afe-2686-40c4-b1a7-7a07f4b805e1,adc154abe3cea812fb9fedff32206f3a879c9e26,cache,cache16_lat,ptb,16,vgg16_T4_all,layer_09_features_30,1,16384,8,256,32,262144,16,4096,256,64,4,16,1,16,20,20,12,1,next_burst,8,0,1,5,0,50,1,1,1,1,non_inclusive,lru,4493722,307600,4186122,3566180,4921600,0.724598,96,2048,0.046875,1622912,103866368,0,0,2260408,0,0,64460444,122000,137148,66980000,66842852,240975652,174132800,0.722616,4919552,279780,1353372,0,0,3286400,0,0,0,0.331834,0.999584,0,0,0.016493,13.770115,3,4,6,18,19,20,60,0,21276320,4.734677,4.276566,2322,3515
b3c3dc33-54fb-4d8f-be02-5052ee968780,adc154abe3cea812fb9fedff32206f3a879c9e26,cache,cache16_lat,ptb,16,vgg16_T4_all,layer_09_features_30,2,16384,8,1024,128,262144,16,16384,1024,16,1,16,1,16,20,20,12,1,none,0,0,1,5,0,50,1,1,1,1,non_inclusive,lru,17680416,317208,17363208,0,5075328,0.000000,29280,5075328,0.005769,5046048,80736768,0,0,0,0,0,220590,277560546,32240,277813376,277781136,277781136,0,0.000000,0,0,0,0,0,0,0,0,0,0.000000,0.999596,0,0,0.000000,50.000000,1,1,1,10,15,16,0,0,25347488,1.433648,4.381486,2382,3590
b3c3dc33-54fb-4d8f-be02-5052ee968780,adc154abe3cea812fb9fedff32206f3a879c9e26,cache,cache16_lat,ptb,16,vgg16_T4_all,layer_09_features_30,2,16384,8,1024,128,262144,16,16384,1024,16,1,16,1,16,20,20,12,1,next_burst,2,0,1,5,0,50,1,1,1,1,non_inclusive,lru,13897758,317208,13580550,11904,5075328,0.002345,0,2048,0.000000,5046048,80736768,0,0,3726,0,0,217105398,128000,53724,217290848,217237124,661595930,444358806,0.671647,5073280,11904,5061376,0,0,0,0,0,0,0.999596,0.999596,0,0,0.000000,49.882727,2,3,3,18,19,20,28,0,35456720,2.551255,6.490904,2382,3590
b3c3dc33-54fb-4d8f-be02-5052ee968780,adc154abe3cea812fb9fedff32206f3a879c9e26,cache,cache16_lat,ptb,16,vgg16_T4_all,layer_09_features_30,2,16384,8,1024,128,262144,16,16384,1024,16,1,16,1,16,20,20,12,1,next_burst,4,0,1,5,0,50,1,1,1,1,non_inclusive,lru,13901486,317208,13584278,18582,5075328,0.003661,0,2048,0.000000,5046048,80736768,0,0,9084,0,0,217157378,128000,56034,217350496,217294462,1105888678,888594216,0.803511,5073280,18582,5054698,0,0,0,0,0,0,0.999596,0.999596,0,0,0.000000,49.816938,4,5,5,18,19,20,60,0,35457722,2.550643,6.610834,2382,3590
b3c3dc33-54fb-4d8f-be02-5052ee968780,adc154abe3cea812fb9fedff32206f3a879c9e26,cache,cache16_lat,ptb,16,vgg16_T4_all,layer_09_features_30,2,16384,8,1024,128,262144,16,16384,1024,16,1,16,1,16,20,20,12,1,next_burst,8,0,1,5,0,50,1,1,1,1,non_inclusive,lru,13911178,317208,13593970,22410,5075328,0.004415,0,2048,0.000000,5046048,80736768,0,0,12954,0,0,217315300,128000,49314,217505568,217456254,1994494282,1777038028,0.890972,5073280,22410,5050870,0,0,0,0,0,0,0.999596,0.999596,0,0,0.000000,49.779226,8,9,9,18,19,20,124,0,35459156,2.548969,6.982976,2382,3590
bf98b3f7-3c21-4b43-acdf-66545f7e0d8f,adc154abe3cea812fb9fedff32206f3a879c9e26,cache,cache16_lat,ptb,16,vgg16_T4_all,layer_09_features_30,2,16384,8,512,64,262144,16,8192,512,32,2,16,1,16,20,20,12,1,none,0,0,1,5,0,50,1,1,1,1,non_inclusive,lru,10954170,317208,10636962,1964544,5075328,0.387077,22176,3110784,0.007129,3088608,98835456,0,0,0,0,0,271230,169894596,27614,170193440,170165826,170165826,0,0.000000,0,0,0,0,0,0,0,0,0,0.000000,0.999596,0,0,0.009332,30.646138,1,1,1,10,15,16,0,0,19460960,1.776580,3.271536,2382,3590
bf98b3f7-3c21-4b43-acdf-66545f7e0d8f,adc154abe3cea812fb9fedff32206f3a879c9e26,cache,cache16_lat,ptb,16,vgg16_T4_all,layer_09_features_30,2,16384,8,512,64,262144,16,8192,512,32,2,16,1,16,20,20,12,1,next_burst,2,0,1,5,0,50,1,1,1,1,non_inclusive,lru,8535598,317208,8218390,2278070,5075328,0.448852,96,2048,0.046875,3088608,98835456,0,0,475172,0,0,130606138,122000,292978,131496288,131203310,288045506,156842196,0.544505,5073280,313526,2795210,0,136892,1827652,0,0,0,0.612519,0.999596,0,0,0.009332,27.557411,1,3,3,18,19,20,27,0,27613792,3.235133,5.419861,2382,3590
bf98b3f7-3c21-4b43-acdf-66545f7e0d8f,adc154abe3cea812fb9fedff32206f3a879c9e26,cache,cache16_lat,ptb,16,vgg16_T4_all,layer_09_features_30,2,16384,8,512,64,262144,16,8192,512,32,2,16,1,16,20,20,12,1,next_burst,4,0,1,5,0,50,1,1,1,1,non_inclusive,lru,8530552,317208,8213344,2464990,5075328,0.485681,96,2048,0.046875,3088608,98835456,0,0,782840,0,0,130332578,122000,178134,131415552,131237418,451321396,320083978,0.709215,5073280,500446,2608290,0,486,1964058,0,0,0,0.612519,0.999596,0,0,0.009332,25.715954,3,4,5,18,19,20,59,0,27618546,3.237604,5.468756,2382,3590
bf98b3f7-3c21-4b43-acdf-66545f7e0d8f,adc154abe3cea812fb9fedff32206f3a879c9e26,cache,cache16_lat,ptb,16,vgg16_T4_all,layer_09_features_30,2,16384,8,512,64,262144,16,8192,512,32,2,16,1,16,20,20,12,1,next_burst,8,0,1,5,0,50,1,1,1,1,non_inclusive,lru,8534220,317208,8217012,2575834,5075328,0.507521,96,2048,0.046875,3088608,98835456,0,0,963074,0,0,130197640,122000,191526,131474240,131282714,783653624,652370910,0.832474,5073280,611290,2497446,0,102,1964442,0,0,0,0.612519,0.999596,0,0,0.009332,24.623965,5,7,9,18,19,20,121,0,27618918,3.236256,5.541946,2382,3590
c0bb61e1-0169-4530-9b2d-34cbb23f4145,adc154abe3cea812fb9fedff32206f3a879c9e26,cache,cache16_lat,ptb,16,vgg16_T4_all,layer_09_features_30,2,16384,8,256,32,262144,16,4096,256,64,4,16,1,16,20,20,12,1,none,0,0,1,5,0,50,1,1,1,1,non_inclusive,lru,5912958,317208,5595750,3438720,5075328,0.677537,12192,1636608,0.007450,1624416,103962624,0,0,0,0,0,155316,89358648,20084,89534048,89513964,89513964,0,0.000000,0,0,0,0,0,0,0,0,0,0.000000,0.999596,0,0,0.009332,16.123175,1,1,1,9,15,16,0,0,15048416,2.544989,2.462841,2382,3590
c0bb61e1-0169-4530-9b2d-34cbb23f4145,adc154abe3cea812fb9fedff32206f3a879c9e26,cache,cache16_lat,ptb,16,vgg16_T4_all,layer_09_features_30,2,16384,8,256,32,262144,16,4096,256,64,4,16,1,16,20,20,12,1,next_burst,2,0,1,5,0,50,1,1,1,1,non_inclusive,lru,5115738,317208,4798530,3481986,5075328,0.686061,96,2048,0.046875,1624416,103962624,0,0,1928674,0,0,74352702,122000,375152,76778528,76403376,97514156,21110780,0.216489,5073280,43266,1591294,0,722532,2716188,0,0,0,0.322060,0.999596,0,0,0.009332,15.696936,1,2,3,15,19,20,12,0,20314164,3.970916,4.127659,2382,3590
c0bb61e1-0169-4530-9b2d-34cbb23f4145,adc154abe3cea812fb9fedff32206f3a879c9e26,cache,cache16_lat,ptb,16,vgg16_T4_all,layer_09_features_30,2,16384,8,256,32,262144,16,4096,256,64,4,16,1,16,20,20,12,1,next_burst,4,0,1,5,0,50,1,1,1,1,non_inclusive,lru,4500992,317208,4183784,3587516,5075328,0.706854,96,2048,0.046875,1624416,103962624,0,0,2137290,0,0,64442318,122000,240984,66942592,66701608,147288814,80587206,0.547137,5073280,148796,1485764,0,44656,3394064,0,0,0,0.322060,0.999596,0,0,0.009332,14.657299,1,2,4,18,19,20,38,0,21738660,4.829749,4.276696,2382,3590
c0bb61e1-0169-4530-9b2d-34cbb23f4145,adc154abe3cea812fb9fedff32206f3a879c9e26,cache,cache16_lat,ptb,16,vgg16_T4_all,layer_09_features_30,2,16384,8,256,32,262144,16,4096,256,64,4,16,1,16,20,20,12,1,next_burst,8,0,1,5,0,50,1,1,1,1,non_inclusive,lru,4496312,317208,4179104,3718120,5075328,0.732587,96,2048,0.046875,1624416,103962624,0,0,2392908,0,0,64210628,122000,142176,66867712,66725536,234489872,167764336,0.715444,5073280,279400,1355160,0,42,3438678,0,0,0,0.322060,0.999596,0,0,0.009332,13.370643,3,4,5,18,19,20,58,0,21743124,4.835769,4.341202,2382,3590
5530973f-ef95-40f0-bc82-30831eb0b757,adc154abe3cea812fb9fedff32206f3a879c9e26,cache,cache16_lat,ptb,16,vgg16_T4_all,layer_09_features_30,3,16384,8,1024,128,262144,16,16384,1024,16,1,16,1,16,20,20,12,1,none,0,0,1,5,0,50,1,1,1,1,non_inclusive,lru,17884344,320904,17563440,0,5134464,0.000000,30048,5134464,0.005852,5104416,81670656,0,0,0,0,0,213018,280769844,34226,281017088,280982862,280982862,0,0.000000,0,0,0,0,0,0,0,0,0,0.000000,0.999601,0,0,0.000000,50.000000,1,1,1,10,15,16,0,0,25642400,1.433790,4.393576,2408,3642
5530973f-ef95-40f0-bc82-30831eb0b757,adc154abe3cea812fb9fedff32206f3a879c9e26,cache,cache16_lat,ptb,16,vgg16_T4_all,layer_09_features_30,3,16384,8,1024,128,262144,16,16384,1024,16,1,16,1,16,20,20,12,1,next_burst,2,0,1,5,0,50,1,1,1,1,non_inclusive,lru,14057264,320904,13736360,13302,5134464,0.002591,0,2048,0.000000,5104416,81670656,0,0,5040,0,0,219595252,128000,55516,219783808,219728292,669193600,449465308,0.671652,5132416,13302,5119114,0,0,0,0,0,0,0.999601,0.999601,0,0,0.000000,49.870464,2,3,3,18,19,20,28,0,35868530,2.551601,6.516745,2408,3642
5530973f-ef95-40f0-bc82-30831eb0b757,adc154abe3cea812fb9fedff32206f3a879c9e26,cache,cache16_lat,ptb,16,vgg16_T4_all,layer_09_features_30,3,16384,8,1024,128,262144,16,16384,1024,16,1,16,1,16,20,20,12,1,next_burst,4,0,1,5,0,50,1,1,1,1,non_inclusive,lru,14062006,320904,13741102,20874,5134464,0.004065,0,2048,0.000000,5104416,81670656,0,0,10356,0,0,219662394,128000,58930,219859680,219800750,1118650210,898849460,0.803513,5132416,20874,5111542,0,0,0,0,0,0,0.999601,0.999601,0,0,0.000000,49.796727,4,5,5,18,19,20,60,0,35870564,2.550885,6.673700,2408,3642
5530973f-ef95-40f0-bc82-30831eb0b757,adc154abe3cea812fb9fedff32206f3a879c9e26,cache,cache16_lat,ptb,16,vgg16_T4_all,layer_09_features_30,3,16384,8,1024,128,262144,16,16384,1024,16,1,16,1,16,20,20,12,1,next_burst,8,0,1,5,0,50,1,1,1,1,non_inclusive,lru,14071722,320904,13750818,21606,5134464,0.004208,0,2048,0.000000,5104416,81670656,0,0,13458,0,0,219813320,128000,60358,220015136,219954778,2017521378,1797566600,0.890978,5132416,21606,5110810,0,0,0,0,0,0,0.999601,0.999601,0,0,0.000000,49.789598,8,9,9,18,19,20,124,0,35872202,2.549240,7.078725,2408,3642
0d71fd79-208a-4e92-9c86-c741c355275c,adc154abe3cea812fb9fedff32206f3a879c9e26,cache,cache16_lat,ptb,16,vgg16_T4_all,layer_09_features_30,3,16384,8,512,64,262144,16,8192,512,32,2,16,1,16,20,20,12,1,none,0,0,1,5,0,50,1,1,1,1,non_inclusive,lru,10997358,320904,10676454,2012160,5134464,0.391893,21984,3122304,0.007041,3100320,99210240,0,0,0,0,0,256896,170540070,28346,170825312,170796966,170796966,0,0.000000,0,0,0,0,0,0,0,0,0,0.000000,0.999601,0,0,0.008681,30.405355,1,1,1,10,15,16,0,0,19613984,1.783518,3.293748,2408,3642
0d71fd79-208a-4e92-9c86-c741c355275c,adc154abe3cea812fb9fedff32206f3a879c9e26,cache,cache16_lat,ptb,16,vgg16_T4_all,layer_09_features_30,3,16384,8,512,64,262144,16,8192,512,32,2,16,1,16,20,20,12,1,next_burst,2,0,1,5,0,50,1,1,1,1,non_inclusive,lru,8566550,320904,8245646,2341148,5134464,0.455967,96,2048,0.046875,3100320,99210240,0,0,515030,0,0,130998514,122000,296840,131932384,131635544,287516698,155881154,0.542164,5132416,328988,2791268,0,154456,1857704,0,0,0,0.607708,0.999601,0,0,0.008681,27.201632,1,2,3,18,19,20,27,0,27837718,3.249583,5.454740,2408,3642
0d71fd79-208a-4e92-9c86-c741c355275c,adc154abe3cea812fb9fedff32206f3a879c9e26,cache,cache16_lat,ptb,16,vgg16_T4_all,layer_09_features_30,3,16384,8,512,64,262144,16,8192,512,32,2,16,1,16,20,20,12,1,next_burst,4,0,1,5,0,50,1,1,1,1,non_inclusive,lru,8561866,320904,8240962,2505494,5134464,0.487976,96,2048,0.046875,3100320,99210240,0,0,785126,0,0,130760004,122000,190310,131857440,131667130,448785586,317118456,0.706615,5132416,493334,2626922,0,700,2011460,0,0,0,0.607708,0.999601,0,0,0.008681,25.601212,3,4,5,18,19,20,59,0,27842100,3.251873,5.529510,2408,3642
0d71fd79-208a-4e92-9c86-c741c355275c,adc154abe3cea812fb9fedff32206f3a879c9e26,cache,cache16_lat,ptb,16,vgg16_T4_all,layer_09_features_30,3,16384,8,512,64,262144,16,8192,512,32,2,16,1,16,20,20,12,1,next_burst,8,0,1,5,0,50,1,1,1,1,non_inclusive,lru,8566374,320904,8245470,2608606,5134464,0.508058,96,2048,0.046875,3100320,99210240,0,0,941476,0,0,130718950,122000,147142,131929568,131782426,782843086,651060660,0.831662,5132416,596446,2523810,0,336,2011824,0,0,0,0.607708,0.999601,0,0,0.008681,24.597095,5,6,9,18,19,20,120,0,27842714,3.250233,5.725541,2408,3642
fc9a76b8-2d2a-48be-81fc-85df7a7bc100,adc154abe3cea812fb9fedff32206f3a879c9e26,cache,cache16_lat,ptb,16,vgg16_T4_all,layer_09_features_30,3,16384,8,256,32,262144,16,4096,256,64,4,16,1,16,20,20,12,1,none,0,0,1,5,0,50,1,1,1,1,non_inclusive,lru,5914304,320904,5593400,3498496,5134464,0.681375,12192,1635968,0.007452,1623776,103921664,0,0,0,0,0,153108,89323298,20042,89496448,89476406,89476406,0,0.000000,0,0,0,0,0,0,0,0,0,0.000000,0.999601,0,0,0.008681,15.931244,1,1,1,9,15,16,0,0,15164768,2.564083,2.506818,2408,3642
fc9a76b8-2d2a-48be-81fc-85df7a7bc100,adc154abe3cea812fb9fedff32206f3a879c9e26,cache,cache16_lat,ptb,16,vgg16_T4_all,layer_09_features_30,3,16384,8,256,32,262144,16,4096,256,64,4,16,1,16,20,20,12,1,next_burst,2,0,1,5,0,50,1,1,1,1,non_inclusive,lru,5143500,320904,4822596,3543356,5134464,0.690112,96,2048,0.046875,1623776,103921664,0,0,1987138,0,0,74704778,122000,349668,77163584,76813916,97536692,20722776,0.212461,5132416,44860,1589060,0,758922,2739574,0,0,0,0.318226,0.999601,0,0,0.008681,15.494392,1,2,3,15,19,20,17,0,20490006,3.983670,4.186040,2408,3642
fc9a76b8-2d2a-48be-81fc-85df7a7bc100,adc154abe3cea812fb9fedff32206f3a879c9e26,cache,cache16_lat,ptb,16,vgg16_T4_all,layer_09_features_30,3,16384,8,256,32,262144,16,4096,256,64,4,16,1,16,20,20,12,1,next_burst,4,0,1,5,0,50,1,1,1,1,non_inclusive,lru,4499486,320904,4178582,3649902,5134464,0.710863,96,2048,0.046875,1623776,103921664,0,0,2198308,0,0,64314680,122000,224372,66859360,66634988,145944644,79309656,0.543423,5132416,151406,1482514,0,46828,3451668,0,0,0,0.318226,0.999601,0,0,0.008681,14.456835,1,2,3,18,19,20,28,0,21913406,4.870202,4.370541,2408,3642
fc9a76b8-2d2a-48be-81fc-85df7a7bc100,adc154abe3cea812fb9fedff32206f3a879c9e26,cache,cache16_lat,ptb,16,vgg16_T4_all,layer_09_features_30,3,16384,8,256,32,262144,16,4096,256,64,4,16,1,16,20,20,12,1,next_burst,8,0,1,5,0,50,1,1,1,1,non_inclusive,lru,4494968,320904,4174064,3763532,5134464,0.732994,96,2048,0.046875,1623776,103921664,0,0,2419672,0,0,64100738,122000,144662,66787072,66642410,232272754,165630344,0.713086,5132416,265036,1368884,0,324,3498172,0,0,0,0.318226,0.999601,0,0,0.008681,13.350293,3,4,5,18,19,20,59,0,21918112,4.876144,4.402901,2408,3642
6510475c-0f05-4b52-aa91-31d9b2b4dd07,adc154abe3cea812fb9fedff32206f3a879c9e26,cache,cache16_lat,ptb,16,vgg16_T4_all,layer_09_features_30,4,16384,8,1024,128,262144,16,16384,1024,16,1,16,1,16,20,20,12,1,none,0,0,1,5,0,50,1,1,1,1,non_inclusive,lru,17945586,321984,17623602,0,5151744,0.000000,29664,5151744,0.005758,5122080,81953280,0,0,0,0,0,207732,281740458,31490,281979680,281948190,281948190,0,0.000000,0,0,0,0,0,0,0,0,0,0.000000,0.999602,0,0,0.000000,50.000000,1,1,1,10,15,16,0,0,25729184,1.433733,4.531551,2413,3694
6510475c-0f05-4b52-aa91-31d9b2b4dd07,adc154abe3cea812fb9fedff32206f3a879c9e26,cache,cache16_lat,ptb,16,vgg16_T4_all,layer_09_features_30,4,16384,8,1024,128,262144,16,16384,1024,16,1,16,1,16,20,20,12,1,next_burst,2,0,1,5,0,50,1,1,1,1,non_inclusive,lru,14104298,321984,13782314,13080,5151744,0.002539,96,2048,0.046875,5122080,81953280,0,0,4416,0,0,220336600,122000,56056,220519072,220463016,671433014,450969998,0.671653,5149696,13080,5136616,0,0,0,0,0,0,0.999602,0.999602,0,0,0.000000,49.873053,2,3,3,18,19,20,28,0,35989766,2.551688,6.555730,2413,3694
6510475c-0f05-4b52-aa91-31d9b2b4dd07,adc154abe3cea812fb9fedff32206f3a879c9e26,cache,cache16_lat,ptb,16,vgg16_T4_all,layer_09_features_30,4,16384,8,1024,128,262144,16,16384,1024,16,1,16,1,16,20,20,12,1,next_burst,4,0,1,5,0,50,1,1,1,1,non_inclusive,lru,14109796,321984,13787812,20772,5151744,0.004032,96,2048,0.046875,5122080,81953280,0,0,8562,0,0,220419852,122000,56626,220607040,220550414,1122486070,901935656,0.803516,5149696,20772,5128924,0,0,0,0,0,0,0.999602,0.999602,0,0,0.000000,49.798398,4,5,5,18,19,20,60,0,35992328,2.550875,6.708075,2413,3694
6510475c-0f05-4b52-aa91-31d9b2b4dd07,adc154abe3cea812fb9fedff32206f3a879c9e26,cache,cache16_lat,ptb,16,vgg16_T4_all,layer_09_features_30,4,16384,8,1024,128,262144,16,16384,1024,16,1,16,1,16,20,20,12,1,next_burst,8,0,1,5,0,50,1,1,1,1,non_inclusive,lru,14119434,321984,13797450,28188,5151744,0.005472,96,2048,0.046875,5122080,81953280,0,0,12684,0,0,220564616,122000,61948,220761248,220699300,2024361180,1803661880,0.890978,5149696,28188,5121508,0,0,0,0,0,0,0.999602,0.999602,0,0,0.000000,49.726423,8,9,9,18,19,20,124,0,35993816,2.549239,7.000546,2413,3694
17e38928-964c-4a1f-81e0-a779f26ca02e,adc154abe3cea812fb9fedff32206f3a879c9e26,cache,cache16_lat,ptb,16,vgg16_T4_all,layer_09_features_30,4,16384,8,512,64,262144,16,8192,512,32,2,16,1,16,20,20,12,1,none,0,0,1,5,0,50,1,1,1,1,non_inclusive,lru,11064392,321984,10742408,2009728,5151744,0.390106,22560,3142016,0.007180,3119456,99822592,0,0,0,0,0,259740,171593192,27644,171880576,171852932,171852932,0,0.000000,0,0,0,0,0,0,0,0,0,0.000000,0.999602,0,0,0.015625,30.494683,1,1,1,10,15,16,0,0,19707104,1.781129,3.341344,2413,3694
17e38928-964c-4a1f-81e0-a779f26ca02e,adc154abe3cea812fb9fedff32206f3a879c9e26,cache,cache16_lat,ptb,16,vgg16_T4_all,layer_09_features_30,4,16384,8,512,64,262144,16,8192,512,32,2,16,1,16,20,20,12,1,next_burst,2,0,1,5,0,50,1,1,1,1,non_inclusive,lru,8619564,321984,8297580,2340186,5151744,0.454251,96,2048,0.046875,3119456,99822592,0,0,515816,0,0,131838784,122000,286728,132763328,132476600,291180266,158703666,0.545036,5149696,330458,2809510,0,153860,1855868,0,0,0,0.609496,0.999602,0,0,0.015625,27.287439,1,3,3,18,19,20,27,0,27966602,3.244549,5.497062,2413,3694
17e38928-964c-4a1f-81e0-a779f26ca02e,adc154abe3cea812fb9fedff32206f3a879c9e26,cache,cache16_lat,ptb,16,vgg16_T4_all,layer_09_features_30,4,16384,8,512,64,262144,16,8192,512,32,2,16,1,16,20,20,12,1,next_burst,4,0,1,5,0,50,1,1,1,1,non_inclusive,lru,8613580,321984,8291596,2490284,5151744,0.483387,96,2048,0.046875,3119456,99822592,0,0,755630,0,0,131600212,122000,189742,132667584,132477842,453970512,321492670,0.708180,5149696,480556,2659412,0,528,2009200,0,0,0,0.609496,0.999602,0,0,0.015625,25.830670,3,4,5,18,19,20,57,0,27971678,3.247393,5.518009,2413,3694
17e38928-964c-4a1f-81e0-a779f26ca02e,adc154abe3cea812fb9fedff32206f3a879c9e26,cache,cache16_lat,ptb,16,vgg16_T4_all,layer_09_features_30,4,16384,8,512,64,262144,16,8192,512,32,2,16,1,16,20,20,12,1,next_burst,8,0,1,5,0,50,1,1,1,1,non_inclusive,lru,8617820,321984,8295836,2659810,5151744,0.516293,96,2048,0.046875,3119456,99822592,0,0,1027452,0,0,131420258,122000,165714,132735424,132569710,788102880,655533170,0.831786,5149696,650082,2489886,0,282,2009446,0,0,0,0.609496,0.999602,0,0,0.015625,24.185344,5,6,8,18,19,20,106,0,27972002,3.245833,5.638242,2413,3694
57ce57a7-2ed0-4a67-890c-58fc2d976df9,adc154abe3cea812fb9fedff32206f3a879c9e26,cache,cache16_lat,ptb,16,vgg16_T4_all,layer_09_features_30,4,16384,8,256,32,262144,16,4096,256,64,4,16,1,16,20,20,12,1,none,0,0,1,5,0,50,1,1,1,1,non_inclusive,lru,5909870,321984,5587886,3517312,5151744,0.682742,12288,1634432,0.007518,1622144,103817216,0,0,0,0,0,154914,89232932,20378,89408224,89387846,89387846,0,0.000000,0,0,0,0,0,0,0,0,0,0.000000,0.999602,0,0,0.015625,15.862900,1,1,1,9,15,16,0,0,15194624,2.571059,2.494095,2413,3694
57ce57a7-2ed0-4a67-890c-58fc2d976df9,adc154abe3cea812fb9fedff32206f3a879c9e26,cache,cache16_lat,ptb,16,vgg16_T4_all,layer_09_features_30,4,16384,8,256,32,262144,16,4096,256,64,4,16,1,16,20,20,12,1,next_burst,2,0,1,5,0,50,1,1,1,1,non_inclusive,lru,5176878,321984,4854894,3556632,5151744,0.690374,96,2048,0.046875,1622144,103817216,0,0,2006330,0,0,75242078,122000,309944,77680352,77370408,97097572,19727164,0.203168,5149696,39320,1593064,0,758942,2758370,0,0,0,0.316860,0.999602,0,0,0.015625,15.481282,1,2,3,15,19,20,17,0,20525326,3.964808,4.196079,2413,3694
57ce57a7-2ed0-4a67-890c-58fc2d976df9,adc154abe3cea812fb9fedff32206f3a879c9e26,cache,cache16_lat,ptb,16,vgg16_T4_all,layer_09_features_30,4,16384,8,256,32,262144,16,4096,256,64,4,16,1,16,20,20,12,1,next_burst,4,0,1,5,0,50,1,1,1,1,non_inclusive,lru,4496950,321984,4174966,3664566,5151744,0.711325,96,2048,0.046875,1622144,103817216,0,0,2220974,0,0,64230366,122000,228164,66801504,66573340,145499740,78926400,0.542450,5149696,147254,1485130,0,49328,3467984,0,0,0,0.316860,0.999602,0,0,0.015625,14.433734,1,2,4,18,19,20,26,0,21958944,4.883075,4.338944,2413,3694
57ce57a7-2ed0-4a67-890c-58fc2d976df9,adc154abe3cea812fb9fedff32206f3a879c9e26,cache,cache16_lat,ptb,16,vgg16_T4_all,layer_09_features_30,4,16384,8,256,32,262144,16,4096,256,64,4,16,1,16,20,20,12,1,next_burst,8,0,1,5,0,50,1,1,1,1,non_inclusive,lru,4490754,321984,4168770,3770258,5151744,0.731841,96,2048,0.046875,1622144,103817216,0,0,2424824,0,0,64003150,122000,152394,66702368,66549974,231417956,164867982,0.712425,5149696,252946,1379438,0,16,3517296,0,0,0,0.316860,0.999602,0,0,0.015625,13.407945,3,4,5,18,19,20,58,0,21963678,4.890866,4.397587,2413,3694
0f809521-9dfa-472e-a2eb-60f920f3169f,adc154abe3cea812fb9fedff32206f3a879c9e26,cache,cache16_lat,spinalflow,16,resnet19_T4_all,layer_01_layer1_0_conv1,0,16384,8,1024,128,262144,16,16384,1024,16,1,16,1,16,20,20,12,1,none,0,0,1,5,0,50,1,1,1,1,non_inclusive,lru,3593281,339082,3254199,1858352,5425312,0.342534,3559616,3566960,0.997941,3672,58752,0,0,0,0,0,51148464,417949,517155,52083568,51566413,51566413,0,0.000000,0,0,0,0,0,0,0,0,0,0.000000,0.996980,0,0,0.000000,32.873317,1,1,1,5,8,8,0,0,17989240,5.006355,2.947973,101,174
0f809521-9dfa-472e-a2eb-60f920f3169f,adc154abe3cea812fb9fedff32206f3a879c9e26,cache,cache16_lat,spinalflow,16,resnet19_T4_all,layer_01_layer1_0_conv1,0,16384,8,1024,128,262144,16,16384,1024,16,1,16,1,16,20,20,12,1,next_burst,2,0,1,5,0,50,1,1,1,1,non_inclusive,lru,3582338,339082,3243256,2147874,5425312,0.395899,26602,26794,0.992834,3672,58752,0,0,1063027,0,0,50475875,11904,357674,51908480,51550806,134119842,82569036,0.615636,5408928,289522,3250644,0,1868762,0,0,0,0,0.652528,0.996980,0,0,0.000000,30.205065,2,3,3,7,16,20,10,0,23399518,6.531912,5.021430,101,174
0f809521-9dfa-472e-a2eb-60f920f3169f,adc154abe3cea812fb9fedff32206f3a879c9e26,cache,cache16_lat,spinalflow,16,resnet19_T4_all,layer_01_layer1_0_conv1,0,16384,8,1024,128,262144,16,16384,1024,16,1,16,1,16,20,20,12,1,next_burst,4,0,1,5,0,50,1,1,1,1,non_inclusive,lru,3580254,339082,3241172,2311473,5425312,0.426053,61454,61646,0.996885,3672,58752,0,0,1266158,0,0,50221664,11904,375410,51875136,51499726,212814352,161314626,0.758006,5408928,453279,3052193,0,1903456,0,0,0,0,0.646133,0.996980,0,0,0.000000,28.697327,3,5,5,8,17,20,46,0,23400568,6.536008,5.138460,101,174
0f809521-9dfa-472e-a2eb-60f920f3169f,adc154abe3cea812fb9fedff32206f3a879c9e26,cache,cache16_lat,spinalflow,16,resnet19_T4_all,layer_01_layer1_0_conv1,0,16384,8,1024,128,262144,16,16384,1024,16,1,16,1,16,20,20,12,1,next_burst,8,0,1,5,0,50,1,1,1,1,non_inclusive,lru,3584319,339082,3245237,2743390,5425312,0.505665,201090,201282,0.999046,3672,58752,0,0,1749234,0,0,49649753,11904,529285,51940176,51410891,356404050,304993159,0.855751,5408928,887974,2480640,912,2039402,0,0,0,0,0.620907,0.996980,0,912,0.000000,24.716754,5,8,9,8,17,20,112,0,23408538,6.530819,5.360925,101,174
0020030f-a9f5-47d3-8aac-5b54d09570b9,adc154abe3cea812fb9fedff32206f3a879c9e26,cache,cache16_lat,spinalflow,16,resnet19_T4_all,layer_01_layer1_0_conv1,0,16384,8,512,64,262144,16,8192,512,32,2,16,1,16,20,20,12,1,none,0,0,1,5,0,50,1,1,1,1,non_inclusive,lru,4238700,339082,3899618,1202736,5425312,0.221690,4218256,4222576,0.998977,2160,69120,0,0,0,0,0,61691686,246252,472334,62410272,61937938,61937938,0,0.000000,0,0,0,0,0,0,0,0,0,0.000000,0.996980,0,0,0.150000,38.915513,1,1,1,5,8,8,0,0,19298960,4.553037,3.094489,101,174
0020030f-a9f5-47d3-8aac-5b54d09570b9,adc154abe3cea812fb9fedff32206f3a879c9e26,cache,cache16_lat,spinalflow,16,resnet19_T4_all,layer_01_layer1_0_conv1,0,16384,8,512,64,262144,16,8192,512,32,2,16,1,16,20,20,12,1,next_burst,2,0,1,5,0,50,1,1,1,1,non_inclusive,lru,4230538,339082,3891456,1537100,5425312,0.283320,25669,25829,0.993805,2160,69120,0,0,572691,0,0,61399935,9920,297134,62279680,61982546,170486050,108503504,0.636436,5408928,334374,3862383,0,890466,321705,0,0,0,0.773551,0.996980,0,0,0.150000,35.833994,2,3,3,7,16,20,10,0,24708858,5.840595,5.103437,101,174
0020030f-a9f5-47d3-8aac-5b54d09570b9,adc154abe3cea812fb9fedff32206f3a879c9e26,cache,cache16_lat,spinalflow,16,resnet19_T4_all,layer_01_layer1_0_conv1,0,16384,8,512,64,262144,16,8192,512,32,2,16,1,16,20,20,12,1,next_burst,4,0,1,5,0,50,1,1,1,1,non_inclusive,lru,4230065,339082,3890983,1704661,5425312,0.314205,54531,54691,0.997074,2160,69120,0,0,739191,0,0,61160276,9920,362725,62272112,61909387,275160149,213250762,0.775006,5408928,502002,3665960,0,920241,320725,0,0,0,0.768244,0.996980,0,0,0.150000,34.289742,3,5,5,8,16,20,46,0,24709316,5.841356,5.292724,101,174
0020030f-a9f5-47d3-8aac-5b54d09570b9,adc154abe3cea812fb9fedff32206f3a879c9e26,cache,cache16_lat,spinalflow,16,resnet19_T4_all,layer_01_layer1_0_conv1,0,16384,8,512,64,262144,16,8192,512,32,2,16,1,16,20,20,12,1,next_burst,8,0,1,5,0,50,1,1,1,1,non_inclusive,lru,4234597,339082,3895515,2133054,5425312,0.393167,166570,166730,0.999040,2160,69120,0,0,1184664,0,0,60595728,9920,554312,62344624,61790312,471889230,410098918,0.869058,5408928,932895,3125528,1442,1038273,310790,0,0,0,0.748053,0.996980,0,1442,0.150000,30.341647,6,9,9,8,16,20,112,0,24717338,5.836999,5.617662,101,174
7c9edf58-73b3-4651-8161-33f5c5d48da4,adc154abe3cea812fb9fedff32206f3a879c9e26,cache,cache16_lat,spinalflow,16,resnet19_T4_all,layer_01_layer1_0_conv1,0,16384,8,256,32,262144,16,4096,256,64,4,16,1,16,20,20,12,1,none,0,0,1,5,0,50,1,1,1,1,non_inclusive,lru,4172460,339082,3833378,1265744,5425312,0.233303,4157264,4159568,0.999446,1152,73728,0,0,0,0,0,60711552,131778,507102,61350432,60843330,60843330,0,0.000000,0,0,0,0,0,0,0,0,0,0.000000,0.996980,0,0,0.203125,38.334828,1,1,1,5,8,8,0,0,19171936,4.594876,3.077214,101,174
7c9edf58-73b3-4651-8161-33f5c5d48da4,adc154abe3cea812fb9fedff32206f3a879c9e26,cache,cache16_lat,spinalflow,16,resnet19_T4_all,layer_01_layer1_0_conv1,0,16384,8,256,32,262144,16,4096,256,64,4,16,1,16,20,20,12,1,next_burst,2,0,1,5,0,50,1,1,1,1,non_inclusive,lru,4166471,339082,3827389,1656457,5425312,0.305320,19972,20100,0.993632,1152,73728,0,0,547739,0,0,60424247,7936,274686,61254608,60979922,164220756,103240834,0.628671,5408928,390713,3748755,0,201905,1067555,0,0,0,0.762992,0.996980,0,0,0.203125,34.733993,2,3,3,8,17,20,10,0,24581172,5.899758,5.072082,101,174
7c9edf58-73b3-4651-8161-33f5c5d48da4,adc154abe3cea812fb9fedff32206f3a879c9e26,cache,cache16_lat,spinalflow,16,resnet19_T4_all,layer_01_layer1_0_conv1,0,16384,8,256,32,262144,16,4096,256,64,4,16,1,16,20,20,12,1,next_burst,4,0,1,5,0,50,1,1,1,1,non_inclusive,lru,4166473,339082,3827391,1755193,5425312,0.323519,33044,33172,0.996141,1152,73728,0,0,641372,0,0,60273159,7936,332173,61254640,60922467,265355920,204433453,0.770412,5408928,489449,3636947,0,177995,1104537,0,0,0,0.760582,0.996980,0,0,0.203125,33.824036,3,5,5,8,16,20,45,0,24581728,5.899889,5.186135,101,174
7c9edf58-73b3-4651-8161-33f5c5d48da4,adc154abe3cea812fb9fedff32206f3a879c9e26,cache,cache16_lat,spinalflow,16,resnet19_T4_all,layer_01_layer1_0_conv1,0,16384,8,256,32,262144,16,4096,256,64,4,16,1,16,20,20,12,1,next_burst,8,0,1,5,0,50,1,1,1,1,non_inclusive,lru,4168127,339082,3829045,1868073,5425312,0.344325,74768,74896,0.998291,1152,73728,0,0,749467,0,0,60071332,7936,452369,61281104,60828735,461827647,400998912,0.868287,5408928,602890,3482343,947,230580,1092168,0,0,0,0.752995,0.996980,0,947,0.203125,32.783727,6,8,9,8,17,20,107,0,24584704,5.898262,5.367232,101,174
3ee2550d-2d36-4be2-a677-c69b6d5d3697,adc154abe3cea812fb9fedff32206f3a879c9e26,cache,cache16_lat,spinalflow,16,resnet19_T4_all,layer_01_layer1_0_conv1,1,16384,8,1024,128,262144,16,16384,1024,16,1,16,1,16,20,20,12,1,none,0,0,1,5,0,50,1,1,1,1,non_inclusive,lru,4477224,379888,4097336,1627888,6078208,0.267824,4441104,4450320,0.997929,4608,73728,0,0,0,0,0,64517896,525243,530621,65573760,65043139,65043139,0,0.000000,0,0,0,0,0,0,0,0,0,0.000000,0.997304,0,0,0.000000,36.608816,1,1,1,5,8,8,0,0,21062688,4.704408,3.412447,114,205
3ee2550d-2d36-4be2-a677-c69b6d5d3697,adc154abe3cea812fb9fedff32206f3a879c9e26,cache,cache16_lat,spinalflow,16,resnet19_T4_all,layer_01_layer1_0_conv1,1,16384,8,1024,128,262144,16,16384,1024,16,1,16,1,16,20,20,12,1,next_burst,2,0,1,5,0,50,1,1,1,1,non_inclusive,lru,4465844,379888,4085956,1970594,6078208,0.324206,24661,24853,0.992275,4608,73728,0,0,848692,0,0,64175753,11904,355331,65391680,65036349,176207653,111171304,0.630911,6061824,342706,4082761,0,1636357,0,0,0,0,0.728087,0.997304,0,0,0.000000,33.789679,2,3,3,7,16,20,10,0,27126114,6.074129,5.707632,114,205
3ee2550d-2d36-4be2-a677-c69b6d5d3697,adc154abe3cea812fb9fedff32206f3a879c9e26,cache,cache16_lat,spinalflow,16,resnet19_T4_all,layer_01_layer1_0_conv1,1,16384,8,1024,128,262144,16,16384,1024,16,1,16,1,16,20,20,12,1,next_burst,4,0,1,5,0,50,1,1,1,1,non_inclusive,lru,4464187,379888,4084299,2141473,6078208,0.352320,57993,58185,0.996700,4608,73728,0,0,1048267,0,0,63925491,11904,379506,65365168,64985662,283207564,218221902,0.770537,6061824,513669,3878550,0,1669605,0,0,0,0,0.722617,0.997304,0,0,0.000000,32.384010,3,5,5,7,16,20,46,0,27127214,6.076630,5.879039,114,205
3ee2550d-2d36-4be2-a677-c69b6d5d3697,adc154abe3cea812fb9fedff32206f3a879c9e26,cache,cache16_lat,spinalflow,16,resnet19_T4_all,layer_01_layer1_0_conv1,1,16384,8,1024,128,262144,16,16384,1024,16,1,16,1,16,20,20,12,1,next_burst,8,0,1,5,0,50,1,1,1,1,non_inclusive,lru,4466830,379888,4086942,2688055,6078208,0.442245,232340,232532,0.999174,4608,73728,0,0,1603680,0,0,63238115,11904,553757,65407456,64853699,480178016,415324317,0.864938,6061824,1062888,3157621,0,1841315,0,0,0,0,0.694367,0.997304,0,0,0.000000,27.887767,6,9,9,7,16,20,112,0,27132793,6.074284,6.122212,114,205
5d63c3fc-1637-4ebb-825f-06be305b6aab,adc154abe3cea812fb9fedff32206f3a879c9e26,cache,cache16_lat,spinalflow,16,resnet19_T4_all,layer_01_layer1_0_conv1,1,16384,8,512,64,262144,16,8192,512,32,2,16,1,16,20,20,12,1,none,0,0,1,5,0,50,1,1,1,1,non_inclusive,lru,4885502,379888,4505614,1208896,6078208,0.198890,4864704,4869312,0.999054,2304,73728,0,0,0,0,0,71356205,262276,487727,72106208,71618481,71618481,0,0.000000,0,0,0,0,0,0,0,0,0,0.000000,0.997304,0,0,0.000000,40.055490,1,1,1,5,8,8,0,0,21898368,4.482317,3.498050,114,205
5d63c3fc-1637-4ebb-825f-06be305b6aab,adc154abe3cea812fb9fedff32206f3a879c9e26,cache,cache16_lat,spinalflow,16,resnet19_T4_all,layer_01_layer1_0_conv1,1,16384,8,512,64,262144,16,8192,512,32,2,16,1,16,20,20,12,1,next_burst,2,0,1,5,0,50,1,1,1,1,non_inclusive,lru,4877693,379888,4497805,1571401,6078208,0.258530,23992,24184,0.992061,2304,73728,0,0,576971,0,0,71086203,11904,306186,71981264,71675078,200873461,129198383,0.643183,6061824,362505,4482623,0,765149,451547,0,0,0,0.797131,0.997304,0,0,0.000000,37.073484,2,3,3,8,16,20,10,0,27961254,5.732475,5.721757,114,205
5d63c3fc-1637-4ebb-825f-06be305b6aab,adc154abe3cea812fb9fedff32206f3a879c9e26,cache,cache16_lat,spinalflow,16,resnet19_T4_all,layer_01_layer1_0_conv1,1,16384,8,512,64,262144,16,8192,512,32,2,16,1,16,20,20,12,1,next_burst,4,0,1,5,0,50,1,1,1,1,non_inclusive,lru,4877285,379888,4497397,1740004,6078208,0.286269,53511,53703,0.996425,2304,73728,0,0,740906,0,0,70848178,11904,373748,71974736,71600988,324551555,252950567,0.779385,6061824,531223,4284501,0,798259,447841,0,0,0,0.792293,0.997304,0,0,0.000000,35.686538,4,5,5,9,16,20,46,0,27961684,5.733043,5.960595,114,205
5d63c3fc-1637-4ebb-825f-06be305b6aab,adc154abe3cea812fb9fedff32206f3a879c9e26,cache,cache16_lat,spinalflow,16,resnet19_T4_all,layer_01_layer1_0_conv1,1,16384,8,512,64,262144,16,8192,512,32,2,16,1,16,20,20,12,1,next_burst,8,0,1,5,0,50,1,1,1,1,non_inclusive,lru,4880093,379888,4500205,2199304,6078208,0.361834,193474,193666,0.999009,2304,73728,0,0,1171088,0,0,70305838,11904,530834,72019664,71488830,560183970,488695140,0.872383,6061824,992504,3685238,136,944590,439356,0,0,0,0.769592,0.997304,0,136,0.000000,31.908286,6,9,9,8,16,20,112,0,27966026,5.730634,6.171929,114,205
032506e2-767b-4fad-bfd7-81e45d125b54,adc154abe3cea812fb9fedff32206f3a879c9e26,cache,cache16_lat,spinalflow,16,resnet19_T4_all,layer_01_layer1_0_conv1,1,16384,8,256,32,262144,16,4096,256,64,4,16,1,16,20,20,12,1,none,0,0,1,5,0,50,1,1,1,1,non_inclusive,lru,4693728,379888,4313840,1397536,6078208,0.229926,4678368,4680672,0.999508,1152,73728,0,0,0,0,0,68352619,130863,554342,69037824,68483482,68483482,0,0.000000,0,0,0,0,0,0,0,0,0,0.000000,0.997304,0,0,0.000000,38.503717,1,1,1,5,8,8,0,0,21519936,4.584828,3.473724,114,205
032506e2-767b-4fad-bfd7-81e45d125b54,adc154abe3cea812fb9fedff32206f3a879c9e26,cache,cache16_lat,spinalflow,16,resnet19_T4_all,layer_01_layer1_0_conv1,1,16384,8,256,32,262144,16,4096,256,64,4,16,1,16,20,20,12,1,next_burst,2,0,1,5,0,50,1,1,1,1,non_inclusive,lru,4687572,379888,4307684,1850742,6078208,0.304488,21175,21303,0.993991,1152,73728,0,0,596849,0,0,68042768,7936,291775,68939328,68647553,186120520,117472967,0.631166,6061824,453206,4206163,0,138054,1264401,0,0,0,0.766570,0.997304,0,0,0.000000,34.775595,2,3,3,11,16,20,10,0,27582430,5.884161,5.718697,114,205
032506e2-767b-4fad-bfd7-81e45d125b54,adc154abe3cea812fb9fedff32206f3a879c9e26,cache,cache16_lat,spinalflow,16,resnet19_T4_all,layer_01_layer1_0_conv1,1,16384,8,256,32,262144,16,4096,256,64,4,16,1,16,20,20,12,1,next_burst,4,0,1,5,0,50,1,1,1,1,non_inclusive,lru,4687489,379888,4307601,1954303,6078208,0.321526,35450,35578,0.996402,1152,73728,0,0,694336,0,0,67874608,7936,361120,68938000,68576880,299213758,230636878,0.770810,6061824,556786,4088327,0,91482,1325229,0,0,0,0.764224,0.997304,0,0,0.000000,33.923691,3,5,5,9,16,20,46,0,27582832,5.884351,5.885430,114,205
032506e2-767b-4fad-bfd7-81e45d125b54,adc154abe3cea812fb9fedff32206f3a879c9e26,cache,cache16_lat,spinalflow,16,resnet19_T4_all,layer_01_layer1_0_conv1,1,16384,8,256,32,262144,16,4096,256,64,4,16,1,16,20,20,12,1,next_burst,8,0,1,5,0,50,1,1,1,1,non_inclusive,lru,4689001,379888,4309113,2035232,6078208,0.334841,71481,71609,0.998213,1152,73728,0,0,743639,0,0,67762138,7936,448479,68962192,68513713,524612726,456099013,0.869401,6061824,638846,3971367,118,139722,1311771,0,0,0,0.758482,0.997304,0,118,0.000000,33.257960,6,8,9,8,17,20,107,0,27585306,5.882981,6.020541,114,205
76682c47-74c0-4187-8da0-6a92661136de,adc154abe3cea812fb9fedff32206f3a879c9e26,cache,cache16_lat,spinalflow,16,resnet19_T4_all,layer_01_layer1_0_conv1,2,16384,8,1024,128,262144,16,16384,1024,16,1,16,1,16,20,20,12,1,none,0,0,1,5,0,50,1,1,1,1,non_inclusive,lru,3568120,325393,3242727,1662272,5206288,0.319282,3536160,3544016,0.997783,3928,62848,0,0,0,0,0,50934418,448080,517518,51900016,51382498,51382498,0,0.000000,0,0,0,0,0,0,0,0,0,0.000000,0.996853,0,0,0.000000,34.035920,1,1,1,5,8,8,0,0,17505560,4.906102,2.871092,103,173
76682c47-74c0-4187-8da0-6a92661136de,adc154abe3cea812fb9fedff32206f3a879c9e26,cache,cache16_lat,spinalflow,16,resnet19_T4_all,layer_01_layer1_0_conv1,2,16384,8,1024,128,262144,16,16384,1024,16,1,16,1,16,20,20,12,1,next_burst,2,0,1,5,0,50,1,1,1,1,non_inclusive,lru,3557080,325393,3231687,1979017,5206288,0.380121,26831,27023,0.992895,3928,62848,0,0,891902,0,0,50468001,11904,351569,51723376,51371807,133889866,82518059,0.616313,5189904,316758,3200248,0,1672898,0,0,0,0,0.675530,0.996853,0,0,0.000000,30.993973,2,3,3,6,14,20,10,0,22697080,6.380818,4.848019,103,173
76682c47-74c0-4187-8da0-6a92661136de,adc154abe3cea812fb9fedff32206f3a879c9e26,cache,cache16_lat,spinalflow,16,resnet19_T4_all,layer_01_layer1_0_conv1,2,16384,8,1024,128,262144,16,16384,1024,16,1,16,1,16,20,20,12,1,next_burst,4,0,1,5,0,50,1,1,1,1,non_inclusive,lru,3555555,325393,3230162,2164640,5206288,0.415774,77890,78082,0.997541,3928,62848,0,0,1111150,0,0,50169293,11904,406629,51698976,51292347,211364226,160071879,0.757327,5189904,502652,2963566,0,1723686,0,0,0,0,0.665775,0.996853,0,0,0.000000,29.211292,3,5,5,6,16,20,46,0,22697904,6.383786,4.984176,103,173
76682c47-74c0-4187-8da0-6a92661136de,adc154abe3cea812fb9fedff32206f3a879c9e26,cache,cache16_lat,spinalflow,16,resnet19_T4_all,layer_01_layer1_0_conv1,2,16384,8,1024,128,262144,16,16384,1024,16,1,16,1,16,20,20,12,1,next_burst,8,0,1,5,0,50,1,1,1,1,non_inclusive,lru,3560795,325393,3235402,2765482,5206288,0.531181,266083,266275,0.999279,3928,62848,0,0,1779983,0,0,49438713,11904,552216,51782816,51230600,350363310,299132710,0.853779,5189904,1108451,2174531,0,1906922,0,0,0,0,0.630580,0.996853,0,0,0.000000,23.440943,5,8,9,6,17,20,112,0,22707874,6.377192,5.214655,103,173
1defa2e3-746a-4395-ade9-8b27995d7bc6,adc154abe3cea812fb9fedff32206f3a879c9e26,cache,cache16_lat,spinalflow,16,resnet19_T4_all,layer_01_layer1_0_conv1,2,16384,8,512,64,262144,16,8192,512,32,2,16,1,16,20,20,12,1,none,0,0,1,5,0,50,1,1,1,1,non_inclusive,lru,4080975,325393,3755582,1141184,5206288,0.219193,4060640,4065104,0.998902,2232,71424,0,0,0,0,0,59395549,254936,455211,60105696,59650485,59650485,0,0.000000,0,0,0,0,0,0,0,0,0,0.000000,0.996853,0,0,0.120072,39.040330,1,1,1,5,8,8,0,0,18546040,4.544512,2.973789,103,173
1defa2e3-746a-4395-ade9-8b27995d7bc6,adc154abe3cea812fb9fedff32206f3a879c9e26,cache,cache16_lat,spinalflow,16,resnet19_T4_all,layer_01_layer1_0_conv1,2,16384,8,512,64,262144,16,8192,512,32,2,16,1,16,20,20,12,1,next_burst,2,0,1,5,0,50,1,1,1,1,non_inclusive,lru,4073611,325393,3748218,1467719,5206288,0.281913,24818,24978,0.993594,2232,71424,0,0,549537,0,0,59128674,9920,299741,59987872,59688131,164366488,104678357,0.636859,5189904,326535,3713591,0,911196,238582,0,0,0,0.776009,0.996853,0,0,0.120072,35.904362,2,3,3,7,15,20,10,0,23737152,5.827054,4.892724,103,173
1defa2e3-746a-4395-ade9-8b27995d7bc6,adc154abe3cea812fb9fedff32206f3a879c9e26,cache,cache16_lat,spinalflow,16,resnet19_T4_all,layer_01_layer1_0_conv1,2,16384,8,512,64,262144,16,8192,512,32,2,16,1,16,20,20,12,1,next_burst,4,0,1,5,0,50,1,1,1,1,non_inclusive,lru,4073189,325393,3747796,1670449,5206288,0.320852,63838,63998,0.997500,2232,71424,0,0,747740,0,0,58845576,9920,377884,59981120,59603236,264673818,205070582,0.774805,5189904,529465,3471841,0,951393,237205,0,0,0,0.768553,0.996853,0,0,0.120072,33.957390,3,5,5,7,16,20,46,0,23737788,5.827814,5.071174,103,173
1defa2e3-746a-4395-ade9-8b27995d7bc6,adc154abe3cea812fb9fedff32206f3a879c9e26,cache,cache16_lat,spinalflow,16,resnet19_T4_all,layer_01_layer1_0_conv1,2,16384,8,512,64,262144,16,8192,512,32,2,16,1,16,20,20,12,1,next_burst,8,0,1,5,0,50,1,1,1,1,non_inclusive,lru,4079142,325393,3753749,2223644,5206288,0.427107,210583,210743,0.999241,2232,71424,0,0,1320173,0,0,58183494,9920,562781,60076368,59513587,451364242,391850655,0.868147,5189904,1087224,2771901,602,1102445,227732,0,0,0,0.741243,0.996853,0,602,0.120072,28.644631,6,8,9,8,17,20,112,0,23748154,5.821850,5.312648,103,173
04d32499-d74a-4654-943b-da294690cda3,adc154abe3cea812fb9fedff32206f3a879c9e26,cache,cache16_lat,spinalflow,16,resnet19_T4_all,layer_01_layer1_0_conv1,2,16384,8,256,32,262144,16,4096,256,64,4,16,1,16,20,20,12,1,none,0,0,1,5,0,50,1,1,1,1,non_inclusive,lru,4127284,325393,3801891,1090800,5206288,0.209516,4113184,4115488,0.999440,1152,73728,0,0,0,0,0,60244677,130773,471190,60846640,60375450,60375450,0,0.000000,0,0,0,0,0,0,0,0,0,0.000000,0.996853,0,0,0.147569,39.524206,1,1,1,5,8,8,0,0,18645728,4.517675,2.957809,103,173
04d32499-d74a-4654-943b-da294690cda3,adc154abe3cea812fb9fedff32206f3a879c9e26,cache,cache16_lat,spinalflow,16,resnet19_T4_all,layer_01_layer1_0_conv1,2,16384,8,256,32,262144,16,4096,256,64,4,16,1,16,20,20,12,1,next_burst,2,0,1,5,0,50,1,1,1,1,non_inclusive,lru,4122142,325393,3796749,1468880,5206288,0.282136,18821,18949,0.993245,1152,73728,0,0,476226,0,0,60009871,7936,270335,60764368,60494033,165551189,105057156,0.634590,5189904,378081,3718459,0,152346,941018,0,0,0,0.786845,0.996853,0,0,0.147569,35.893212,2,3,3,11,18,20,10,0,23836140,5.782465,4.920656,103,173
04d32499-d74a-4654-943b-da294690cda3,adc154abe3cea812fb9fedff32206f3a879c9e26,cache,cache16_lat,spinalflow,16,resnet19_T4_all,layer_01_layer1_0_conv1,2,16384,8,256,32,262144,16,4096,256,64,4,16,1,16,20,20,12,1,next_burst,4,0,1,5,0,50,1,1,1,1,non_inclusive,lru,4122335,325393,3796942,1568769,5206288,0.301322,31727,31855,0.995982,1152,73728,0,0,550086,0,0,59874940,7936,334494,60767456,60432962,268539236,208106274,0.774957,5189904,477990,3605664,0,141148,965102,0,0,0,0.784370,0.996853,0,0,0.147569,34.933901,3,5,5,10,16,20,46,0,23836840,5.782364,5.008051,103,173
04d32499-d74a-4654-943b-da294690cda3,adc154abe3cea812fb9fedff32206f3a879c9e26,cache,cache16_lat,spinalflow,16,resnet19_T4_all,layer_01_layer1_0_conv1,2,16384,8,256,32,262144,16,4096,256,64,4,16,1,16,20,20,12,1,next_burst,8,0,1,5,0,50,1,1,1,1,non_inclusive,lru,4123893,325393,3798500,1664927,5206288,0.319792,76453,76581,0.998329,1152,73728,0,0,641222,0,0,59674990,7936,468236,60792384,60324148,468586074,408261926,0.871263,5189904,575262,3464780,147,199540,950175,0,0,0,0.775993,0.996853,0,147,0.147569,34.010422,6,9,9,10,16,20,107,0,23839362,5.780791,5.198548,103,173
7586cb90-501a-4e8f-820a-f6babeeccba5,adc154abe3cea812fb9fedff32206f3a879c9e26,cache,cache16_lat,spinalflow,16,resnet19_T4_all,layer_01_layer1_0_conv1,3,16384,8,1024,128,262144,16,16384,1024,16,1,16,1,16,20,20,12,1,none,0,0,1,5,0,50,1,1,1,1,non_inclusive,lru,3863983,324394,3539589,1349600,5190304,0.260023,3834080,3840704,0.998275,3312,52992,0,0,0,0,0,55811164,379974,458670,56649808,56191138,56191138,0,0.000000,0,0,0,0,0,0,0,0,0,0.000000,0.996843,0,0,0.000000,36.998835,1,1,1,5,8,8,0,0,18066352,4.675578,2.928889,100,155
7586cb90-501a-4e8f-820a-f6babeeccba5,adc154abe3cea812fb9fedff32206f3a879c9e26,cache,cache16_lat,spinalflow,16,resnet19_T4_all,layer_01_layer1_0_conv1,3,16384,8,1024,128,262144,16,16384,1024,16,1,16,1,16,20,20,12,1,next_burst,2,0,1,5,0,50,1,1,1,1,non_inclusive,lru,3857194,324394,3532800,1647096,5190304,0.317341,28420,28516,0.996633,3312,52992,0,0,735482,0,0,55471497,5952,328253,56541184,56212931,153265990,97053059,0.633233,5173920,297499,3514692,0,1361729,0,0,0,0,0.734483,0.996843,0,0,0.000000,34.132953,2,3,3,6,15,20,10,0,23241294,6.025441,4.881712,100,155
7586cb90-501a-4e8f-820a-f6babeeccba5,adc154abe3cea812fb9fedff32206f3a879c9e26,cache,cache16_lat,spinalflow,16,resnet19_T4_all,layer_01_layer1_0_conv1,3,16384,8,1024,128,262144,16,16384,1024,16,1,16,1,16,20,20,12,1,next_burst,4,0,1,5,0,50,1,1,1,1,non_inclusive,lru,3854800,324394,3530406,1823510,5190304,0.351330,67571,67667,0.998581,3312,52992,0,0,922209,0,0,55183135,5952,391584,56502880,56111296,245748637,189637341,0.771672,5173920,474046,3299127,0,1400747,0,0,0,0,0.726966,0.996843,0,0,0.000000,32.433495,3,5,5,6,15,20,46,0,23241930,6.029348,5.065032,100,155
7586cb90-501a-4e8f-820a-f6babeeccba5,adc154abe3cea812fb9fedff32206f3a879c9e26,cache,cache16_lat,spinalflow,16,resnet19_T4_all,layer_01_layer1_0_conv1,3,16384,8,1024,128,262144,16,16384,1024,16,1,16,1,16,20,20,12,1,next_burst,8,0,1,5,0,50,1,1,1,1,non_inclusive,lru,3857618,324394,3533224,2429294,5190304,0.468045,225851,225947,0.999575,3312,52992,0,0,1535911,0,0,54479500,5952,526605,56547968,56021363,415583583,359562220,0.865198,5173920,1082753,2535063,0,1555969,135,0,0,0,0.697034,0.996843,0,0,0.000000,26.597768,6,8,9,6,16,20,112,0,23248134,6.026552,5.294119,100,155
cddf5193-2302-44a0-ad7d-86e703d3fdf0,adc154abe3cea812fb9fedff32206f3a879c9e26,cache,cache16_lat,spinalflow,16,resnet19_T4_all,layer_01_layer1_0_conv1,3,16384,8,512,64,262144,16,8192,512,32,2,16,1,16,20,20,12,1,none,0,0,1,5,0,50,1,1,1,1,non_inclusive,lru,4114084,324394,3789690,1093040,5190304,0.210593,4092800,4097264,0.998910,2232,71424,0,0,0,0,0,59954063,257451,439910,60651424,60211514,60211514,0,0.000000,0,0,0,0,0,0,0,0,0,0.000000,0.996843,0,0,0.258065,39.470366,1,1,1,5,8,8,0,0,18578392,4.515803,3.029149,100,155
cddf5193-2302-44a0-ad7d-86e703d3fdf0,adc154abe3cea812fb9fedff32206f3a879c9e26,cache,cache16_lat,spinalflow,16,resnet19_T4_all,layer_01_layer1_0_conv1,3,16384,8,512,64,262144,16,8192,512,32,2,16,1,16,20,20,12,1,next_burst,2,0,1,5,0,50,1,1,1,1,non_inclusive,lru,4107714,324394,3783320,1400500,5190304,0.269830,24130,24226,0.996037,2232,71424,0,0,538380,0,0,59703638,5952,301534,60549504,60247970,167630112,107382142,0.640590,5173920,307461,3765578,0,812359,288522,0,0,0,0.784740,0.996843,0,0,0.258065,36.508497,2,3,3,6,16,20,10,0,23752852,5.782499,4.889313,100,155
cddf5193-2302-44a0-ad7d-86e703d3fdf0,adc154abe3cea812fb9fedff32206f3a879c9e26,cache,cache16_lat,spinalflow,16,resnet19_T4_all,layer_01_layer1_0_conv1,3,16384,8,512,64,262144,16,8192,512,32,2,16,1,16,20,20,12,1,next_burst,4,0,1,5,0,50,1,1,1,1,non_inclusive,lru,4106583,324394,3782189,1563984,5190304,0.301328,51886,51982,0.998153,2232,71424,0,0,692265,0,0,59469263,5952,363928,60531408,60167480,271198554,211031074,0.778142,5173920,471069,3574338,0,841179,287334,0,0,0,0.779416,0.996843,0,0,0.258065,34.933599,3,5,5,6,16,20,46,0,23753536,5.784258,5.102465,100,155
cddf5193-2302-44a0-ad7d-86e703d3fdf0,adc154abe3cea812fb9fedff32206f3a879c9e26,cache,cache16_lat,spinalflow,16,resnet19_T4_all,layer_01_layer1_0_conv1,3,16384,8,512,64,262144,16,8192,512,32,2,16,1,16,20,20,12,1,next_burst,8,0,1,5,0,50,1,1,1,1,non_inclusive,lru,4109812,324394,3785418,2043835,5190304,0.393779,179139,179235,0.999464,2232,71424,0,0,1163518,0,0,58890005,5952,523597,60583072,60059475,465404746,405345271,0.870952,5173920,953826,2967234,2,972984,279874,0,0,0,0.755459,0.996843,0,2,0.258065,30.311028,6,9,9,6,16,20,96,0,23759442,5.781151,5.338526,100,155
2f08484a-0eb8-4f88-be71-1e66cae5a26a,adc154abe3cea812fb9fedff32206f3a879c9e26,cache,cache16_lat,spinalflow,16,resnet19_T4_all,layer_01_layer1_0_conv1,3,16384,8,256,32,262144,16,4096,256,64,4,16,1,16,20,20,12,1,none,0,0,1,5,0,50,1,1,1,1,non_inclusive,lru,4122070,324394,3797676,1080080,5190304,0.208096,4107920,4110224,0.999439,1152,73728,0,0,0,0,0,60185283,133084,460833,60779200,60318367,60318367,0,0.000000,0,0,0,0,0,0,0,0,0,0.000000,0.996843,0,0,0.281250,39.595214,1,1,1,4,8,8,0,0,18603232,4.513080,2.982022,100,155
2f08484a-0eb8-4f88-be71-1e66cae5a26a,adc154abe3cea812fb9fedff32206f3a879c9e26,cache,cache16_lat,spinalflow,16,resnet19_T4_all,layer_01_layer1_0_conv1,3,16384,8,256,32,262144,16,4096,256,64,4,16,1,16,20,20,12,1,next_burst,2,0,1,5,0,50,1,1,1,1,non_inclusive,lru,4117487,324394,3793093,1438109,5190304,0.277076,24875,24971,0.996156,1152,73728,0,0,468070,0,0,59947969,5952,283881,60705872,60421991,165927071,105505080,0.635852,5173920,358045,3727224,0,200856,887795,0,0,0,0.787096,0.996843,0,0,0.281250,36.146197,2,3,3,5,16,20,10,0,23777356,5.774725,4.867025,100,155
2f08484a-0eb8-4f88-be71-1e66cae5a26a,adc154abe3cea812fb9fedff32206f3a879c9e26,cache,cache16_lat,spinalflow,16,resnet19_T4_all,layer_01_layer1_0_conv1,3,16384,8,256,32,262144,16,4096,256,64,4,16,1,16,20,20,12,1,next_burst,4,0,1,5,0,50,1,1,1,1,non_inclusive,lru,4117201,324394,3792807,1528984,5190304,0.294585,41506,41602,0.997692,1152,73728,0,0,546369,0,0,59810893,5952,338082,60701296,60363214,269448414,209085200,0.775975,5173920,449166,3619718,0,195636,909400,0,0,0,0.783939,0.996843,0,0,0.281250,35.270766,3,5,5,6,17,20,44,0,23778212,5.775334,5.050786,100,155
2f08484a-0eb8-4f88-be71-1e66cae5a26a,adc154abe3cea812fb9fedff32206f3a879c9e26,cache,cache16_lat,spinalflow,16,resnet19_T4_all,layer_01_layer1_0_conv1,3,16384,8,256,32,262144,16,4096,256,64,4,16,1,16,20,20,12,1,next_burst,8,0,1,5,0,50,1,1,1,1,non_inclusive,lru,4119312,324394,3794918,1601066,5190304,0.308472,81505,81601,0.998824,1152,73728,0,0,611310,0,0,59679857,5952,437953,60735072,60297119,471013456,410716337,0.871984,5173920,522798,3507637,370,243322,899793,0,0,0,0.776532,0.996843,0,370,0.281250,34.576375,7,9,9,6,16,20,76,0,23782108,5.773320,5.201203,100,155
2e30737c-4cab-467f-bfef-0b96db9b61b5,adc154abe3cea812fb9fedff32206f3a879c9e26,cache,cache16_lat,spinalflow,16,resnet19_T4_all,layer_01_layer1_0_conv1,4,16384,8,1024,128,262144,16,16384,1024,16,1,16,1,16,20,20,12,1,none,0,0,1,5,0,50,1,1,1,1,non_inclusive,lru,3424696,352818,3071878,2247744,5645088,0.398177,3389712,3397344,0.997754,3816,61056,0,0,0,0,0,48144375,439478,582579,49166432,48583853,48583853,0,0.000000,0,0,0,0,0,0,0,0,0,0.000000,0.997098,0,0,0.000000,30.091152,1,1,1,4,8,8,0,0,18089704,5.282134,3.007921,105,169
2e30737c-4cab-467f-bfef-0b96db9b61b5,adc154abe3cea812fb9fedff32206f3a879c9e26,cache,cache16_lat,spinalflow,16,resnet19_T4_all,layer_01_layer1_0_conv1,4,16384,8,1024,128,262144,16,16384,1024,16,1,16,1,16,20,20,12,1,next_burst,2,0,1,5,0,50,1,1,1,1,non_inclusive,lru,3415947,352818,3063129,2551542,5645088,0.451993,25748,25860,0.995669,3816,61056,0,0,1294223,0,0,47337882,6944,387399,49026448,48639049,120938410,72299361,0.597820,5628704,303800,3067686,0,2257218,0,0,0,0,0.597242,0.997098,0,0,0.000000,27.400335,2,3,3,5,13,20,10,0,23719370,6.943717,5.210498,105,169
2e30737c-4cab-467f-bfef-0b96db9b61b5,adc154abe3cea812fb9fedff32206f3a879c9e26,cache,cache16_lat,spinalflow,16,resnet19_T4_all,layer_01_layer1_0_conv1,4,16384,8,1024,128,262144,16,16384,1024,16,1,16,1,16,20,20,12,1,next_burst,4,0,1,5,0,50,1,1,1,1,non_inclusive,lru,3411988,352818,3059170,2713077,5645088,0.480608,64048,64160,0.998254,3816,61056,0,0,1518328,0,0,47054207,6944,383625,48963104,48579479,189734205,141154726,0.743960,5628704,465510,2867851,0,2295343,0,0,0,0,0.590489,0.997098,0,0,0.000000,25.969577,3,5,5,5,16,20,46,0,23719895,6.951928,5.302538,105,169
2e30737c-4cab-467f-bfef-0b96db9b61b5,adc154abe3cea812fb9fedff32206f3a879c9e26,cache,cache16_lat,spinalflow,16,resnet19_T4_all,layer_01_layer1_0_conv1,4,16384,8,1024,128,262144,16,16384,1024,16,1,16,1,16,20,20,12,1,next_burst,8,0,1,5,0,50,1,1,1,1,non_inclusive,lru,3414291,352818,3061473,3099221,5645088,0.549012,177253,177365,0.999369,3816,61056,0,0,1995881,0,0,46497199,6944,499928,48999952,48500024,317980518,269480494,0.847475,5628704,854524,2368502,0,2405678,0,0,0,0,0.570943,0.997098,0,0,0.000000,22.549400,5,8,9,5,17,20,112,0,23725874,6.948990,5.502669,105,169
15e06c57-046a-492c-bc6e-068b3a946e6b,adc154abe3cea812fb9fedff32206f3a879c9e26,cache,cache16_lat,spinalflow,16,resnet19_T4_all,layer_01_layer1_0_conv1,4,16384,8,512,64,262144,16,8192,512,32,2,16,1,16,20,20,12,1,none,0,0,1,5,0,50,1,1,1,1,non_inclusive,lru,4400275,352818,4047457,1260176,5645088,0.223234,4380736,4384912,0.999048,2088,66816,0,0,0,0,0,64039768,240975,494953,64775696,64280743,64280743,0,0.000000,0,0,0,0,0,0,0,0,0,0.000000,0.997098,0,0,0.086207,38.838296,1,1,1,4,7,8,0,0,20063112,4.559513,3.333003,105,169
15e06c57-046a-492c-bc6e-068b3a946e6b,adc154abe3cea812fb9fedff32206f3a879c9e26,cache,cache16_lat,spinalflow,16,resnet19_T4_all,layer_01_layer1_0_conv1,4,16384,8,512,64,262144,16,8192,512,32,2,16,1,16,20,20,12,1,next_burst,2,0,1,5,0,50,1,1,1,1,non_inclusive,lru,4393635,352818,4040817,1617295,5645088,0.286496,26005,26069,0.997545,2088,66816,0,0,609877,0,0,63747253,3968,308358,64669456,64361098,176954298,112593200,0.636284,5628704,357131,4001724,0,903880,365969,0,0,0,0.772150,0.997098,0,0,0.086207,35.675201,2,3,3,5,15,20,10,0,25692584,5.847683,5.307033,105,169
15e06c57-046a-492c-bc6e-068b3a946e6b,adc154abe3cea812fb9fedff32206f3a879c9e26,cache,cache16_lat,spinalflow,16,resnet19_T4_all,layer_01_layer1_0_conv1,4,16384,8,512,64,262144,16,8192,512,32,2,16,1,16,20,20,12,1,next_burst,4,0,1,5,0,50,1,1,1,1,non_inclusive,lru,4392983,352818,4040165,1793120,5645088,0.317643,54838,54902,0.998834,2088,66816,0,0,783914,0,0,63505749,3968,365393,64659024,64293631,285932790,221639159,0.775144,5628704,533044,3797066,0,933699,364895,0,0,0,0.767058,0.997098,0,0,0.086207,34.117874,3,5,5,5,15,20,46,0,25693005,5.848647,5.487446,105,169
15e06c57-046a-492c-bc6e-068b3a946e6b,adc154abe3cea812fb9fedff32206f3a879c9e26,cache,cache16_lat,spinalflow,16,resnet19_T4_all,layer_01_layer1_0_conv1,4,16384,8,512,64,262144,16,8192,512,32,2,16,1,16,20,20,12,1,next_burst,8,0,1,5,0,50,1,1,1,1,non_inclusive,lru,4395819,352818,4043001,2141625,5645088,0.379378,144444,144508,0.999557,2088,66816,0,0,1164364,0,0,63003928,3968,532140,64704400,64172260,494582489,430410229,0.870250,5628704,884006,3358955,0,1029560,356183,0,0,0,0.751620,0.997098,0,0,0.086207,31.031075,6,9,9,6,16,20,108,0,25698014,5.846013,5.721243,105,169
9b652c06-51da-412f-bbf1-5136c17b8426,adc154abe3cea812fb9fedff32206f3a879c9e26,cache,cache16_lat,spinalflow,16,resnet19_T4_all,layer_01_layer1_0_conv1,4,16384,8,256,32,262144,16,4096,256,64,4,16,1,16,20,20,12,1,none,0,0,1,5,0,50,1,1,1,1,non_inclusive,lru,4347263,352818,3994445,1310288,5645088,0.232111,4332496,4334800,0.999468,1152,73728,0,0,0,0,0,63267762,131905,527837,63927504,63399667,63399667,0,0.000000,0,0,0,0,0,0,0,0,0,0.000000,0.997098,0,0,0.171875,38.394441,1,1,1,5,7,8,0,0,19961952,4.591844,3.319029,105,169
9b652c06-51da-412f-bbf1-5136c17b8426,adc154abe3cea812fb9fedff32206f3a879c9e26,cache,cache16_lat,spinalflow,16,resnet19_T4_all,layer_01_layer1_0_conv1,4,16384,8,256,32,262144,16,4096,256,64,4,16,1,16,20,20,12,1,next_burst,2,0,1,5,0,50,1,1,1,1,non_inclusive,lru,4341502,352818,3988684,1715955,5645088,0.303973,20395,20459,0.996872,1152,73728,0,0,569239,0,0,62982862,3968,279259,63835328,63556069,171368213,107812144,0.629126,5628704,405668,3908674,0,210218,1104144,0,0,0,0.764265,0.997098,0,0,0.171875,34.801344,2,3,3,6,17,20,10,0,25590858,5.894471,5.295200,105,169
9b652c06-51da-412f-bbf1-5136c17b8426,adc154abe3cea812fb9fedff32206f3a879c9e26,cache,cache16_lat,spinalflow,16,resnet19_T4_all,layer_01_layer1_0_conv1,4,16384,8,256,32,262144,16,4096,256,64,4,16,1,16,20,20,12,1,next_burst,4,0,1,5,0,50,1,1,1,1,non_inclusive,lru,4341388,352818,3988570,1816023,5645088,0.321700,33756,33820,0.998108,1152,73728,0,0,665206,0,0,62818457,3968,345873,63833504,63487631,276732415,213244784,0.770581,5628704,505851,3795245,0,176463,1151145,0,0,0,0.761918,0.997098,0,0,0.171875,33.915016,3,5,5,7,16,20,44,0,25591554,5.894786,5.422076,105,169
9b652c06-51da-412f-bbf1-5136c17b8426,adc154abe3cea812fb9fedff32206f3a879c9e26,cache,cache16_lat,spinalflow,16,resnet19_T4_all,layer_01_layer1_0_conv1,4,16384,8,256,32,262144,16,4096,256,64,4,16,1,16,20,20,12,1,next_burst,8,0,1,5,0,50,1,1,1,1,non_inclusive,lru,4343319,352818,3990501,1871588,5645088,0.331543,71058,71122,0.999100,1152,73728,0,0,702928,0,0,62717289,3968,440215,63864400,63424185,481696864,418272679,0.868332,5628704,563113,3702378,0,224247,1138966,0,0,0,0.755611,0.997098,0,0,0.171875,33.422862,6,8,9,6,16,20,92,0,25594946,5.892946,5.586406,105,169
b797d36f-ce88-48e7-9bfb-222b25f4c2c6,adc154abe3cea812fb9fedff32206f3a879c9e26,cache,cache16_lat,spinalflow,16,resnet19_T4_all,layer_16_layer3_0_conv2,0,16384,8,1024,128,262144,16,16384,1024,16,1,16,1,16,20,20,12,1,none,0,0,1,5,0,50,1,1,1,1,non_inclusive,lru,9123598,183150,8940448,0,2930400,0.000000,366432,2930400,0.125045,2563968,41023488,0,0,0,0,0,1916760,141058273,72647,143047680,142975033,142975033,0,0.000000,0,0,0,0,0,0,0,0,0,0.000000,0.999825,0,0,0.000000,50.000000,1,1,1,14,16,16,0,0,14285600,1.565786,2.643666,1818,2753
b797d36f-ce88-48e7-9bfb-222b25f4c2c6,adc154abe3cea812fb9fedff32206f3a879c9e26,cache,cache16_lat,spinalflow,16,resnet19_T4_all,layer_16_layer3_0_conv2,0,16384,8,1024,128,262144,16,16384,1024,16,1,16,1,16,20,20,12,1,next_burst,2,0,1,5,0,50,1,1,1,1,non_inclusive,lru,7102804,183150,6919654,366273,2930400,0.124991,112,512,0.218750,2563968,41023488,0,0,69112,0,0,110548490,25000,72374,110714976,110642602,337745687,227103085,0.672409,2929888,366273,2563615,0,0,0,0,0,0,0.999825,0.999825,0,0,0.000000,43.750461,2,3,3,18,19,20,28,0,19742514,2.779538,4.199436,1818,2753
b797d36f-ce88-48e7-9bfb-222b25f4c2c6,adc154abe3cea812fb9fedff32206f3a879c9e26,cache,cache16_lat,spinalflow,16,resnet19_T4_all,layer_16_layer3_0_conv2,0,16384,8,1024,128,262144,16,16384,1024,16,1,16,1,16,20,20,12,1,next_burst,4,0,1,5,0,50,1,1,1,1,non_inclusive,lru,7128175,183150,6945025,494792,2930400,0.168848,112,512,0.218750,2563968,41023488,0,0,183895,0,0,110862442,25000,49575,111120912,111071337,566947069,455875732,0.804089,2929888,494792,2435096,0,0,0,0,0,0,0.999825,0.999825,0,0,0.000000,41.557603,4,5,5,18,19,20,60,0,19771938,2.773773,4.274591,1818,2753
b797d36f-ce88-48e7-9bfb-222b25f4c2c6,adc154abe3cea812fb9fedff32206f3a879c9e26,cache,cache16_lat,spinalflow,16,resnet19_T4_all,layer_16_layer3_0_conv2,0,16384,8,1024,128,262144,16,16384,1024,16,1,16,1,16,20,20,12,1,next_burst,8,0,1,5,0,50,1,1,1,1,non_inclusive,lru,7136379,183150,6953229,555927,2930400,0.189710,112,512,0.218750,2563968,41023488,0,0,252714,0,0,110929877,25000,44585,111252176,111207591,1023838596,912631005,0.891382,2929888,555927,2373961,0,0,0,0,0,0,0.999825,0.999825,0,0,0.000000,40.514486,8,9,9,18,19,20,124,0,19777450,2.771356,4.456800,1818,2753
59abc2d5-18d1-471e-9cea-dd1c8bc831f9,adc154abe3cea812fb9fedff32206f3a879c9e26,cache,cache16_lat,spinalflow,16,resnet19_T4_all,layer_16_layer3_0_conv2,0,16384,8,512,64,262144,16,8192,512,32,2,16,1,16,20,20,12,1,none,0,0,1,5,0,50,1,1,1,1,non_inclusive,lru,7924797,183150,7741647,652224,2930400,0.222572,29728,2278176,0.013049,2248448,71950336,0,0,0,0,0,164204,123675816,26844,123866864,123840020,123840020,0,0.000000,0,0,0,0,0,0,0,0,0,0.000000,0.999825,0,0,0.154590,38.871417,1,1,1,11,15,16,0,0,12665632,1.598228,2.393292,1818,2753
59abc2d5-18d1-471e-9cea-dd1c8bc831f9,adc154abe3cea812fb9fedff32206f3a879c9e26,cache,cache16_lat,spinalflow,16,resnet19_T4_all,layer_16_layer3_0_conv2,0,16384,8,512,64,262144,16,8192,512,32,2,16,1,16,20,20,12,1,next_burst,2,0,1,5,0,50,1,1,1,1,non_inclusive,lru,6194086,183150,6010936,812912,2930400,0.277406,48,512,0.093750,2248448,71950336,0,0,140911,0,0,95917704,29000,87873,96175488,96087615,248131628,152044013,0.612755,2929888,160688,2116976,0,22340,629884,0,0,0,0.777254,0.999825,0,0,0.154590,36.129675,2,3,3,18,19,20,28,0,17837576,2.879775,3.889983,1818,2753
59abc2d5-18d1-471e-9cea-dd1c8bc831f9,adc154abe3cea812fb9fedff32206f3a879c9e26,cache,cache16_lat,spinalflow,16,resnet19_T4_all,layer_16_layer3_0_conv2,0,16384,8,512,64,262144,16,8192,512,32,2,16,1,16,20,20,12,1,next_burst,4,0,1,5,0,50,1,1,1,1,non_inclusive,lru,6195962,183150,6012812,917099,2930400,0.312960,48,512,0.093750,2248448,71950336,0,0,278608,0,0,95849538,29000,48358,96205504,96157146,403591004,307433858,0.761746,2929888,264875,2012789,0,2424,649800,0,0,0,0.777254,0.999825,0,0,0.154590,34.351983,3,5,5,18,19,20,60,0,17841738,2.879575,3.940827,1818,2753
59abc2d5-18d1-471e-9cea-dd1c8bc831f9,adc154abe3cea812fb9fedff32206f3a879c9e26,cache,cache16_lat,spinalflow,16,resnet19_T4_all,layer_16_layer3_0_conv2,0,16384,8,512,64,262144,16,8192,512,32,2,16,1,16,20,20,12,1,next_burst,8,0,1,5,0,50,1,1,1,1,non_inclusive,lru,6197933,183150,6014783,1086529,2930400,0.370778,48,512,0.093750,2248448,71950336,0,0,494655,0,0,95669462,29000,43923,96237040,96193117,711542164,615349047,0.864810,2929888,434305,1843359,0,1140,651084,0,0,0,0.777254,0.999825,0,0,0.154590,31.461080,6,8,9,18,19,20,123,0,17842974,2.878859,4.011341,1818,2753
86447322-8d6f-4fe0-b357-05773903dcd2,adc154abe3cea812fb9fedff32206f3a879c9e26,cache,cache16_lat,spinalflow,16,resnet19_T4_all,layer_16_layer3_0_conv2,0,16384,8,256,32,262144,16,4096,256,64,4,16,1,16,20,20,12,1,none,0,0,1,5,0,50,1,1,1,1,non_inclusive,lru,5293394,183150,5110244,1442816,2930400,0.492361,1456,1487584,0.000979,1486128,95112192,0,0,0,0,0,17408,81741570,5438,81764416,81758978,81758978,0,0.000000,0,0,0,0,0,0,0,0,0,0.000000,0.999825,0,0,0.184679,25.381927,1,1,1,10,15,16,0,0,10322128,1.950002,1.890566,1818,2753
86447322-8d6f-4fe0-b357-05773903dcd2,adc154abe3cea812fb9fedff32206f3a879c9e26,cache,cache16_lat,spinalflow,16,resnet19_T4_all,layer_16_layer3_0_conv2,0,16384,8,256,32,262144,16,4096,256,64,4,16,1,16,20,20,12,1,next_burst,2,0,1,5,0,50,1,1,1,1,non_inclusive,lru,4119614,183150,3936464,1557473,2930400,0.531488,16,512,0.031250,1486128,95112192,0,0,617939,0,0,62184768,31000,150229,62983936,62833707,123145624,60311917,0.489761,2929888,114657,1372415,0,176567,1266249,0,0,0,0.507464,0.999825,0,0,0.184679,23.425590,1,2,3,18,19,20,28,0,14605971,3.545471,3.319491,1818,2753
86447322-8d6f-4fe0-b357-05773903dcd2,adc154abe3cea812fb9fedff32206f3a879c9e26,cache,cache16_lat,spinalflow,16,resnet19_T4_all,layer_16_layer3_0_conv2,0,16384,8,256,32,262144,16,4096,256,64,4,16,1,16,20,20,12,1,next_burst,4,0,1,5,0,50,1,1,1,1,non_inclusive,lru,4101371,183150,3918221,1637009,2930400,0.558630,16,512,0.031250,1486128,95112192,0,0,756604,0,0,61829283,31000,75161,62692048,62616887,190664766,128047879,0.671586,2929888,194193,1292879,0,10808,1432008,0,0,0,0.507464,0.999825,0,0,0.184679,22.068506,2,4,5,18,19,20,58,0,14736527,3.593073,3.283700,1818,2753
86447322-8d6f-4fe0-b357-05773903dcd2,adc154abe3cea812fb9fedff32206f3a879c9e26,cache,cache16_lat,spinalflow,16,resnet19_T4_all,layer_16_layer3_0_conv2,0,16384,8,256,32,262144,16,4096,256,64,4,16,1,16,20,20,12,1,next_burst,8,0,1,5,0,50,1,1,1,1,non_inclusive,lru,4101305,183150,3918155,1695141,2930400,0.578467,16,512,0.031250,1486128,95112192,0,0,854226,0,0,61763549,31000,42217,62690992,62648775,324742687,262093912,0.807082,2929888,252325,1234747,0,53,1442763,0,0,0,0.507464,0.999825,0,0,0.184679,21.076628,4,6,9,18,19,20,118,0,14737279,3.593315,3.317951,1818,2753
065880de-b844-4c32-9616-48d8a4ebdb02,adc154abe3cea812fb9fedff32206f3a879c9e26,cache,cache16_lat,spinalflow,16,resnet19_T4_all,layer_16_layer3_0_conv2,1,16384,8,1024,128,262144,16,16384,1024,16,1,16,1,16,20,20,12,1,none,0,0,1,5,0,50,1,1,1,1,non_inclusive,lru,10108830,198144,9910686,0,3170304,0.000000,318352,3170304,0.100417,2851952,45631232,0,0,0,0,0,1636316,156883383,51789,158571488,158519699,158519699,0,0.000000,0,0,0,0,0,0,0,0,0,0.000000,0.999839,0,0,0.000000,50.000000,1,1,1,14,16,16,0,0,15533200,1.536597,2.872539,1907,2937
065880de-b844-4c32-9616-48d8a4ebdb02,adc154abe3cea812fb9fedff32206f3a879c9e26,cache,cache16_lat,spinalflow,16,resnet19_T4_all,layer_16_layer3_0_conv2,1,16384,8,1024,128,262144,16,16384,1024,16,1,16,1,16,20,20,12,1,next_burst,2,0,1,5,0,50,1,1,1,1,non_inclusive,lru,7879260,198144,7681116,355505,3170304,0.112136,32,512,0.062500,2851952,45631232,0,0,66251,0,0,122748399,30000,53718,122898368,122844650,374822392,251977742,0.672259,3169792,355505,2814287,0,0,0,0,0,0,0.999839,0.999839,0,0,0.000000,44.393203,2,3,3,18,19,20,28,0,21537416,2.733431,4.598529,1907,2937
065880de-b844-4c32-9616-48d8a4ebdb02,adc154abe3cea812fb9fedff32206f3a879c9e26,cache,cache16_lat,spinalflow,16,resnet19_T4_all,layer_16_layer3_0_conv2,1,16384,8,1024,128,262144,16,16384,1024,16,1,16,1,16,20,20,12,1,next_burst,4,0,1,5,0,50,1,1,1,1,non_inclusive,lru,7889909,198144,7691765,504701,3170304,0.159196,32,512,0.062500,2851952,45631232,0,0,163776,0,0,122835220,30000,39756,123068752,123028996,627671629,504642633,0.803991,3169792,504701,2665091,0,0,0,0,0,0,0.999839,0.999839,0,0,0.000000,42.040180,4,5,5,18,19,20,60,0,21551491,2.731526,4.641199,1907,2937
065880de-b844-4c32-9616-48d8a4ebdb02,adc154abe3cea812fb9fedff32206f3a879c9e26,cache,cache16_lat,spinalflow,16,resnet19_T4_all,layer_16_layer3_0_conv2,1,16384,8,1024,128,262144,16,16384,1024,16,1,16,1,16,20,20,12,1,next_burst,8,0,1,5,0,50,1,1,1,1,non_inclusive,lru,7893320,198144,7695176,548749,3170304,0.173090,32,512,0.062500,2851952,45631232,0,0,242671,0,0,122806405,30000,44252,123123328,123079076,1132449387,1009370311,0.891316,3169792,548749,2621043,0,0,0,0,0,0,0.999839,0.999839,0,0,0.000000,41.345483,8,9,9,18,19,20,124,0,21553995,2.730663,4.830762,1907,2937
b681119c-bc95-4d38-a6e8-e2e65dcad59c,adc154abe3cea812fb9fedff32206f3a879c9e26,cache,cache16_lat,spinalflow,16,resnet19_T4_all,layer_16_layer3_0_conv2,1,16384,8,512,64,262144,16,8192,512,32,2,16,1,16,20,20,12,1,none,0,0,1,5,0,50,1,1,1,1,non_inclusive,lru,8434825,198144,8236681,757248,3170304,0.238857,19312,2413056,0.008003,2393744,76599808,0,0,0,0,0,108514,131664273,14621,131787408,131772787,131772787,0,0.000000,0,0,0,0,0,0,0,0,0,0.000000,0.999839,0,0,0.126432,38.057171,1,1,1,11,15,16,0,0,13560496,1.607680,2.549548,1907,2937
b681119c-bc95-4d38-a6e8-e2e65dcad59c,adc154abe3cea812fb9fedff32206f3a879c9e26,cache,cache16_lat,spinalflow,16,resnet19_T4_all,layer_16_layer3_0_conv2,1,16384,8,512,64,262144,16,8192,512,32,2,16,1,16,20,20,12,1,next_burst,2,0,1,5,0,50,1,1,1,1,non_inclusive,lru,6593004,198144,6394860,931272,3170304,0.293748,32,512,0.062500,2393744,76599808,0,0,167948,0,0,102021730,30000,98594,102318272,102219678,260734975,158515297,0.607956,3169792,174024,2238520,0,28675,728573,0,0,0,0.760982,0.999839,0,0,0.126432,35.312576,2,3,3,18,19,20,28,0,19118399,2.899801,4.187413,1907,2937
b681119c-bc95-4d38-a6e8-e2e65dcad59c,adc154abe3cea812fb9fedff32206f3a879c9e26,cache,cache16_lat,spinalflow,16,resnet19_T4_all,layer_16_layer3_0_conv2,1,16384,8,512,64,262144,16,8192,512,32,2,16,1,16,20,20,12,1,next_burst,4,0,1,5,0,50,1,1,1,1,non_inclusive,lru,6592836,198144,6394692,1044634,3170304,0.329506,32,512,0.062500,2393744,76599808,0,0,319203,0,0,101911349,30000,55032,102315584,102260552,421634621,319374069,0.757466,3169792,287386,2125158,0,1026,756222,0,0,0,0.760982,0.999839,0,0,0.126432,33.524703,3,5,5,18,19,20,59,0,19122782,2.900540,4.241231,1907,2937
b681119c-bc95-4d38-a6e8-e2e65dcad59c,adc154abe3cea812fb9fedff32206f3a879c9e26,cache,cache16_lat,spinalflow,16,resnet19_T4_all,layer_16_layer3_0_conv2,1,16384,8,512,64,262144,16,8192,512,32,2,16,1,16,20,20,12,1,next_burst,8,0,1,5,0,50,1,1,1,1,non_inclusive,lru,6594936,198144,6396792,1188627,3170304,0.374925,32,512,0.062500,2393744,76599808,0,0,507143,0,0,101759482,30000,52559,102349184,102296625,743354328,641057703,0.862385,3169792,431379,1981165,0,786,756462,0,0,0,0.760982,0.999839,0,0,0.126432,31.253738,6,8,9,18,19,20,123,0,19123109,2.899666,4.313982,1907,2937
9da764e3-0838-466c-a2de-0f08b5529aa3,adc154abe3cea812fb9fedff32206f3a879c9e26,cache,cache16_lat,spinalflow,16,resnet19_T4_all,layer_16_layer3_0_conv2,1,16384,8,256,32,262144,16,4096,256,64,4,16,1,16,20,20,12,1,none,0,0,1,5,0,50,1,1,1,1,non_inclusive,lru,5426886,198144,5228742,1648128,3170304,0.519864,1584,1522176,0.001041,1520592,97317888,0,0,0,0,0,17827,83637058,5499,83660384,83654885,83654885,0,0.000000,0,0,0,0,0,0,0,0,0,0.000000,0.999839,0,0,0.139323,24.006783,1,1,1,9,15,16,0,0,10905584,2.009547,2.006215,1907,2937
9da764e3-0838-466c-a2de-0f08b5529aa3,adc154abe3cea812fb9fedff32206f3a879c9e26,cache,cache16_lat,spinalflow,16,resnet19_T4_all,layer_16_layer3_0_conv2,1,16384,8,256,32,262144,16,4096,256,64,4,16,1,16,20,20,12,1,next_burst,2,0,1,5,0,50,1,1,1,1,non_inclusive,lru,4218088,198144,4019944,1765764,3170304,0.556970,0,512,0.000000,1520592,97317888,0,0,726047,0,0,63369287,32000,192282,64319616,64127334,120070875,55943541,0.465921,3169792,117636,1404028,0,209492,1438636,0,0,0,0.479974,0.999839,0,0,0.139323,22.151503,1,2,3,18,19,20,28,0,15386851,3.647826,3.518671,1907,2937
9da764e3-0838-466c-a2de-0f08b5529aa3,adc154abe3cea812fb9fedff32206f3a879c9e26,cache,cache16_lat,spinalflow,16,resnet19_T4_all,layer_16_layer3_0_conv2,1,16384,8,256,32,262144,16,4096,256,64,4,16,1,16,20,20,12,1,next_burst,4,0,1,5,0,50,1,1,1,1,non_inclusive,lru,4197824,198144,3999680,1849408,3170304,0.583354,0,512,0.000000,1520592,97317888,0,0,876851,0,0,62999264,32000,87277,63995392,63908115,185793534,121885419,0.656026,3169792,201280,1320384,0,12167,1635961,0,0,0,0.479974,0.999839,0,0,0.139323,20.832324,2,4,5,18,19,20,58,0,15594115,3.714809,3.513353,1907,2937
9da764e3-0838-466c-a2de-0f08b5529aa3,adc154abe3cea812fb9fedff32206f3a879c9e26,cache,cache16_lat,spinalflow,16,resnet19_T4_all,layer_16_layer3_0_conv2,1,16384,8,256,32,262144,16,4096,256,64,4,16,1,16,20,20,12,1,next_burst,8,0,1,5,0,50,1,1,1,1,non_inclusive,lru,4195677,198144,3997533,1921053,3170304,0.605952,0,512,0.000000,1520592,97317888,0,0,1002048,0,0,62880003,32000,46989,63961040,63914051,316157967,252243916,0.797841,3169792,272925,1248739,0,5,1648123,0,0,0,0.479974,0.999839,0,0,0.139323,19.702385,4,6,8,18,19,20,107,0,15595087,3.716942,3.529380,1907,2937
a4b96356-8a64-467c-8dab-22fc88503a6a,adc154abe3cea812fb9fedff32206f3a879c9e26,cache,cache16_lat,spinalflow,16,resnet19_T4_all,layer_16_layer3_0_conv2,2,16384,8,1024,128,262144,16,16384,1024,16,1,16,1,16,20,20,12,1,none,0,0,1,5,0,50,1,1,1,1,non_inclusive,lru,9768749,191508,9577241,0,3064128,0.000000,308512,3064128,0.100685,2755616,44089856,0,0,0,0,0,1591985,151587334,57049,153236368,153179319,153179319,0,0.000000,0,0,0,0,0,0,0,0,0,0.000000,0.999833,0,0,0.000000,50.000000,1,1,1,14,16,16,0,0,15012160,1.536754,2.825249,1922,2925
a4b96356-8a64-467c-8dab-22fc88503a6a,adc154abe3cea812fb9fedff32206f3a879c9e26,cache,cache16_lat,spinalflow,16,resnet19_T4_all,layer_16_layer3_0_conv2,2,16384,8,1024,128,262144,16,16384,1024,16,1,16,1,16,20,20,12,1,next_burst,2,0,1,5,0,50,1,1,1,1,non_inclusive,lru,7617704,191508,7426196,336084,3064128,0.109683,64,512,0.125000,2755616,44089856,0,0,64446,0,0,118668062,28000,59140,118819648,118760508,362368163,243607655,0.672266,3063616,336084,2727532,0,0,0,0,0,0,0.999833,0.999833,0,0,0.000000,44.515830,2,3,3,18,19,20,28,0,20812709,2.732150,4.409901,1922,2925
a4b96356-8a64-467c-8dab-22fc88503a6a,adc154abe3cea812fb9fedff32206f3a879c9e26,cache,cache16_lat,spinalflow,16,resnet19_T4_all,layer_16_layer3_0_conv2,2,16384,8,1024,128,262144,16,16384,1024,16,1,16,1,16,20,20,12,1,next_burst,4,0,1,5,0,50,1,1,1,1,non_inclusive,lru,7631807,191508,7440299,447463,3064128,0.146033,64,512,0.125000,2755616,44089856,0,0,154571,0,0,118819072,28000,43653,119045296,119001643,607116723,488115080,0.803989,3063616,447463,2616153,0,0,0,0,0,0,0.999833,0.999833,0,0,0.000000,42.698363,4,5,5,18,19,20,60,0,20827433,2.729030,4.489152,1922,2925
a4b96356-8a64-467c-8dab-22fc88503a6a,adc154abe3cea812fb9fedff32206f3a879c9e26,cache,cache16_lat,spinalflow,16,resnet19_T4_all,layer_16_layer3_0_conv2,2,16384,8,1024,128,262144,16,16384,1024,16,1,16,1,16,20,20,12,1,next_burst,8,0,1,5,0,50,1,1,1,1,non_inclusive,lru,7636392,191508,7444884,518468,3064128,0.169206,64,512,0.125000,2755616,44089856,0,0,226153,0,0,118822935,28000,41568,119118656,119077088,1095639955,976562867,0.891317,3063616,518468,2545148,0,0,0,0,0,0,0.999833,0.999833,0,0,0.000000,41.539714,8,9,9,18,19,20,124,0,20830365,2.727776,4.702028,1922,2925
19e90e72-4560-4dff-9450-d55db4519628,adc154abe3cea812fb9fedff32206f3a879c9e26,cache,cache16_lat,spinalflow,16,resnet19_T4_all,layer_16_layer3_0_conv2,2,16384,8,512,64,262144,16,8192,512,32,2,16,1,16,20,20,12,1,none,0,0,1,5,0,50,1,1,1,1,non_inclusive,lru,8265473,191508,8073965,697696,3064128,0.227698,20160,2366432,0.008519,2346272,75080704,0,0,0,0,0,112941,129053711,17300,129183952,129166652,129166652,0,0.000000,0,0,0,0,0,0,0,0,0,0.000000,0.999833,0,0,0.079063,38.615097,1,1,1,11,15,16,0,0,13207424,1.597903,2.446834,1922,2925
19e90e72-4560-4dff-9450-d55db4519628,adc154abe3cea812fb9fedff32206f3a879c9e26,cache,cache16_lat,spinalflow,16,resnet19_T4_all,layer_16_layer3_0_conv2,2,16384,8,512,64,262144,16,8192,512,32,2,16,1,16,20,20,12,1,next_burst,2,0,1,5,0,50,1,1,1,1,non_inclusive,lru,6462047,191508,6270539,858634,3064128,0.280221,64,512,0.125000,2346272,75080704,0,0,146618,0,0,100055160,28000,99358,100329136,100229778,257515305,157285527,0.610781,3063616,160938,2204982,0,22752,674944,0,0,0,0.772135,0.999833,0,0,0.079063,35.988934,2,3,3,18,19,20,28,0,18611865,2.880181,4.059690,1922,2925
19e90e72-4560-4dff-9450-d55db4519628,adc154abe3cea812fb9fedff32206f3a879c9e26,cache,cache16_lat,spinalflow,16,resnet19_T4_all,layer_16_layer3_0_conv2,2,16384,8,512,64,262144,16,8192,512,32,2,16,1,16,20,20,12,1,next_burst,4,0,1,5,0,50,1,1,1,1,non_inclusive,lru,6462880,191508,6271372,974795,3064128,0.318131,64,512,0.125000,2346272,75080704,0,0,304649,0,0,99965819,28000,43996,100342464,100298468,419008536,318710068,0.760629,3063616,277099,2088821,0,1175,696521,0,0,0,0.772135,0.999833,0,0,0.079063,34.093435,3,5,5,18,19,20,60,0,18616080,2.880462,4.078955,1922,2925
19e90e72-4560-4dff-9450-d55db4519628,adc154abe3cea812fb9fedff32206f3a879c9e26,cache,cache16_lat,spinalflow,16,resnet19_T4_all,layer_16_layer3_0_conv2,2,16384,8,512,64,262144,16,8192,512,32,2,16,1,16,20,20,12,1,next_burst,8,0,1,5,0,50,1,1,1,1,non_inclusive,lru,6464795,191508,6273287,1121250,3064128,0.365928,64,512,0.125000,2346272,75080704,0,0,493463,0,0,99794831,28000,56810,100373104,100316294,738413975,638097681,0.864146,3063616,423554,1942366,0,1117,696579,0,0,0,0.772135,0.999833,0,0,0.079063,31.703604,6,8,9,18,19,20,124,0,18616464,2.879668,4.178446,1922,2925
00c301d9-b995-45a0-8cb1-a8c24a796876,adc154abe3cea812fb9fedff32206f3a879c9e26,cache,cache16_lat,spinalflow,16,resnet19_T4_all,layer_16_layer3_0_conv2,2,16384,8,256,32,262144,16,4096,256,64,4,16,1,16,20,20,12,1,none,0,0,1,5,0,50,1,1,1,1,non_inclusive,lru,5362938,191508,5171430,1558752,3064128,0.508710,1536,1505376,0.001020,1503840,96245760,0,0,0,0,0,17251,82716231,9910,82743392,82733482,82733482,0,0.000000,0,0,0,0,0,0,0,0,0,0.000000,0.999833,0,0,0.087457,24.564509,1,1,1,9,15,16,0,0,10642880,1.984524,1.950114,1922,2925
00c301d9-b995-45a0-8cb1-a8c24a796876,adc154abe3cea812fb9fedff32206f3a879c9e26,cache,cache16_lat,spinalflow,16,resnet19_T4_all,layer_16_layer3_0_conv2,2,16384,8,256,32,262144,16,4096,256,64,4,16,1,16,20,20,12,1,next_burst,2,0,1,5,0,50,1,1,1,1,non_inclusive,lru,4170735,191508,3979227,1669382,3064128,0.544815,0,512,0.000000,1503840,96245760,0,0,669485,0,0,62793000,32000,173659,63668144,63494485,121072297,57577812,0.475566,3063616,110630,1394234,0,192422,1366330,0,0,0,0.491123,0.999833,0,0,0.087457,22.759265,1,2,3,18,19,20,28,0,15019424,3.601146,3.418242,1922,2925
00c301d9-b995-45a0-8cb1-a8c24a796876,adc154abe3cea812fb9fedff32206f3a879c9e26,cache,cache16_lat,spinalflow,16,resnet19_T4_all,layer_16_layer3_0_conv2,2,16384,8,256,32,262144,16,4096,256,64,4,16,1,16,20,20,12,1,next_burst,4,0,1,5,0,50,1,1,1,1,non_inclusive,lru,4151065,191508,3959557,1753074,3064128,0.572128,0,512,0.000000,1503840,96245760,0,0,814788,0,0,62422068,32000,84568,63353424,63268856,187137126,123868270,0.661912,3063616,194322,1310542,0,11019,1547733,0,0,0,0.491123,0.999833,0,0,0.087457,21.393591,2,4,5,18,19,20,57,0,15208695,3.663806,3.400380,1922,2925
00c301d9-b995-45a0-8cb1-a8c24a796876,adc154abe3cea812fb9fedff32206f3a879c9e26,cache,cache16_lat,spinalflow,16,resnet19_T4_all,layer_16_layer3_0_conv2,2,16384,8,256,32,262144,16,4096,256,64,4,16,1,16,20,20,12,1,next_burst,8,0,1,5,0,50,1,1,1,1,non_inclusive,lru,4150277,191508,3958769,1819156,3064128,0.593695,0,512,0.000000,1503840,96245760,0,0,931105,0,0,62336747,32000,40964,63340816,63299852,318328791,255028939,0.801149,3063616,260404,1244460,0,23,1558729,0,0,0,0.491123,0.999833,0,0,0.087457,20.315274,4,6,9,18,19,20,106,0,15209419,3.664676,3.420129,1922,2925
a85191cf-beac-4e6e-aee6-3806c8740e63,adc154abe3cea812fb9fedff32206f3a879c9e26,cache,cache16_lat,spinalflow,16,resnet19_T4_all,layer_16_layer3_0_conv2,3,16384,8,1024,128,262144,16,16384,1024,16,1,16,1,16,20,20,12,1,none,0,0,1,5,0,50,1,1,1,1,non_inclusive,lru,8941312,179768,8761544,0,2876288,0.000000,363856,2876288,0.126502,2512432,40198912,0,0,0,0,0,1890943,138222793,71480,140185216,140113736,140113736,0,0.000000,0,0,0,0,0,0,0,0,0,0.000000,0.999822,0,0,0.000000,50.000000,1,1,1,14,16,16,0,0,14017616,1.567736,2.606481,1868,2895
a85191cf-beac-4e6e-aee6-3806c8740e63,adc154abe3cea812fb9fedff32206f3a879c9e26,cache,cache16_lat,spinalflow,16,resnet19_T4_all,layer_16_layer3_0_conv2,3,16384,8,1024,128,262144,16,16384,1024,16,1,16,1,16,20,20,12,1,next_burst,2,0,1,5,0,50,1,1,1,1,non_inclusive,lru,6959339,179768,6779571,361272,2876288,0.125604,0,512,0.000000,2512432,40198912,0,0,74680,0,0,108297225,32000,69743,108473648,108403905,330910489,222506584,0.672407,2875776,361272,2514504,0,0,0,0,0,0,0.999822,0.999822,0,0,0.000000,43.719822,2,3,3,18,19,20,28,0,19365184,2.782618,4.125980,1868,2895
a85191cf-beac-4e6e-aee6-3806c8740e63,adc154abe3cea812fb9fedff32206f3a879c9e26,cache,cache16_lat,spinalflow,16,resnet19_T4_all,layer_16_layer3_0_conv2,3,16384,8,1024,128,262144,16,16384,1024,16,1,16,1,16,20,20,12,1,next_burst,4,0,1,5,0,50,1,1,1,1,non_inclusive,lru,6988415,179768,6808647,491294,2876288,0.170808,0,512,0.000000,2512432,40198912,0,0,181793,0,0,108673537,32000,51534,108938864,108887330,555826046,446938716,0.804098,2875776,491294,2384482,0,0,0,0,0,0,0.999822,0.999822,0,0,0.000000,41.459583,4,5,5,18,19,20,60,0,19396857,2.775573,4.195415,1868,2895
a85191cf-beac-4e6e-aee6-3806c8740e63,adc154abe3cea812fb9fedff32206f3a879c9e26,cache,cache16_lat,spinalflow,16,resnet19_T4_all,layer_16_layer3_0_conv2,3,16384,8,1024,128,262144,16,16384,1024,16,1,16,1,16,20,20,12,1,next_burst,8,0,1,5,0,50,1,1,1,1,non_inclusive,lru,6996005,179768,6816237,559244,2876288,0.194433,0,512,0.000000,2512432,40198912,0,0,270579,0,0,108703694,32000,54031,109060304,109006273,1003593251,894586978,0.891384,2875776,559244,2316532,0,0,0,0,0,0,0.999822,0.999822,0,0,0.000000,40.278373,8,9,9,18,19,20,124,0,19404604,2.773669,4.364763,1868,2895
909f8edb-d3e6-4146-87ce-f1b43777c887,adc154abe3cea812fb9fedff32206f3a879c9e26,cache,cache16_lat,spinalflow,16,resnet19_T4_all,layer_16_layer3_0_conv2,3,16384,8,512,64,262144,16,8192,512,32,2,16,1,16,20,20,12,1,none,0,0,1,5,0,50,1,1,1,1,non_inclusive,lru,7872146,179768,7692378,615008,2876288,0.213820,26896,2261280,0.011894,2234384,71500288,0,0,0,0,0,150425,122902020,26115,123078560,123052445,123052445,0,0.000000,0,0,0,0,0,0,0,0,0,0.000000,0.999822,0,0,0.080722,39.308998,1,1,1,11,15,16,0,0,12509552,1.589090,2.315203,1868,2895
909f8edb-d3e6-4146-87ce-f1b43777c887,adc154abe3cea812fb9fedff32206f3a879c9e26,cache,cache16_lat,spinalflow,16,resnet19_T4_all,layer_16_layer3_0_conv2,3,16384,8,512,64,262144,16,8192,512,32,2,16,1,16,20,20,12,1,next_burst,2,0,1,5,0,50,1,1,1,1,non_inclusive,lru,6154922,179768,5975154,768986,2876288,0.267354,16,512,0.031250,2234384,71500288,0,0,136034,0,0,95355617,31000,80325,95602976,95522651,248753164,153230513,0.615994,2875776,153978,2106790,0,22468,592540,0,0,0,0.786002,0.999822,0,0,0.080722,36.632319,2,3,3,18,19,20,28,0,17614529,2.861861,3.820750,1868,2895
909f8edb-d3e6-4146-87ce-f1b43777c887,adc154abe3cea812fb9fedff32206f3a879c9e26,cache,cache16_lat,spinalflow,16,resnet19_T4_all,layer_16_layer3_0_conv2,3,16384,8,512,64,262144,16,8192,512,32,2,16,1,16,20,20,12,1,next_burst,4,0,1,5,0,50,1,1,1,1,non_inclusive,lru,6155947,179768,5976179,874641,2876288,0.304087,16,512,0.031250,2234384,71500288,0,0,272508,0,0,95266661,31000,49207,95619376,95570169,405692760,310122591,0.764427,2875776,259633,2001135,0,2382,612626,0,0,0,0.786002,0.999822,0,0,0.080722,34.795664,3,5,5,18,19,20,60,0,17617929,2.861936,3.852220,1868,2895
909f8edb-d3e6-4146-87ce-f1b43777c887,adc154abe3cea812fb9fedff32206f3a879c9e26,cache,cache16_lat,spinalflow,16,resnet19_T4_all,layer_16_layer3_0_conv2,3,16384,8,512,64,262144,16,8192,512,32,2,16,1,16,20,20,12,1,next_burst,8,0,1,5,0,50,1,1,1,1,non_inclusive,lru,6157957,179768,5978189,1018574,2876288,0.354128,16,512,0.031250,2234384,71500288,0,0,456265,0,0,95106999,31000,57272,95651536,95594264,715221131,619626867,0.866343,2875776,403566,1857202,0,1708,613300,0,0,0,0.786002,0.999822,0,0,0.080722,32.293602,6,8,9,18,19,20,124,0,17618531,2.861100,3.962937,1868,2895
93bdba3f-292e-4280-9422-5f5e903488fc,adc154abe3cea812fb9fedff32206f3a879c9e26,cache,cache16_lat,spinalflow,16,resnet19_T4_all,layer_16_layer3_0_conv2,3,16384,8,256,32,262144,16,4096,256,64,4,16,1,16,20,20,12,1,none,0,0,1,5,0,50,1,1,1,1,non_inclusive,lru,5209425,179768,5029657,1411520,2876288,0.490744,2160,1464768,0.001475,1462608,93606912,0,0,0,0,0,20054,80448607,6363,80475024,80468661,80468661,0,0.000000,0,0,0,0,0,0,0,0,0,0.000000,0.999822,0,0,0.083116,25.462819,1,1,1,10,15,16,0,0,10144752,1.947384,1.848647,1868,2895
93bdba3f-292e-4280-9422-5f5e903488fc,adc154abe3cea812fb9fedff32206f3a879c9e26,cache,cache16_lat,spinalflow,16,resnet19_T4_all,layer_16_layer3_0_conv2,3,16384,8,256,32,262144,16,4096,256,64,4,16,1,16,20,20,12,1,next_burst,2,0,1,5,0,50,1,1,1,1,non_inclusive,lru,4055033,179768,3875265,1520901,2876288,0.528772,16,512,0.031250,1462608,93606912,0,0,595130,0,0,61223447,31000,155175,62004752,61849577,120582812,58733235,0.487078,2875776,109381,1354875,0,165829,1245691,0,0,0,0.509078,0.999822,0,0,0.083116,23.561392,1,3,3,18,19,20,28,0,14331050,3.534139,3.227199,1868,2895
93bdba3f-292e-4280-9422-5f5e903488fc,adc154abe3cea812fb9fedff32206f3a879c9e26,cache,cache16_lat,spinalflow,16,resnet19_T4_all,layer_16_layer3_0_conv2,3,16384,8,256,32,262144,16,4096,256,64,4,16,1,16,20,20,12,1,next_burst,4,0,1,5,0,50,1,1,1,1,non_inclusive,lru,4037441,179768,3857673,1598313,2876288,0.555686,16,512,0.031250,1462608,93606912,0,0,729025,0,0,60887420,31000,75835,61723280,61647445,187435465,125788020,0.671100,2875776,186793,1277463,0,10058,1401462,0,0,0,0.509078,0.999822,0,0,0.083116,22.215700,2,4,5,18,19,20,58,0,14481475,3.586795,3.238554,1868,2895
93bdba3f-292e-4280-9422-5f5e903488fc,adc154abe3cea812fb9fedff32206f3a879c9e26,cache,cache16_lat,spinalflow,16,resnet19_T4_all,layer_16_layer3_0_conv2,3,16384,8,256,32,262144,16,4096,256,64,4,16,1,16,20,20,12,1,next_burst,8,0,1,5,0,50,1,1,1,1,non_inclusive,lru,4037489,179768,3857721,1662002,2876288,0.577829,16,512,0.031250,1462608,93606912,0,0,839031,0,0,60816537,31000,37480,61724048,61686568,321983376,260296808,0.808417,2875776,250482,1213774,0,147,1411373,0,0,0,0.509078,0.999822,0,0,0.083116,21.108561,4,6,9,18,19,20,107,0,14482220,3.586937,3.274880,1868,2895
bc041d75-ff41-4d7f-9998-87a977c48b48,adc154abe3cea812fb9fedff32206f3a879c9e26,cache,cache16_lat,spinalflow,16,resnet19_T4_all,layer_16_layer3_0_conv2,4,16384,8,1024,128,262144,16,16384,1024,16,1,16,1,16,20,20,12,1,none,0,0,1,5,0,50,1,1,1,1,non_inclusive,lru,8657864,175538,8482326,0,2808608,0.000000,379360,2808608,0.135070,2429248,38867968,0,0,0,0,0,1987740,133653425,76563,135717728,135641165,135641165,0,0.000000,0,0,0,0,0,0,0,0,0,0.000000,0.999818,0,0,0.000000,50.000000,1,1,1,14,16,16,0,0,13663712,1.578185,2.562888,1830,2817
bc041d75-ff41-4d7f-9998-87a977c48b48,adc154abe3cea812fb9fedff32206f3a879c9e26,cache,cache16_lat,spinalflow,16,resnet19_T4_all,layer_16_layer3_0_conv2,4,16384,8,1024,128,262144,16,16384,1024,16,1,16,1,16,20,20,12,1,next_burst,2,0,1,5,0,50,1,1,1,1,non_inclusive,lru,6739991,175538,6564453,354757,2808608,0.126311,0,512,0.000000,2429248,38867968,0,0,75851,0,0,104853223,32000,70686,105031760,104961074,320458002,215496928,0.672465,2808096,354757,2453339,0,0,0,0,0,0,0.999818,0.999818,0,0,0.000000,43.684469,2,3,3,18,19,20,28,0,18842180,2.795579,4.032470,1830,2817
bc041d75-ff41-4d7f-9998-87a977c48b48,adc154abe3cea812fb9fedff32206f3a879c9e26,cache,cache16_lat,spinalflow,16,resnet19_T4_all,layer_16_layer3_0_conv2,4,16384,8,1024,128,262144,16,16384,1024,16,1,16,1,16,20,20,12,1,next_burst,4,0,1,5,0,50,1,1,1,1,non_inclusive,lru,6773487,175538,6597949,475435,2808608,0.169278,0,512,0.000000,2429248,38867968,0,0,183059,0,0,105300934,32000,51703,105567696,105515993,538707643,433191650,0.804131,2808096,475435,2332661,0,0,0,0,0,0,0.999818,0.999818,0,0,0.000000,41.536110,4,5,5,18,19,20,60,0,18879873,2.787320,4.093580,1830,2817
bc041d75-ff41-4d7f-9998-87a977c48b48,adc154abe3cea812fb9fedff32206f3a879c9e26,cache,cache16_lat,spinalflow,16,resnet19_T4_all,layer_16_layer3_0_conv2,4,16384,8,1024,128,262144,16,16384,1024,16,1,16,1,16,20,20,12,1,next_burst,8,0,1,5,0,50,1,1,1,1,non_inclusive,lru,6791639,175538,6616101,566875,2808608,0.201835,0,512,0.000000,2429248,38867968,0,0,274668,0,0,105504693,32000,46767,105858128,105811361,974352491,868541130,0.891403,2808096,566875,2241221,0,0,0,0,0,0,0.999818,0.999818,0,0,0.000000,39.908257,8,9,9,18,19,20,124,0,18896074,2.782255,4.280938,1830,2817
64976ba2-a090-4a3f-8c31-1d4699690b77,adc154abe3cea812fb9fedff32206f3a879c9e26,cache,cache16_lat,spinalflow,16,resnet19_T4_all,layer_16_layer3_0_conv2,4,16384,8,512,64,262144,16,8192,512,32,2,16,1,16,20,20,12,1,none,0,0,1,5,0,50,1,1,1,1,non_inclusive,lru,7609596,175538,7434058,612928,2808608,0.218232,37344,2195680,0.017008,2158336,69066752,0,0,0,0,0,199724,118719867,25849,118945440,118919591,118919591,0,0.000000,0,0,0,0,0,0,0,0,0,0.000000,0.999818,0,0,0.119508,39.088403,1,1,1,11,15,16,0,0,12166944,1.598895,2.260188,1830,2817
64976ba2-a090-4a3f-8c31-1d4699690b77,adc154abe3cea812fb9fedff32206f3a879c9e26,cache,cache16_lat,spinalflow,16,resnet19_T4_all,layer_16_layer3_0_conv2,4,16384,8,512,64,262144,16,8192,512,32,2,16,1,16,20,20,12,1,next_burst,2,0,1,5,0,50,1,1,1,1,non_inclusive,lru,5946283,175538,5770745,774880,2808608,0.275895,0,512,0.000000,2158336,69066752,0,0,139800,0,0,92081593,32000,79039,92332432,92253393,238852943,146599550,0.613765,2808096,161952,2033216,0,22457,590471,0,0,0,0.781586,0.999818,0,0,0.119508,36.205266,2,3,3,18,19,20,28,0,17127579,2.880384,3.732415,1830,2817
64976ba2-a090-4a3f-8c31-1d4699690b77,adc154abe3cea812fb9fedff32206f3a879c9e26,cache,cache16_lat,spinalflow,16,resnet19_T4_all,layer_16_layer3_0_conv2,4,16384,8,512,64,262144,16,8192,512,32,2,16,1,16,20,20,12,1,next_burst,4,0,1,5,0,50,1,1,1,1,non_inclusive,lru,5947780,175538,5772242,880609,2808608,0.313539,0,512,0.000000,2158336,69066752,0,0,277918,0,0,92001975,32000,44491,92356384,92311893,389310365,296998472,0.762884,2808096,267681,1927487,0,2761,610167,0,0,0,0.781586,0.999818,0,0,0.119508,34.323035,3,5,5,18,19,20,60,0,17131838,2.880375,3.781567,1830,2817
64976ba2-a090-4a3f-8c31-1d4699690b77,adc154abe3cea812fb9fedff32206f3a879c9e26,cache,cache16_lat,spinalflow,16,resnet19_T4_all,layer_16_layer3_0_conv2,4,16384,8,512,64,262144,16,8192,512,32,2,16,1,16,20,20,12,1,next_burst,8,0,1,5,0,50,1,1,1,1,non_inclusive,lru,5949671,175538,5774133,1029002,2808608,0.366374,0,512,0.000000,2158336,69066752,0,0,472919,0,0,91846941,32000,34780,92386640,92351860,687123894,594772034,0.865596,2808096,416074,1779094,0,2465,610463,0,0,0,0.781586,0.999818,0,0,0.119508,31.681281,6,8,9,18,19,20,123,0,17132404,2.879555,3.875558,1830,2817
388d74ab-86f4-4b45-aed7-e8f77407b805,adc154abe3cea812fb9fedff32206f3a879c9e26,cache,cache16_lat,spinalflow,16,resnet19_T4_all,layer_16_layer3_0_conv2,4,16384,8,256,32,262144,16,4096,256,64,4,16,1,16,20,20,12,1,none,0,0,1,5,0,50,1,1,1,1,non_inclusive,lru,5132552,175538,4957014,1365312,2808608,0.486117,1840,1443296,0.001275,1441456,92253184,0,0,0,0,0,16339,79285863,10534,79312736,79302202,79302202,0,0.000000,0,0,0,0,0,0,0,0,0,0.000000,0.999818,0,0,0.127937,25.694152,1,1,1,10,15,16,0,0,9945296,1.937690,1.822098,1830,2817
388d74ab-86f4-4b45-aed7-e8f77407b805,adc154abe3cea812fb9fedff32206f3a879c9e26,cache,cache16_lat,spinalflow,16,resnet19_T4_all,layer_16_layer3_0_conv2,4,16384,8,256,32,262144,16,4096,256,64,4,16,1,16,20,20,12,1,next_burst,2,0,1,5,0,50,1,1,1,1,non_inclusive,lru,3992823,175538,3817285,1470705,2808608,0.523642,0,512,0.000000,1441456,92253184,0,0,578601,0,0,60312192,32000,154279,61077072,60922793,119320399,58397606,0.489418,2808096,105393,1337391,0,163953,1201359,0,0,0,0.513701,0.999818,0,0,0.127937,23.817902,1,3,3,18,19,20,28,0,14069795,3.523771,3.172818,1830,2817
388d74ab-86f4-4b45-aed7-e8f77407b805,adc154abe3cea812fb9fedff32206f3a879c9e26,cache,cache16_lat,spinalflow,16,resnet19_T4_all,layer_16_layer3_0_conv2,4,16384,8,256,32,262144,16,4096,256,64,4,16,1,16,20,20,12,1,next_burst,4,0,1,5,0,50,1,1,1,1,non_inclusive,lru,3979201,175538,3803663,1548745,2808608,0.551428,0,512,0.000000,1441456,92253184,0,0,712991,0,0,60040127,32000,74002,60859120,60785118,187092746,126307628,0.675107,2808096,183433,1259351,0,10231,1355081,0,0,0,0.513701,0.999818,0,0,0.127937,22.428602,2,4,5,18,19,20,59,0,14193347,3.566884,3.178931,1830,2817
388d74ab-86f4-4b45-aed7-e8f77407b805,adc154abe3cea812fb9fedff32206f3a879c9e26,cache,cache16_lat,spinalflow,16,resnet19_T4_all,layer_16_layer3_0_conv2,4,16384,8,256,32,262144,16,4096,256,64,4,16,1,16,20,20,12,1,next_burst,8,0,1,5,0,50,1,1,1,1,non_inclusive,lru,3978774,175538,3803236,1621738,2808608,0.577417,0,512,0.000000,1441456,92253184,0,0,837254,0,0,59943263,32000,39771,60852288,60812517,318973662,258161145,0.809349,2808096,256426,1186358,0,355,1364957,0,0,0,0.513701,0.999818,0,0,0.127937,21.129150,4,6,9,18,19,20,107,0,14193943,3.567416,3.208152,1830,2817
e52e8ae0-deb2-4964-ae69-4389744446a4,adc154abe3cea812fb9fedff32206f3a879c9e26,cache,cache16_lat,spinalflow,16,vgg16_T4_all,layer_01_features_3,0,16384,8,1024,128,262144,16,16384,1024,16,1,16,1,16,20,20,12,1,none,0,0,1,5,0,50,1,1,1,1,non_inclusive,lru,1265199,211820,1053379,1898536,3119232,0.608655,1217276,1220696,0.997198,1656,26496,0,0,0,0,0,14384537,190500,2557107,17132144,14575037,14575037,0,0.000000,0,0,0,0,0,0,0,0,0,0.000000,0.997374,0,0,0.000000,19.567252,1,1,1,5,8,8,0,0,8682024,6.862181,1.565624,116,170
e52e8ae0-deb2-4964-ae69-4389744446a4,adc154abe3cea812fb9fedff32206f3a879c9e26,cache,cache16_lat,spinalflow,16,vgg16_T4_all,layer_01_features_3,0,16384,8,1024,128,262144,16,16384,1024,16,1,16,1,16,20,20,12,1,next_burst,2,0,1,5,0,50,1,1,1,1,non_inclusive,lru,1252069,211820,1040249,1998982,3119232,0.640857,6595,6675,0.988015,1656,26496,0,0,1374231,0,0,13925844,4912,1617077,16922064,15304987,33232542,17927555,0.539458,3111040,100446,1113575,0,1897019,0,0,0,0,0.389205,0.997374,0,0,0.000000,17.957145,1,3,3,8,17,20,11,0,11793452,9.419171,2.798512,116,170
e52e8ae0-deb2-4964-ae69-4389744446a4,adc154abe3cea812fb9fedff32206f3a879c9e26,cache,cache16_lat,spinalflow,16,vgg16_T4_all,layer_01_features_3,0,16384,8,1024,128,262144,16,16384,1024,16,1,16,1,16,20,20,12,1,next_burst,4,0,1,5,0,50,1,1,1,1,non_inclusive,lru,1243347,211820,1031527,2079281,3119232,0.666600,11387,11467,0.993023,1656,26496,0,0,1504657,0,0,13937603,4912,1335340,16782512,15447172,50478927,35031755,0.693988,3111040,180768,1028484,0,1901788,0,0,0,0,0.387676,0.997374,0,0,0.000000,16.669985,2,4,5,8,16,20,48,0,11793984,9.485674,2.836825,116,170
e52e8ae0-deb2-4964-ae69-4389744446a4,adc154abe3cea812fb9fedff32206f3a879c9e26,cache,cache16_lat,spinalflow,16,vgg16_T4_all,layer_01_features_3,0,16384,8,1024,128,262144,16,16384,1024,16,1,16,1,16,20,20,12,1,next_burst,8,0,1,5,0,50,1,1,1,1,non_inclusive,lru,1242604,211820,1030784,2207486,3119232,0.707702,74153,74233,0.998922,1656,26496,0,0,1681316,0,0,13742193,4912,1342203,16770624,15428421,79991535,64563114,0.807124,3111040,309569,837513,0,1963958,0,0,0,0,0.367745,0.997374,0,0,0.000000,14.614912,4,7,9,9,15,20,112,0,11795542,9.492599,2.902569,116,170
b10368d4-3415-430f-a34a-a86cab731cd7,adc154abe3cea812fb9fedff32206f3a879c9e26,cache,cache16_lat,spinalflow,16,vgg16_T4_all,layer_01_features_3,0,16384,8,512,64,262144,16,8192,512,32,2,16,1,16,20,20,12,1,none,0,0,1,5,0,50,1,1,1,1,non_inclusive,lru,1683772,211820,1471952,1461912,3119232,0.468677,1655186,1657320,0.998712,1008,32256,0,0,0,0,0,21420874,119163,2289275,23829312,21540037,21540037,0,0.000000,0,0,0,0,0,0,0,0,0,0.000000,0.997374,0,0,0.178571,26.566155,1,1,1,4,7,8,0,0,9554624,5.674536,1.641428,116,170
b10368d4-3415-430f-a34a-a86cab731cd7,adc154abe3cea812fb9fedff32206f3a879c9e26,cache,cache16_lat,spinalflow,16,vgg16_T4_all,layer_01_features_3,0,16384,8,512,64,262144,16,8192,512,32,2,16,1,16,20,20,12,1,next_burst,2,0,1,5,0,50,1,1,1,1,non_inclusive,lru,1667383,211820,1455563,1608713,3119232,0.515740,7858,7922,0.991921,1008,32256,0,0,813014,0,0,21175984,3928,1574162,23567088,21992926,50032364,28039438,0.560426,3111040,146801,1502597,0,1202248,259394,0,0,0,0.528783,0.997374,0,0,0.178571,24.212995,1,3,3,7,16,20,11,0,12665970,7.596317,2.865628,116,170
b10368d4-3415-430f-a34a-a86cab731cd7,adc154abe3cea812fb9fedff32206f3a879c9e26,cache,cache16_lat,spinalflow,16,vgg16_T4_all,layer_01_features_3,0,16384,8,512,64,262144,16,8192,512,32,2,16,1,16,20,20,12,1,next_burst,4,0,1,5,0,50,1,1,1,1,non_inclusive,lru,1664724,211820,1452904,1688500,3119232,0.541319,14818,14882,0.995700,1008,32256,0,0,933854,0,0,21157335,3928,1429427,23524544,22095117,78334961,56239844,0.717941,3111040,226604,1415850,0,1208054,260532,0,0,0,0.526557,0.997374,0,0,0.178571,22.934043,2,4,5,8,16,20,48,0,12666188,7.608581,2.911040,116,170
b10368d4-3415-430f-a34a-a86cab731cd7,adc154abe3cea812fb9fedff32206f3a879c9e26,cache,cache16_lat,spinalflow,16,vgg16_T4_all,layer_01_features_3,0,16384,8,512,64,262144,16,8192,512,32,2,16,1,16,20,20,12,1,next_burst,8,0,1,5,0,50,1,1,1,1,non_inclusive,lru,1666273,211820,1454453,1889502,3119232,0.605759,84935,84999,0.999247,1008,32256,0,0,1205356,0,0,20892993,3928,1447051,23549328,22102277,128121637,106019360,0.827490,3111040,428393,1144731,0,1290398,247518,0,0,0,0.504331,0.997374,0,0,0.178571,19.712064,4,7,9,8,16,20,104,0,12668068,7.602637,3.012985,116,170
7ccfbce7-f4c1-41f5-9f97-66482139cf79,adc154abe3cea812fb9fedff32206f3a879c9e26,cache,cache16_lat,spinalflow,16,vgg16_T4_all,layer_01_features_3,0,16384,8,256,32,262144,16,4096,256,64,4,16,1,16,20,20,12,1,none,0,0,1,5,0,50,1,1,1,1,non_inclusive,lru,1796267,211820,1584447,1344864,3119232,0.431152,1773176,1774368,0.999328,540,34560,0,0,0,0,0,23410380,66867,2151985,25629232,23477247,23477247,0,0.000000,0,0,0,0,0,0,0,0,0,0.000000,0.997374,0,0,0.233333,28.442386,1,1,1,4,7,8,0,0,9788252,5.449219,1.661910,116,170
7ccfbce7-f4c1-41f5-9f97-66482139cf79,adc154abe3cea812fb9fedff32206f3a879c9e26,cache,cache16_lat,spinalflow,16,vgg16_T4_all,layer_01_features_3,0,16384,8,256,32,262144,16,4096,256,64,4,16,1,16,20,20,12,1,next_burst,2,0,1,5,0,50,1,1,1,1,non_inclusive,lru,1780664,211820,1568844,1510293,3119232,0.484187,8683,8723,0.995414,540,34560,0,0,677729,0,0,23117542,2456,1581857,25379584,23797727,54845371,31047644,0.566094,3111040,165429,1600216,0,721126,624269,0,0,0,0.566051,0.997374,0,0,0.233333,25.790627,1,3,3,9,18,20,11,0,12899404,7.244154,2.907634,116,170
7ccfbce7-f4c1-41f5-9f97-66482139cf79,adc154abe3cea812fb9fedff32206f3a879c9e26,cache,cache16_lat,spinalflow,16,vgg16_T4_all,layer_01_features_3,0,16384,8,256,32,262144,16,4096,256,64,4,16,1,16,20,20,12,1,next_burst,4,0,1,5,0,50,1,1,1,1,non_inclusive,lru,1779122,211820,1567302,1587765,3119232,0.509024,13977,14017,0.997146,540,34560,0,0,796936,0,0,23042665,2456,1512855,25354912,23842057,86383530,62541473,0.723998,3111040,242911,1517450,0,680678,670001,0,0,0,0.564357,0.997374,0,0,0.233333,24.548783,3,4,5,9,16,20,48,0,12899654,7.250573,2.933300,116,170
7ccfbce7-f4c1-41f5-9f97-66482139cf79,adc154abe3cea812fb9fedff32206f3a879c9e26,cache,cache16_lat,spinalflow,16,vgg16_T4_all,layer_01_features_3,0,16384,8,256,32,262144,16,4096,256,64,4,16,1,16,20,20,12,1,next_burst,8,0,1,5,0,50,1,1,1,1,non_inclusive,lru,1780454,211820,1568634,1783708,3119232,0.571842,68980,69020,0.999420,540,34560,0,0,1058207,0,0,22910059,2456,1405502,25376224,23970722,144615607,120644885,0.834245,3111040,439474,1266504,0,764302,640760,0,0,0,0.546922,0.997374,0,0,0.233333,21.407898,5,7,9,9,17,20,96,0,12901132,7.245979,3.030742,116,170
a9bbdcc7-2ed6-4942-8655-08ba67aed95f,adc154abe3cea812fb9fedff32206f3a879c9e26,cache,cache16_lat,spinalflow,16,vgg16_T4_all,layer_01_features_3,1,16384,8,1024,128,262144,16,16384,1024,16,1,16,1,16,20,20,12,1,none,0,0,1,5,0,50,1,1,1,1,non_inclusive,lru,1986324,248879,1737445,1625456,3573384,0.454879,1943209,1947928,0.997577,2256,36096,0,0,0,0,0,23767282,262554,4186156,28215992,24029836,24029836,0,0.000000,0,0,0,0,0,0,0,0,0,0.000000,0.997707,0,0,0.000000,27.256069,1,1,1,4,7,8,0,0,11045392,5.560720,1.884960,129,248
a9bbdcc7-2ed6-4942-8655-08ba67aed95f,adc154abe3cea812fb9fedff32206f3a879c9e26,cache,cache16_lat,spinalflow,16,vgg16_T4_all,layer_01_features_3,1,16384,8,1024,128,262144,16,16384,1024,16,1,16,1,16,20,20,12,1,next_burst,2,0,1,5,0,50,1,1,1,1,non_inclusive,lru,1961107,248879,1712228,1783346,3573384,0.499064,6709,6765,0.991722,2256,36096,0,0,997388,0,0,23948218,3440,2863474,27812520,24949046,59696152,34747106,0.582066,3565192,157890,1783273,0,1624029,0,0,0,0,0.543228,0.997707,0,0,0.000000,25.046818,2,3,3,5,15,20,11,0,14611016,7.450392,3.303889,129,248
a9bbdcc7-2ed6-4942-8655-08ba67aed95f,adc154abe3cea812fb9fedff32206f3a879c9e26,cache,cache16_lat,spinalflow,16,vgg16_T4_all,layer_01_features_3,1,16384,8,1024,128,262144,16,16384,1024,16,1,16,1,16,20,20,12,1,next_burst,4,0,1,5,0,50,1,1,1,1,non_inclusive,lru,1956311,248879,1707432,1859602,3573384,0.520404,10531,10587,0.994710,2256,36096,0,0,1115667,0,0,24120037,3440,2496640,27735784,25239144,94682046,69442902,0.733433,3565192,234146,1703195,0,1627851,0,0,0,0,0.542159,0.997707,0,0,0.000000,23.979819,3,5,5,6,15,20,48,0,14611234,7.468769,3.354038,129,248
a9bbdcc7-2ed6-4942-8655-08ba67aed95f,adc154abe3cea812fb9fedff32206f3a879c9e26,cache,cache16_lat,spinalflow,16,vgg16_T4_all,layer_01_features_3,1,16384,8,1024,128,262144,16,16384,1024,16,1,16,1,16,20,20,12,1,next_burst,8,0,1,5,0,50,1,1,1,1,non_inclusive,lru,1956952,248879,1708073,1989797,3573384,0.556838,72152,72208,0.999224,2256,36096,0,0,1291661,0,0,24633257,3440,1817682,27746040,25928358,158760868,132832510,0.836683,3565192,364792,1511379,0,1689021,0,0,0,0,0.525040,0.997707,0,0,0.000000,22.158086,5,8,9,6,15,20,112,0,14612494,7.466966,3.448944,129,248
59e19d4b-c4c4-4072-b1e1-7aa7b01ab6b2,adc154abe3cea812fb9fedff32206f3a879c9e26,cache,cache16_lat,spinalflow,16,vgg16_T4_all,layer_01_features_3,1,16384,8,512,64,262144,16,8192,512,32,2,16,1,16,20,20,12,1,none,0,0,1,5,0,50,1,1,1,1,non_inclusive,lru,2292778,248879,2043899,1305992,3573384,0.365478,2264895,2267392,0.998899,1152,36864,0,0,0,0,0,28839919,140067,4139270,33119256,28979986,28979986,0,0.000000,0,0,0,0,0,0,0,0,0,0.000000,0.997707,0,0,0.020833,31.726117,1,1,1,4,7,8,0,0,11683216,5.095660,1.954911,129,248
59e19d4b-c4c4-4072-b1e1-7aa7b01ab6b2,adc154abe3cea812fb9fedff32206f3a879c9e26,cache,cache16_lat,spinalflow,16,vgg16_T4_all,layer_01_features_3,1,16384,8,512,64,262144,16,8192,512,32,2,16,1,16,20,20,12,1,next_burst,2,0,1,5,0,50,1,1,1,1,non_inclusive,lru,2273089,248879,2024210,1508169,3573384,0.422056,7670,7718,0.993781,1152,36864,0,0,634395,0,0,29260766,2952,2906119,32804232,29898113,73964076,44065963,0.595775,3565192,202177,2057497,0,961562,343956,0,0,0,0.632362,0.997707,0,0,0.020833,28.897188,2,3,3,6,16,20,11,0,15248664,6.708344,3.375094,129,248
59e19d4b-c4c4-4072-b1e1-7aa7b01ab6b2,adc154abe3cea812fb9fedff32206f3a879c9e26,cache,cache16_lat,spinalflow,16,vgg16_T4_all,layer_01_features_3,1,16384,8,512,64,262144,16,8192,512,32,2,16,1,16,20,20,12,1,next_burst,4,0,1,5,0,50,1,1,1,1,non_inclusive,lru,2271679,248879,2022800,1585312,3573384,0.443644,11655,11703,0.995898,1152,36864,0,0,751897,0,0,29365619,2952,2661204,32781672,30120468,118631020,88510552,0.746100,3565192,279320,1976369,0,963360,346143,0,0,0,0.631247,0.997707,0,0,0.020833,27.817777,3,5,5,6,15,20,48,0,15248960,6.712639,3.429776,129,248
59e19d4b-c4c4-4072-b1e1-7aa7b01ab6b2,adc154abe3cea812fb9fedff32206f3a879c9e26,cache,cache16_lat,spinalflow,16,vgg16_T4_all,layer_01_features_3,1,16384,8,512,64,262144,16,8192,512,32,2,16,1,16,20,20,12,1,next_burst,8,0,1,5,0,50,1,1,1,1,non_inclusive,lru,2272763,248879,2023884,1758920,3573384,0.492228,68159,68207,0.999296,1152,36864,0,0,980724,0,0,29795691,2952,2019649,32799016,30779367,203204922,172425555,0.848530,3565192,453487,1746257,0,1032438,333010,0,0,0,0.615591,0.997707,0,0,0.020833,25.388595,5,8,9,6,15,20,105,0,15250301,6.710027,3.530600,129,248
8d38d3f0-ec39-443f-8188-0d8066f6e0c7,adc154abe3cea812fb9fedff32206f3a879c9e26,cache,cache16_lat,spinalflow,16,vgg16_T4_all,layer_01_features_3,1,16384,8,256,32,262144,16,4096,256,64,4,16,1,16,20,20,12,1,none,0,0,1,5,0,50,1,1,1,1,non_inclusive,lru,2368035,248879,2119156,1228320,3573384,0.343741,2343745,2345064,0.999438,576,36864,0,0,0,0,0,30909938,73605,3339825,34323368,30983543,30983543,0,0.000000,0,0,0,0,0,0,0,0,0,0.000000,0.997707,0,0,0.020833,32.812930,1,1,1,4,7,8,0,0,11837984,4.999075,1.956934,129,248
8d38d3f0-ec39-443f-8188-0d8066f6e0c7,adc154abe3cea812fb9fedff32206f3a879c9e26,cache,cache16_lat,spinalflow,16,vgg16_T4_all,layer_01_features_3,1,16384,8,256,32,262144,16,4096,256,64,4,16,1,16,20,20,12,1,next_burst,2,0,1,5,0,50,1,1,1,1,non_inclusive,lru,2350115,248879,2101236,1438687,3573384,0.402612,8195,8243,0.994177,576,36864,0,0,534404,0,0,31066584,2952,2432708,34036648,31603940,78437107,46833167,0.597079,3565192,210367,2126454,0,443329,785042,0,0,0,0.653952,0.997707,0,0,0.020833,29.869404,2,3,3,9,18,20,8,0,15403212,6.554238,3.337813,129,248
8d38d3f0-ec39-443f-8188-0d8066f6e0c7,adc154abe3cea812fb9fedff32206f3a879c9e26,cache,cache16_lat,spinalflow,16,vgg16_T4_all,layer_01_features_3,1,16384,8,256,32,262144,16,4096,256,64,4,16,1,16,20,20,12,1,next_burst,4,0,1,5,0,50,1,1,1,1,non_inclusive,lru,2349016,248879,2100137,1519708,3573384,0.425285,11360,11408,0.995792,576,36864,0,0,653323,0,0,31048672,2952,2314117,34019064,31704947,126657596,94952649,0.749680,3565192,291389,2042268,0,390000,841535,0,0,0,0.653066,0.997707,0,0,0.020833,28.735731,3,5,5,9,16,20,38,0,15403602,6.557470,3.378011,129,248
8d38d3f0-ec39-443f-8188-0d8066f6e0c7,adc154abe3cea812fb9fedff32206f3a879c9e26,cache,cache16_lat,spinalflow,16,vgg16_T4_all,layer_01_features_3,1,16384,8,256,32,262144,16,4096,256,64,4,16,1,16,20,20,12,1,next_burst,8,0,1,5,0,50,1,1,1,1,non_inclusive,lru,2349787,248879,2100908,1639698,3573384,0.458864,49302,49350,0.999027,576,36864,0,0,813739,0,0,31412744,2952,1801965,34031400,32229435,219629831,187400396,0.853256,3565192,411731,1884336,0,447348,821777,0,0,0,0.642547,0.997707,0,0,0.020833,27.056790,5,8,9,8,17,20,89,0,15404472,6.555689,3.471255,129,248
a5cca6b6-98ae-4f91-b1f0-cfbf2367a7b5,adc154abe3cea812fb9fedff32206f3a879c9e26,cache,cache16_lat,spinalflow,16,vgg16_T4_all,layer_01_features_3,2,16384,8,1024,128,262144,16,16384,1024,16,1,16,1,16,20,20,12,1,none,0,0,1,5,0,50,1,1,1,1,non_inclusive,lru,1492008,209973,1282035,1658464,3118808,0.531762,1456088,1460344,0.997086,2112,33792,0,0,0,0,0,18450892,240494,2070126,20761512,18691386,18691386,0,0.000000,0,0,0,0,0,0,0,0,0,0.000000,0.997373,0,0,0.000000,23.411893,1,1,1,3,7,8,0,0,9160928,6.139999,1.614718,122,206
a5cca6b6-98ae-4f91-b1f0-cfbf2367a7b5,adc154abe3cea812fb9fedff32206f3a879c9e26,cache,cache16_lat,spinalflow,16,vgg16_T4_all,layer_01_features_3,2,16384,8,1024,128,262144,16,16384,1024,16,1,16,1,16,20,20,12,1,next_burst,2,0,1,5,0,50,1,1,1,1,non_inclusive,lru,1475163,209973,1265190,1786722,3118808,0.572886,5892,5948,0.990585,2112,33792,0,0,1084568,0,0,18107396,3448,1296580,20491992,19195412,42923621,23728209,0.552801,3110616,128258,1326138,0,1656220,0,0,0,0,0.466331,0.997373,0,0,0.000000,21.355691,1,3,3,4,15,20,11,0,12272098,8.319147,2.905599,122,206
a5cca6b6-98ae-4f91-b1f0-cfbf2367a7b5,adc154abe3cea812fb9fedff32206f3a879c9e26,cache,cache16_lat,spinalflow,16,vgg16_T4_all,layer_01_features_3,2,16384,8,1024,128,262144,16,16384,1024,16,1,16,1,16,20,20,12,1,next_burst,4,0,1,5,0,50,1,1,1,1,non_inclusive,lru,1471576,209973,1261603,1858138,3118808,0.595785,11254,11310,0.995049,2112,33792,0,0,1196589,0,0,18094649,3448,1139914,20434600,19294686,65334499,46039813,0.704678,3110616,199677,1249360,0,1661579,0,0,0,0,0.464612,0.997373,0,0,0.000000,20.210766,2,4,5,4,13,20,48,0,12272496,8.339696,2.932315,122,206
a5cca6b6-98ae-4f91-b1f0-cfbf2367a7b5,adc154abe3cea812fb9fedff32206f3a879c9e26,cache,cache16_lat,spinalflow,16,vgg16_T4_all,layer_01_features_3,2,16384,8,1024,128,262144,16,16384,1024,16,1,16,1,16,20,20,12,1,next_burst,8,0,1,5,0,50,1,1,1,1,non_inclusive,lru,1472788,209973,1262815,2050263,3118808,0.657387,114399,114455,0.999511,2112,33792,0,0,1449299,0,0,17671096,3448,1330149,20453992,19123843,100360930,81237087,0.809449,3110616,392589,954090,0,1763937,0,0,0,0,0.431793,0.997373,0,0,0.000000,17.130663,4,7,9,4,14,20,112,0,12274182,8.333977,3.018166,122,206
60084f1a-ffde-43e8-b99f-cd9a926ee6d8,adc154abe3cea812fb9fedff32206f3a879c9e26,cache,cache16_lat,spinalflow,16,vgg16_T4_all,layer_01_features_3,2,16384,8,512,64,262144,16,8192,512,32,2,16,1,16,20,20,12,1,none,0,0,1,5,0,50,1,1,1,1,non_inclusive,lru,1765840,209973,1555867,1376104,3118808,0.441228,1740336,1742704,0.998641,1152,36864,0,0,0,0,0,23018490,133310,1991024,25142824,23151800,23151800,0,0.000000,0,0,0,0,0,0,0,0,0,0.000000,0.997373,0,0,0.083333,27.938623,1,1,1,4,7,8,0,0,9724688,5.507117,1.657774,122,206
60084f1a-ffde-43e8-b99f-cd9a926ee6d8,adc154abe3cea812fb9fedff32206f3a879c9e26,cache,cache16_lat,spinalflow,16,vgg16_T4_all,layer_01_features_3,2,16384,8,512,64,262144,16,8192,512,32,2,16,1,16,20,20,12,1,next_burst,2,0,1,5,0,50,1,1,1,1,non_inclusive,lru,1749616,209973,1539643,1534790,3118808,0.492108,6809,6857,0.993000,1152,36864,0,0,709630,0,0,22762150,2952,1408508,24883240,23474732,54037043,30562311,0.565581,3110616,158686,1577161,0,1060807,313962,0,0,0,0.556574,0.997373,0,0,0.083333,25.394606,1,3,3,5,17,20,11,0,12835632,7.336257,2.912707,122,206
60084f1a-ffde-43e8-b99f-cd9a926ee6d8,adc154abe3cea812fb9fedff32206f3a879c9e26,cache,cache16_lat,spinalflow,16,vgg16_T4_all,layer_01_features_3,2,16384,8,512,64,262144,16,8192,512,32,2,16,1,16,20,20,12,1,next_burst,4,0,1,5,0,50,1,1,1,1,non_inclusive,lru,1747847,209973,1537874,1610410,3118808,0.516354,13919,13967,0.996563,1152,36864,0,0,825522,0,0,22749308,2952,1277154,24854936,23577782,85040475,61462693,0.722746,3110616,234311,1494431,0,1065894,315980,0,0,0,0.554296,0.997373,0,0,0.083333,24.182284,3,4,5,6,15,20,48,0,12836086,7.343941,2.950884,122,206
60084f1a-ffde-43e8-b99f-cd9a926ee6d8,adc154abe3cea812fb9fedff32206f3a879c9e26,cache,cache16_lat,spinalflow,16,vgg16_T4_all,layer_01_features_3,2,16384,8,512,64,262144,16,8192,512,32,2,16,1,16,20,20,12,1,next_burst,8,0,1,5,0,50,1,1,1,1,non_inclusive,lru,1750059,209973,1540086,1872214,3118808,0.600298,107085,107133,0.999552,1152,36864,0,0,1174493,0,0,22500317,2952,1212566,24890328,23677762,138276013,114598251,0.828765,3110616,497151,1139461,0,1190946,283058,0,0,0,0.524756,0.997373,0,0,0.083333,19.985103,4,7,9,6,16,20,104,0,12838256,7.335899,3.067699,122,206
527d5ab6-afd6-48e3-b589-c15d0b548dd5,adc154abe3cea812fb9fedff32206f3a879c9e26,cache,cache16_lat,spinalflow,16,vgg16_T4_all,layer_01_features_3,2,16384,8,256,32,262144,16,4096,256,64,4,16,1,16,20,20,12,1,none,0,0,1,5,0,50,1,1,1,1,non_inclusive,lru,1853401,209973,1643428,1285528,3118808,0.412186,1832078,1833280,0.999344,576,36864,0,0,0,0,0,24480905,66639,1996256,26543800,24547544,24547544,0,0.000000,0,0,0,0,0,0,0,0,0,0.000000,0.997373,0,0,0.083333,29.390716,1,1,1,5,8,8,0,0,9905264,5.344372,1.660187,122,206
527d5ab6-afd6-48e3-b589-c15d0b548dd5,adc154abe3cea812fb9fedff32206f3a879c9e26,cache,cache16_lat,spinalflow,16,vgg16_T4_all,layer_01_features_3,2,16384,8,256,32,262144,16,4096,256,64,4,16,1,16,20,20,12,1,next_burst,2,0,1,5,0,50,1,1,1,1,non_inclusive,lru,1838944,209973,1628971,1456597,3118808,0.467036,7864,7904,0.994939,576,36864,0,0,611555,0,0,24286360,2464,1412109,26312488,24900379,57719371,32818992,0.568596,3110616,171069,1654307,0,593413,691827,0,0,0,0.585280,0.997373,0,0,0.083333,26.648178,1,3,3,10,17,20,4,0,13015896,7.077919,2.885202,122,206
527d5ab6-afd6-48e3-b589-c15d0b548dd5,adc154abe3cea812fb9fedff32206f3a879c9e26,cache,cache16_lat,spinalflow,16,vgg16_T4_all,layer_01_features_3,2,16384,8,256,32,262144,16,4096,256,64,4,16,1,16,20,20,12,1,next_burst,4,0,1,5,0,50,1,1,1,1,non_inclusive,lru,1837630,209973,1627657,1533584,3118808,0.491721,11846,11886,0.996635,576,36864,0,0,731031,0,0,24237892,2464,1320077,26291464,24971387,91838824,66867437,0.728096,3110616,248056,1573338,0,544064,745158,0,0,0,0.584003,0.997373,0,0,0.083333,25.413940,3,4,5,10,17,20,27,0,13016290,7.083194,2.923663,122,206
527d5ab6-afd6-48e3-b589-c15d0b548dd5,adc154abe3cea812fb9fedff32206f3a879c9e26,cache,cache16_lat,spinalflow,16,vgg16_T4_all,layer_01_features_3,2,16384,8,256,32,262144,16,4096,256,64,4,16,1,16,20,20,12,1,next_burst,8,0,1,5,0,50,1,1,1,1,non_inclusive,lru,1838530,209973,1628557,1734250,3118808,0.556062,70235,70275,0.999431,576,36864,0,0,996367,0,0,24140173,2464,1166860,26305864,25139004,154132761,128993757,0.836900,3110616,449074,1314283,0,633987,713272,0,0,0,0.565395,0.997373,0,0,0.083333,22.196910,5,7,9,9,16,20,76,0,13017224,7.080235,3.007512,122,206
033d1cd1-7353-4071-ade6-549c0f06f2da,adc154abe3cea812fb9fedff32206f3a879c9e26,cache,cache16_lat,spinalflow,16,vgg16_T4_all,layer_01_features_3,3,16384,8,1024,128,262144,16,16384,1024,16,1,16,1,16,20,20,12,1,none,0,0,1,5,0,50,1,1,1,1,non_inclusive,lru,1632763,218024,1414739,1628968,3231384,0.504108,1599288,1602416,0.998048,1548,24768,0,0,0,0,0,20003239,176092,2721685,22901016,20179331,20179331,0,0.000000,0,0,0,0,0,0,0,0,0,0.000000,0.997465,0,0,0.000000,24.794577,1,1,1,3,7,8,0,0,9669660,5.922268,1.703796,126,173
033d1cd1-7353-4071-ade6-549c0f06f2da,adc154abe3cea812fb9fedff32206f3a879c9e26,cache,cache16_lat,spinalflow,16,vgg16_T4_all,layer_01_features_3,3,16384,8,1024,128,262144,16,16384,1024,16,1,16,1,16,20,20,12,1,next_burst,2,0,1,5,0,50,1,1,1,1,non_inclusive,lru,1617293,218024,1399269,1763593,3231384,0.545770,6533,6605,0.989099,1548,24768,0,0,1022087,0,0,20002401,4408,1624600,22653496,21028896,47779006,26750110,0.559872,3223192,134625,1461186,0,1627381,0,0,0,0,0.493848,0.997465,0,0,0.000000,22.711491,1,3,3,4,17,20,11,0,12893194,7.972083,3.115178,126,173
033d1cd1-7353-4071-ade6-549c0f06f2da,adc154abe3cea812fb9fedff32206f3a879c9e26,cache,cache16_lat,spinalflow,16,vgg16_T4_all,layer_01_features_3,3,16384,8,1024,128,262144,16,16384,1024,16,1,16,1,16,20,20,12,1,next_burst,4,0,1,5,0,50,1,1,1,1,non_inclusive,lru,1613396,218024,1395372,1836914,3231384,0.568460,11562,11634,0.993811,1548,24768,0,0,1138271,0,0,20084884,4408,1363581,22591144,21227563,74121093,52893530,0.713610,3223192,207946,1382836,0,1632410,0,0,0,0,0.492291,0.997465,0,0,0.000000,21.576978,2,4,5,4,15,20,48,0,12893578,7.991577,3.159157,126,173
033d1cd1-7353-4071-ade6-549c0f06f2da,adc154abe3cea812fb9fedff32206f3a879c9e26,cache,cache16_lat,spinalflow,16,vgg16_T4_all,layer_01_features_3,3,16384,8,1024,128,262144,16,16384,1024,16,1,16,1,16,20,20,12,1,next_burst,8,0,1,5,0,50,1,1,1,1,non_inclusive,lru,1614564,218024,1396540,2005980,3231384,0.620780,97065,97137,0.999259,1548,24768,0,0,1363992,0,0,19753856,4408,1487576,22609832,21122256,117792945,96670689,0.820683,3223192,377682,1128267,0,1717243,0,0,0,0,0.466038,0.997465,0,0,0.000000,18.960978,4,8,9,5,16,20,112,0,12895002,7.986678,3.250676,126,173
fc881ade-8eec-4115-a73c-e6898fbc3b6e,adc154abe3cea812fb9fedff32206f3a879c9e26,cache,cache16_lat,spinalflow,16,vgg16_T4_all,layer_01_features_3,3,16384,8,512,64,262144,16,8192,512,32,2,16,1,16,20,20,12,1,none,0,0,1,5,0,50,1,1,1,1,non_inclusive,lru,1901157,218024,1683133,1353184,3231384,0.418763,1876280,1878200,0.998978,936,29952,0,0,0,0,0,24818521,107771,2269028,27195320,24926292,24926292,0,0.000000,0,0,0,0,0,0,0,0,0,0.000000,0.997465,0,0,0.173077,29.061851,1,1,1,4,7,8,0,0,10220616,5.375998,1.742188,126,173
fc881ade-8eec-4115-a73c-e6898fbc3b6e,adc154abe3cea812fb9fedff32206f3a879c9e26,cache,cache16_lat,spinalflow,16,vgg16_T4_all,layer_01_features_3,3,16384,8,512,64,262144,16,8192,512,32,2,16,1,16,20,20,12,1,next_burst,2,0,1,5,0,50,1,1,1,1,non_inclusive,lru,1885870,218024,1667846,1526432,3231384,0.472377,7742,7806,0.991801,936,29952,0,0,681366,0,0,24673428,3912,1592022,26950728,25358706,59508456,34149750,0.573864,3223192,173248,1697146,0,987865,364933,0,0,0,0.578821,0.997465,0,0,0.173077,26.381142,1,3,3,5,18,20,11,0,13444064,7.128839,3.015367,126,173
fc881ade-8eec-4115-a73c-e6898fbc3b6e,adc154abe3cea812fb9fedff32206f3a879c9e26,cache,cache16_lat,spinalflow,16,vgg16_T4_all,layer_01_features_3,3,16384,8,512,64,262144,16,8192,512,32,2,16,1,16,20,20,12,1,next_burst,4,0,1,5,0,50,1,1,1,1,non_inclusive,lru,1884498,218024,1666474,1607495,3231384,0.497463,15569,15633,0.995906,936,29952,0,0,801988,0,0,24662392,3912,1460484,26928776,25468292,93517674,68049382,0.727663,3223192,254321,1608256,0,992600,368015,0,0,0,0.576402,0.997465,0,0,0.173077,25.126834,3,4,5,5,15,20,44,0,13444468,7.134244,3.074912,126,173
fc881ade-8eec-4115-a73c-e6898fbc3b6e,adc154abe3cea812fb9fedff32206f3a879c9e26,cache,cache16_lat,spinalflow,16,vgg16_T4_all,layer_01_features_3,3,16384,8,512,64,262144,16,8192,512,32,2,16,1,16,20,20,12,1,next_burst,8,0,1,5,0,50,1,1,1,1,non_inclusive,lru,1886739,218024,1668715,1839654,3231384,0.569308,96074,96138,0.999334,936,29952,0,0,1107318,0,0,24304684,3912,1548718,26964632,25415914,154027074,128611160,0.834991,3223192,487444,1295592,0,1096768,343388,0,0,0,0.551787,0.997465,0,0,0.173077,21.534581,5,7,9,5,15,20,104,0,13446492,7.126843,3.163422,126,173
5631cdd9-556e-4291-8d03-795df271b7a5,adc154abe3cea812fb9fedff32206f3a879c9e26,cache,cache16_lat,spinalflow,16,vgg16_T4_all,layer_01_features_3,3,16384,8,256,32,262144,16,4096,256,64,4,16,1,16,20,20,12,1,none,0,0,1,5,0,50,1,1,1,1,non_inclusive,lru,1999575,218024,1781551,1252464,3231384,0.387594,1977824,1978920,0.999446,540,34560,0,0,0,0,0,26502909,61364,2205735,28770008,26564273,26564273,0,0.000000,0,0,0,0,0,0,0,0,0,0.000000,0.997465,0,0,0.283333,30.620316,1,1,1,5,8,8,0,0,10421660,5.211938,1.778250,126,173
5631cdd9-556e-4291-8d03-795df271b7a5,adc154abe3cea812fb9fedff32206f3a879c9e26,cache,cache16_lat,spinalflow,16,vgg16_T4_all,layer_01_features_3,3,16384,8,256,32,262144,16,4096,256,64,4,16,1,16,20,20,12,1,next_burst,2,0,1,5,0,50,1,1,1,1,non_inclusive,lru,1985054,218024,1767030,1440928,3231384,0.445917,8754,8810,0.993644,540,34560,0,0,588246,0,0,26362730,3448,1583248,28537672,26954424,64355868,37401444,0.581166,3223192,188464,1781646,0,525057,728025,0,0,0,0.609680,0.997465,0,0,0.283333,27.704166,2,3,3,10,18,20,8,0,13644918,6.873827,3.004621,126,173
5631cdd9-556e-4291-8d03-795df271b7a5,adc154abe3cea812fb9fedff32206f3a879c9e26,cache,cache16_lat,spinalflow,16,vgg16_T4_all,layer_01_features_3,3,16384,8,256,32,262144,16,4096,256,64,4,16,1,16,20,20,12,1,next_burst,4,0,1,5,0,50,1,1,1,1,non_inclusive,lru,1983931,218024,1765907,1517691,3231384,0.469672,15576,15632,0.996418,540,34560,0,0,702177,0,0,26309767,3448,1504312,28519704,27015392,101631098,74615706,0.734182,3223192,265235,1698061,0,475563,784333,0,0,0,0.607571,0.997465,0,0,0.283333,26.516394,3,4,5,8,17,20,44,0,13645316,6.877919,3.038835,126,173
5631cdd9-556e-4291-8d03-795df271b7a5,adc154abe3cea812fb9fedff32206f3a879c9e26,cache,cache16_lat,spinalflow,16,vgg16_T4_all,layer_01_features_3,3,16384,8,256,32,262144,16,4096,256,64,4,16,1,16,20,20,12,1,next_burst,8,0,1,5,0,50,1,1,1,1,non_inclusive,lru,1985361,218024,1767337,1732905,3231384,0.536273,74526,74582,0.999249,540,34560,0,0,979264,0,0,26103706,3448,1456166,28542584,27086418,171383172,144296754,0.841954,3223192,481065,1423897,0,569884,748346,0,0,0,0.589519,0.997465,0,0,0.283333,23.186334,5,7,9,8,16,20,92,0,13646734,6.873679,3.150062,126,173
102f7086-4c35-4f12-809c-b02b7b2982ba,adc154abe3cea812fb9fedff32206f3a879c9e26,cache,cache16_lat,spinalflow,16,vgg16_T4_all,layer_01_features_3,4,16384,8,1024,128,262144,16,16384,1024,16,1,16,1,16,20,20,12,1,none,0,0,1,5,0,50,1,1,1,1,non_inclusive,lru,1241255,228776,1012479,2104128,3293360,0.638900,1185421,1189232,0.996795,1884,30144,0,0,0,0,0,13500072,212580,2862260,16574912,13712652,13712652,0,0.000000,0,0,0,0,0,0,0,0,0,0.000000,0.997513,0,0,0.000000,18.054996,1,1,1,4,7,8,0,0,8967580,7.224607,1.620374,124,170
102f7086-4c35-4f12-809c-b02b7b2982ba,adc154abe3cea812fb9fedff32206f3a879c9e26,cache,cache16_lat,spinalflow,16,vgg16_T4_all,layer_01_features_3,4,16384,8,1024,128,262144,16,16384,1024,16,1,16,1,16,20,20,12,1,next_burst,2,0,1,5,0,50,1,1,1,1,non_inclusive,lru,1222658,228776,993882,2201322,3293360,0.668412,4879,4927,0.990258,1884,30144,0,0,1497221,0,0,12793130,2928,1984081,16277360,14293279,28840554,14547275,0.504403,3285168,97194,1087111,0,2100863,0,0,0,0,0.359604,0.997513,0,0,0.000000,16.579390,1,3,3,5,16,20,11,0,12253204,10.021776,2.933326,124,170
102f7086-4c35-4f12-809c-b02b7b2982ba,adc154abe3cea812fb9fedff32206f3a879c9e26,cache,cache16_lat,spinalflow,16,vgg16_T4_all,layer_01_features_3,4,16384,8,1024,128,262144,16,16384,1024,16,1,16,1,16,20,20,12,1,next_burst,4,0,1,5,0,50,1,1,1,1,non_inclusive,lru,1212045,228776,983269,2282956,3293360,0.693200,8383,8431,0.994307,1884,30144,0,0,1637680,0,0,12772140,2928,1694804,16107552,14412748,43311510,28898762,0.667231,3285168,178828,1001973,0,2104367,0,0,0,0,0.358540,0.997513,0,0,0.000000,15.340017,2,4,5,5,15,20,48,0,12253508,10.109780,2.985168,124,170
102f7086-4c35-4f12-809c-b02b7b2982ba,adc154abe3cea812fb9fedff32206f3a879c9e26,cache,cache16_lat,spinalflow,16,vgg16_T4_all,layer_01_features_3,4,16384,8,1024,128,262144,16,16384,1024,16,1,16,1,16,20,20,12,1,next_burst,8,0,1,5,0,50,1,1,1,1,non_inclusive,lru,1211335,228776,982559,2399758,3293360,0.728666,76604,76652,0.999374,1884,30144,0,0,1809339,0,0,12946612,2928,1337313,16096192,14758879,67574713,52815834,0.781592,3285168,296030,816950,0,2172188,0,0,0,0,0.337947,0.997513,0,0,0.000000,13.566722,3,6,9,6,16,20,112,0,12254532,10.116551,3.047931,124,170
b3c50ea7-6653-4b68-a50e-bc9db4c51f9f,adc154abe3cea812fb9fedff32206f3a879c9e26,cache,cache16_lat,spinalflow,16,vgg16_T4_all,layer_01_features_3,4,16384,8,512,64,262144,16,8192,512,32,2,16,1,16,20,20,12,1,none,0,0,1,5,0,50,1,1,1,1,non_inclusive,lru,1772746,228776,1543970,1552216,3293360,0.471317,1738818,1741144,0.998664,1140,36480,0,0,0,0,0,21620998,129657,3328113,25078768,21750655,21750655,0,0.000000,0,0,0,0,0,0,0,0,0,0.000000,0.997513,0,0,0.173684,26.434158,1,1,1,4,7,8,0,0,10070660,5.680825,1.733730,124,170
b3c50ea7-6653-4b68-a50e-bc9db4c51f9f,adc154abe3cea812fb9fedff32206f3a879c9e26,cache,cache16_lat,spinalflow,16,vgg16_T4_all,layer_01_features_3,4,16384,8,512,64,262144,16,8192,512,32,2,16,1,16,20,20,12,1,next_burst,2,0,1,5,0,50,1,1,1,1,non_inclusive,lru,1754776,228776,1526000,1703938,3293360,0.517386,6983,7023,0.994304,1140,36480,0,0,880159,0,0,21567728,2464,2340897,24791248,22450351,51130322,28679971,0.560919,3285168,151722,1582399,0,1293245,257802,0,0,0,0.526551,0.997513,0,0,0.173684,24.130705,1,3,3,6,18,20,8,0,13355888,7.611164,3.042563,124,170
b3c50ea7-6653-4b68-a50e-bc9db4c51f9f,adc154abe3cea812fb9fedff32206f3a879c9e26,cache,cache16_lat,spinalflow,16,vgg16_T4_all,layer_01_features_3,4,16384,8,512,64,262144,16,8192,512,32,2,16,1,16,20,20,12,1,next_burst,4,0,1,5,0,50,1,1,1,1,non_inclusive,lru,1751834,228776,1523058,1786437,3293360,0.542436,12974,13014,0.996926,1140,36480,0,0,1009628,0,0,21610301,2464,2121783,24744176,22622393,80585264,57962871,0.719274,3285168,234237,1493909,0,1298078,258944,0,0,0,0.524736,0.997513,0,0,0.173684,22.878200,3,4,5,7,15,20,45,0,13356494,7.624292,3.134661,124,170
b3c50ea7-6653-4b68-a50e-bc9db4c51f9f,adc154abe3cea812fb9fedff32206f3a879c9e26,cache,cache16_lat,spinalflow,16,vgg16_T4_all,layer_01_features_3,4,16384,8,512,64,262144,16,8192,512,32,2,16,1,16,20,20,12,1,next_burst,8,0,1,5,0,50,1,1,1,1,non_inclusive,lru,1753060,228776,1524284,2015955,3293360,0.612127,95483,95523,0.999581,1140,36480,0,0,1321550,0,0,21735514,2464,1704264,24763792,23059528,132470430,109410902,0.825927,3285168,464620,1181882,0,1402176,236490,0,0,0,0.499946,0.997513,0,0,0.173684,19.393644,4,7,9,8,15,20,86,0,13358352,7.620020,3.209455,124,170
da37ffcf-e03f-491c-ae3d-bb615f3e8891,adc154abe3cea812fb9fedff32206f3a879c9e26,cache,cache16_lat,spinalflow,16,vgg16_T4_all,layer_01_features_3,4,16384,8,256,32,262144,16,4096,256,64,4,16,1,16,20,20,12,1,none,0,0,1,5,0,50,1,1,1,1,non_inclusive,lru,1859262,228776,1630486,1459080,3293360,0.443037,1833117,1834280,0.999366,576,36864,0,0,0,0,0,23670807,64914,2727303,26463024,23735721,23735721,0,0.000000,0,0,0,0,0,0,0,0,0,0.000000,0.997513,0,0,0.182292,27.848155,1,1,1,5,7,8,0,0,10256368,5.516365,1.740695,124,170
da37ffcf-e03f-491c-ae3d-bb615f3e8891,adc154abe3cea812fb9fedff32206f3a879c9e26,cache,cache16_lat,spinalflow,16,vgg16_T4_all,layer_01_features_3,4,16384,8,256,32,262144,16,4096,256,64,4,16,1,16,20,20,12,1,next_burst,2,0,1,5,0,50,1,1,1,1,non_inclusive,lru,1841226,228776,1612450,1627818,3293360,0.494273,8290,8322,0.996155,576,36864,0,0,714449,0,0,23342223,1968,2115808,26174448,24058640,54479926,30421286,0.558394,3285168,168738,1657220,0,675568,783642,0,0,0,0.554436,0.997513,0,0,0.182292,25.286364,1,3,3,8,17,20,0,0,13541536,7.354630,3.044913,124,170
da37ffcf-e03f-491c-ae3d-bb615f3e8891,adc154abe3cea812fb9fedff32206f3a879c9e26,cache,cache16_lat,spinalflow,16,vgg16_T4_all,layer_01_features_3,4,16384,8,256,32,262144,16,4096,256,64,4,16,1,16,20,20,12,1,next_burst,4,0,1,5,0,50,1,1,1,1,non_inclusive,lru,1839451,228776,1610675,1705008,3293360,0.517711,14497,14529,0.997798,576,36864,0,0,835192,0,0,23381673,1968,1927215,26146048,24218833,86166322,61947489,0.718929,3285168,245936,1573823,0,636407,829002,0,0,0,0.552554,0.997513,0,0,0.182292,24.114461,3,4,5,8,16,20,28,0,13542010,7.361985,3.067508,124,170
da37ffcf-e03f-491c-ae3d-bb615f3e8891,adc154abe3cea812fb9fedff32206f3a879c9e26,cache,cache16_lat,spinalflow,16,vgg16_T4_all,layer_01_features_3,4,16384,8,256,32,262144,16,4096,256,64,4,16,1,16,20,20,12,1,next_burst,8,0,1,5,0,50,1,1,1,1,non_inclusive,lru,1840875,228776,1612099,1905705,3293360,0.578651,79983,80015,0.999600,576,36864,0,0,1109229,0,0,23618150,1968,1439485,26168832,24729347,145298500,120569153,0.829803,3285168,447429,1307640,0,740392,789707,0,0,0,0.532911,0.997513,0,0,0.182292,21.067466,4,7,9,9,16,20,66,0,13543698,7.357207,3.163945,124,170
1b7670c1-9556-4259-a3ca-ba722d07005d,adc154abe3cea812fb9fedff32206f3a879c9e26,cache,cache16_lat,spinalflow,16,vgg16_T4_all,layer_09_features_30,0,16384,8,1024,128,262144,16,16384,1024,16,1,16,1,16,20,20,12,1,none,0,0,1,5,0,50,1,1,1,1,non_inclusive,lru,25571458,456960,25114498,0,7311360,0.000000,6592,7311360,0.000902,7304768,116876288,0,0,0,0,0,48164,401772458,12370,401832992,401820622,401820622,0,0.000000,0,0,0,0,0,0,0,0,0,0.000000,0.999860,0,0,0.000000,50.000000,1,1,1,10,15,16,0,0,36550272,1.429339,6.726427,2236,3407
1b7670c1-9556-4259-a3ca-ba722d07005d,adc154abe3cea812fb9fedff32206f3a879c9e26,cache,cache16_lat,spinalflow,16,vgg16_T4_all,layer_09_features_30,0,16384,8,1024,128,262144,16,16384,1024,16,1,16,1,16,20,20,12,1,next_burst,2,0,1,5,0,50,1,1,1,1,non_inclusive,lru,20093764,456960,19636804,14756,7311360,0.002018,32,1024,0.031250,7304768,116876288,0,0,3716,0,0,314097686,62000,26486,314189888,314163402,956983056,642819654,0.671715,7310336,14756,7295580,0,0,0,0,0,0,0.999860,0.999860,0,0,0.000000,49.899089,2,3,3,18,19,20,28,0,51162024,2.546164,10.320404,2236,3407
1b7670c1-9556-4259-a3ca-ba722d07005d,adc154abe3cea812fb9fedff32206f3a879c9e26,cache,cache16_lat,spinalflow,16,vgg16_T4_all,layer_09_features_30,0,16384,8,1024,128,262144,16,16384,1024,16,1,16,1,16,20,20,12,1,next_burst,4,0,1,5,0,50,1,1,1,1,non_inclusive,lru,20095750,456960,19638790,5722,7311360,0.000783,32,1024,0.031250,7304768,116876288,0,0,2172,0,0,314131704,62000,25788,314221664,314195876,1599783782,1285587906,0.803601,7310336,5722,7304614,0,0,0,0,0,0,0.999860,0.999860,0,0,0.000000,49.960869,4,5,5,18,19,20,60,0,51162434,2.545933,10.378851,2236,3407
1b7670c1-9556-4259-a3ca-ba722d07005d,adc154abe3cea812fb9fedff32206f3a879c9e26,cache,cache16_lat,spinalflow,16,vgg16_T4_all,layer_09_features_30,0,16384,8,1024,128,262144,16,16384,1024,16,1,16,1,16,20,20,12,1,next_burst,8,0,1,5,0,50,1,1,1,1,non_inclusive,lru,20100906,456960,19643946,9782,7311360,0.001338,32,1024,0.031250,7304768,116876288,0,0,4124,0,0,314212732,62000,25304,314304160,314278856,2885396912,2571118056,0.891080,7310336,9782,7300554,0,0,0,0,0,0,0.999860,0.999860,0,0,0.000000,49.933104,8,9,9,18,19,20,124,0,51163484,2.545332,10.934148,2236,3407
206beeb2-f5f8-46b5-9580-dae7414598ea,adc154abe3cea812fb9fedff32206f3a879c9e26,cache,cache16_lat,spinalflow,16,vgg16_T4_all,layer_09_features_30,0,16384,8,512,64,262144,16,8192,512,32,2,16,1,16,20,20,12,1,none,0,0,1,5,0,50,1,1,1,1,non_inclusive,lru,18588256,456960,18131296,2032448,7311360,0.277985,5760,5278912,0.001091,5273152,168740864,0,0,0,0,0,55376,290033714,12670,290101760,290089090,290089090,0,0.000000,0,0,0,0,0,0,0,0,0,0.000000,0.999860,0,0,0.015842,36.100753,1,1,1,10,15,16,0,0,30453760,1.638333,5.675978,2236,3407
206beeb2-f5f8-46b5-9580-dae7414598ea,adc154abe3cea812fb9fedff32206f3a879c9e26,cache,cache16_lat,spinalflow,16,vgg16_T4_all,layer_09_features_30,0,16384,8,512,64,262144,16,8192,512,32,2,16,1,16,20,20,12,1,next_burst,2,0,1,5,0,50,1,1,1,1,non_inclusive,lru,14525588,456960,14068628,2422006,7311360,0.331266,32,1024,0.031250,5273152,168740864,0,0,444690,0,0,224309552,62000,282830,225099072,224816242,551699466,326883224,0.592502,7310336,389558,4888330,0,88600,1943848,0,0,0,0.721875,0.999860,0,0,0.015842,33.436693,2,3,3,18,19,20,28,0,43030230,2.962374,9.457322,2236,3407
206beeb2-f5f8-46b5-9580-dae7414598ea,adc154abe3cea812fb9fedff32206f3a879c9e26,cache,cache16_lat,spinalflow,16,vgg16_T4_all,layer_09_features_30,0,16384,8,512,64,262144,16,8192,512,32,2,16,1,16,20,20,12,1,next_burst,4,0,1,5,0,50,1,1,1,1,non_inclusive,lru,14519636,456960,14062676,2656314,7311360,0.363313,32,1024,0.031250,5273152,168740864,0,0,767162,0,0,224045554,62000,129124,225003840,224874716,885453738,660579022,0.746034,7310336,623866,4654022,0,182,2032266,0,0,0,0.721875,0.999860,0,0,0.015842,31.834337,3,4,5,18,19,20,59,0,43034664,2.963894,9.473732,2236,3407
206beeb2-f5f8-46b5-9580-dae7414598ea,adc154abe3cea812fb9fedff32206f3a879c9e26,cache,cache16_lat,spinalflow,16,vgg16_T4_all,layer_09_features_30,0,16384,8,512,64,262144,16,8192,512,32,2,16,1,16,20,20,12,1,next_burst,8,0,1,5,0,50,1,1,1,1,non_inclusive,lru,14522956,456960,14065996,2993650,7311360,0.409452,32,1024,0.031250,5273152,168740864,0,0,1233578,0,0,223657136,62000,104246,225056960,224952714,1560584308,1335631594,0.855854,7310336,961202,4316686,0,52,2032396,0,0,0,0.721875,0.999860,0,0,0.015842,29.527407,6,8,9,18,19,20,123,0,43035108,2.963247,9.653923,2236,3407
cae642fa-45a1-4d96-a60c-121660fbd9f0,adc154abe3cea812fb9fedff32206f3a879c9e26,cache,cache16_lat,spinalflow,16,vgg16_T4_all,layer_09_features_30,0,16384,8,256,32,262144,16,4096,256,64,4,16,1,16,20,20,12,1,none,0,0,1,5,0,50,1,1,1,1,non_inclusive,lru,11342102,456960,10885142,4142144,7311360,0.566535,3808,3169216,0.001202,3165408,202586112,0,0,0,0,0,46960,174105946,10390,174163296,174152906,174152906,0,0.000000,0,0,0,0,0,0,0,0,0,0.000000,0.999860,0,0,0.015842,21.673232,1,1,1,9,15,16,0,0,24126624,2.127174,4.450129,2236,3407
cae642fa-45a1-4d96-a60c-121660fbd9f0,adc154abe3cea812fb9fedff32206f3a879c9e26,cache,cache16_lat,spinalflow,16,vgg16_T4_all,layer_09_features_30,0,16384,8,256,32,262144,16,4096,256,64,4,16,1,16,20,20,12,1,next_burst,2,0,1,5,0,50,1,1,1,1,non_inclusive,lru,8817498,456960,8360538,4375482,7311360,0.598450,32,1024,0.031250,3165408,202586112,0,0,1969328,0,0,131088446,62000,649858,133769632,133119774,226967114,93847340,0.413484,7310336,233338,2934854,0,591686,3550458,0,0,0,0.433325,0.999860,0,0,0.015842,20.077510,1,2,3,17,20,20,26,0,33568520,3.807035,7.871231,2236,3407
cae642fa-45a1-4d96-a60c-121660fbd9f0,adc154abe3cea812fb9fedff32206f3a879c9e26,cache,cache16_lat,spinalflow,16,vgg16_T4_all,layer_09_features_30,0,16384,8,256,32,262144,16,4096,256,64,4,16,1,16,20,20,12,1,next_burst,4,0,1,5,0,50,1,1,1,1,non_inclusive,lru,8738294,456960,8281334,4558484,7311360,0.623480,32,1024,0.031250,3165408,202586112,0,0,2318000,0,0,129901364,62000,221004,132502368,132281364,352584060,220302696,0.624823,7310336,416340,2751852,0,39412,4102732,0,0,0,0.433325,0.999860,0,0,0.015842,18.826019,2,3,5,18,19,20,55,0,34597440,3.959290,7.784836,2236,3407
cae642fa-45a1-4d96-a60c-121660fbd9f0,adc154abe3cea812fb9fedff32206f3a879c9e26,cache,cache16_lat,spinalflow,16,vgg16_T4_all,layer_09_features_30,0,16384,8,256,32,262144,16,4096,256,64,4,16,1,16,20,20,12,1,next_burst,8,0,1,5,0,50,1,1,1,1,non_inclusive,lru,8734424,456960,8277464,4712890,7311360,0.644598,32,1024,0.031250,3165408,202586112,0,0,2598478,0,0,129654100,62000,125870,132440448,132314578,598199216,465884638,0.778812,7310336,570746,2597446,0,100,4142044,0,0,0,0.433325,0.999860,0,0,0.015842,17.770087,4,5,8,18,19,20,92,0,34600662,3.961413,7.858324,2236,3407
f03a8c90-0c15-4ee4-8dc1-7d259c0d805c,adc154abe3cea812fb9fedff32206f3a879c9e26,cache,cache16_lat,spinalflow,16,vgg16_T4_all,layer_09_features_30,1,16384,8,1024,128,262144,16,16384,1024,16,1,16,1,16,20,20,12,1,none,0,0,1,5,0,50,1,1,1,1,non_inclusive,lru,27174094,485612,26688482,0,7769792,0.000000,7168,7769792,0.000923,7762624,124201984,0,0,0,0,0,48602,426954888,13246,427016736,427003490,427003490,0,0.000000,0,0,0,0,0,0,0,0,0,0.000000,0.999868,0,0,0.000000,50.000000,1,1,1,10,15,16,0,0,38841856,1.429371,7.140711,2322,3515
f03a8c90-0c15-4ee4-8dc1-7d259c0d805c,adc154abe3cea812fb9fedff32206f3a879c9e26,cache,cache16_lat,spinalflow,16,vgg16_T4_all,layer_09_features_30,1,16384,8,1024,128,262144,16,16384,1024,16,1,16,1,16,20,20,12,1,next_burst,2,0,1,5,0,50,1,1,1,1,non_inclusive,lru,21353164,485612,20867552,6820,7769792,0.000878,0,1024,0.000000,7762624,124201984,0,0,1192,0,0,333790344,64000,26320,333881856,333855536,1016974010,683118474,0.671717,7768768,6820,7761948,0,0,0,0,0,0,0.999868,0.999868,0,0,0.000000,49.956112,2,3,3,18,19,20,28,0,54369786,2.546217,10.876110,2322,3515
f03a8c90-0c15-4ee4-8dc1-7d259c0d805c,adc154abe3cea812fb9fedff32206f3a879c9e26,cache,cache16_lat,spinalflow,16,vgg16_T4_all,layer_09_features_30,1,16384,8,1024,128,262144,16,16384,1024,16,1,16,1,16,20,20,12,1,next_burst,4,0,1,5,0,50,1,1,1,1,non_inclusive,lru,21355172,485612,20869560,8146,7769792,0.001048,0,1024,0.000000,7762624,124201984,0,0,2432,0,0,333820934,64000,26618,333913984,333887366,1700072996,1366185630,0.803604,7768768,8146,7760622,0,0,0,0,0,0,0.999868,0.999868,0,0,0.000000,49.947579,4,5,5,18,19,20,60,0,54370166,2.545995,11.068844,2322,3515
f03a8c90-0c15-4ee4-8dc1-7d259c0d805c,adc154abe3cea812fb9fedff32206f3a879c9e26,cache,cache16_lat,spinalflow,16,vgg16_T4_all,layer_09_features_30,1,16384,8,1024,128,262144,16,16384,1024,16,1,16,1,16,20,20,12,1,next_burst,8,0,1,5,0,50,1,1,1,1,non_inclusive,lru,21360564,485612,20874952,12140,7769792,0.001562,0,1024,0.000000,7762624,124201984,0,0,3728,0,0,333903640,64000,28888,334000256,333971368,3066316468,2732345100,0.891084,7768768,12140,7756628,0,0,0,0,0,0,0.999868,0.999868,0,0,0.000000,49.921877,8,9,9,18,19,20,124,0,54371540,2.545417,11.540900,2322,3515
fa4d5c81-6c02-4da5-92c3-8e876a5d044f,adc154abe3cea812fb9fedff32206f3a879c9e26,cache,cache16_lat,spinalflow,16,vgg16_T4_all,layer_09_features_30,1,16384,8,512,64,262144,16,8192,512,32,2,16,1,16,20,20,12,1,none,0,0,1,5,0,50,1,1,1,1,non_inclusive,lru,19295394,485612,18809782,2293376,7769792,0.295166,6016,5476416,0.001099,5470400,175052800,0,0,0,0,0,62432,300882412,12692,300957536,300944844,300944844,0,0.000000,0,0,0,0,0,0,0,0,0,0.000000,0.999868,0,0,0.016493,35.241716,1,1,1,10,15,16,0,0,31962880,1.656503,5.908341,2322,3515
fa4d5c81-6c02-4da5-92c3-8e876a5d044f,adc154abe3cea812fb9fedff32206f3a879c9e26,cache,cache16_lat,spinalflow,16,vgg16_T4_all,layer_09_features_30,1,16384,8,512,64,262144,16,8192,512,32,2,16,1,16,20,20,12,1,next_burst,2,0,1,5,0,50,1,1,1,1,non_inclusive,lru,15071108,485612,14585496,2726152,7769792,0.350866,32,1024,0.031250,5470400,175052800,0,0,523852,0,0,232454546,62000,328562,233368960,233040398,561171188,328130790,0.584725,7768768,432776,5042616,0,110978,2182398,0,0,0,0.704703,0.999868,0,0,0.016493,32.456725,2,3,3,18,19,20,28,0,45194370,2.998742,9.931646,2322,3515
fa4d5c81-6c02-4da5-92c3-8e876a5d044f,adc154abe3cea812fb9fedff32206f3a879c9e26,cache,cache16_lat,spinalflow,16,vgg16_T4_all,layer_09_features_30,1,16384,8,512,64,262144,16,8192,512,32,2,16,1,16,20,20,12,1,next_burst,4,0,1,5,0,50,1,1,1,1,non_inclusive,lru,15064370,485612,14578758,2971924,7769792,0.382497,32,1024,0.031250,5470400,175052800,0,0,874472,0,0,232178970,62000,145710,233261152,233115442,903175178,670059736,0.741893,7768768,678548,4796844,0,166,2293210,0,0,0,0.704703,0.999868,0,0,0.016493,30.875138,3,4,5,18,19,20,59,0,45199474,3.000422,10.053155,2322,3515
fa4d5c81-6c02-4da5-92c3-8e876a5d044f,adc154abe3cea812fb9fedff32206f3a879c9e26,cache,cache16_lat,spinalflow,16,vgg16_T4_all,layer_09_features_30,1,16384,8,512,64,262144,16,8192,512,32,2,16,1,16,20,20,12,1,next_burst,8,0,1,5,0,50,1,1,1,1,non_inclusive,lru,15066792,485612,14581180,3296422,7769792,0.424261,32,1024,0.031250,5470400,175052800,0,0,1335848,0,0,231780362,62000,121694,233299904,233178210,1583907312,1350729102,0.852783,7768768,1003046,4472346,0,64,2293312,0,0,0,0.704703,0.999868,0,0,0.016493,28.786935,6,8,9,18,19,20,123,0,45200078,2.999980,10.205662,2322,3515
35014d16-cf85-464d-aef7-fc24113744af,adc154abe3cea812fb9fedff32206f3a879c9e26,cache,cache16_lat,spinalflow,16,vgg16_T4_all,layer_09_features_30,1,16384,8,256,32,262144,16,4096,256,64,4,16,1,16,20,20,12,1,none,0,0,1,5,0,50,1,1,1,1,non_inclusive,lru,11444654,485612,10959042,4579072,7769792,0.589343,3808,3190720,0.001193,3186912,203962368,0,0,0,0,0,46588,175288710,10398,175345696,175335298,175335298,0,0.000000,0,0,0,0,0,0,0,0,0,0.000000,0.999868,0,0,0.016493,20.532853,1,1,1,9,15,16,0,0,25108000,2.193863,4.621930,2322,3515
35014d16-cf85-464d-aef7-fc24113744af,adc154abe3cea812fb9fedff32206f3a879c9e26,cache,cache16_lat,spinalflow,16,vgg16_T4_all,layer_09_features_30,1,16384,8,256,32,262144,16,4096,256,64,4,16,1,16,20,20,12,1,next_burst,2,0,1,5,0,50,1,1,1,1,non_inclusive,lru,8902896,485612,8417284,4802810,7769792,0.618139,32,1024,0.031250,3186912,203962368,0,0,2260852,0,0,131537190,62000,817526,134677568,133860042,217277852,83417810,0.383922,7768768,223738,2965958,0,709538,3869534,0,0,0,0.410525,0.999868,0,0,0.016493,19.093059,1,2,3,17,20,20,26,0,34529074,3.878409,8.196757,2322,3515
35014d16-cf85-464d-aef7-fc24113744af,adc154abe3cea812fb9fedff32206f3a879c9e26,cache,cache16_lat,spinalflow,16,vgg16_T4_all,layer_09_features_30,1,16384,8,256,32,262144,16,4096,256,64,4,16,1,16,20,20,12,1,next_burst,4,0,1,5,0,50,1,1,1,1,non_inclusive,lru,8798258,485612,8312646,4982254,7769792,0.641234,32,1024,0.031250,3186912,203962368,0,0,2621996,0,0,130069578,62000,249786,133003360,132753574,340245028,207491454,0.609829,7768768,403182,2786514,0,57046,4522026,0,0,0,0.410525,0.999868,0,0,0.016493,17.938305,2,3,5,18,19,20,54,0,36057700,4.098277,8.107108,2322,3515
35014d16-cf85-464d-aef7-fc24113744af,adc154abe3cea812fb9fedff32206f3a879c9e26,cache,cache16_lat,spinalflow,16,vgg16_T4_all,layer_09_features_30,1,16384,8,256,32,262144,16,4096,256,64,4,16,1,16,20,20,12,1,next_burst,8,0,1,5,0,50,1,1,1,1,non_inclusive,lru,8793076,485612,8307464,5145392,7769792,0.662230,32,1024,0.031250,3186912,203962368,0,0,2919404,0,0,129795464,62000,143580,132920448,132776868,571459220,438682352,0.767653,7768768,566320,2623376,0,82,4578990,0,0,0,0.410525,0.999868,0,0,0.016493,16.888483,3,5,7,18,19,20,91,0,36061892,4.101169,8.164799,2322,3515
4bb66593-2a8a-48c5-a874-413754eb89ee,adc154abe3cea812fb9fedff32206f3a879c9e26,cache,cache16_lat,spinalflow,16,vgg16_T4_all,layer_09_features_30,2,16384,8,1024,128,262144,16,16384,1024,16,1,16,1,16,20,20,12,1,none,0,0,1,5,0,50,1,1,1,1,non_inclusive,lru,27162924,485420,26677504,0,7766720,0.000000,7392,7766720,0.000952,7759328,124149248,0,0,0,0,0,53548,426773842,13698,426841088,426827390,426827390,0,0.000000,0,0,0,0,0,0,0,0,0,0.000000,0.999868,0,0,0.000000,50.000000,1,1,1,10,15,16,0,0,38826272,1.429385,7.122667,2382,3590
4bb66593-2a8a-48c5-a874-413754eb89ee,adc154abe3cea812fb9fedff32206f3a879c9e26,cache,cache16_lat,spinalflow,16,vgg16_T4_all,layer_09_features_30,2,16384,8,1024,128,262144,16,16384,1024,16,1,16,1,16,20,20,12,1,next_burst,2,0,1,5,0,50,1,1,1,1,non_inclusive,lru,21344202,485420,20858782,3046,7766720,0.000392,0,1024,0.000000,7759328,124149248,0,0,1022,0,0,333648846,64000,27668,333741536,333713868,1016546776,682832908,0.671718,7765696,3046,7762650,0,0,0,0,0,0,0.999868,0.999868,0,0,0.000000,49.980391,2,3,3,18,19,20,28,0,54347898,2.546260,10.863031,2382,3590
4bb66593-2a8a-48c5-a874-413754eb89ee,adc154abe3cea812fb9fedff32206f3a879c9e26,cache,cache16_lat,spinalflow,16,vgg16_T4_all,layer_09_features_30,2,16384,8,1024,128,262144,16,16384,1024,16,1,16,1,16,20,20,12,1,next_burst,4,0,1,5,0,50,1,1,1,1,non_inclusive,lru,21346182,485420,20860762,4240,7766720,0.000546,0,1024,0.000000,7759328,124149248,0,0,2084,0,0,333681830,64000,25302,333773216,333747914,1699359694,1365611780,0.803604,7765696,4240,7761456,0,0,0,0,0,0,0.999868,0.999868,0,0,0.000000,49.972704,4,5,5,18,19,20,60,0,54348342,2.546045,10.993443,2382,3590
4bb66593-2a8a-48c5-a874-413754eb89ee,adc154abe3cea812fb9fedff32206f3a879c9e26,cache,cache16_lat,spinalflow,16,vgg16_T4_all,layer_09_features_30,2,16384,8,1024,128,262144,16,16384,1024,16,1,16,1,16,20,20,12,1,next_burst,8,0,1,5,0,50,1,1,1,1,non_inclusive,lru,21351620,485420,20866200,6560,7766720,0.000845,0,1024,0.000000,7759328,124149248,0,0,3716,0,0,333767352,64000,25156,333860224,333835068,3065036216,2731201148,0.891083,7765696,6560,7759136,0,0,0,0,0,0,0.999868,0.999868,0,0,0.000000,49.957769,8,9,9,18,19,20,124,0,54349648,2.545458,11.599675,2382,3590
9f080873-1ec3-4259-a59c-2981fc076184,adc154abe3cea812fb9fedff32206f3a879c9e26,cache,cache16_lat,spinalflow,16,vgg16_T4_all,layer_09_features_30,2,16384,8,512,64,262144,16,8192,512,32,2,16,1,16,20,20,12,1,none,0,0,1,5,0,50,1,1,1,1,non_inclusive,lru,19223386,485420,18737966,2311168,7766720,0.297573,6016,5455552,0.001103,5449536,174385152,0,0,0,0,0,61022,299734606,12852,299808480,299795628,299795628,0,0.000000,0,0,0,0,0,0,0,0,0,0.000000,0.999868,0,0,0.009332,35.121338,1,1,1,10,15,16,0,0,31894144,1.659132,6.001124,2382,3590
9f080873-1ec3-4259-a59c-2981fc076184,adc154abe3cea812fb9fedff32206f3a879c9e26,cache,cache16_lat,spinalflow,16,vgg16_T4_all,layer_09_features_30,2,16384,8,512,64,262144,16,8192,512,32,2,16,1,16,20,20,12,1,next_burst,2,0,1,5,0,50,1,1,1,1,non_inclusive,lru,15013652,485420,14528232,2731874,7766720,0.351741,32,1024,0.031250,5449536,174385152,0,0,514598,0,0,231560960,62000,315178,232452736,232137558,559196054,327058496,0.584873,7765696,420706,5033822,0,113528,2197640,0,0,0,0.702295,0.999868,0,0,0.009332,32.412949,2,3,3,18,19,20,28,0,45101034,3.004002,10.106173,2382,3590
9f080873-1ec3-4259-a59c-2981fc076184,adc154abe3cea812fb9fedff32206f3a879c9e26,cache,cache16_lat,spinalflow,16,vgg16_T4_all,layer_09_features_30,2,16384,8,512,64,262144,16,8192,512,32,2,16,1,16,20,20,12,1,next_burst,4,0,1,5,0,50,1,1,1,1,non_inclusive,lru,15006496,485420,14521076,2982558,7766720,0.384018,32,1024,0.031250,5449536,174385152,0,0,868626,0,0,231250708,62000,156906,232338240,232181334,894034970,661853636,0.740299,7765696,671390,4783138,0,156,2311012,0,0,0,0.702295,0.999868,0,0,0.009332,30.799115,3,4,5,18,19,20,59,0,45106838,3.005821,10.011004,2382,3590
9f080873-1ec3-4259-a59c-2981fc076184,adc154abe3cea812fb9fedff32206f3a879c9e26,cache,cache16_lat,spinalflow,16,vgg16_T4_all,layer_09_features_30,2,16384,8,512,64,262144,16,8192,512,32,2,16,1,16,20,20,12,1,next_burst,8,0,1,5,0,50,1,1,1,1,non_inclusive,lru,15009566,485420,14524146,3315602,7766720,0.426899,32,1024,0.031250,5449536,174385152,0,0,1343590,0,0,230840328,62000,141442,232387360,232245918,1574159868,1341913950,0.852464,7765696,1004434,4450094,0,36,2311132,0,0,0,0.702295,0.999868,0,0,0.009332,28.655069,6,7,9,18,19,20,123,0,45107296,3.005237,10.124458,2382,3590
0621997d-8560-4833-ba09-500068c20f2f,adc154abe3cea812fb9fedff32206f3a879c9e26,cache,cache16_lat,spinalflow,16,vgg16_T4_all,layer_09_features_30,2,16384,8,256,32,262144,16,4096,256,64,4,16,1,16,20,20,12,1,none,0,0,1,5,0,50,1,1,1,1,non_inclusive,lru,11412982,485420,10927562,4585152,7766720,0.590359,3808,3181568,0.001197,3177760,203376640,0,0,0,0,0,46834,174785118,10064,174842016,174831952,174831952,0,0.000000,0,0,0,0,0,0,0,0,0,0.000000,0.999868,0,0,0.009332,20.482057,1,1,1,9,15,16,0,0,25074400,2.197007,4.884831,2382,3590
0621997d-8560-4833-ba09-500068c20f2f,adc154abe3cea812fb9fedff32206f3a879c9e26,cache,cache16_lat,spinalflow,16,vgg16_T4_all,layer_09_features_30,2,16384,8,256,32,262144,16,4096,256,64,4,16,1,16,20,20,12,1,next_burst,2,0,1,5,0,50,1,1,1,1,non_inclusive,lru,8892752,485420,8407332,4804282,7766720,0.618573,32,1024,0.031250,3177760,203376640,0,0,2257774,0,0,131415636,62000,782926,134518336,133735410,217392700,83657290,0.384821,7765696,219130,2961414,0,709498,3875654,0,0,0,0.409509,0.999868,0,0,0.009332,19.071358,1,2,3,17,20,20,28,0,34520904,3.881915,8.155670,2382,3590
0621997d-8560-4833-ba09-500068c20f2f,adc154abe3cea812fb9fedff32206f3a879c9e26,cache,cache16_lat,spinalflow,16,vgg16_T4_all,layer_09_features_30,2,16384,8,256,32,262144,16,4096,256,64,4,16,1,16,20,20,12,1,next_burst,4,0,1,5,0,50,1,1,1,1,non_inclusive,lru,8774078,485420,8288658,4976046,7766720,0.640688,32,1024,0.031250,3177760,203376640,0,0,2600964,0,0,129698688,62000,257900,132619552,132361652,336487860,204126208,0.606638,7765696,390894,2789650,0,49632,4535520,0,0,0,0.409509,0.999868,0,0,0.009332,17.965589,2,3,5,18,19,20,52,0,36012482,4.104418,8.091320,2382,3590
0621997d-8560-4833-ba09-500068c20f2f,adc154abe3cea812fb9fedff32206f3a879c9e26,cache,cache16_lat,spinalflow,16,vgg16_T4_all,layer_09_features_30,2,16384,8,256,32,262144,16,4096,256,64,4,16,1,16,20,20,12,1,next_burst,8,0,1,5,0,50,1,1,1,1,non_inclusive,lru,8768302,485420,8282882,5169044,7766720,0.665538,32,1024,0.031250,3177760,203376640,0,0,2957818,0,0,129373936,62000,133382,132527136,132393754,569845352,437451598,0.767667,7765696,583892,2596652,0,34,4585118,0,0,0,0.409509,0.999868,0,0,0.009332,16.723121,3,5,7,18,19,20,87,0,36016204,4.107546,8.277317,2382,3590
2b071a26-0d0a-4f90-ba1a-3f4881fb920a,adc154abe3cea812fb9fedff32206f3a879c9e26,cache,cache16_lat,spinalflow,16,vgg16_T4_all,layer_09_features_30,3,16384,8,1024,128,262144,16,16384,1024,16,1,16,1,16,20,20,12,1,none,0,0,1,5,0,50,1,1,1,1,non_inclusive,lru,27008402,482684,26525718,0,7722944,0.000000,7840,7722944,0.001015,7715104,123441664,0,0,0,0,0,57654,424341860,12998,424412512,424399514,424399514,0,0.000000,0,0,0,0,0,0,0,0,0,0.000000,0.999867,0,0,0.000000,50.000000,1,1,1,10,15,16,0,0,38606944,1.429442,7.092584,2408,3642
2b071a26-0d0a-4f90-ba1a-3f4881fb920a,adc154abe3cea812fb9fedff32206f3a879c9e26,cache,cache16_lat,spinalflow,16,vgg16_T4_all,layer_09_features_30,3,16384,8,1024,128,262144,16,16384,1024,16,1,16,1,16,20,20,12,1,next_burst,2,0,1,5,0,50,1,1,1,1,non_inclusive,lru,21223100,482684,20740416,51342,7722944,0.006648,0,1024,0.000000,7715104,123441664,0,0,3362,0,0,331756000,64000,24318,331847680,331823362,1010777918,678954556,0.671715,7721920,51342,7670578,0,0,0,0,0,0,0.999867,0.999867,0,0,0.000000,49.667601,2,3,3,18,19,20,28,0,54040730,2.546317,10.945849,2408,3642
2b071a26-0d0a-4f90-ba1a-3f4881fb920a,adc154abe3cea812fb9fedff32206f3a879c9e26,cache,cache16_lat,spinalflow,16,vgg16_T4_all,layer_09_features_30,3,16384,8,1024,128,262144,16,16384,1024,16,1,16,1,16,20,20,12,1,next_burst,4,0,1,5,0,50,1,1,1,1,non_inclusive,lru,21224652,482684,20741968,52588,7722944,0.006809,0,1024,0.000000,7715104,123441664,0,0,18932,0,0,331763080,64000,26500,331872512,331846012,1689685452,1357839440,0.803605,7721920,52588,7669332,0,0,0,0,0,0,0.999867,0.999867,0,0,0.000000,49.659534,4,5,5,18,19,20,60,0,54040768,2.546132,10.981849,2408,3642
2b071a26-0d0a-4f90-ba1a-3f4881fb920a,adc154abe3cea812fb9fedff32206f3a879c9e26,cache,cache16_lat,spinalflow,16,vgg16_T4_all,layer_09_features_30,3,16384,8,1024,128,262144,16,16384,1024,16,1,16,1,16,20,20,12,1,next_burst,8,0,1,5,0,50,1,1,1,1,non_inclusive,lru,21229674,482684,20746990,37202,7722944,0.004817,0,1024,0.000000,7715104,123441664,0,0,5308,0,0,331859314,64000,24242,331952864,331928622,3047528116,2715599494,0.891083,7721920,37202,7684718,0,0,0,0,0,0,0.999867,0.999867,0,0,0.000000,49.759146,8,9,9,18,19,20,124,0,54041706,2.545574,11.550397,2408,3642
5f6175ea-9d0a-42b3-9fdd-8071c3f1f89d,adc154abe3cea812fb9fedff32206f3a879c9e26,cache,cache16_lat,spinalflow,16,vgg16_T4_all,layer_09_features_30,3,16384,8,512,64,262144,16,8192,512,32,2,16,1,16,20,20,12,1,none,0,0,1,5,0,50,1,1,1,1,non_inclusive,lru,19264850,482684,18782166,2254592,7722944,0.291934,5984,5468352,0.001094,5462368,174795776,0,0,0,0,0,61940,300440580,13160,300515680,300502520,300502520,0,0.000000,0,0,0,0,0,0,0,0,0,0.000000,0.999867,0,0,0.008681,35.403287,1,1,1,10,15,16,0,0,31845024,1.653012,5.892820,2408,3642
5f6175ea-9d0a-42b3-9fdd-8071c3f1f89d,adc154abe3cea812fb9fedff32206f3a879c9e26,cache,cache16_lat,spinalflow,16,vgg16_T4_all,layer_09_features_30,3,16384,8,512,64,262144,16,8192,512,32,2,16,1,16,20,20,12,1,next_burst,2,0,1,5,0,50,1,1,1,1,non_inclusive,lru,15047066,482684,14564382,2677080,7722944,0.346640,32,1024,0.031250,5462368,174795776,0,0,497940,0,0,232159190,62000,312006,233031136,232719130,563198314,330479184,0.586790,7721920,422488,5044840,0,101206,2153386,0,0,0,0.707933,0.999867,0,0,0.008681,32.668008,2,3,3,18,19,20,28,0,45021148,2.992022,9.826788,2408,3642
5f6175ea-9d0a-42b3-9fdd-8071c3f1f89d,adc154abe3cea812fb9fedff32206f3a879c9e26,cache,cache16_lat,spinalflow,16,vgg16_T4_all,layer_09_features_30,3,16384,8,512,64,262144,16,8192,512,32,2,16,1,16,20,20,12,1,next_burst,4,0,1,5,0,50,1,1,1,1,non_inclusive,lru,15042340,482684,14559656,2939898,7722944,0.380671,32,1024,0.031250,5462368,174795776,0,0,878470,0,0,231869972,62000,145078,232955520,232810442,904977266,672166824,0.742744,7721920,685306,4782022,0,204,2254388,0,0,0,0.707933,0.999867,0,0,0.008681,30.966468,3,4,5,18,19,20,59,0,45026850,2.993341,9.922809,2408,3642
5f6175ea-9d0a-42b3-9fdd-8071c3f1f89d,adc154abe3cea812fb9fedff32206f3a879c9e26,cache,cache16_lat,spinalflow,16,vgg16_T4_all,layer_09_features_30,3,16384,8,512,64,262144,16,8192,512,32,2,16,1,16,20,20,12,1,next_burst,8,0,1,5,0,50,1,1,1,1,non_inclusive,lru,15045150,482684,14562466,3244654,7722944,0.420132,32,1024,0.031250,5462368,174795776,0,0,1301032,0,0,231489956,62000,147492,233000480,232852988,1588022366,1355169378,0.853369,7721920,990062,4477266,0,34,2254558,0,0,0,0.707933,0.999867,0,0,0.008681,28.993412,6,8,9,18,19,20,123,0,45027218,2.992806,10.192484,2408,3642
e891ed8c-bc3c-4b58-8910-604074734f53,adc154abe3cea812fb9fedff32206f3a879c9e26,cache,cache16_lat,spinalflow,16,vgg16_T4_all,layer_09_features_30,3,16384,8,256,32,262144,16,4096,256,64,4,16,1,16,20,20,12,1,none,0,0,1,5,0,50,1,1,1,1,non_inclusive,lru,11487466,482684,11004782,4518848,7722944,0.585120,3968,3204096,0.001238,3200128,204808192,0,0,0,0,0,52920,176014934,9682,176077536,176067854,176067854,0,0.000000,0,0,0,0,0,0,0,0,0,0.000000,0.999867,0,0,0.008681,20.744006,1,1,1,9,15,16,0,0,25054272,2.181009,4.593421,2408,3642
e891ed8c-bc3c-4b58-8910-604074734f53,adc154abe3cea812fb9fedff32206f3a879c9e26,cache,cache16_lat,spinalflow,16,vgg16_T4_all,layer_09_features_30,3,16384,8,256,32,262144,16,4096,256,64,4,16,1,16,20,20,12,1,next_burst,2,0,1,5,0,50,1,1,1,1,non_inclusive,lru,8944372,482684,8461688,4745770,7722944,0.614503,32,1024,0.031250,3200128,204808192,0,0,2181058,0,0,132409896,62000,735078,135388032,134652954,221050978,86398024,0.390851,7721920,226922,2976150,0,666692,3852156,0,0,0,0.414748,0.999867,0,0,0.008681,19.274865,1,2,3,17,20,20,28,0,34562256,3.864134,8.164789,2408,3642
e891ed8c-bc3c-4b58-8910-604074734f53,adc154abe3cea812fb9fedff32206f3a879c9e26,cache,cache16_lat,spinalflow,16,vgg16_T4_all,layer_09_features_30,3,16384,8,256,32,262144,16,4096,256,64,4,16,1,16,20,20,12,1,next_burst,4,0,1,5,0,50,1,1,1,1,non_inclusive,lru,8834444,482684,8351760,4916476,7722944,0.636606,32,1024,0.031250,3200128,204808192,0,0,2518060,0,0,130806250,62000,242874,133629184,133386310,342981178,209594868,0.611097,7721920,397628,2805444,0,48792,4470056,0,0,0,0.414748,0.999867,0,0,0.008681,18.169677,2,3,5,18,19,20,47,0,35970410,4.071610,8.121389,2408,3642
e891ed8c-bc3c-4b58-8910-604074734f53,adc154abe3cea812fb9fedff32206f3a879c9e26,cache,cache16_lat,spinalflow,16,vgg16_T4_all,layer_09_features_30,3,16384,8,256,32,262144,16,4096,256,64,4,16,1,16,20,20,12,1,next_burst,8,0,1,5,0,50,1,1,1,1,non_inclusive,lru,8829492,482684,8346808,5112192,7722944,0.661949,32,1024,0.031250,3200128,204808192,0,0,2881066,0,0,130481916,62000,124970,133549952,133424982,579276326,445851344,0.769670,7721920,593344,2609728,0,0,4518848,0,0,0,0.414748,0.999867,0,0,0.008681,16.902570,3,5,8,18,19,20,84,0,35974744,4.074384,8.202170,2408,3642
7a04aa5e-33d8-466b-9d0a-b9607c4bafe2,adc154abe3cea812fb9fedff32206f3a879c9e26,cache,cache16_lat,spinalflow,16,vgg16_T4_all,layer_09_features_30,4,16384,8,1024,128,262144,16,16384,1024,16,1,16,1,16,20,20,12,1,none,0,0,1,5,0,50,1,1,1,1,non_inclusive,lru,28249542,504800,27744742,0,8076800,0.000000,6816,8076800,0.000844,8069984,129119744,0,0,0,0,0,46190,443858946,11760,443916896,443905136,443905136,0,0.000000,0,0,0,0,0,0,0,0,0,0.000000,0.999873,0,0,0.000000,50.000000,1,1,1,10,15,16,0,0,40377248,1.429306,7.422476,2413,3694
7a04aa5e-33d8-466b-9d0a-b9607c4bafe2,adc154abe3cea812fb9fedff32206f3a879c9e26,cache,cache16_lat,spinalflow,16,vgg16_T4_all,layer_09_features_30,4,16384,8,1024,128,262144,16,16384,1024,16,1,16,1,16,20,20,12,1,next_burst,2,0,1,5,0,50,1,1,1,1,non_inclusive,lru,22197898,504800,21693098,6324,8076800,0.000783,32,1024,0.031250,8069984,129119744,0,0,1366,0,0,347002176,62000,25050,347090592,347065542,1057216414,710150872,0.671718,8075776,6324,8069452,0,0,0,0,0,0,0.999873,0.999873,0,0,0.000000,49.960851,2,3,3,18,19,20,28,0,56519666,2.546172,11.419675,2413,3694
7a04aa5e-33d8-466b-9d0a-b9607c4bafe2,adc154abe3cea812fb9fedff32206f3a879c9e26,cache,cache16_lat,spinalflow,16,vgg16_T4_all,layer_09_features_30,4,16384,8,1024,128,262144,16,16384,1024,16,1,16,1,16,20,20,12,1,next_burst,4,0,1,5,0,50,1,1,1,1,non_inclusive,lru,22199992,504800,21695192,6624,8076800,0.000820,32,1024,0.031250,8069984,129119744,0,0,2386,0,0,347034722,62000,24988,347124096,347099108,1767357088,1420257980,0.803606,8075776,6624,8069152,0,0,0,0,0,0,0.999873,0.999873,0,0,0.000000,49.958994,4,5,5,18,19,20,60,0,56520314,2.545961,11.434296,2413,3694
7a04aa5e-33d8-466b-9d0a-b9607c4bafe2,adc154abe3cea812fb9fedff32206f3a879c9e26,cache,cache16_lat,spinalflow,16,vgg16_T4_all,layer_09_features_30,4,16384,8,1024,128,262144,16,16384,1024,16,1,16,1,16,20,20,12,1,next_burst,8,0,1,5,0,50,1,1,1,1,non_inclusive,lru,22204710,504800,21699910,17138,8076800,0.002122,32,1024,0.031250,8069984,129119744,0,0,3906,0,0,347110442,62000,23236,347199584,347176348,3187594504,2840418156,0.891085,8075776,17138,8058638,0,0,0,0,0,0,0.999873,0.999873,0,0,0.000000,49.893906,8,9,9,18,19,20,124,0,56520966,2.545449,12.086322,2413,3694
1c6746f9-4bd5-437c-bfce-5c6fcaaf6985,adc154abe3cea812fb9fedff32206f3a879c9e26,cache,cache16_lat,spinalflow,16,vgg16_T4_all,layer_09_features_30,4,16384,8,512,64,262144,16,8192,512,32,2,16,1,16,20,20,12,1,none,0,0,1,5,0,50,1,1,1,1,non_inclusive,lru,19838556,504800,19333756,2447872,8076800,0.303074,5952,5628928,0.001057,5622976,179935232,0,0,0,0,0,54294,309274188,12638,309341120,309328482,309328482,0,0.000000,0,0,0,0,0,0,0,0,0,0.000000,0.999873,0,0,0.015625,34.846276,1,1,1,10,15,16,0,0,33034496,1.665166,6.185710,2413,3694
1c6746f9-4bd5-437c-bfce-5c6fcaaf6985,adc154abe3cea812fb9fedff32206f3a879c9e26,cache,cache16_lat,spinalflow,16,vgg16_T4_all,layer_09_features_30,4,16384,8,512,64,262144,16,8192,512,32,2,16,1,16,20,20,12,1,next_burst,2,0,1,5,0,50,1,1,1,1,non_inclusive,lru,15492544,504800,14987744,2897930,8076800,0.358797,32,1024,0.031250,5622976,179935232,0,0,556608,0,0,238849338,62000,336982,239804928,239467946,572546474,333078528,0.581749,8075776,450058,5177846,0,123382,2324490,0,0,0,0.696799,0.999873,0,0,0.015625,32.060160,2,3,3,18,19,20,28,0,46725416,3.015994,10.282389,2413,3694
1c6746f9-4bd5-437c-bfce-5c6fcaaf6985,adc154abe3cea812fb9fedff32206f3a879c9e26,cache,cache16_lat,spinalflow,16,vgg16_T4_all,layer_09_features_30,4,16384,8,512,64,262144,16,8192,512,32,2,16,1,16,20,20,12,1,next_burst,4,0,1,5,0,50,1,1,1,1,non_inclusive,lru,15484568,504800,14979768,3144338,8076800,0.389305,32,1024,0.031250,5622976,179935232,0,0,904988,0,0,238547858,62000,162466,239677312,239514846,916300882,676786036,0.738607,8075776,696466,4931438,0,302,2447570,0,0,0,0.696799,0.999873,0,0,0.015625,30.534754,3,4,5,18,19,20,59,0,46730318,3.017864,10.372526,2413,3694
1c6746f9-4bd5-437c-bfce-5c6fcaaf6985,adc154abe3cea812fb9fedff32206f3a879c9e26,cache,cache16_lat,spinalflow,16,vgg16_T4_all,layer_09_features_30,4,16384,8,512,64,262144,16,8192,512,32,2,16,1,16,20,20,12,1,next_burst,8,0,1,5,0,50,1,1,1,1,non_inclusive,lru,15487218,504800,14982418,3464860,8076800,0.428989,32,1024,0.031250,5622976,179935232,0,0,1368468,0,0,238160534,62000,128710,239719712,239591002,1608272854,1368681852,0.851026,8075776,1016988,4610916,0,64,2447808,0,0,0,0.696799,0.999873,0,0,0.015625,28.550540,6,7,9,18,19,20,123,0,46731166,3.017402,10.521260,2413,3694
f3e6d565-8658-49e4-af7c-e600722bd871,adc154abe3cea812fb9fedff32206f3a879c9e26,cache,cache16_lat,spinalflow,16,vgg16_T4_all,layer_09_features_30,4,16384,8,256,32,262144,16,4096,256,64,4,16,1,16,20,20,12,1,none,0,0,1,5,0,50,1,1,1,1,non_inclusive,lru,11530412,504800,11025612,4866688,8076800,0.602552,3808,3210112,0.001186,3206304,205203456,0,0,0,0,0,44750,176355356,10710,176410816,176400106,176400106,0,0.000000,0,0,0,0,0,0,0,0,0,0.000000,0.999873,0,0,0.015625,19.872425,1,1,1,9,15,16,0,0,25780192,2.235843,4.713059,2413,3694
f3e6d565-8658-49e4-af7c-e600722bd871,adc154abe3cea812fb9fedff32206f3a879c9e26,cache,cache16_lat,spinalflow,16,vgg16_T4_all,layer_09_features_30,4,16384,8,256,32,262144,16,4096,256,64,4,16,1,16,20,20,12,1,next_burst,2,0,1,5,0,50,1,1,1,1,non_inclusive,lru,9006398,504800,8501598,5072006,8076800,0.627972,32,1024,0.031250,3206304,205203456,0,0,2440474,0,0,132657962,62000,866156,136026592,135160436,212659634,77499198,0.364428,8075776,205318,3003770,0,782438,4084250,0,0,0,0.397322,0.999873,0,0,0.015625,18.601389,1,2,3,17,20,20,28,0,35202866,3.908651,8.767346,2413,3694
f3e6d565-8658-49e4-af7c-e600722bd871,adc154abe3cea812fb9fedff32206f3a879c9e26,cache,cache16_lat,spinalflow,16,vgg16_T4_all,layer_09_features_30,4,16384,8,256,32,262144,16,4096,256,64,4,16,1,16,20,20,12,1,next_burst,4,0,1,5,0,50,1,1,1,1,non_inclusive,lru,8853016,504800,8348216,5263728,8076800,0.651710,32,1024,0.031250,3206304,205203456,0,0,2819942,0,0,130415264,62000,275274,133572480,133297206,332367858,199070652,0.598947,8075776,397040,2812048,0,59528,4807160,0,0,0,0.397322,0.999873,0,0,0.015625,17.414521,2,3,5,18,19,20,54,0,37056606,4.185761,8.329087,2413,3694
f3e6d565-8658-49e4-af7c-e600722bd871,adc154abe3cea812fb9fedff32206f3a879c9e26,cache,cache16_lat,spinalflow,16,vgg16_T4_all,layer_09_features_30,4,16384,8,256,32,262144,16,4096,256,64,4,16,1,16,20,20,12,1,next_burst,8,0,1,5,0,50,1,1,1,1,non_inclusive,lru,8847210,504800,8342410,5458182,8076800,0.675785,32,1024,0.031250,3206304,205203456,0,0,3180764,0,0,130099116,62000,137704,133479584,133341880,558387122,425045242,0.761202,8075776,591494,2617594,0,154,4866534,0,0,0,0.397322,0.999873,0,0,0.015625,16.210739,3,5,7,18,19,20,88,0,37060502,4.188948,8.413207,2413,3694
